"分類","道路名稱","way_id","block_node","方向","approach_node","緯度","經度","Google Maps","OpenStreetMap","LanePilot範圍","LanePilot車道數","LanePilot轉向","人工車道數","人工轉向","車道來源作者","車道來源seq","車道來源target","轉向來源作者","轉向來源seq","轉向來源target","說明"
"完全一致","土庫一路","126247891","1400036531","正向","12954233419","22.735761150000002","120.33141245","https://www.google.com/maps/@22.735761150000002,120.33141245,20z","https://www.openstreetmap.org/way/126247891","segment_direction","2","through|through","2","through|through","anna","4612","way/126247891@b/1400036531","anna","4612","way/126247891@b/1400036531","移除此人工覆蓋後，僅就車道數與轉向而言，顯示結果仍相同。"
"完全一致","土庫一路","126247891","1400036850","反向","1400036850","22.73616605","120.3297953","https://www.google.com/maps/@22.73616605,120.3297953,20z","https://www.openstreetmap.org/way/126247891","segment_direction","2","left;through|through","2","left;through|through","anna","4606","way/126247891@b/1400036850","anna","4606","way/126247891@b/1400036850","移除此人工覆蓋後，僅就車道數與轉向而言，顯示結果仍相同。"
"完全一致","土庫一路","126247891","1400036850","正向","11622033017","22.736374668327716","120.328399917415","https://www.google.com/maps/@22.736374668327716,120.328399917415,20z","https://www.openstreetmap.org/way/126247891","segment_direction","2","through|through","2","through|through","anna","4606","way/126247891@b/1400036850","anna","4606","way/126247891@b/1400036850","移除此人工覆蓋後，僅就車道數與轉向而言，顯示結果仍相同。"
"完全一致","土庫一路","126247891","11622033017","反向","11622033017","22.736374668327716","120.328399917415","https://www.google.com/maps/@22.736374668327716,120.328399917415,20z","https://www.openstreetmap.org/way/126247891","segment_direction","2","left;through|through","2","left;through|through","anna","4603","way/126247891@b/11622033017","anna","4603","way/126247891@b/11622033017","移除此人工覆蓋後，僅就車道數與轉向而言，顯示結果仍相同。"
"完全一致","土庫一路","126247891","11622033017","正向","1400036044","22.736499350000003","120.3275659","https://www.google.com/maps/@22.736499350000003,120.3275659,20z","https://www.openstreetmap.org/way/126247891","intersection_approach","2","left;through|through","2","left;through|through","anna","4603","way/126247891@b/11622033017","anna","4603","way/126247891@b/11622033017","移除此人工覆蓋後，僅就車道數與轉向而言，顯示結果仍相同。"
"完全一致","土庫一路","126247891","12954233419","反向","12954233419","22.735761150000002","120.33141245","https://www.google.com/maps/@22.735761150000002,120.33141245,20z","https://www.openstreetmap.org/way/126247891","segment_direction","2","left;through|through","2","left;through|through","anna","4609","way/126247891@b/12954233419","anna","4609","way/126247891@b/12954233419","移除此人工覆蓋後，僅就車道數與轉向而言，顯示結果仍相同。"
"完全一致","土庫路","182835763","988779596","反向","988779596","22.7461352","120.3246415","https://www.google.com/maps/@22.7461352,120.3246415,20z","https://www.openstreetmap.org/way/182835763","intersection_approach","3","left|left|right","3","left|left|right","anna","4477","way/182835763@b/988779596","anna","4477","way/182835763@b/988779596","移除此人工覆蓋後，僅就車道數與轉向而言，顯示結果仍相同。"
"完全一致","土庫路","182835763","988779646","反向","988779646","22.7434110745957","120.32761532548227","https://www.google.com/maps/@22.7434110745957,120.32761532548227,20z","https://www.openstreetmap.org/way/182835763","segment_direction","3","left;through|through|through;right","3","left;through|through|through;right","anna","4491","way/182835763@b/988779646","anna","4491","way/182835763@b/988779646","移除此人工覆蓋後，僅就車道數與轉向而言，顯示結果仍相同。"
"完全一致","土庫路","182835763","988779646","正向","988779668","22.7413462","120.3291686","https://www.google.com/maps/@22.7413462,120.3291686,20z","https://www.openstreetmap.org/way/182835763","segment_direction","3","left;through|through|through;right","3","left;through|through|through;right","anna","4491","way/182835763@b/988779646","anna","4491","way/182835763@b/988779646","移除此人工覆蓋後，僅就車道數與轉向而言，顯示結果仍相同。"
"完全一致","土庫路","182835763","11065364207","反向","11065364207","22.7436451","120.3273766","https://www.google.com/maps/@22.7436451,120.3273766,20z","https://www.openstreetmap.org/way/182835763","segment_direction","3","left;through|through|through;right","3","left;through|through|through;right","anna","4486","way/182835763@b/11065364207","anna","4486","way/182835763@b/11065364207","移除此人工覆蓋後，僅就車道數與轉向而言，顯示結果仍相同。"
"完全一致","土庫路","297139353","988779599","反向","988779599","22.7395557","120.3302421","https://www.google.com/maps/@22.7395557,120.3302421,20z","https://www.openstreetmap.org/way/297139353","segment_direction","2","left;through|through;right","2","left;through|through;right","anna","4503","way/297139353@b/988779599","anna","4503","way/297139353@b/988779599","移除此人工覆蓋後，僅就車道數與轉向而言，顯示結果仍相同。"
"完全一致","土庫路","297139353","988779599","正向","3670358268","22.7391318","120.3305112","https://www.google.com/maps/@22.7391318,120.3305112,20z","https://www.openstreetmap.org/way/297139353","segment_direction","2","left;through|through;right","2","left;through|through;right","anna","4503","way/297139353@b/988779599","anna","4503","way/297139353@b/988779599","移除此人工覆蓋後，僅就車道數與轉向而言，顯示結果仍相同。"
"完全一致","土庫路","297139353","2264471194","反向","2264471194","22.7380437","120.3311808","https://www.google.com/maps/@22.7380437,120.3311808,20z","https://www.openstreetmap.org/way/297139353","segment_direction","2","left;through|through;right","2","left;through|through;right","anna","4517","way/297139353@b/2264471194","anna","4517","way/297139353@b/2264471194","移除此人工覆蓋後，僅就車道數與轉向而言，顯示結果仍相同。"
"完全一致","土庫路","297139353","2264471194","正向","1932046277","22.7376947","120.3313822","https://www.google.com/maps/@22.7376947,120.3313822,20z","https://www.openstreetmap.org/way/297139353","segment_direction","2","left;through|through;right","2","left;through|through;right","anna","4517","way/297139353@b/2264471194","anna","4517","way/297139353@b/2264471194","移除此人工覆蓋後，僅就車道數與轉向而言，顯示結果仍相同。"
"完全一致","土庫路","297139353","2264471201","反向","2264471201","22.7384434","120.3309503","https://www.google.com/maps/@22.7384434,120.3309503,20z","https://www.openstreetmap.org/way/297139353","segment_direction","2","left;through|through;right","2","left;through|through;right","anna","4520","way/297139353@b/2264471201","anna","4520","way/297139353@b/2264471201","移除此人工覆蓋後，僅就車道數與轉向而言，顯示結果仍相同。"
"完全一致","土庫路","297139353","2264471201","正向","11065424561","22.7383457","120.3310066","https://www.google.com/maps/@22.7383457,120.3310066,20z","https://www.openstreetmap.org/way/297139353","segment_direction","2","left;through|through;right","2","left;through|through;right","anna","4520","way/297139353@b/2264471201","anna","4520","way/297139353@b/2264471201","移除此人工覆蓋後，僅就車道數與轉向而言，顯示結果仍相同。"
"完全一致","土庫路","297139353","2264471235","反向","2264471235","22.7398961","120.3300537","https://www.google.com/maps/@22.7398961,120.3300537,20z","https://www.openstreetmap.org/way/297139353","segment_direction","2","left;through|through;right","2","left;through|through;right","anna","4500","way/297139353@b/2264471235","anna","4500","way/297139353@b/2264471235","移除此人工覆蓋後，僅就車道數與轉向而言，顯示結果仍相同。"
"完全一致","土庫路","297139353","2264471235","正向","988779599","22.7395557","120.3302421","https://www.google.com/maps/@22.7395557,120.3302421,20z","https://www.openstreetmap.org/way/297139353","segment_direction","2","left;through|through;right","2","left;through|through;right","anna","4500","way/297139353@b/2264471235","anna","4500","way/297139353@b/2264471235","移除此人工覆蓋後，僅就車道數與轉向而言，顯示結果仍相同。"
"完全一致","土庫路","297139353","2264471241","反向","2264471241","22.7402201","120.3298731","https://www.google.com/maps/@22.7402201,120.3298731,20z","https://www.openstreetmap.org/way/297139353","segment_direction","2","left;through|through;right","2","left;through|through;right","anna","4498","way/297139353@b/2264471241","anna","4498","way/297139353@b/2264471241","移除此人工覆蓋後，僅就車道數與轉向而言，顯示結果仍相同。"
"完全一致","土庫路","297139353","2264471241","正向","2264471235","22.7398961","120.3300537","https://www.google.com/maps/@22.7398961,120.3300537,20z","https://www.openstreetmap.org/way/297139353","segment_direction","2","left;through|through;right","2","left;through|through;right","anna","4498","way/297139353@b/2264471241","anna","4498","way/297139353@b/2264471241","移除此人工覆蓋後，僅就車道數與轉向而言，顯示結果仍相同。"
"完全一致","土庫路","297139353","2264471253","反向","2264471253","22.7405451","120.3296786","https://www.google.com/maps/@22.7405451,120.3296786,20z","https://www.openstreetmap.org/way/297139353","segment_direction","2","left;through|through;right","2","left;through|through;right","anna","4496","way/297139353@b/2264471253","anna","4496","way/297139353@b/2264471253","移除此人工覆蓋後，僅就車道數與轉向而言，顯示結果仍相同。"
"完全一致","土庫路","297139353","2264471253","正向","2264471241","22.7402201","120.3298731","https://www.google.com/maps/@22.7402201,120.3298731,20z","https://www.openstreetmap.org/way/297139353","segment_direction","2","left;through|through;right","2","left;through|through;right","anna","4496","way/297139353@b/2264471253","anna","4496","way/297139353@b/2264471253","移除此人工覆蓋後，僅就車道數與轉向而言，顯示結果仍相同。"
"完全一致","土庫路","297139353","3670358265","反向","3670358265","22.7387631","120.3307438","https://www.google.com/maps/@22.7387631,120.3307438,20z","https://www.openstreetmap.org/way/297139353","segment_direction","2","left;through|through;right","2","left;through|through;right","anna","4509","way/297139353@b/3670358265","anna","4509","way/297139353@b/3670358265","移除此人工覆蓋後，僅就車道數與轉向而言，顯示結果仍相同。"
"完全一致","土庫路","297139353","3670358265","正向","2264471201","22.7384434","120.3309503","https://www.google.com/maps/@22.7384434,120.3309503,20z","https://www.openstreetmap.org/way/297139353","segment_direction","2","left;through|through;right","2","left;through|through;right","anna","4509","way/297139353@b/3670358265","anna","4509","way/297139353@b/3670358265","移除此人工覆蓋後，僅就車道數與轉向而言，顯示結果仍相同。"
"完全一致","土庫路","297139353","3670358268","反向","3670358268","22.7391318","120.3305112","https://www.google.com/maps/@22.7391318,120.3305112,20z","https://www.openstreetmap.org/way/297139353","segment_direction","2","left;through|through;right","2","left;through|through;right","anna","4506","way/297139353@b/3670358268","anna","4506","way/297139353@b/3670358268","移除此人工覆蓋後，僅就車道數與轉向而言，顯示結果仍相同。"
"完全一致","土庫路","297139353","3670358268","正向","3670358265","22.7387631","120.3307438","https://www.google.com/maps/@22.7387631,120.3307438,20z","https://www.openstreetmap.org/way/297139353","segment_direction","2","left;through|through;right","2","left;through|through;right","anna","4506","way/297139353@b/3670358268","anna","4506","way/297139353@b/3670358268","移除此人工覆蓋後，僅就車道數與轉向而言，顯示結果仍相同。"
"完全一致","土庫路","297139353","11065424561","反向","11065424561","22.7383457","120.3310066","https://www.google.com/maps/@22.7383457,120.3310066,20z","https://www.openstreetmap.org/way/297139353","segment_direction","2","left;through|through;right","2","left;through|through;right","anna","4512","way/297139353@b/11065424561","anna","4512","way/297139353@b/11065424561","移除此人工覆蓋後，僅就車道數與轉向而言，顯示結果仍相同。"
"完全一致","土庫路","297139353","11065424561","正向","2264471194","22.7380437","120.3311808","https://www.google.com/maps/@22.7380437,120.3311808,20z","https://www.openstreetmap.org/way/297139353","segment_direction","2","left;through|through;right","2","left;through|through;right","anna","4512","way/297139353@b/11065424561","anna","4512","way/297139353@b/11065424561","移除此人工覆蓋後，僅就車道數與轉向而言，顯示結果仍相同。"
"完全一致","土庫路","297139353","12469016040","反向","12469016040","22.7411034","120.3293271","https://www.google.com/maps/@22.7411034,120.3293271,20z","https://www.openstreetmap.org/way/297139353","segment_direction","2","left;through|through;right","2","left;through|through;right","anna","4494","way/297139353@b/12469016040","anna","4494","way/297139353@b/12469016040","移除此人工覆蓋後，僅就車道數與轉向而言，顯示結果仍相同。"
"完全一致","土庫路","297139353","12469016040","正向","12469016039","22.7405898","120.3296498","https://www.google.com/maps/@22.7405898,120.3296498,20z","https://www.openstreetmap.org/way/297139353","segment_direction","2","left;through|through;right","2","left;through|through;right","anna","4494","way/297139353@b/12469016040","anna","4494","way/297139353@b/12469016040","移除此人工覆蓋後，僅就車道數與轉向而言，顯示結果仍相同。"
"完全一致","土庫路","1464614127","1932046277","反向","1932046277","22.7376947","120.3313822","https://www.google.com/maps/@22.7376947,120.3313822,20z","https://www.openstreetmap.org/way/1464614127","segment_direction","2","left;through|through;right","2","left;through|through;right","anna","4522","way/1464614127@b/1932046277","anna","4522","way/1464614127@b/1932046277","移除此人工覆蓋後，僅就車道數與轉向而言，顯示結果仍相同。"
"完全一致","土庫路","1464614127","1932046277","正向","2264471177","22.7373199","120.3315906","https://www.google.com/maps/@22.7373199,120.3315906,20z","https://www.openstreetmap.org/way/1464614127","segment_direction","2","left|right","2","left|right","anna","4522","way/1464614127@b/1932046277","anna","4522","way/1464614127@b/1932046277","移除此人工覆蓋後，僅就車道數與轉向而言，顯示結果仍相同。"
"完全一致","土庫路","1464614127","2264471177","反向","2264471177","22.7373199","120.3315906","https://www.google.com/maps/@22.7373199,120.3315906,20z","https://www.openstreetmap.org/way/1464614127","segment_direction","2","left;through|through;right","2","left;through|through;right","anna","4525","way/1464614127@b/2264471177","anna","4525","way/1464614127@b/2264471177","移除此人工覆蓋後，僅就車道數與轉向而言，顯示結果仍相同。"
"完全一致","土庫路","1464614127","2264471177","正向","988779697","22.7368507","120.3318466","https://www.google.com/maps/@22.7368507,120.3318466,20z","https://www.openstreetmap.org/way/1464614127","segment_direction","2","left|right","2","left|right","anna","4525","way/1464614127@b/2264471177","anna","4525","way/1464614127@b/2264471177","移除此人工覆蓋後，僅就車道數與轉向而言，顯示結果仍相同。"
"完全一致","大學西路","23674288","265972849","反向","265972849","22.7287483","120.2789018","https://www.google.com/maps/@22.7287483,120.2789018,20z","https://www.openstreetmap.org/way/23674288","segment_direction","1","left;through;right","1","left;through;right","anna","3793","way/23674288@b/265972849","anna","3793","way/23674288@b/265972849","移除此人工覆蓋後，僅就車道數與轉向而言，顯示結果仍相同。"
"完全一致","大學西路","23674288","265972849","正向","343046404","22.7283052","120.2791619","https://www.google.com/maps/@22.7283052,120.2791619,20z","https://www.openstreetmap.org/way/23674288","segment_direction","1","left;through;right","1","left;through;right","anna","3793","way/23674288@b/265972849","anna","3793","way/23674288@b/265972849","移除此人工覆蓋後，僅就車道數與轉向而言，顯示結果仍相同。"
"完全一致","大學西路","23674288","343045906","反向","343045906","22.7279126","120.2793461","https://www.google.com/maps/@22.7279126,120.2793461,20z","https://www.openstreetmap.org/way/23674288","segment_direction","1","left;through;right","1","left;through;right","anna","3799","way/23674288@b/343045906","anna","3799","way/23674288@b/343045906","移除此人工覆蓋後，僅就車道數與轉向而言，顯示結果仍相同。"
"完全一致","大學西路","23674288","343045906","正向","4613284573","22.7277891","120.2794051","https://www.google.com/maps/@22.7277891,120.2794051,20z","https://www.openstreetmap.org/way/23674288","segment_direction","1","left;through;right","1","left;through;right","anna","3799","way/23674288@b/343045906","anna","3799","way/23674288@b/343045906","移除此人工覆蓋後，僅就車道數與轉向而言，顯示結果仍相同。"
"完全一致","大學西路","23674288","343046404","反向","343046404","22.7283052","120.2791619","https://www.google.com/maps/@22.7283052,120.2791619,20z","https://www.openstreetmap.org/way/23674288","segment_direction","1","left;through;right","1","left;through;right","anna","3796","way/23674288@b/343046404","anna","3796","way/23674288@b/343046404","移除此人工覆蓋後，僅就車道數與轉向而言，顯示結果仍相同。"
"完全一致","大學西路","23674288","343046404","正向","343045906","22.7279126","120.2793461","https://www.google.com/maps/@22.7279126,120.2793461,20z","https://www.openstreetmap.org/way/23674288","segment_direction","1","left;through;right","1","left;through;right","anna","3796","way/23674288@b/343046404","anna","3796","way/23674288@b/343046404","移除此人工覆蓋後，僅就車道數與轉向而言，顯示結果仍相同。"
"完全一致","大學西路","23674288","2601136103","反向","2601136103","22.7296803","120.2780815","https://www.google.com/maps/@22.7296803,120.2780815,20z","https://www.openstreetmap.org/way/23674288","segment_direction","1","left;through;right","1","left;through;right","anna","3787","way/23674288@b/2601136103","anna","3787","way/23674288@b/2601136103","移除此人工覆蓋後，僅就車道數與轉向而言，顯示結果仍相同。"
"完全一致","大學西路","23674288","2601136103","正向","12658236913","22.7290088","120.278694","https://www.google.com/maps/@22.7290088,120.278694,20z","https://www.openstreetmap.org/way/23674288","segment_direction","1","left;through;right","1","left;through;right","anna","3787","way/23674288@b/2601136103","anna","3787","way/23674288@b/2601136103","移除此人工覆蓋後，僅就車道數與轉向而言，顯示結果仍相同。"
"完全一致","大學西路","23674288","4613284573","反向","4613284573","22.7277891","120.2794051","https://www.google.com/maps/@22.7277891,120.2794051,20z","https://www.openstreetmap.org/way/23674288","segment_direction","1","left;through;right","1","left;through;right","anna","3800","way/23674288@b/4613284573","anna","3800","way/23674288@b/4613284573","移除此人工覆蓋後，僅就車道數與轉向而言，顯示結果仍相同。"
"完全一致","大學西路","23674288","4613284573","正向","291592355","22.726889468147547","120.27984808351107","https://www.google.com/maps/@22.726889468147547,120.27984808351107,20z","https://www.openstreetmap.org/way/23674288","segment_direction","1","left;through;right","1","left;through;right","anna","3800","way/23674288@b/4613284573","anna","3800","way/23674288@b/4613284573","移除此人工覆蓋後，僅就車道數與轉向而言，顯示結果仍相同。"
"完全一致","大學西路","23674288","12658236913","反向","12658236913","22.7290088","120.278694","https://www.google.com/maps/@22.7290088,120.278694,20z","https://www.openstreetmap.org/way/23674288","segment_direction","1","left;through;right","1","left;through;right","anna","3790","way/23674288@b/12658236913","anna","3790","way/23674288@b/12658236913","移除此人工覆蓋後，僅就車道數與轉向而言，顯示結果仍相同。"
"完全一致","大學西路","23674288","12658236913","正向","265972849","22.7287483","120.2789018","https://www.google.com/maps/@22.7287483,120.2789018,20z","https://www.openstreetmap.org/way/23674288","segment_direction","1","left;through;right","1","left;through;right","anna","3790","way/23674288@b/12658236913","anna","3790","way/23674288@b/12658236913","移除此人工覆蓋後，僅就車道數與轉向而言，顯示結果仍相同。"
"完全一致","大學西路","254325300","265972835","反向","265972835","22.721863955849322","120.28259888407399","https://www.google.com/maps/@22.721863955849322,120.28259888407399,20z","https://www.openstreetmap.org/way/254325300","segment_direction","1","left;through;right","1","left;through;right","anna","3828","way/254325300@b/265972835","anna","3828","way/254325300@b/265972835","移除此人工覆蓋後，僅就車道數與轉向而言，顯示結果仍相同。"
"完全一致","大學西路","254325300","2206324446","反向","2206324446","22.723091","120.2820963","https://www.google.com/maps/@22.723091,120.2820963,20z","https://www.openstreetmap.org/way/254325300","segment_direction","1","left;through;right","1","left;through;right","anna","3822","way/254325300@b/2206324446","anna","3822","way/254325300@b/2206324446","移除此人工覆蓋後，僅就車道數與轉向而言，顯示結果仍相同。"
"完全一致","大學西路","254325300","2206324446","正向","1080697211","22.7234604","120.281928","https://www.google.com/maps/@22.7234604,120.281928,20z","https://www.openstreetmap.org/way/254325300","segment_direction","1","left;through;right","1","left;through;right","anna","3822","way/254325300@b/2206324446","anna","3822","way/254325300@b/2206324446","移除此人工覆蓋後，僅就車道數與轉向而言，顯示結果仍相同。"
"完全一致","大學西路","254325300","12658227953","反向","12658227953","22.7227497","120.2822363","https://www.google.com/maps/@22.7227497,120.2822363,20z","https://www.openstreetmap.org/way/254325300","segment_direction","1","left;through;right","1","left;through;right","anna","3825","way/254325300@b/12658227953","anna","3825","way/254325300@b/12658227953","移除此人工覆蓋後，僅就車道數與轉向而言，顯示結果仍相同。"
"完全一致","大學西路","254325301","1080696704","正向","7242882779","22.7323902","120.2760684","https://www.google.com/maps/@22.7323902,120.2760684,20z","https://www.openstreetmap.org/way/254325301","segment_direction","1","left;through;right","1","left;through;right","anna","3773","way/254325301@b/1080696704","anna","3773","way/254325301@b/1080696704","移除此人工覆蓋後，僅就車道數與轉向而言，顯示結果仍相同。"
"完全一致","大學西路","254325301","1080696948","反向","1080696948","22.7300019","120.2778516","https://www.google.com/maps/@22.7300019,120.2778516,20z","https://www.openstreetmap.org/way/254325301","segment_direction","1","left;through;right","1","left;through;right","anna","3780","way/254325301@b/1080696948","anna","3780","way/254325301@b/1080696948","移除此人工覆蓋後，僅就車道數與轉向而言，顯示結果仍相同。"
"完全一致","大學西路","254325301","1080696948","正向","12658236915","22.7303175","120.277613","https://www.google.com/maps/@22.7303175,120.277613,20z","https://www.openstreetmap.org/way/254325301","segment_direction","1","left;through;right","1","left;through;right","anna","3780","way/254325301@b/1080696948","anna","3780","way/254325301@b/1080696948","移除此人工覆蓋後，僅就車道數與轉向而言，顯示結果仍相同。"
"完全一致","大學西路","254325301","1080697233","正向","1080696704","22.7319269","120.2764141","https://www.google.com/maps/@22.7319269,120.2764141,20z","https://www.openstreetmap.org/way/254325301","segment_direction","1","left;through;right","1","left;through;right","anna","3774","way/254325301@b/1080697233","anna","3774","way/254325301@b/1080697233","移除此人工覆蓋後，僅就車道數與轉向而言，顯示結果仍相同。"
"完全一致","大學西路","254325301","2601136103","正向","1080696948","22.7300019","120.2778516","https://www.google.com/maps/@22.7300019,120.2778516,20z","https://www.openstreetmap.org/way/254325301","segment_direction","1","left;through;right","1","left;through;right","anna","3786","way/254325301@b/2601136103","anna","3786","way/254325301@b/2601136103","移除此人工覆蓋後，僅就車道數與轉向而言，顯示結果仍相同。"
"完全一致","大學西路","254325301","7242882779","正向","1080696932","22.7334039","120.27532","https://www.google.com/maps/@22.7334039,120.27532,20z","https://www.openstreetmap.org/way/254325301","segment_direction","1","left;through;right","1","left;through;right","anna","3769","way/254325301@b/7242882779","anna","3769","way/254325301@b/7242882779","移除此人工覆蓋後，僅就車道數與轉向而言，顯示結果仍相同。"
"完全一致","大學西路","254325301","12658236915","正向","1080697233","22.7311811","120.2769598","https://www.google.com/maps/@22.7311811,120.2769598,20z","https://www.openstreetmap.org/way/254325301","segment_direction","1","left;through;right","1","left;through;right","anna","3777","way/254325301@b/12658236915","anna","3777","way/254325301@b/12658236915","移除此人工覆蓋後，僅就車道數與轉向而言，顯示結果仍相同。"
"完全一致","大學西路","267715869","1080697211","反向","1080697211","22.7234604","120.281928","https://www.google.com/maps/@22.7234604,120.281928,20z","https://www.openstreetmap.org/way/267715869","segment_direction","1","left;through;right","1","left;through;right","anna","3819","way/267715869@b/1080697211","anna","3819","way/267715869@b/1080697211","移除此人工覆蓋後，僅就車道數與轉向而言，顯示結果仍相同。"
"完全一致","大學西路","267715869","1080697211","正向","265972866","22.7241509","120.2816221","https://www.google.com/maps/@22.7241509,120.2816221,20z","https://www.openstreetmap.org/way/267715869","segment_direction","1","left;through;right","1","left;through;right","anna","3819","way/267715869@b/1080697211","anna","3819","way/267715869@b/1080697211","移除此人工覆蓋後，僅就車道數與轉向而言，顯示結果仍相同。"
"完全一致","大學西路","267715873","265972836","正向","343046602","22.7255138","120.2808932","https://www.google.com/maps/@22.7255138,120.2808932,20z","https://www.openstreetmap.org/way/267715873","segment_direction","1","left;through;right","1","left;through;right","anna","3813","way/267715873@b/265972836","anna","3813","way/267715873@b/265972836","移除此人工覆蓋後，僅就車道數與轉向而言，顯示結果仍相同。"
"完全一致","大學西路","267715873","265972866","反向","265972866","22.7241509","120.2816221","https://www.google.com/maps/@22.7241509,120.2816221,20z","https://www.openstreetmap.org/way/267715873","segment_direction","1","left;through;right","1","left;through;right","anna","3816","way/267715873@b/265972866","anna","3816","way/267715873@b/265972866","移除此人工覆蓋後，僅就車道數與轉向而言，顯示結果仍相同。"
"完全一致","大學西路","267715873","265972866","正向","265972836","22.7247795","120.2813223","https://www.google.com/maps/@22.7247795,120.2813223,20z","https://www.openstreetmap.org/way/267715873","segment_direction","1","left;through;right","1","left;through;right","anna","3816","way/267715873@b/265972866","anna","3816","way/267715873@b/265972866","移除此人工覆蓋後，僅就車道數與轉向而言，顯示結果仍相同。"
"完全一致","大學西路","267715875","343046602","反向","343046602","22.7255138","120.2808932","https://www.google.com/maps/@22.7255138,120.2808932,20z","https://www.openstreetmap.org/way/267715875","segment_direction","1","left;through;right","1","left;through;right","anna","3810","way/267715875@b/343046602","anna","3810","way/267715875@b/343046602","移除此人工覆蓋後，僅就車道數與轉向而言，顯示結果仍相同。"
"完全一致","大學西路","267715875","1080696694","反向","1080696694","22.7256648","120.2807822","https://www.google.com/maps/@22.7256648,120.2807822,20z","https://www.openstreetmap.org/way/267715875","segment_direction","1","left;through;right","1","left;through;right","anna","3807","way/267715875@b/1080696694","anna","3807","way/267715875@b/1080696694","移除此人工覆蓋後，僅就車道數與轉向而言，顯示結果仍相同。"
"完全一致","大學西路","267715875","1080696694","正向","1080697095","22.7259786","120.2805231","https://www.google.com/maps/@22.7259786,120.2805231,20z","https://www.openstreetmap.org/way/267715875","segment_direction","1","left;through;right","1","left;through;right","anna","3807","way/267715875@b/1080696694","anna","3807","way/267715875@b/1080696694","移除此人工覆蓋後，僅就車道數與轉向而言，顯示結果仍相同。"
"完全一致","大學西路","267715875","1080697095","反向","1080697095","22.7259786","120.2805231","https://www.google.com/maps/@22.7259786,120.2805231,20z","https://www.openstreetmap.org/way/267715875","segment_direction","1","left;through;right","1","left;through;right","anna","3806","way/267715875@b/1080697095","anna","3806","way/267715875@b/1080697095","移除此人工覆蓋後，僅就車道數與轉向而言，顯示結果仍相同。"
"完全一致","大學西路","267715875","1080697095","正向","291592355","22.726889468147547","120.27984808351107","https://www.google.com/maps/@22.726889468147547,120.27984808351107,20z","https://www.openstreetmap.org/way/267715875","segment_direction","1","left;through;right","1","left;through;right","anna","3806","way/267715875@b/1080697095","anna","3806","way/267715875@b/1080697095","移除此人工覆蓋後，僅就車道數與轉向而言，顯示結果仍相同。"
"完全一致","大學南路","24275091","256455721","反向","256455721","22.727256249833392","120.27416775012495","https://www.google.com/maps/@22.727256249833392,120.27416775012495,20z","https://www.openstreetmap.org/way/24275091","segment_direction","1","left;through;right","1","left;through;right","anna","3707","way/24275091@b/256455721","anna","3707","way/24275091@b/256455721","移除此人工覆蓋後，僅就車道數與轉向而言，顯示結果仍相同。"
"完全一致","大學南路","24275091","256455721","正向","262101330","22.7284261","120.2760579","https://www.google.com/maps/@22.7284261,120.2760579,20z","https://www.openstreetmap.org/way/24275091","segment_direction","1","left;through;right","1","left;through;right","anna","3707","way/24275091@b/256455721","anna","3707","way/24275091@b/256455721","移除此人工覆蓋後，僅就車道數與轉向而言，顯示結果仍相同。"
"完全一致","大學南路","24275091","262101330","反向","262101330","22.7284261","120.2760579","https://www.google.com/maps/@22.7284261,120.2760579,20z","https://www.openstreetmap.org/way/24275091","segment_direction","1","left;through;right","1","left;through;right","anna","3710","way/24275091@b/262101330","anna","3710","way/24275091@b/262101330","移除此人工覆蓋後，僅就車道數與轉向而言，顯示結果仍相同。"
"完全一致","大學南路","24275091","1080696911","正向","2601136103","22.7296803","120.2780815","https://www.google.com/maps/@22.7296803,120.2780815,20z","https://www.openstreetmap.org/way/24275091","segment_direction","1","left;through;right","1","left;through;right","anna","3716","way/24275091@b/1080696911","anna","3716","way/24275091@b/1080696911","移除此人工覆蓋後，僅就車道數與轉向而言，顯示結果仍相同。"
"完全一致","大學南路","24275091","1080697389","正向","256455721","22.727256249833392","120.27416775012495","https://www.google.com/maps/@22.727256249833392,120.27416775012495,20z","https://www.openstreetmap.org/way/24275091","segment_direction","1","left;through;right","1","left;through;right","anna","3704","way/24275091@b/1080697389","anna","3704","way/24275091@b/1080697389","移除此人工覆蓋後，僅就車道數與轉向而言，顯示結果仍相同。"
"完全一致","大學南路","24275091","1080697531","反向","1080697531","22.7287131","120.2765286","https://www.google.com/maps/@22.7287131,120.2765286,20z","https://www.openstreetmap.org/way/24275091","segment_direction","1","left;through;right","1","left;through;right","anna","3713","way/24275091@b/1080697531","anna","3713","way/24275091@b/1080697531","移除此人工覆蓋後，僅就車道數與轉向而言，顯示結果仍相同。"
"完全一致","大學南路","24275091","1080697531","正向","1080696911","22.7292297","120.277347","https://www.google.com/maps/@22.7292297,120.277347,20z","https://www.openstreetmap.org/way/24275091","segment_direction","1","left;through;right","1","left;through;right","anna","3713","way/24275091@b/1080697531","anna","3713","way/24275091@b/1080697531","移除此人工覆蓋後，僅就車道數與轉向而言，顯示結果仍相同。"
"完全一致","大學南路","93228856","260130554","正向","1080697252","22.73224158817306","120.2862936684979","https://www.google.com/maps/@22.73224158817306,120.2862936684979,20z","https://www.openstreetmap.org/way/93228856","intersection_approach","2","left;through|through","2","left;through|through","anna","3736","way/93228856@b/260130554","anna","3736","way/93228856@b/260130554","移除此人工覆蓋後，僅就車道數與轉向而言，顯示結果仍相同。"
"完全一致","大學南路","93228856","262840908","正向","262840726","22.732149569335128","120.2845019424855","https://www.google.com/maps/@22.732149569335128,120.2845019424855,20z","https://www.openstreetmap.org/way/93228856","segment_direction","2","left;through|through;right","2","left;through|through;right","anna","1863","way/93228856@b/262840908","anna","1863","way/93228856@b/262840908","移除此人工覆蓋後，僅就車道數與轉向而言，顯示結果仍相同。"
"完全一致","大學南路","93228856","1080697252","正向","262840705","22.73216456559203","120.28482918497761","https://www.google.com/maps/@22.73216456559203,120.28482918497761,20z","https://www.openstreetmap.org/way/93228856","segment_direction","2","left;through|through;right","2","left;through|through;right","anna","3733","way/93228856@b/1080697252","anna","3733","way/93228856@b/1080697252","移除此人工覆蓋後，僅就車道數與轉向而言，顯示結果仍相同。"
"完全一致","大學南路","339750703","262835712","正向","1080696909","22.732085509163614","120.28263264920949","https://www.google.com/maps/@22.732085509163614,120.28263264920949,20z","https://www.openstreetmap.org/way/339750703","segment_direction","2","left;through|through","2","left;through|through","anna","3728","way/339750703@b/262835712","anna","3728","way/339750703@b/262835712","移除此人工覆蓋後，僅就車道數與轉向而言，顯示結果仍相同。"
"完全一致","大學南路","339750703","1080696909","正向","1080697168","22.731481822863664","120.28085790247695","https://www.google.com/maps/@22.731481822863664,120.28085790247695,20z","https://www.openstreetmap.org/way/339750703","segment_direction","2","left;through|through","2","left;through|through","anna","3731","way/339750703@b/1080696909","anna","3731","way/339750703@b/1080696909","移除此人工覆蓋後，僅就車道數與轉向而言，顯示結果仍相同。"
"完全一致","大學南路","339750705","256245347","反向","256245347","22.732196130777908","120.29240973727615","https://www.google.com/maps/@22.732196130777908,120.29240973727615,20z","https://www.openstreetmap.org/way/339750705","segment_direction","1","left;through;right","1","left;through;right","anna","3754","way/339750705@b/256245347","anna","3754","way/339750705@b/256245347","移除此人工覆蓋後，僅就車道數與轉向而言，顯示結果仍相同。"
"完全一致","大學南路","339750705","1080696752","反向","1080696752","22.7323378","120.2916748","https://www.google.com/maps/@22.7323378,120.2916748,20z","https://www.openstreetmap.org/way/339750705","segment_direction","1","left;through;right","1","left;through;right","anna","3751","way/339750705@b/1080696752","anna","3751","way/339750705@b/1080696752","移除此人工覆蓋後，僅就車道數與轉向而言，顯示結果仍相同。"
"完全一致","大學南路","339750705","1080696752","正向","12658227989","22.7323642","120.2915108","https://www.google.com/maps/@22.7323642,120.2915108,20z","https://www.openstreetmap.org/way/339750705","segment_direction","1","left;through;right","1","left;through;right","anna","3751","way/339750705@b/1080696752","anna","3751","way/339750705@b/1080696752","移除此人工覆蓋後，僅就車道數與轉向而言，顯示結果仍相同。"
"完全一致","大學南路","339750705","1080696831","正向","260130552","22.7324528","120.2905522","https://www.google.com/maps/@22.7324528,120.2905522,20z","https://www.openstreetmap.org/way/339750705","segment_direction","1","left;through;right","1","left;through;right","anna","3745","way/339750705@b/1080696831","anna","3745","way/339750705@b/1080696831","移除此人工覆蓋後，僅就車道數與轉向而言，顯示結果仍相同。"
"完全一致","大學南路","339750705","12658227989","正向","1080696831","22.732403","120.2911722","https://www.google.com/maps/@22.732403,120.2911722,20z","https://www.openstreetmap.org/way/339750705","segment_direction","1","left;through;right","1","left;through;right","anna","3748","way/339750705@b/12658227989","anna","3748","way/339750705@b/12658227989","移除此人工覆蓋後，僅就車道數與轉向而言，顯示結果仍相同。"
"完全一致","大學南路","385650788","1080697145","正向","2601136103","22.7296803","120.2780815","https://www.google.com/maps/@22.7296803,120.2780815,20z","https://www.openstreetmap.org/way/385650788","segment_direction","2","left;through|through;right","2","left;through|through;right","anna","3722","way/385650788@b/1080697145","anna","3722","way/385650788@b/1080697145","移除此人工覆蓋後，僅就車道數與轉向而言，顯示結果仍相同。"
"完全一致","大學南路","772722766","1401138236","反向","1401138236","22.7316562","120.294326","https://www.google.com/maps/@22.7316562,120.294326,20z","https://www.openstreetmap.org/way/772722766","segment_direction","1","left;through;right","1","left;through;right","anna","3757","way/772722766@b/1401138236","anna","3757","way/772722766@b/1401138236","移除此人工覆蓋後，僅就車道數與轉向而言，顯示結果仍相同。"
"完全一致","大學南路","772722766","1401138236","正向","256245347","22.732196130777908","120.29240973727615","https://www.google.com/maps/@22.732196130777908,120.29240973727615,20z","https://www.openstreetmap.org/way/772722766","segment_direction","1","left;through;right","1","left;through;right","anna","3757","way/772722766@b/1401138236","anna","3757","way/772722766@b/1401138236","移除此人工覆蓋後，僅就車道數與轉向而言，顯示結果仍相同。"
"完全一致","大學南路","772722766","4119630512","反向","4119630512","22.7312558","120.2958572","https://www.google.com/maps/@22.7312558,120.2958572,20z","https://www.openstreetmap.org/way/772722766","segment_direction","1","left;through;right","1","left;through;right","anna","3760","way/772722766@b/4119630512","anna","3760","way/772722766@b/4119630512","移除此人工覆蓋後，僅就車道數與轉向而言，顯示結果仍相同。"
"完全一致","大學南路","772722766","4119630512","正向","1401138236","22.7316562","120.294326","https://www.google.com/maps/@22.7316562,120.294326,20z","https://www.openstreetmap.org/way/772722766","segment_direction","1","left;through;right","1","left;through;right","anna","3760","way/772722766@b/4119630512","anna","3760","way/772722766@b/4119630512","移除此人工覆蓋後，僅就車道數與轉向而言，顯示結果仍相同。"
"完全一致","大學南路","1464405423","1080697168","正向","1080697145","22.73048277093863","120.27929072459952","https://www.google.com/maps/@22.73048277093863,120.27929072459952,20z","https://www.openstreetmap.org/way/1464405423","segment_direction","2","left;through|through","2","left;through|through","anna","3724","way/1464405423@b/1080697168","anna","3724","way/1464405423@b/1080697168","移除此人工覆蓋後，僅就車道數與轉向而言，顯示結果仍相同。"
"完全一致","加昌路","23976945","256245267","反向","256245267","22.720815535145743","120.31260629547148","https://www.google.com/maps/@22.720815535145743,120.31260629547148,20z","https://www.openstreetmap.org/way/23976945","segment_direction","4","left;through|through|through|right","4","left;through|through|through|right","anna","1738","way/23976945@b/256245267","anna","1738","way/23976945@b/256245267","移除此人工覆蓋後，僅就車道數與轉向而言，顯示結果仍相同。"
"完全一致","加昌路","23976945","256245267","正向","1401138499","22.720330457659394","120.31146211178049","https://www.google.com/maps/@22.720330457659394,120.31146211178049,20z","https://www.openstreetmap.org/way/23976945","segment_direction","3","left;through|through|through;right","3","left;through|through|through;right","anna","1738","way/23976945@b/256245267","anna","1738","way/23976945@b/256245267","移除此人工覆蓋後，僅就車道數與轉向而言，顯示結果仍相同。"
"完全一致","加昌路","23976945","262090144","反向","262090144","22.721660666437486","120.31467808990152","https://www.google.com/maps/@22.721660666437486,120.31467808990152,20z","https://www.openstreetmap.org/way/23976945","intersection_approach","4","through|through|through|right","4","through|through|through|right","anna","1747","way/23976945@b/262090144","anna","1747","way/23976945@b/262090144","移除此人工覆蓋後，僅就車道數與轉向而言，顯示結果仍相同。"
"完全一致","加昌路","23976945","1401138323","正向","2417585491","22.721044553229152","120.31318444709174","https://www.google.com/maps/@22.721044553229152,120.31318444709174,20z","https://www.openstreetmap.org/way/23976945","segment_direction","3","left;through|through|through;right","3","left;through|through|through;right","anna","1721","way/23976945@b/1401138323","anna","1721","way/23976945@b/1401138323","移除此人工覆蓋後，僅就車道數與轉向而言，顯示結果仍相同。"
"完全一致","加昌路","23976945","1401138499","反向","1401138499","22.720330457659394","120.31146211178049","https://www.google.com/maps/@22.720330457659394,120.31146211178049,20z","https://www.openstreetmap.org/way/23976945","segment_direction","4","left;through|through|through|right","4","left;through|through|through|right","anna","1736","way/23976945@b/1401138499","anna","1736","way/23976945@b/1401138499","移除此人工覆蓋後，僅就車道數與轉向而言，顯示結果仍相同。"
"完全一致","加昌路","23976945","2417585491","反向","2417585491","22.721044553229152","120.31318444709174","https://www.google.com/maps/@22.721044553229152,120.31318444709174,20z","https://www.openstreetmap.org/way/23976945","segment_direction","4","left;through|through|through|right","4","left;through|through|through|right","anna","1719","way/23976945@b/2417585491","anna","1719","way/23976945@b/2417585491","移除此人工覆蓋後，僅就車道數與轉向而言，顯示結果仍相同。"
"完全一致","加昌路","126247878","1398635826","正向","3004986155","22.714098305012318","120.2945714501171","https://www.google.com/maps/@22.714098305012318,120.2945714501171,20z","https://www.openstreetmap.org/way/126247878","segment_direction","3","through|through|through;right","3","through|through|through;right","anna","1621","way/126247878@b/1398635826","anna","1621","way/126247878@b/1398635826","移除此人工覆蓋後，僅就車道數與轉向而言，顯示結果仍相同。"
"完全一致","加昌路","126247878","3004986155","正向","1400036061","22.714009686383584","120.29428418844992","https://www.google.com/maps/@22.714009686383584,120.29428418844992,20z","https://www.openstreetmap.org/way/126247878","segment_direction","3","through|through|through;right","3","through|through|through;right","anna","1617","way/126247878@b/3004986155","anna","1617","way/126247878@b/3004986155","移除此人工覆蓋後，僅就車道數與轉向而言，顯示結果仍相同。"
"完全一致","加昌路","230216178","259480547","反向","259480547","22.724024112071987","120.31981802372246","https://www.google.com/maps/@22.724024112071987,120.31981802372246,20z","https://www.openstreetmap.org/way/230216178","segment_direction","3","through|through|through","3","through|through|through","anna","1793","way/230216178@b/259480547","anna","1793","way/230216178@b/259480547","移除此人工覆蓋後，僅就車道數與轉向而言，顯示結果仍相同。"
"完全一致","加昌路","230216178","533725078","反向","533725078","22.724316350000002","120.32034285","https://www.google.com/maps/@22.724316350000002,120.32034285,20z","https://www.openstreetmap.org/way/230216178","segment_direction","3","through|through|through","3","through|through|through","anna","1831","way/230216178@b/533725078","anna","1831","way/230216178@b/533725078","移除此人工覆蓋後，僅就車道數與轉向而言，顯示結果仍相同。"
"完全一致","加昌路","230216178","2624297542","正向","1196964687","22.72352919250108","120.31893197305045","https://www.google.com/maps/@22.72352919250108,120.31893197305045,20z","https://www.openstreetmap.org/way/230216178","segment_direction","3","through|through|through;right","3","through|through|through;right","anna","1804","way/230216178@b/2624297542","anna","1804","way/230216178@b/2624297542","移除此人工覆蓋後，僅就車道數與轉向而言，顯示結果仍相同。"
"完全一致","加昌路","230216178","4916071634","反向","4916071634","22.723840688365932","120.31948861548474","https://www.google.com/maps/@22.723840688365932,120.31948861548474,20z","https://www.openstreetmap.org/way/230216178","segment_direction","3","through|through|through","3","through|through|through","anna","1788","way/230216178@b/4916071634","anna","1788","way/230216178@b/4916071634","移除此人工覆蓋後，僅就車道數與轉向而言，顯示結果仍相同。"
"完全一致","加昌路","230216178","4916071634","正向","2982365564","22.72371948506436","120.31928545129567","https://www.google.com/maps/@22.72371948506436,120.31928545129567,20z","https://www.openstreetmap.org/way/230216178","segment_direction","3","through|through|through;right","3","through|through|through;right","anna","1788","way/230216178@b/4916071634","anna","1788","way/230216178@b/4916071634","移除此人工覆蓋後，僅就車道數與轉向而言，顯示結果仍相同。"
"完全一致","加昌路","268219230","260269205","正向","1400036464","22.716340542945357","120.30088976587577","https://www.google.com/maps/@22.716340542945357,120.30088976587577,20z","https://www.openstreetmap.org/way/268219230","segment_direction","4","through|through|through;right|through;right","4","through|through|through;right|through;right","unknown","1645","way/268219230","unknown","1645","way/268219230","移除此人工覆蓋後，僅就車道數與轉向而言，顯示結果仍相同。"
"完全一致","加昌路","280277096","289126281","反向","289126281","22.720086252076417","120.3108806268178","https://www.google.com/maps/@22.720086252076417,120.3108806268178,20z","https://www.openstreetmap.org/way/280277096","intersection_approach","4","left|through|through|right","4","left|through|through|right","anna","1697","way/280277096@b/289126281","anna","1697","way/280277096@b/289126281","移除此人工覆蓋後，僅就車道數與轉向而言，顯示結果仍相同。"
"完全一致","加昌路","280277096","1219300551","正向","799202642","22.71766561660834","120.30442516441323","https://www.google.com/maps/@22.71766561660834,120.30442516441323,20z","https://www.openstreetmap.org/way/280277096","intersection_approach","3","left|through|through","3","left|through|through","anna","2813","way/280277096@b/1219300551","anna","2813","way/280277096@b/1219300551","移除此人工覆蓋後，僅就車道數與轉向而言，顯示結果仍相同。"
"完全一致","加昌路","280277096","2417585459","正向","2377566099","22.718277498213983","120.30600398516157","https://www.google.com/maps/@22.718277498213983,120.30600398516157,20z","https://www.openstreetmap.org/way/280277096","segment_direction","3","through|through|right","3","through|through|right","anna","2811","way/280277096@b/2417585459","anna","2811","way/280277096@b/2417585459","移除此人工覆蓋後，僅就車道數與轉向而言，顯示結果仍相同。"
"完全一致","右昌街","23683314","265968419","反向","265968419","22.71597747554925","120.28804336134456","https://www.google.com/maps/@22.71597747554925,120.28804336134456,20z","https://www.openstreetmap.org/way/23683314","segment_direction","2","left;through|through;right","2","left;through|through;right","anna","1994","way/23683314@b/265968419","anna","1994","way/23683314@b/265968419","移除此人工覆蓋後，僅就車道數與轉向而言，顯示結果仍相同。"
"完全一致","右昌街","23683314","265968419","正向","265968424","22.716689815233806","120.28747928426048","https://www.google.com/maps/@22.716689815233806,120.28747928426048,20z","https://www.openstreetmap.org/way/23683314","segment_direction","2","left;through|through;right","2","left;through|through;right","anna","1994","way/23683314@b/265968419","anna","1994","way/23683314@b/265968419","移除此人工覆蓋後，僅就車道數與轉向而言，顯示結果仍相同。"
"完全一致","右昌街","23683314","265968424","反向","265968424","22.716689815233806","120.28747928426048","https://www.google.com/maps/@22.716689815233806,120.28747928426048,20z","https://www.openstreetmap.org/way/23683314","segment_direction","2","left;through|through;right","2","left;through|through;right","anna","1989","way/23683314@b/265968424","anna","1989","way/23683314@b/265968424","移除此人工覆蓋後，僅就車道數與轉向而言，顯示結果仍相同。"
"完全一致","右昌街","122981736","1398634574","反向","1398634574","22.714555009655193","120.28917980529039","https://www.google.com/maps/@22.714555009655193,120.28917980529039,20z","https://www.openstreetmap.org/way/122981736","intersection_approach","2","through|through;right","2","through|through;right","anna","2001","way/122981736@b/1398634574","anna","2001","way/122981736@b/1398634574","移除此人工覆蓋後，僅就車道數與轉向而言，顯示結果仍相同。"
"完全一致","右昌街","122981736","3004962044","反向","3004962044","22.713875975825665","120.2898747001527","https://www.google.com/maps/@22.713875975825665,120.2898747001527,20z","https://www.openstreetmap.org/way/122981736","segment_direction","2","left;through|through;right","2","left;through|through;right","anna","2008","way/122981736@b/3004962044","anna","2008","way/122981736@b/3004962044","移除此人工覆蓋後，僅就車道數與轉向而言，顯示結果仍相同。"
"完全一致","右昌街","122981736","3004962044","正向","1398634574","22.714555009655193","120.28917980529039","https://www.google.com/maps/@22.714555009655193,120.28917980529039,20z","https://www.openstreetmap.org/way/122981736","intersection_approach","2","left;through|through","2","left;through|through","anna","2008","way/122981736@b/3004962044","anna","2008","way/122981736@b/3004962044","移除此人工覆蓋後，僅就車道數與轉向而言，顯示結果仍相同。"
"完全一致","右昌街","267715913","1398635709","反向","1398635709","22.71875788073867","120.28421299006834","https://www.google.com/maps/@22.71875788073867,120.28421299006834,20z","https://www.openstreetmap.org/way/267715913","segment_direction","2","left;through|through;right","2","left;through|through;right","anna","1969","way/267715913@b/1398635709","anna","1969","way/267715913@b/1398635709","移除此人工覆蓋後，僅就車道數與轉向而言，顯示結果仍相同。"
"完全一致","右昌街","267715913","1398635709","正向","1398635978","22.719057258826922","120.28371918808679","https://www.google.com/maps/@22.719057258826922,120.28371918808679,20z","https://www.openstreetmap.org/way/267715913","segment_direction","2","left;through|through;right","2","left;through|through;right","anna","1969","way/267715913@b/1398635709","anna","1969","way/267715913@b/1398635709","移除此人工覆蓋後，僅就車道數與轉向而言，顯示結果仍相同。"
"完全一致","右昌街","281341675","588290608","反向","588290608","22.715297771063803","120.28842255302663","https://www.google.com/maps/@22.715297771063803,120.28842255302663,20z","https://www.openstreetmap.org/way/281341675","segment_direction","2","left;through|through;right","2","left;through|through;right","anna","1999","way/281341675@b/588290608","anna","1999","way/281341675@b/588290608","移除此人工覆蓋後，僅就車道數與轉向而言，顯示結果仍相同。"
"完全一致","右昌街","281341675","588290608","正向","1372607153","22.715941995844645","120.28806520257973","https://www.google.com/maps/@22.715941995844645,120.28806520257973,20z","https://www.openstreetmap.org/way/281341675","segment_direction","2","left;through|through;right","2","left;through|through;right","anna","1999","way/281341675@b/588290608","anna","1999","way/281341675@b/588290608","移除此人工覆蓋後，僅就車道數與轉向而言，顯示結果仍相同。"
"完全一致","右昌街","339750722","1398635659","反向","1398635659","22.719258545277025","120.28339024569681","https://www.google.com/maps/@22.719258545277025,120.28339024569681,20z","https://www.openstreetmap.org/way/339750722","segment_direction","2","left;through|through;right","2","left;through|through;right","anna","1962","way/339750722@b/1398635659","anna","1962","way/339750722@b/1398635659","移除此人工覆蓋後，僅就車道數與轉向而言，顯示結果仍相同。"
"完全一致","右昌街","339750722","1398635659","正向","1398634117","22.719870559886928","120.28243740681378","https://www.google.com/maps/@22.719870559886928,120.28243740681378,20z","https://www.openstreetmap.org/way/339750722","segment_direction","2","through|through;right","2","through|through;right","anna","1962","way/339750722@b/1398635659","anna","1962","way/339750722@b/1398635659","移除此人工覆蓋後，僅就車道數與轉向而言，顯示結果仍相同。"
"完全一致","右昌街","339750724","265968432","反向","265968432","22.717677941730663","120.28599653550279","https://www.google.com/maps/@22.717677941730663,120.28599653550279,20z","https://www.openstreetmap.org/way/339750724","segment_direction","2","through|through;right","2","through|through;right","anna","1975","way/339750724@b/265968432","anna","1975","way/339750724@b/265968432","移除此人工覆蓋後，僅就車道數與轉向而言，顯示結果仍相同。"
"完全一致","外環西路","268219237","1400036726","正向","1400036767","22.720317252510483","120.29928366862895","https://www.google.com/maps/@22.720317252510483,120.29928366862895,20z","https://www.openstreetmap.org/way/268219237","segment_direction","2","through|through","2","through|through","anna","3836","way/268219237@b/1400036726","anna","3836","way/268219237@b/1400036726","移除此人工覆蓋後，僅就車道數與轉向而言，顯示結果仍相同。"
"完全一致","外環西路","280277100","1400036721","正向","260269205","22.716413212908275","120.3010861890881","https://www.google.com/maps/@22.716413212908275,120.3010861890881,20z","https://www.openstreetmap.org/way/280277100","intersection_approach","2","left|through","2","left|through","anna","3842","way/280277100@b/1400036721","anna","3842","way/280277100@b/1400036721","移除此人工覆蓋後，僅就車道數與轉向而言，顯示結果仍相同。"
"完全一致","外環西路","280277100","2206232308","正向","1400036721","22.717466813970578","120.30052246861666","https://www.google.com/maps/@22.717466813970578,120.30052246861666,20z","https://www.openstreetmap.org/way/280277100","segment_direction","2","through|through","2","through|through","anna","3840","way/280277100@b/2206232308","anna","3840","way/280277100@b/2206232308","移除此人工覆蓋後，僅就車道數與轉向而言，顯示結果仍相同。"
"完全一致","外環西路","280277100","2206232321","正向","2206232308","22.718384089027573","120.30012150804423","https://www.google.com/maps/@22.718384089027573,120.30012150804423,20z","https://www.openstreetmap.org/way/280277100","segment_direction","2","through|through","2","through|through","anna","3839","way/280277100@b/2206232321","anna","3839","way/280277100@b/2206232321","移除此人工覆蓋後，僅就車道數與轉向而言，顯示結果仍相同。"
"完全一致","外環西路","387524927","2896477627","反向","2896477627","22.723219018432758","120.29800092020977","https://www.google.com/maps/@22.723219018432758,120.29800092020977,20z","https://www.openstreetmap.org/way/387524927","segment_direction","2","left|through","2","left|through","anna","3835","way/387524927@b/2896477627","anna","3835","way/387524927@b/2896477627","移除此人工覆蓋後，僅就車道數與轉向而言，顯示結果仍相同。"
"完全一致","外環西路","776417980","7244167950","正向","7244167956","22.713102514402713","120.30236999872305","https://www.google.com/maps/@22.713102514402713,120.30236999872305,20z","https://www.openstreetmap.org/way/776417980","segment_direction","1","right","1","right","anna","3864","way/776417980@b/7244167950","anna","3864","way/776417980@b/7244167950","移除此人工覆蓋後，僅就車道數與轉向而言，顯示結果仍相同。"
"完全一致","外環西路","1454602407","1631504652","正向","1631504648","22.712177980402895","120.30271649103585","https://www.google.com/maps/@22.712177980402895,120.30271649103585,20z","https://www.openstreetmap.org/way/1454602407","segment_direction","2","left|right","2","left|right","anna","3881","way/1454602407@b/1631504652","anna","3881","way/1454602407@b/1631504652","移除此人工覆蓋後，僅就車道數與轉向而言，顯示結果仍相同。"
"完全一致","外環西路","1454602407","3010545859","正向","1631504652","22.712257407472208","120.30274694177957","https://www.google.com/maps/@22.712257407472208,120.30274694177957,20z","https://www.openstreetmap.org/way/1454602407","segment_direction","2","left|right","2","left|right","anna","3884","way/1454602407@b/3010545859","anna","3884","way/1454602407@b/3010545859","移除此人工覆蓋後，僅就車道數與轉向而言，顯示結果仍相同。"
"完全一致","外環西路","1454602407","7244167956","正向","7244167960","22.712377501660036","120.3027493935163","https://www.google.com/maps/@22.712377501660036,120.3027493935163,20z","https://www.openstreetmap.org/way/1454602407","segment_direction","2","left|right","2","left|right","anna","3863","way/1454602407@b/7244167956","anna","3863","way/1454602407@b/7244167956","移除此人工覆蓋後，僅就車道數與轉向而言，顯示結果仍相同。"
"完全一致","外環西路","1454602407","7244167960","正向","3010545859","22.712294850559672","120.30276129670756","https://www.google.com/maps/@22.712294850559672,120.30276129670756,20z","https://www.openstreetmap.org/way/1454602407","segment_direction","2","left|right","2","left|right","anna","3885","way/1454602407@b/7244167960","anna","3885","way/1454602407@b/7244167960","移除此人工覆蓋後，僅就車道數與轉向而言，顯示結果仍相同。"
"完全一致","左楠路","65451653","799202632","正向","7244167950","22.713022780110514","120.3029745824017","https://www.google.com/maps/@22.713022780110514,120.3029745824017,20z","https://www.openstreetmap.org/way/65451653","segment_direction","2","through|through;right","2","through|through;right","anna","3875","way/65451653@b/799202632","anna","3875","way/65451653@b/799202632","移除此人工覆蓋後，僅就車道數與轉向而言，顯示結果仍相同。"
"完全一致","左楠路","65451653","7244167950","正向","7244167960","22.712377501660036","120.3027493935163","https://www.google.com/maps/@22.712377501660036,120.3027493935163,20z","https://www.openstreetmap.org/way/65451653","intersection_approach","2","through|through","2","through|through","anna","3873","way/65451653@b/7244167950","anna","3873","way/65451653@b/7244167950","移除此人工覆蓋後，僅就車道數與轉向而言，顯示結果仍相同。"
"完全一致","左楠路","247974702","295692587","正向","4309157672","22.704334769494448","120.30243162096566","https://www.google.com/maps/@22.704334769494448,120.30243162096566,20z","https://www.openstreetmap.org/way/247974702","segment_direction","2","left;through|through;right","2","left;through|through;right","anna","3909","way/247974702@b/295692587","anna","3909","way/247974702@b/295692587","移除此人工覆蓋後，僅就車道數與轉向而言，顯示結果仍相同。"
"完全一致","左楠路","247974702","4309157672","正向","295692588","22.704067983570944","120.30243983094914","https://www.google.com/maps/@22.704067983570944,120.30243983094914,20z","https://www.openstreetmap.org/way/247974702","segment_direction","2","left;through|through;right","2","left;through|through;right","anna","3914","way/247974702@b/4309157672","anna","3914","way/247974702@b/4309157672","移除此人工覆蓋後，僅就車道數與轉向而言，顯示結果仍相同。"
"完全一致","左楠路","297205391","2919858675","正向","4586456368","22.70967536866331","120.302311655853","https://www.google.com/maps/@22.70967536866331,120.302311655853,20z","https://www.openstreetmap.org/way/297205391","segment_direction","2","through|through","2","through|through","anna","3906","way/297205391@b/2919858675","anna","3906","way/297205391@b/2919858675","移除此人工覆蓋後，僅就車道數與轉向而言，顯示結果仍相同。"
"完全一致","左楠路","297205391","3010545851","正向","2919858675","22.710699458849","120.30230769324382","https://www.google.com/maps/@22.710699458849,120.30230769324382,20z","https://www.openstreetmap.org/way/297205391","segment_direction","2","through|through","2","through|through","anna","3905","way/297205391@b/3010545851","anna","3905","way/297205391@b/3010545851","移除此人工覆蓋後，僅就車道數與轉向而言，顯示結果仍相同。"
"完全一致","左楠路","383026301","2399424078","正向","295692598","22.69944926510324","120.30259681449937","https://www.google.com/maps/@22.69944926510324,120.30259681449937,20z","https://www.openstreetmap.org/way/383026301","segment_direction","4","through|through|through|right","4","through|through|through|right","anna","3929","way/383026301@b/2399424078","anna","3929","way/383026301@b/2399424078","移除此人工覆蓋後，僅就車道數與轉向而言，顯示結果仍相同。"
"完全一致","左楠路","386557630","1631504648","正向","3010545851","22.71128912856802","120.30244276537942","https://www.google.com/maps/@22.71128912856802,120.30244276537942,20z","https://www.openstreetmap.org/way/386557630","segment_direction","2","through|through","2","through|through","anna","3887","way/386557630@b/1631504648","anna","3887","way/386557630@b/1631504648","移除此人工覆蓋後，僅就車道數與轉向而言，顯示結果仍相同。"
"完全一致","甲昌路","24260750","262101289","反向","262101289","22.734748769990397","120.29273337452","https://www.google.com/maps/@22.734748769990397,120.29273337452,20z","https://www.openstreetmap.org/way/24260750","segment_direction","2","through|through","2","through|through","rex","307","way/24260750@b/262101289","rex","307","way/24260750@b/262101289","移除此人工覆蓋後，僅就車道數與轉向而言，顯示結果仍相同。"
"完全一致","甲昌路","24260750","262101289","正向","3010553466","22.734871305065695","120.29276434850296","https://www.google.com/maps/@22.734871305065695,120.29276434850296,20z","https://www.openstreetmap.org/way/24260750","segment_direction","2","through|through","2","through|through","rex","307","way/24260750@b/262101289","rex","307","way/24260750@b/262101289","移除此人工覆蓋後，僅就車道數與轉向而言，顯示結果仍相同。"
"完全一致","甲昌路","24260750","3010553466","正向","258785847","22.736919","120.2937031","https://www.google.com/maps/@22.736919,120.2937031,20z","https://www.openstreetmap.org/way/24260750","segment_direction","2","through|through","2","through|through","rex","280","way/24260750@b/3010553466","rex","280","way/24260750@b/3010553466","移除此人工覆蓋後，僅就車道數與轉向而言，顯示結果仍相同。"
"完全一致","後昌新路","24288217","256455746","反向","256455746","22.721660642950013","120.29101043478687","https://www.google.com/maps/@22.721660642950013,120.29101043478687,20z","https://www.openstreetmap.org/way/24288217","segment_direction","2","left;through|through;right","2","left;through|through;right","rex","1273","way/24288217","rex","1273","way/24288217","移除此人工覆蓋後，僅就車道數與轉向而言，顯示結果仍相同。"
"完全一致","後昌新路","24288217","256455746","正向","1398634371","22.721548328077176","120.29104111060933","https://www.google.com/maps/@22.721548328077176,120.29104111060933,20z","https://www.openstreetmap.org/way/24288217","segment_direction","2","left;through|through;right","2","left;through|through;right","rex","1273","way/24288217","rex","1273","way/24288217","移除此人工覆蓋後，僅就車道數與轉向而言，顯示結果仍相同。"
"完全一致","後昌新路","24288217","2417585442","反向","2417585442","22.72107218055592","120.29116790448236","https://www.google.com/maps/@22.72107218055592,120.29116790448236,20z","https://www.openstreetmap.org/way/24288217","segment_direction","2","left;through|through;right","2","left;through|through;right","rex","1264","way/24288217@b/2417585442","rex","1264","way/24288217@b/2417585442","移除此人工覆蓋後，僅就車道數與轉向而言，顯示結果仍相同。"
"完全一致","後昌新路","24288217","2417585444","反向","2417585444","22.720662258736926","120.29128051780907","https://www.google.com/maps/@22.720662258736926,120.29128051780907,20z","https://www.openstreetmap.org/way/24288217","segment_direction","2","left;through|through;right","2","left;through|through;right","rex","1276","way/24288217@b/2417585444","rex","1276","way/24288217@b/2417585444","移除此人工覆蓋後，僅就車道數與轉向而言，顯示結果仍相同。"
"完全一致","後昌新路","24288217","2417585444","正向","2417585446","22.719519474699123","120.29160501332794","https://www.google.com/maps/@22.719519474699123,120.29160501332794,20z","https://www.openstreetmap.org/way/24288217","segment_direction","2","left;through|through;right","2","left;through|through;right","rex","1276","way/24288217@b/2417585444","rex","1276","way/24288217@b/2417585444","移除此人工覆蓋後，僅就車道數與轉向而言，顯示結果仍相同。"
"完全一致","後昌新路","24288217","2417585446","反向","2417585446","22.719519474699123","120.29160501332794","https://www.google.com/maps/@22.719519474699123,120.29160501332794,20z","https://www.openstreetmap.org/way/24288217","segment_direction","2","left;through|through;right","2","left;through|through;right","rex","1271","way/24288217@b/2417585446","rex","1271","way/24288217@b/2417585446","移除此人工覆蓋後，僅就車道數與轉向而言，顯示結果仍相同。"
"完全一致","後昌新路","24288217","2417585446","正向","1398634324","22.71927910958168","120.2916726640147","https://www.google.com/maps/@22.71927910958168,120.2916726640147,20z","https://www.openstreetmap.org/way/24288217","segment_direction","2","left;through|through;right","2","left;through|through;right","rex","1271","way/24288217@b/2417585446","rex","1271","way/24288217@b/2417585446","移除此人工覆蓋後，僅就車道數與轉向而言，顯示結果仍相同。"
"完全一致","後昌新路","229364989","1398634324","反向","1398634324","22.71927910958168","120.2916726640147","https://www.google.com/maps/@22.71927910958168,120.2916726640147,20z","https://www.openstreetmap.org/way/229364989","segment_direction","2","left;through|through;right","2","left;through|through;right","rex","1282","way/229364989@b/1398634324","rex","1282","way/229364989@b/1398634324","移除此人工覆蓋後，僅就車道數與轉向而言，顯示結果仍相同。"
"完全一致","後昌新路","229364989","1398634324","正向","13056406560","22.7180549","120.2920561","https://www.google.com/maps/@22.7180549,120.2920561,20z","https://www.openstreetmap.org/way/229364989","segment_direction","2","left;through|through;right","2","left;through|through;right","rex","1282","way/229364989@b/1398634324","rex","1282","way/229364989@b/1398634324","移除此人工覆蓋後，僅就車道數與轉向而言，顯示結果仍相同。"
"完全一致","後昌路","23683301","256245259","正向","262085857","22.71770450566393","120.31023214654273","https://www.google.com/maps/@22.71770450566393,120.31023214654273,20z","https://www.openstreetmap.org/way/23683301","segment_direction","2","left;through|through;right","2","left;through|through;right","anna","1534","way/23683301@b/256245259","anna","1534","way/23683301@b/256245259","移除此人工覆蓋後，僅就車道數與轉向而言，顯示結果仍相同。"
"完全一致","後昌路","23683301","256245260","反向","256245260","22.7189992","120.3106363","https://www.google.com/maps/@22.7189992,120.3106363,20z","https://www.openstreetmap.org/way/23683301","segment_direction","2","through|through","2","through|through","anna","1552","way/23683301@b/256245260","anna","1552","way/23683301@b/256245260","移除此人工覆蓋後，僅就車道數與轉向而言，顯示結果仍相同。"
"完全一致","後昌路","23683301","261608476","反向","261608476","22.715804194453234","120.309606303797","https://www.google.com/maps/@22.715804194453234,120.309606303797,20z","https://www.openstreetmap.org/way/23683301","intersection_approach","2","left;through|through","2","left;through|through","anna","1510","way/23683301@b/261608476","anna","1510","way/23683301@b/261608476","移除此人工覆蓋後，僅就車道數與轉向而言，顯示結果仍相同。"
"完全一致","後昌路","23683301","261608476","正向","2417585475","22.715646206459283","120.30955284317935","https://www.google.com/maps/@22.715646206459283,120.30955284317935,20z","https://www.openstreetmap.org/way/23683301","segment_direction","2","left;through|through;right","2","left;through|through;right","anna","1510","way/23683301@b/261608476","anna","1510","way/23683301@b/261608476","移除此人工覆蓋後，僅就車道數與轉向而言，顯示結果仍相同。"
"完全一致","後昌路","23683301","262085857","正向","2417585473","22.71735472340557","120.31012184537428","https://www.google.com/maps/@22.71735472340557,120.31012184537428,20z","https://www.openstreetmap.org/way/23683301","segment_direction","2","left;through|through;right","2","left;through|through;right","anna","1530","way/23683301@b/262085857","anna","1530","way/23683301@b/262085857","移除此人工覆蓋後，僅就車道數與轉向而言，顯示結果仍相同。"
"完全一致","後昌路","23683301","262085858","反向","262085858","22.718239944988724","120.31041012532174","https://www.google.com/maps/@22.718239944988724,120.31041012532174,20z","https://www.openstreetmap.org/way/23683301","segment_direction","2","through|through","2","through|through","anna","1538","way/23683301@b/262085858","anna","1538","way/23683301@b/262085858","移除此人工覆蓋後，僅就車道數與轉向而言，顯示結果仍相同。"
"完全一致","後昌路","23683301","262085858","正向","256245259","22.717824299999997","120.3102685","https://www.google.com/maps/@22.717824299999997,120.3102685,20z","https://www.openstreetmap.org/way/23683301","segment_direction","2","left;through|through;right","2","left;through|through;right","anna","1538","way/23683301@b/262085858","anna","1538","way/23683301@b/262085858","移除此人工覆蓋後，僅就車道數與轉向而言，顯示結果仍相同。"
"完全一致","後昌路","23683301","1219300693","反向","1219300693","22.712135666631774","120.30833624071326","https://www.google.com/maps/@22.712135666631774,120.30833624071326,20z","https://www.openstreetmap.org/way/23683301","segment_direction","2","through|through","2","through|through","rex","1468","way/23683301@b/1219300693","rex","1468","way/23683301@b/1219300693","移除此人工覆蓋後，僅就車道數與轉向而言，顯示結果仍相同。"
"完全一致","後昌路","23683301","2417585466","反向","2417585466","22.71702330090543","120.31001240343338","https://www.google.com/maps/@22.71702330090543,120.31001240343338,20z","https://www.openstreetmap.org/way/23683301","segment_direction","2","through|through","2","through|through","anna","1522","way/23683301@b/2417585466","anna","1522","way/23683301@b/2417585466","移除此人工覆蓋後，僅就車道數與轉向而言，顯示結果仍相同。"
"完全一致","後昌路","23683301","2417585466","正向","2417585468","22.716778985390924","120.30993118209571","https://www.google.com/maps/@22.716778985390924,120.30993118209571,20z","https://www.openstreetmap.org/way/23683301","segment_direction","2","left;through|through;right","2","left;through|through;right","anna","1522","way/23683301@b/2417585466","anna","1522","way/23683301@b/2417585466","移除此人工覆蓋後，僅就車道數與轉向而言，顯示結果仍相同。"
"完全一致","後昌路","23683301","2417585468","反向","2417585468","22.716778985390924","120.30993118209571","https://www.google.com/maps/@22.716778985390924,120.30993118209571,20z","https://www.openstreetmap.org/way/23683301","segment_direction","2","through|through","2","through|through","anna","1518","way/23683301@b/2417585468","anna","1518","way/23683301@b/2417585468","移除此人工覆蓋後，僅就車道數與轉向而言，顯示結果仍相同。"
"完全一致","後昌路","23683301","2417585470","反向","2417585470","22.716231060641338","120.30974915111284","https://www.google.com/maps/@22.716231060641338,120.30974915111284,20z","https://www.openstreetmap.org/way/23683301","segment_direction","2","through|through","2","through|through","anna","1517","way/23683301@b/2417585470","anna","1517","way/23683301@b/2417585470","移除此人工覆蓋後，僅就車道數與轉向而言，顯示結果仍相同。"
"完全一致","後昌路","23683301","2417585473","反向","2417585473","22.71735472340557","120.31012184537428","https://www.google.com/maps/@22.71735472340557,120.31012184537428,20z","https://www.openstreetmap.org/way/23683301","segment_direction","2","through|through","2","through|through","anna","1526","way/23683301@b/2417585473","anna","1526","way/23683301@b/2417585473","移除此人工覆蓋後，僅就車道數與轉向而言，顯示結果仍相同。"
"完全一致","後昌路","23683301","2417585475","反向","2417585475","22.715646206459283","120.30955284317935","https://www.google.com/maps/@22.715646206459283,120.30955284317935,20z","https://www.openstreetmap.org/way/23683301","segment_direction","2","through|through","2","through|through","rex","1506","way/23683301@b/2417585475","rex","1506","way/23683301@b/2417585475","移除此人工覆蓋後，僅就車道數與轉向而言，顯示結果仍相同。"
"完全一致","後昌路","23683301","2417585478","反向","2417585478","22.71545881762205","120.30948938493214","https://www.google.com/maps/@22.71545881762205,120.30948938493214,20z","https://www.openstreetmap.org/way/23683301","segment_direction","2","through|through","2","through|through","rex","1502","way/23683301@b/2417585478","rex","1502","way/23683301@b/2417585478","移除此人工覆蓋後，僅就車道數與轉向而言，顯示結果仍相同。"
"完全一致","後昌路","23683301","2417585479","反向","2417585479","22.715211612353436","120.30940573372257","https://www.google.com/maps/@22.715211612353436,120.30940573372257,20z","https://www.openstreetmap.org/way/23683301","segment_direction","2","through|through","2","through|through","rex","1498","way/23683301@b/2417585479","rex","1498","way/23683301@b/2417585479","移除此人工覆蓋後，僅就車道數與轉向而言，顯示結果仍相同。"
"完全一致","後昌路","23683301","2417585479","正向","1219300373","22.71479371589813","120.30926254315065","https://www.google.com/maps/@22.71479371589813,120.30926254315065,20z","https://www.openstreetmap.org/way/23683301","intersection_approach","2","left;through|through","2","left;through|through","rex","1498","way/23683301@b/2417585479","rex","1498","way/23683301@b/2417585479","移除此人工覆蓋後，僅就車道數與轉向而言，顯示結果仍相同。"
"完全一致","後昌路","23683301","2417585483","反向","2417585483","22.714507599999997","120.30916165","https://www.google.com/maps/@22.714507599999997,120.30916165,20z","https://www.openstreetmap.org/way/23683301","segment_direction","2","through|through","2","through|through","anna","3669","way/23683301@b/2417585483","anna","3669","way/23683301@b/2417585483","移除此人工覆蓋後，僅就車道數與轉向而言，顯示結果仍相同。"
"完全一致","後昌路","23683301","2417585485","反向","2417585485","22.714262391007175","120.30907924299493","https://www.google.com/maps/@22.714262391007175,120.30907924299493,20z","https://www.openstreetmap.org/way/23683301","segment_direction","2","through|through","2","through|through","rex","1483","way/23683301@b/2417585485","rex","1483","way/23683301@b/2417585485","移除此人工覆蓋後，僅就車道數與轉向而言，顯示結果仍相同。"
"完全一致","後昌路","23683301","2417585485","正向","2417585487","22.714145891253608","120.30904010900119","https://www.google.com/maps/@22.714145891253608,120.30904010900119,20z","https://www.openstreetmap.org/way/23683301","segment_direction","2","left;through|through;right","2","left;through|through;right","rex","1483","way/23683301@b/2417585485","rex","1483","way/23683301@b/2417585485","移除此人工覆蓋後，僅就車道數與轉向而言，顯示結果仍相同。"
"完全一致","後昌路","23683301","2417585487","反向","2417585487","22.714145891253608","120.30904010900119","https://www.google.com/maps/@22.714145891253608,120.30904010900119,20z","https://www.openstreetmap.org/way/23683301","intersection_approach","3","through|through|right","3","through|through|right","rex","1481","way/23683301@b/2417585487","rex","1481","way/23683301@b/2417585487","移除此人工覆蓋後，僅就車道數與轉向而言，顯示結果仍相同。"
"完全一致","後昌路","23683301","2417585487","正向","12828470052","22.712860520508404","120.30859014273346","https://www.google.com/maps/@22.712860520508404,120.30859014273346,20z","https://www.openstreetmap.org/way/23683301","segment_direction","2","left;through|through;right","2","left;through|through;right","rex","1481","way/23683301@b/2417585487","rex","1481","way/23683301@b/2417585487","移除此人工覆蓋後，僅就車道數與轉向而言，顯示結果仍相同。"
"完全一致","後昌路","23683301","5693087367","反向","5693087367","22.70794240364607","120.3048776130652","https://www.google.com/maps/@22.70794240364607,120.3048776130652,20z","https://www.openstreetmap.org/way/23683301","segment_direction","2","through|through","2","through|through","rex","1472","way/23683301@b/5693087367","rex","1472","way/23683301@b/5693087367","移除此人工覆蓋後，僅就車道數與轉向而言，顯示結果仍相同。"
"完全一致","後昌路","23683301","12828470052","反向","12828470052","22.712860520508404","120.30859014273346","https://www.google.com/maps/@22.712860520508404,120.30859014273346,20z","https://www.openstreetmap.org/way/23683301","segment_direction","2","through|through","2","through|through","rex","1476","way/23683301@b/12828470052","rex","1476","way/23683301@b/12828470052","移除此人工覆蓋後，僅就車道數與轉向而言，顯示結果仍相同。"
"完全一致","後昌路","23683301","12828470052","正向","1219300693","22.712135666631774","120.30833624071326","https://www.google.com/maps/@22.712135666631774,120.30833624071326,20z","https://www.openstreetmap.org/way/23683301","segment_direction","2","left;through|through;right","2","left;through|through;right","rex","1476","way/23683301@b/12828470052","rex","1476","way/23683301@b/12828470052","移除此人工覆蓋後，僅就車道數與轉向而言，顯示結果仍相同。"
"完全一致","後昌路","23683301","12828470053","反向","12828470053","22.710918221002625","120.30793070914527","https://www.google.com/maps/@22.710918221002625,120.30793070914527,20z","https://www.openstreetmap.org/way/23683301","segment_direction","2","through|through","2","through|through","rex","1449","way/23683301@b/12828470053","rex","1449","way/23683301@b/12828470053","移除此人工覆蓋後，僅就車道數與轉向而言，顯示結果仍相同。"
"完全一致","後昌路","23683308","256245260","反向","256245260","22.7189992","120.3106363","https://www.google.com/maps/@22.7189992,120.3106363,20z","https://www.openstreetmap.org/way/23683308","segment_direction","1","left;through","1","left;through","anna","1555","way/23683308@b/256245260","anna","1555","way/23683308@b/256245260","移除此人工覆蓋後，僅就車道數與轉向而言，顯示結果仍相同。"
"完全一致","後昌路","23683308","256245260","正向","259974969","22.7190697","120.3108479","https://www.google.com/maps/@22.7190697,120.3108479,20z","https://www.openstreetmap.org/way/23683308","segment_direction","1","through;right","1","through;right","anna","1555","way/23683308@b/256245260","anna","1555","way/23683308@b/256245260","移除此人工覆蓋後，僅就車道數與轉向而言，顯示結果仍相同。"
"完全一致","後昌路","23683308","258784517","反向","258784517","22.7199629","120.3119259","https://www.google.com/maps/@22.7199629,120.3119259,20z","https://www.openstreetmap.org/way/23683308","segment_direction","1","left;through","1","left;through","anna","1570","way/23683308@b/258784517","anna","1570","way/23683308@b/258784517","移除此人工覆蓋後，僅就車道數與轉向而言，顯示結果仍相同。"
"完全一致","後昌路","23683308","258784517","正向","256245267","22.720815535145743","120.31260629547148","https://www.google.com/maps/@22.720815535145743,120.31260629547148,20z","https://www.openstreetmap.org/way/23683308","segment_direction","1","through;right","1","through;right","anna","1570","way/23683308@b/258784517","anna","1570","way/23683308@b/258784517","移除此人工覆蓋後，僅就車道數與轉向而言，顯示結果仍相同。"
"完全一致","後昌路","23683308","259974969","反向","259974969","22.7190697","120.3108479","https://www.google.com/maps/@22.7190697,120.3108479,20z","https://www.openstreetmap.org/way/23683308","segment_direction","1","left;through","1","left;through","anna","1556","way/23683308@b/259974969","anna","1556","way/23683308@b/259974969","移除此人工覆蓋後，僅就車道數與轉向而言，顯示結果仍相同。"
"完全一致","後昌路","23683308","259974969","正向","2378023687","22.7195491","120.311427","https://www.google.com/maps/@22.7195491,120.311427,20z","https://www.openstreetmap.org/way/23683308","segment_direction","1","through;right","1","through;right","anna","1556","way/23683308@b/259974969","anna","1556","way/23683308@b/259974969","移除此人工覆蓋後，僅就車道數與轉向而言，顯示結果仍相同。"
"完全一致","後昌路","23683308","1219300779","反向","1219300779","22.7196178","120.3115111","https://www.google.com/maps/@22.7196178,120.3115111,20z","https://www.openstreetmap.org/way/23683308","segment_direction","1","left;through","1","left;through","anna","1562","way/23683308@b/1219300779","anna","1562","way/23683308@b/1219300779","移除此人工覆蓋後，僅就車道數與轉向而言，顯示結果仍相同。"
"完全一致","後昌路","23683308","1219300779","正向","2378023708","22.7197794","120.3117053","https://www.google.com/maps/@22.7197794,120.3117053,20z","https://www.openstreetmap.org/way/23683308","segment_direction","1","through;right","1","through;right","anna","1562","way/23683308@b/1219300779","anna","1562","way/23683308@b/1219300779","移除此人工覆蓋後，僅就車道數與轉向而言，顯示結果仍相同。"
"完全一致","後昌路","23683308","2378023687","反向","2378023687","22.7195491","120.311427","https://www.google.com/maps/@22.7195491,120.311427,20z","https://www.openstreetmap.org/way/23683308","segment_direction","1","left;through","1","left;through","anna","1561","way/23683308@b/2378023687","anna","1561","way/23683308@b/2378023687","移除此人工覆蓋後，僅就車道數與轉向而言，顯示結果仍相同。"
"完全一致","後昌路","23683308","2378023687","正向","1219300779","22.7196178","120.3115111","https://www.google.com/maps/@22.7196178,120.3115111,20z","https://www.openstreetmap.org/way/23683308","segment_direction","1","through;right","1","through;right","anna","1561","way/23683308@b/2378023687","anna","1561","way/23683308@b/2378023687","移除此人工覆蓋後，僅就車道數與轉向而言，顯示結果仍相同。"
"完全一致","後昌路","23683308","2378023708","反向","2378023708","22.7197794","120.3117053","https://www.google.com/maps/@22.7197794,120.3117053,20z","https://www.openstreetmap.org/way/23683308","segment_direction","1","left;through","1","left;through","anna","1565","way/23683308@b/2378023708","anna","1565","way/23683308@b/2378023708","移除此人工覆蓋後，僅就車道數與轉向而言，顯示結果仍相同。"
"完全一致","後昌路","23683308","2378023708","正向","258784517","22.7199629","120.3119259","https://www.google.com/maps/@22.7199629,120.3119259,20z","https://www.openstreetmap.org/way/23683308","segment_direction","1","through;right","1","through;right","anna","1565","way/23683308@b/2378023708","anna","1565","way/23683308@b/2378023708","移除此人工覆蓋後，僅就車道數與轉向而言，顯示結果仍相同。"
"完全一致","後昌路","122981752","1398634356","反向","1398634356","22.717499729671957","120.29227123392441","https://www.google.com/maps/@22.717499729671957,120.29227123392441,20z","https://www.openstreetmap.org/way/122981752","segment_direction","2","left;through|through;right","2","left;through|through;right","rex","1297","way/122981752@b/1398634356","rex","1297","way/122981752@b/1398634356","移除此人工覆蓋後，僅就車道數與轉向而言，顯示結果仍相同。"
"完全一致","後昌路","122981752","1398634356","正向","273103152","22.716427931749557","120.29269594650876","https://www.google.com/maps/@22.716427931749557,120.29269594650876,20z","https://www.openstreetmap.org/way/122981752","intersection_approach","2","left;through|through;right","2","left;through|through;right","rex","1297","way/122981752@b/1398634356","rex","1297","way/122981752@b/1398634356","移除此人工覆蓋後，僅就車道數與轉向而言，顯示結果仍相同。"
"完全一致","後昌路","122981752","13056406560","反向","13056406560","22.7180549","120.2920561","https://www.google.com/maps/@22.7180549,120.2920561,20z","https://www.openstreetmap.org/way/122981752","intersection_approach","2","left;through|through;right","2","left;through|through;right","rex","1286","way/122981752@b/13056406560","rex","1286","way/122981752@b/13056406560","移除此人工覆蓋後，僅就車道數與轉向而言，顯示結果仍相同。"
"完全一致","後昌路","122981752","13056406560","正向","1398634356","22.717499729671957","120.29227123392441","https://www.google.com/maps/@22.717499729671957,120.29227123392441,20z","https://www.openstreetmap.org/way/122981752","segment_direction","2","left;through|through;right","2","left;through|through;right","rex","1286","way/122981752@b/13056406560","rex","1286","way/122981752@b/13056406560","移除此人工覆蓋後，僅就車道數與轉向而言，顯示結果仍相同。"
"完全一致","後昌路","229364994","1398635191","反向","1398635191","22.717772441302387","120.29147397717875","https://www.google.com/maps/@22.717772441302387,120.29147397717875,20z","https://www.openstreetmap.org/way/229364994","segment_direction","2","left;through|through;right","2","left;through|through;right","anna","3329","way/229364994@b/1398635191","anna","3329","way/229364994@b/1398635191","移除此人工覆蓋後，僅就車道數與轉向而言，顯示結果仍相同。"
"完全一致","後昌路","229364994","1398635191","正向","13056406560","22.7180549","120.2920561","https://www.google.com/maps/@22.7180549,120.2920561,20z","https://www.openstreetmap.org/way/229364994","intersection_approach","2","left;through|through;right","2","left;through|through;right","anna","3329","way/229364994@b/1398635191","anna","3329","way/229364994@b/1398635191","移除此人工覆蓋後，僅就車道數與轉向而言，顯示結果仍相同。"
"完全一致","後昌路","231785289","262995694","反向","262995694","22.70789695406389","120.29957154264864","https://www.google.com/maps/@22.70789695406389,120.29957154264864,20z","https://www.openstreetmap.org/way/231785289","segment_direction","2","through|through","2","through|through","rex","1410","way/231785289@b/262995694","rex","1410","way/231785289@b/262995694","移除此人工覆蓋後，僅就車道數與轉向而言，顯示結果仍相同。"
"完全一致","後昌路","231785289","262995694","正向","2188495527","22.707850320784733","120.29983122206093","https://www.google.com/maps/@22.707850320784733,120.29983122206093,20z","https://www.openstreetmap.org/way/231785289","segment_direction","2","left;through|through;right","2","left;through|through;right","rex","1410","way/231785289@b/262995694","rex","1410","way/231785289@b/262995694","移除此人工覆蓋後，僅就車道數與轉向而言，顯示結果仍相同。"
"完全一致","後昌路","231785289","262995696","反向","262995696","22.70808858905582","120.29898645768625","https://www.google.com/maps/@22.70808858905582,120.29898645768625,20z","https://www.openstreetmap.org/way/231785289","segment_direction","2","through|through","2","through|through","rex","1396","way/231785289@b/262995696","rex","1396","way/231785289@b/262995696","移除此人工覆蓋後，僅就車道數與轉向而言，顯示結果仍相同。"
"完全一致","後昌路","231785289","262995696","正向","2188495529","22.70796008977745","120.29935199641227","https://www.google.com/maps/@22.70796008977745,120.29935199641227,20z","https://www.openstreetmap.org/way/231785289","segment_direction","2","left;through|through;right","2","left;through|through;right","rex","1396","way/231785289@b/262995696","rex","1396","way/231785289@b/262995696","移除此人工覆蓋後，僅就車道數與轉向而言，顯示結果仍相同。"
"完全一致","後昌路","231785289","273103101","反向","273103101","22.7087534561419","120.29776569140525","https://www.google.com/maps/@22.7087534561419,120.29776569140525,20z","https://www.openstreetmap.org/way/231785289","segment_direction","2","through|through","2","through|through","rex","1381","way/231785289@b/273103101","rex","1381","way/231785289@b/273103101","移除此人工覆蓋後，僅就車道數與轉向而言，顯示結果仍相同。"
"完全一致","後昌路","231785289","2188495529","反向","2188495529","22.70796008977745","120.29935199641227","https://www.google.com/maps/@22.70796008977745,120.29935199641227,20z","https://www.openstreetmap.org/way/231785289","segment_direction","2","through|through","2","through|through","rex","1401","way/231785289@b/2188495529","rex","1401","way/231785289@b/2188495529","移除此人工覆蓋後，僅就車道數與轉向而言，顯示結果仍相同。"
"完全一致","後昌路","231785289","2188495529","正向","262995694","22.70789695406389","120.29957154264864","https://www.google.com/maps/@22.70789695406389,120.29957154264864,20z","https://www.openstreetmap.org/way/231785289","segment_direction","2","left;through|through;right","2","left;through|through;right","rex","1401","way/231785289@b/2188495529","rex","1401","way/231785289@b/2188495529","移除此人工覆蓋後，僅就車道數與轉向而言，顯示結果仍相同。"
"完全一致","後昌路","231785289","2188495534","反向","2188495534","22.708207669577526","120.29869300030562","https://www.google.com/maps/@22.708207669577526,120.29869300030562,20z","https://www.openstreetmap.org/way/231785289","segment_direction","2","through|through","2","through|through","rex","1391","way/231785289@b/2188495534","rex","1391","way/231785289@b/2188495534","移除此人工覆蓋後，僅就車道數與轉向而言，顯示結果仍相同。"
"完全一致","後昌路","231785289","2188495534","正向","262995696","22.70808858905582","120.29898645768625","https://www.google.com/maps/@22.70808858905582,120.29898645768625,20z","https://www.openstreetmap.org/way/231785289","segment_direction","2","left;through|through;right","2","left;through|through;right","rex","1391","way/231785289@b/2188495534","rex","1391","way/231785289@b/2188495534","移除此人工覆蓋後，僅就車道數與轉向而言，顯示結果仍相同。"
"完全一致","後昌路","231785289","2401070584","正向","2188495534","22.708207669577526","120.29869300030562","https://www.google.com/maps/@22.708207669577526,120.29869300030562,20z","https://www.openstreetmap.org/way/231785289","segment_direction","2","left;through|through;right","2","left;through|through;right","rex","1390","way/231785289@b/2401070584","rex","1390","way/231785289@b/2401070584","移除此人工覆蓋後，僅就車道數與轉向而言，顯示結果仍相同。"
"完全一致","後昌路","231785289","2401153815","反向","2401153815","22.71042068020364","120.29612924712434","https://www.google.com/maps/@22.71042068020364,120.29612924712434,20z","https://www.openstreetmap.org/way/231785289","intersection_approach","2","through|through;right","2","through|through;right","rex","1373","way/231785289@b/2401153815","rex","1373","way/231785289@b/2401153815","移除此人工覆蓋後，僅就車道數與轉向而言，顯示結果仍相同。"
"完全一致","後昌路","231785289","13056406664","反向","13056406664","22.70987021228202","120.296616502854","https://www.google.com/maps/@22.70987021228202,120.296616502854,20z","https://www.openstreetmap.org/way/231785289","intersection_approach","2","through|through;right","2","through|through;right","rex","1375","way/231785289@b/13056406664","rex","1375","way/231785289@b/13056406664","移除此人工覆蓋後，僅就車道數與轉向而言，顯示結果仍相同。"
"完全一致","後昌路","231785289","13068073863","正向","13068073865","22.70786354205263","120.30097839699988","https://www.google.com/maps/@22.70786354205263,120.30097839699988,20z","https://www.openstreetmap.org/way/231785289","intersection_approach","2","left|through","2","left|through","rex","1416","way/231785289@b/13068073863","rex","1416","way/231785289@b/13068073863","移除此人工覆蓋後，僅就車道數與轉向而言，顯示結果仍相同。"
"完全一致","後昌路","231785289","13068073865","反向","13068073865","22.70786354205263","120.30097839699988","https://www.google.com/maps/@22.70786354205263,120.30097839699988,20z","https://www.openstreetmap.org/way/231785289","intersection_approach","2","through|through;right","2","through|through;right","rex","1470","way/231785289@b/13068073865","rex","1470","way/231785289@b/13068073865","移除此人工覆蓋後，僅就車道數與轉向而言，顯示結果仍相同。"
"完全一致","後昌路","247974699","273103152","反向","273103152","22.716427931749557","120.29269594650876","https://www.google.com/maps/@22.716427931749557,120.29269594650876,20z","https://www.openstreetmap.org/way/247974699","segment_direction","2","left;through|through;right","2","left;through|through;right","rex","1302","way/247974699@b/273103152","rex","1302","way/247974699@b/273103152","移除此人工覆蓋後，僅就車道數與轉向而言，顯示結果仍相同。"
"完全一致","後昌路","247974699","1398635587","正向","1400036847","22.714925176115017","120.29334808577302","https://www.google.com/maps/@22.714925176115017,120.29334808577302,20z","https://www.openstreetmap.org/way/247974699","intersection_approach","2","left;through|through","2","left;through|through","rex","1309","way/247974699@b/1398635587","rex","1309","way/247974699@b/1398635587","移除此人工覆蓋後，僅就車道數與轉向而言，顯示結果仍相同。"
"完全一致","後昌路","247974699","1400036847","反向","1400036847","22.714925176115017","120.29334808577302","https://www.google.com/maps/@22.714925176115017,120.29334808577302,20z","https://www.openstreetmap.org/way/247974699","intersection_approach","2","through|through;right","2","through|through;right","rex","1314","way/247974699@b/1400036847","rex","1314","way/247974699@b/1400036847","移除此人工覆蓋後，僅就車道數與轉向而言，顯示結果仍相同。"
"完全一致","後昌路","247974699","1400036847","正向","1400036204","22.713867926536764","120.29380564435272","https://www.google.com/maps/@22.713867926536764,120.29380564435272,20z","https://www.openstreetmap.org/way/247974699","intersection_approach","2","left;through|through;right","2","left;through|through;right","rex","1314","way/247974699@b/1400036847","rex","1314","way/247974699@b/1400036847","移除此人工覆蓋後，僅就車道數與轉向而言，顯示結果仍相同。"
"完全一致","後昌路","256044044","262675908","反向","262675908","22.71717828832884","120.2903747562968","https://www.google.com/maps/@22.71717828832884,120.2903747562968,20z","https://www.openstreetmap.org/way/256044044","segment_direction","2","left;through|through;right","2","left;through|through;right","anna","3323","way/256044044@b/262675908","anna","3323","way/256044044@b/262675908","移除此人工覆蓋後，僅就車道數與轉向而言，顯示結果仍相同。"
"完全一致","後昌路","256044044","1372607168","反向","1372607168","22.716713104828678","120.28951807318643","https://www.google.com/maps/@22.716713104828678,120.28951807318643,20z","https://www.openstreetmap.org/way/256044044","segment_direction","2","left;through|through;right","2","left;through|through;right","anna","3320","way/256044044@b/1372607168","anna","3320","way/256044044@b/1372607168","移除此人工覆蓋後，僅就車道數與轉向而言，顯示結果仍相同。"
"完全一致","後昌路","256044044","1372607168","正向","1372607349","22.717153696450247","120.29032840468366","https://www.google.com/maps/@22.717153696450247,120.29032840468366,20z","https://www.openstreetmap.org/way/256044044","intersection_approach","2","left;through|through;right","2","left;through|through;right","anna","3320","way/256044044@b/1372607168","anna","3320","way/256044044@b/1372607168","移除此人工覆蓋後，僅就車道數與轉向而言，顯示結果仍相同。"
"完全一致","後昌路","256044044","1398634156","反向","1398634156","22.71738014784385","120.29075510588083","https://www.google.com/maps/@22.71738014784385,120.29075510588083,20z","https://www.openstreetmap.org/way/256044044","segment_direction","2","left;through|through;right","2","left;through|through;right","anna","3326","way/256044044@b/1398634156","anna","3326","way/256044044@b/1398634156","移除此人工覆蓋後，僅就車道數與轉向而言，顯示結果仍相同。"
"完全一致","後昌路","256044044","1398634156","正向","1398635191","22.717772441302387","120.29147397717875","https://www.google.com/maps/@22.717772441302387,120.29147397717875,20z","https://www.openstreetmap.org/way/256044044","segment_direction","2","left;through|through;right","2","left;through|through;right","anna","3326","way/256044044@b/1398634156","anna","3326","way/256044044@b/1398634156","移除此人工覆蓋後，僅就車道數與轉向而言，顯示結果仍相同。"
"完全一致","後昌路","281341659","273103117","反向","273103117","22.71101183897384","120.29560531039363","https://www.google.com/maps/@22.71101183897384,120.29560531039363,20z","https://www.openstreetmap.org/way/281341659","intersection_approach","2","through|through;right","2","through|through;right","rex","1359","way/281341659@b/273103117","rex","1359","way/281341659@b/273103117","移除此人工覆蓋後，僅就車道數與轉向而言，顯示結果仍相同。"
"完全一致","後昌路","281341659","1407167183","正向","273103125","22.7119023","120.29478275","https://www.google.com/maps/@22.7119023,120.29478275,20z","https://www.openstreetmap.org/way/281341659","intersection_approach","2","through|through;right","2","through|through;right","rex","1349","way/281341659@b/1407167183","rex","1349","way/281341659@b/1407167183","移除此人工覆蓋後，僅就車道數與轉向而言，顯示結果仍相同。"
"完全一致","後昌路","281341659","1407167209","反向","1407167209","22.713311529842816","120.29401464178159","https://www.google.com/maps/@22.713311529842816,120.29401464178159,20z","https://www.openstreetmap.org/way/281341659","segment_direction","2","left;through|through;right","2","left;through|through;right","anna","3831","way/281341659@b/1407167209","anna","3831","way/281341659@b/1407167209","移除此人工覆蓋後，僅就車道數與轉向而言，顯示結果仍相同。"
"完全一致","後昌路","281341659","2206349219","反向","2206349219","22.713172632375873","120.29406287499663","https://www.google.com/maps/@22.713172632375873,120.29406287499663,20z","https://www.openstreetmap.org/way/281341659","segment_direction","2","left;through|through;right","2","left;through|through;right","anna","3832","way/281341659@b/2206349219","anna","3832","way/281341659@b/2206349219","移除此人工覆蓋後，僅就車道數與轉向而言，顯示結果仍相同。"
"完全一致","後昌路","281341659","2206349219","正向","2206349218","22.713018675162118","120.29411596344688","https://www.google.com/maps/@22.713018675162118,120.29411596344688,20z","https://www.openstreetmap.org/way/281341659","segment_direction","2","left;through|through;right","2","left;through|through;right","anna","3832","way/281341659@b/2206349219","anna","3832","way/281341659@b/2206349219","移除此人工覆蓋後，僅就車道數與轉向而言，顯示結果仍相同。"
"完全一致","後昌路","281341659","2206349225","正向","1407167209","22.713311529842816","120.29401464178159","https://www.google.com/maps/@22.713311529842816,120.29401464178159,20z","https://www.openstreetmap.org/way/281341659","segment_direction","2","left;through|through;right","2","left;through|through;right","anna","3338","way/281341659@b/2206349225","anna","3338","way/281341659@b/2206349225","移除此人工覆蓋後，僅就車道數與轉向而言，顯示結果仍相同。"
"完全一致","後昌路","281341659","2421446017","反向","2421446017","22.71139542415694","120.29524612142689","https://www.google.com/maps/@22.71139542415694,120.29524612142689,20z","https://www.openstreetmap.org/way/281341659","intersection_approach","2","through|through;right","2","through|through;right","rex","1356","way/281341659@b/2421446017","rex","1356","way/281341659@b/2421446017","移除此人工覆蓋後，僅就車道數與轉向而言，顯示結果仍相同。"
"完全一致","後昌路","281341659","2421446018","反向","2421446018","22.71163363848205","120.29502831293067","https://www.google.com/maps/@22.71163363848205,120.29502831293067,20z","https://www.openstreetmap.org/way/281341659","segment_direction","2","left;through|through;right","2","left;through|through;right","rex","1355","way/281341659@b/2421446018","rex","1355","way/281341659@b/2421446018","移除此人工覆蓋後，僅就車道數與轉向而言，顯示結果仍相同。"
"完全一致","後昌路","281341659","8420632598","正向","2206349208","22.712203982838567","120.29452005838671","https://www.google.com/maps/@22.712203982838567,120.29452005838671,20z","https://www.openstreetmap.org/way/281341659","segment_direction","2","left;through|through;right","2","left;through|through;right","rex","1348","way/281341659@b/8420632598","rex","1348","way/281341659@b/8420632598","移除此人工覆蓋後，僅就車道數與轉向而言，顯示結果仍相同。"
"完全一致","後昌路","281341661","4586442323","反向","4586442323","22.71607064849144","120.28831404351948","https://www.google.com/maps/@22.71607064849144,120.28831404351948,20z","https://www.openstreetmap.org/way/281341661","segment_direction","2","left;through|through;right","2","left;through|through;right","anna","3303","way/281341661@b/4586442323","anna","3303","way/281341661@b/4586442323","移除此人工覆蓋後，僅就車道數與轉向而言，顯示結果仍相同。"
"完全一致","後昌路","281341661","4586442323","正向","1398635085","22.71639848646783","120.28894875493478","https://www.google.com/maps/@22.71639848646783,120.28894875493478,20z","https://www.openstreetmap.org/way/281341661","segment_direction","2","through|through;right","2","through|through;right","anna","3303","way/281341661@b/4586442323","anna","3303","way/281341661@b/4586442323","移除此人工覆蓋後，僅就車道數與轉向而言，顯示結果仍相同。"
"完全一致","軍校路","231785283","1372607234","反向","1372607234","22.71067030094658","120.29250846200799","https://www.google.com/maps/@22.71067030094658,120.29250846200799,20z","https://www.openstreetmap.org/way/231785283","intersection_approach","2","left;through|through;right","2","left;through|through;right","anna","2674","way/231785283@b/1372607234","anna","2674","way/231785283@b/1372607234","移除此人工覆蓋後，僅就車道數與轉向而言，顯示結果仍相同。"
"完全一致","軍校路","231785283","1372607241","反向","1372607241","22.712035703317596","120.2919590476146","https://www.google.com/maps/@22.712035703317596,120.2919590476146,20z","https://www.openstreetmap.org/way/231785283","intersection_approach","2","left;through|through","2","left;through|through","anna","2660","way/231785283@b/1372607241","anna","2660","way/231785283@b/1372607241","移除此人工覆蓋後，僅就車道數與轉向而言，顯示結果仍相同。"
"完全一致","軍校路","231785283","2206349187","正向","1398634286","22.71151319513541","120.29217202180516","https://www.google.com/maps/@22.71151319513541,120.29217202180516,20z","https://www.openstreetmap.org/way/231785283","intersection_approach","2","left;through|through","2","left;through|through","anna","2668","way/231785283@b/2206349187","anna","2668","way/231785283@b/2206349187","移除此人工覆蓋後，僅就車道數與轉向而言，顯示結果仍相同。"
"完全一致","軍校路","231785283","2206349202","正向","1372607241","22.712035703317596","120.2919590476146","https://www.google.com/maps/@22.712035703317596,120.2919590476146,20z","https://www.openstreetmap.org/way/231785283","segment_direction","2","through|through;right","2","through|through;right","anna","2662","way/231785283@b/2206349202","anna","2662","way/231785283@b/2206349202","移除此人工覆蓋後，僅就車道數與轉向而言，顯示結果仍相同。"
"完全一致","軍校路","231785283","2417585438","正向","588290619","22.713217998680694","120.29146135226402","https://www.google.com/maps/@22.713217998680694,120.29146135226402,20z","https://www.openstreetmap.org/way/231785283","intersection_approach","3","left|left;through|right","3","left|left;through|right","anna","2658","way/231785283@b/2417585438","anna","2658","way/231785283@b/2417585438","移除此人工覆蓋後，僅就車道數與轉向而言，顯示結果仍相同。"
"完全一致","軍校路","231785288","1398635416","正向","1372607234","22.71067030094658","120.29250846200799","https://www.google.com/maps/@22.71067030094658,120.29250846200799,20z","https://www.openstreetmap.org/way/231785288","intersection_approach","2","left;through|through;right","2","left;through|through;right","anna","2676","way/231785288@b/1398635416","anna","2676","way/231785288@b/1398635416","移除此人工覆蓋後，僅就車道數與轉向而言，顯示結果仍相同。"
"完全一致","軍校路","231785288","2206361958","正向","258786310","22.710045869192935","120.2927567128794","https://www.google.com/maps/@22.710045869192935,120.2927567128794,20z","https://www.openstreetmap.org/way/231785288","segment_direction","2","through|through;right","2","through|through;right","anna","2682","way/231785288@b/2206361958","anna","2682","way/231785288@b/2206361958","移除此人工覆蓋後，僅就車道數與轉向而言，顯示結果仍相同。"
"完全一致","軍校路","267715897","262083246","反向","262083246","22.708842297582073","120.29299298759952","https://www.google.com/maps/@22.708842297582073,120.29299298759952,20z","https://www.openstreetmap.org/way/267715897","intersection_approach","2","left;through|through;right","2","left;through|through;right","anna","2693","way/267715897@b/262083246","anna","2693","way/267715897@b/262083246","移除此人工覆蓋後，僅就車道數與轉向而言，顯示結果仍相同。"
"完全一致","軍校路","267715897","2206361943","正向","2206361958","22.709645312683737","120.29286451330093","https://www.google.com/maps/@22.709645312683737,120.29286451330093,20z","https://www.openstreetmap.org/way/267715897","segment_direction","2","through|through;right","2","through|through;right","anna","2691","way/267715897@b/2206361943","anna","2691","way/267715897@b/2206361943","移除此人工覆蓋後，僅就車道數與轉向而言，顯示結果仍相同。"
"完全一致","軍校路","296682027","3004962040","反向","3004962040","22.713197709143273","120.29139150236568","https://www.google.com/maps/@22.713197709143273,120.29139150236568,20z","https://www.openstreetmap.org/way/296682027","segment_direction","3","left;through|through;right|right","3","left;through|through;right|right","anna","2654","way/296682027@b/3004962040","anna","2654","way/296682027@b/3004962040","移除此人工覆蓋後，僅就車道數與轉向而言，顯示結果仍相同。"
"完全一致","軍校路","296682027","3004962040","正向","3004962043","22.7136855","120.29011614999999","https://www.google.com/maps/@22.7136855,120.29011614999999,20z","https://www.openstreetmap.org/way/296682027","segment_direction","2","left;through|through","2","left;through|through","anna","2654","way/296682027@b/3004962040","anna","2654","way/296682027@b/3004962040","移除此人工覆蓋後，僅就車道數與轉向而言，顯示結果仍相同。"
"完全一致","軍校路","383026294","258786242","反向","258786242","22.706677065257296","120.29282010050358","https://www.google.com/maps/@22.706677065257296,120.29282010050358,20z","https://www.openstreetmap.org/way/383026294","intersection_approach","2","left;through|through","2","left;through|through","anna","2698","way/383026294@b/258786242","anna","2698","way/383026294@b/258786242","移除此人工覆蓋後，僅就車道數與轉向而言，顯示結果仍相同。"
"完全一致","軍校路","383026294","258786242","正向","1372607276","22.70790914658945","120.29283603075223","https://www.google.com/maps/@22.70790914658945,120.29283603075223,20z","https://www.openstreetmap.org/way/383026294","segment_direction","2","through|through","2","through|through","anna","2698","way/383026294@b/258786242","anna","2698","way/383026294@b/258786242","移除此人工覆蓋後，僅就車道數與轉向而言，顯示結果仍相同。"
"完全一致","軍校路","383026294","1372607276","正向","1389897877","22.70879899975972","120.29299770529175","https://www.google.com/maps/@22.70879899975972,120.29299770529175,20z","https://www.openstreetmap.org/way/383026294","intersection_approach","2","left;through|through;right","2","left;through|through;right","anna","2695","way/383026294@b/1372607276","anna","2695","way/383026294@b/1372607276","移除此人工覆蓋後，僅就車道數與轉向而言，顯示結果仍相同。"
"完全一致","軍校路","383026294","1389897866","反向","1389897866","22.705987999999998","120.2928829","https://www.google.com/maps/@22.705987999999998,120.2928829,20z","https://www.openstreetmap.org/way/383026294","intersection_approach","2","left;through|through","2","left;through|through","anna","2703","way/383026294@b/1389897866","anna","2703","way/383026294@b/1389897866","移除此人工覆蓋後，僅就車道數與轉向而言，顯示結果仍相同。"
"完全一致","軍校路","383026294","1389897866","正向","258786242","22.706677065257296","120.29282010050358","https://www.google.com/maps/@22.706677065257296,120.29282010050358,20z","https://www.openstreetmap.org/way/383026294","intersection_approach","2","through|through;right","2","through|through;right","anna","2703","way/383026294@b/1389897866","anna","2703","way/383026294@b/1389897866","移除此人工覆蓋後，僅就車道數與轉向而言，顯示結果仍相同。"
"完全一致","海專路","286066495","262087969","正向","5735688081","22.724485358554546","120.31467184491612","https://www.google.com/maps/@22.724485358554546,120.31467184491612,20z","https://www.openstreetmap.org/way/286066495","segment_direction","2","left;through|through;right","2","left;through|through;right","anna","3584","way/286066495@b/262087969","anna","3584","way/286066495@b/262087969","移除此人工覆蓋後，僅就車道數與轉向而言，顯示結果仍相同。"
"完全一致","海專路","286066495","262087973","正向","262087974","22.725310985061142","120.31208425140272","https://www.google.com/maps/@22.725310985061142,120.31208425140272,20z","https://www.openstreetmap.org/way/286066495","intersection_approach","2","left;through|through","2","left;through|through","anna","3571","way/286066495@b/262087973","anna","3571","way/286066495@b/262087973","移除此人工覆蓋後，僅就車道數與轉向而言，顯示結果仍相同。"
"完全一致","海專路","286066495","262087974","反向","262087974","22.725310985061142","120.31208425140272","https://www.google.com/maps/@22.725310985061142,120.31208425140272,20z","https://www.openstreetmap.org/way/286066495","segment_direction","2","through|through;right","2","through|through;right","anna","3568","way/286066495@b/262087974","anna","3568","way/286066495@b/262087974","移除此人工覆蓋後，僅就車道數與轉向而言，顯示結果仍相同。"
"完全一致","海專路","286066495","262087974","正向","262087975","22.725807287761096","120.31132393758779","https://www.google.com/maps/@22.725807287761096,120.31132393758779,20z","https://www.openstreetmap.org/way/286066495","intersection_approach","2","left;through|through","2","left;through|through","anna","3568","way/286066495@b/262087974","anna","3568","way/286066495@b/262087974","移除此人工覆蓋後，僅就車道數與轉向而言，顯示結果仍相同。"
"完全一致","海專路","286066495","262087975","反向","262087975","22.725807287761096","120.31132393758779","https://www.google.com/maps/@22.725807287761096,120.31132393758779,20z","https://www.openstreetmap.org/way/286066495","segment_direction","2","through|through;right","2","through|through;right","anna","3565","way/286066495@b/262087975","anna","3565","way/286066495@b/262087975","移除此人工覆蓋後，僅就車道數與轉向而言，顯示結果仍相同。"
"完全一致","海專路","286066495","262087975","正向","265748817","22.7266391","120.3105336","https://www.google.com/maps/@22.7266391,120.3105336,20z","https://www.openstreetmap.org/way/286066495","intersection_approach","3","left;through|through|right","3","left;through|through|right","anna","3565","way/286066495@b/262087975","anna","3565","way/286066495@b/262087975","移除此人工覆蓋後，僅就車道數與轉向而言，顯示結果仍相同。"
"完全一致","海專路","286066495","5735688079","反向","5735688079","22.724524761472907","120.31453085214426","https://www.google.com/maps/@22.724524761472907,120.31453085214426,20z","https://www.openstreetmap.org/way/286066495","segment_direction","2","through|through;right","2","through|through;right","anna","3577","way/286066495@b/5735688079","anna","3577","way/286066495@b/5735688079","移除此人工覆蓋後，僅就車道數與轉向而言，顯示結果仍相同。"
"完全一致","海專路","286066495","5735688081","正向","5735688079","22.724524761472907","120.31453085214426","https://www.google.com/maps/@22.724524761472907,120.31453085214426,20z","https://www.openstreetmap.org/way/286066495","segment_direction","2","left;through|through;right","2","left;through|through;right","anna","3580","way/286066495@b/5735688081","anna","3580","way/286066495@b/5735688081","移除此人工覆蓋後，僅就車道數與轉向而言，顯示結果仍相同。"
"完全一致","益群路","254325315","256456070","正向","1401138367","22.7238261","120.2975145","https://www.google.com/maps/@22.7238261,120.2975145,20z","https://www.openstreetmap.org/way/254325315","segment_direction","1","left;through;right","1","left;through;right","anna","4051","way/254325315@b/256456070","anna","4051","way/254325315@b/256456070","移除此人工覆蓋後，僅就車道數與轉向而言，顯示結果仍相同。"
"完全一致","益群路","254325315","1401138311","正向","2896477627","22.7233806","120.2977708","https://www.google.com/maps/@22.7233806,120.2977708,20z","https://www.openstreetmap.org/way/254325315","segment_direction","1","left;through;right","1","left;through;right","anna","4042","way/254325315@b/1401138311","anna","4042","way/254325315@b/1401138311","移除此人工覆蓋後，僅就車道數與轉向而言，顯示結果仍相同。"
"完全一致","益群路","254325315","1401138367","反向","1401138367","22.7238261","120.2975145","https://www.google.com/maps/@22.7238261,120.2975145,20z","https://www.openstreetmap.org/way/254325315","segment_direction","1","left;through;right","1","left;through;right","anna","4049","way/254325315@b/1401138367","anna","4049","way/254325315@b/1401138367","移除此人工覆蓋後，僅就車道數與轉向而言，顯示結果仍相同。"
"完全一致","益群路","254325315","1401138367","正向","1401138311","22.7236342","120.2976247","https://www.google.com/maps/@22.7236342,120.2976247,20z","https://www.openstreetmap.org/way/254325315","segment_direction","1","left;through;right","1","left;through;right","anna","4049","way/254325315@b/1401138367","anna","4049","way/254325315@b/1401138367","移除此人工覆蓋後，僅就車道數與轉向而言，顯示結果仍相同。"
"完全一致","益群路","254325316","256456070","正向","1401138532","22.7245251","120.2971178","https://www.google.com/maps/@22.7245251,120.2971178,20z","https://www.openstreetmap.org/way/254325316","segment_direction","1","left;through;right","1","left;through;right","anna","4057","way/254325316@b/256456070","anna","4057","way/254325316@b/256456070","移除此人工覆蓋後，僅就車道數與轉向而言，顯示結果仍相同。"
"完全一致","益群路","254325316","258784711","正向","1401138374","22.7252095","120.2967335","https://www.google.com/maps/@22.7252095,120.2967335,20z","https://www.openstreetmap.org/way/254325316","segment_direction","1","left;through;right","1","left;through;right","anna","4063","way/254325316@b/258784711","anna","4063","way/254325316@b/258784711","移除此人工覆蓋後，僅就車道數與轉向而言，顯示結果仍相同。"
"完全一致","益群路","254325316","1401138374","反向","1401138374","22.7252095","120.2967335","https://www.google.com/maps/@22.7252095,120.2967335,20z","https://www.openstreetmap.org/way/254325316","segment_direction","1","left;through;right","1","left;through;right","anna","4064","way/254325316@b/1401138374","anna","4064","way/254325316@b/1401138374","移除此人工覆蓋後，僅就車道數與轉向而言，顯示結果仍相同。"
"完全一致","益群路","254325316","1401138532","反向","1401138532","22.7245251","120.2971178","https://www.google.com/maps/@22.7245251,120.2971178,20z","https://www.openstreetmap.org/way/254325316","segment_direction","1","left;through;right","1","left;through;right","anna","4054","way/254325316@b/1401138532","anna","4054","way/254325316@b/1401138532","移除此人工覆蓋後，僅就車道數與轉向而言，顯示結果仍相同。"
"完全一致","高雄大學路","24275640","1080696836","正向","262835712","22.7321459868918","120.2843964417979","https://www.google.com/maps/@22.7321459868918,120.2843964417979,20z","https://www.openstreetmap.org/way/24275640","segment_direction","1","through;right","1","through;right","anna","4081","way/24275640@b/1080696836","anna","4081","way/24275640@b/1080696836","移除此人工覆蓋後，僅就車道數與轉向而言，顯示結果仍相同。"
"完全一致","高雄大學路","297138325","265972865","正向","262840696","22.723163517744624","120.2860040406488","https://www.google.com/maps/@22.723163517744624,120.2860040406488,20z","https://www.openstreetmap.org/way/297138325","segment_direction","1","through;right","1","through;right","rex","1151","way/297138325@b/265972865","rex","1151","way/297138325@b/265972865","移除此人工覆蓋後，僅就車道數與轉向而言，顯示結果仍相同。"
"完全一致","高雄大學路","297138333","262840705","正向","1080696796","22.7323516","120.2847174","https://www.google.com/maps/@22.7323516,120.2847174,20z","https://www.openstreetmap.org/way/297138333","segment_direction","1","through;right","1","through;right","anna","4082","way/297138333@b/262840705","anna","4082","way/297138333@b/262840705","移除此人工覆蓋後，僅就車道數與轉向而言，顯示結果仍相同。"
"完全一致","高楠公路","256795154","280507467","正向","2982282050","22.7182543","120.3251233","https://www.google.com/maps/@22.7182543,120.3251233,20z","https://www.openstreetmap.org/way/256795154","segment_direction","1","through","1","through","anna","3976","way/256795154@b/280507467","anna","3976","way/256795154@b/280507467","移除此人工覆蓋後，僅就車道數與轉向而言，顯示結果仍相同。"
"完全一致","高楠公路","256795154","2982282050","正向","2982394397","22.7173048","120.3252895","https://www.google.com/maps/@22.7173048,120.3252895,20z","https://www.openstreetmap.org/way/256795154","segment_direction","1","through","1","through","anna","3978","way/256795154@b/2982282050","anna","3978","way/256795154@b/2982282050","移除此人工覆蓋後，僅就車道數與轉向而言，顯示結果仍相同。"
"完全一致","高楠公路","294635304","2982282054","正向","5346067178","22.7188562","120.325255","https://www.google.com/maps/@22.7188562,120.325255,20z","https://www.openstreetmap.org/way/294635304","segment_direction","2","through|through;right","2","through|through;right","anna","3992","way/294635304@b/2982282054","anna","3992","way/294635304@b/2982282054","移除此人工覆蓋後，僅就車道數與轉向而言，顯示結果仍相同。"
"完全一致","高楠公路","294647549","2982394397","正向","2982394393","22.7167375","120.3253948","https://www.google.com/maps/@22.7167375,120.3253948,20z","https://www.openstreetmap.org/way/294647549","segment_direction","1","through","1","through","anna","3979","way/294647549@b/2982394397","anna","3979","way/294647549@b/2982394397","移除此人工覆蓋後，僅就車道數與轉向而言，顯示結果仍相同。"
"完全一致","高楠公路","294647555","2982394398","正向","2982282054","22.7182863","120.3253588","https://www.google.com/maps/@22.7182863,120.3253588,20z","https://www.openstreetmap.org/way/294647555","segment_direction","1","through","1","through","anna","3994","way/294647555@b/2982394398","anna","3994","way/294647555@b/2982394398","移除此人工覆蓋後，僅就車道數與轉向而言，顯示結果仍相同。"
"完全一致","高楠公路","294647556","2982394394","正向","2982394398","22.7171704","120.3255794","https://www.google.com/maps/@22.7171704,120.3255794,20z","https://www.openstreetmap.org/way/294647556","segment_direction","1","through","1","through","anna","3995","way/294647556@b/2982394394","anna","3995","way/294647556@b/2982394394","移除此人工覆蓋後，僅就車道數與轉向而言，顯示結果仍相同。"
"完全一致","高楠公路","553882498","5792509226","正向","5346067179","22.7196048","120.3251283","https://www.google.com/maps/@22.7196048,120.3251283,20z","https://www.openstreetmap.org/way/553882498","segment_direction","2","through|through","2","through|through","anna","3990","way/553882498@b/5792509226","anna","3990","way/553882498@b/5792509226","移除此人工覆蓋後，僅就車道數與轉向而言，顯示結果仍相同。"
"完全一致","高楠公路","564743848","5792508540","正向","5792509231","22.7120826","120.3254017","https://www.google.com/maps/@22.7120826,120.3254017,20z","https://www.openstreetmap.org/way/564743848","segment_direction","1","through","1","through","anna","4001","way/564743848@b/5792508540","anna","4001","way/564743848@b/5792508540","移除此人工覆蓋後，僅就車道數與轉向而言，顯示結果仍相同。"
"完全一致","高楠公路","566619280","5792509204","正向","2624297508","22.715703","120.3258219","https://www.google.com/maps/@22.715703,120.3258219,20z","https://www.openstreetmap.org/way/566619280","segment_direction","1","through;right","1","through;right","anna","3997","way/566619280@b/5792509204","anna","3997","way/566619280@b/5792509204","移除此人工覆蓋後，僅就車道數與轉向而言，顯示結果仍相同。"
"完全一致","清豐路","799032592","7472962176","正向","7472962172","22.7451759","120.3314301","https://www.google.com/maps/@22.7451759,120.3314301,20z","https://www.openstreetmap.org/way/799032592","segment_direction","2","left;through|through","2","left;through|through","anna","4473","way/799032592@b/7472962176","anna","4473","way/799032592@b/7472962176","移除此人工覆蓋後，僅就車道數與轉向而言，顯示結果仍相同。"
"完全一致","清豐路","799115395","7472962184","反向","7472962184","22.7384133","120.3263878","https://www.google.com/maps/@22.7384133,120.3263878,20z","https://www.openstreetmap.org/way/799115395","segment_direction","2","left;through|through","2","left;through|through","anna","4155","way/799115395@b/7472962184","anna","4155","way/799115395@b/7472962184","移除此人工覆蓋後，僅就車道數與轉向而言，顯示結果仍相同。"
"完全一致","清豐路","799115395","7472962184","正向","7472962385","22.737061700888297","120.32495620132127","https://www.google.com/maps/@22.737061700888297,120.32495620132127,20z","https://www.openstreetmap.org/way/799115395","intersection_approach","2","left|left","2","left|left","anna","4155","way/799115395@b/7472962184","anna","4155","way/799115395@b/7472962184","移除此人工覆蓋後，僅就車道數與轉向而言，顯示結果仍相同。"
"完全一致","清豐路","1446434013","7473019236","反向","7473019236","22.7405886","120.3286685","https://www.google.com/maps/@22.7405886,120.3286685,20z","https://www.openstreetmap.org/way/1446434013","intersection_approach","2","through|through","2","through|through","anna","4427","way/1446434013@b/7473019236","anna","4427","way/1446434013@b/7473019236","移除此人工覆蓋後，僅就車道數與轉向而言，顯示結果仍相同。"
"完全一致","清豐路","1446434013","7473019236","正向","12556695133","22.7397077","120.3277439","https://www.google.com/maps/@22.7397077,120.3277439,20z","https://www.openstreetmap.org/way/1446434013","segment_direction","2","left;through|through","2","left;through|through","anna","4427","way/1446434013@b/7473019236","anna","4427","way/1446434013@b/7473019236","移除此人工覆蓋後，僅就車道數與轉向而言，顯示結果仍相同。"
"完全一致","清豐路","1464614131","2264471279","反向","2264471279","22.7418324","120.3295882","https://www.google.com/maps/@22.7418324,120.3295882,20z","https://www.openstreetmap.org/way/1464614131","intersection_approach","2","through|through","2","through|through","anna","4439","way/1464614131@b/2264471279","anna","4439","way/1464614131@b/2264471279","移除此人工覆蓋後，僅就車道數與轉向而言，顯示結果仍相同。"
"完全一致","清豐路","1464614131","2264471279","正向","7472962181","22.741217","120.3292517","https://www.google.com/maps/@22.741217,120.3292517,20z","https://www.openstreetmap.org/way/1464614131","segment_direction","2","left;through|through","2","left;through|through","anna","4439","way/1464614131@b/2264471279","anna","4439","way/1464614131@b/2264471279","移除此人工覆蓋後，僅就車道數與轉向而言，顯示結果仍相同。"
"完全一致","創新路","85272563","988779683","正向","1209080546","22.750726233048425","120.33148657804836","https://www.google.com/maps/@22.750726233048425,120.33148657804836,20z","https://www.openstreetmap.org/way/85272563","segment_direction","2","left;through|through;right","2","left;through|through;right","anna","4147","way/85272563@b/988779683","anna","4147","way/85272563@b/988779683","移除此人工覆蓋後，僅就車道數與轉向而言，顯示結果仍相同。"
"完全一致","創新路","85272563","988779700","反向","988779700","22.74863536751107","120.33150251209756","https://www.google.com/maps/@22.74863536751107,120.33150251209756,20z","https://www.openstreetmap.org/way/85272563","segment_direction","2","left;through|through;right","2","left;through|through;right","anna","4150","way/85272563@b/988779700","anna","4150","way/85272563@b/988779700","移除此人工覆蓋後，僅就車道數與轉向而言，顯示結果仍相同。"
"完全一致","創新路","85272563","1209080546","反向","1209080546","22.750726233048425","120.33148657804836","https://www.google.com/maps/@22.750726233048425,120.33148657804836,20z","https://www.openstreetmap.org/way/85272563","segment_direction","2","left;through|through;right","2","left;through|through;right","anna","4144","way/85272563@b/1209080546","anna","4144","way/85272563@b/1209080546","移除此人工覆蓋後，僅就車道數與轉向而言，顯示結果仍相同。"
"完全一致","創新路","85272563","1209080546","正向","1209084465","22.74999474127747","120.33150818301624","https://www.google.com/maps/@22.74999474127747,120.33150818301624,20z","https://www.openstreetmap.org/way/85272563","segment_direction","2","left;through|through;right","2","left;through|through;right","anna","4144","way/85272563@b/1209080546","anna","4144","way/85272563@b/1209080546","移除此人工覆蓋後，僅就車道數與轉向而言，顯示結果仍相同。"
"完全一致","創新路","85272563","1209084465","反向","1209084465","22.74999474127747","120.33150818301624","https://www.google.com/maps/@22.74999474127747,120.33150818301624,20z","https://www.openstreetmap.org/way/85272563","segment_direction","2","left;through|through;right","2","left;through|through;right","anna","4141","way/85272563@b/1209084465","anna","4141","way/85272563@b/1209084465","移除此人工覆蓋後，僅就車道數與轉向而言，顯示結果仍相同。"
"完全一致","創新路","85272563","2264443981","反向","2264443981","22.747156024574693","120.33074836166415","https://www.google.com/maps/@22.747156024574693,120.33074836166415,20z","https://www.openstreetmap.org/way/85272563","segment_direction","2","left;through|through;right","2","left;through|through;right","anna","4125","way/85272563@b/2264443981","anna","4125","way/85272563@b/2264443981","移除此人工覆蓋後，僅就車道數與轉向而言，顯示結果仍相同。"
"完全一致","創新路","85272563","2264443981","正向","12954233440","22.74673558444585","120.33054523255812","https://www.google.com/maps/@22.74673558444585,120.33054523255812,20z","https://www.openstreetmap.org/way/85272563","segment_direction","2","left;through|through;right","2","left;through|through;right","anna","4125","way/85272563@b/2264443981","anna","4125","way/85272563@b/2264443981","移除此人工覆蓋後，僅就車道數與轉向而言，顯示結果仍相同。"
"完全一致","創新路","85272563","2264444008","反向","2264444008","22.748347066524673","120.33135567123519","https://www.google.com/maps/@22.748347066524673,120.33135567123519,20z","https://www.openstreetmap.org/way/85272563","segment_direction","2","left;through|through;right","2","left;through|through;right","anna","4151","way/85272563@b/2264444008","anna","4151","way/85272563@b/2264444008","移除此人工覆蓋後，僅就車道數與轉向而言，顯示結果仍相同。"
"完全一致","創新路","85272563","5965331454","反向","5965331454","22.74882822032015","120.33154520990836","https://www.google.com/maps/@22.74882822032015,120.33154520990836,20z","https://www.openstreetmap.org/way/85272563","segment_direction","2","left;through|through;right","2","left;through|through;right","anna","4152","way/85272563@b/5965331454","anna","4152","way/85272563@b/5965331454","移除此人工覆蓋後，僅就車道數與轉向而言，顯示結果仍相同。"
"完全一致","創新路","271982119","988779616","反向","988779616","22.745242564615435","120.32960177533977","https://www.google.com/maps/@22.745242564615435,120.32960177533977,20z","https://www.openstreetmap.org/way/271982119","intersection_approach","2","through|through;right","2","through|through;right","anna","4106","way/271982119@b/988779616","anna","4106","way/271982119@b/988779616","移除此人工覆蓋後，僅就車道數與轉向而言，顯示結果仍相同。"
"完全一致","創新路","271982119","988779616","正向","988779636","22.74459843040468","120.32890395985729","https://www.google.com/maps/@22.74459843040468,120.32890395985729,20z","https://www.openstreetmap.org/way/271982119","intersection_approach","2","left;through|through","2","left;through|through","anna","4106","way/271982119@b/988779616","anna","4106","way/271982119@b/988779616","移除此人工覆蓋後，僅就車道數與轉向而言，顯示結果仍相同。"
"完全一致","創新路","271982119","988779636","反向","988779636","22.74459843040468","120.32890395985729","https://www.google.com/maps/@22.74459843040468,120.32890395985729,20z","https://www.openstreetmap.org/way/271982119","intersection_approach","2","through|through;right","2","through|through;right","anna","4102","way/271982119@b/988779636","anna","4102","way/271982119@b/988779636","移除此人工覆蓋後，僅就車道數與轉向而言，顯示結果仍相同。"
"完全一致","創新路","271982119","988779636","正向","988779646","22.7434110745957","120.32761532548227","https://www.google.com/maps/@22.7434110745957,120.32761532548227,20z","https://www.openstreetmap.org/way/271982119","segment_direction","2","left;through|through;right","2","left;through|through;right","anna","4102","way/271982119@b/988779636","anna","4102","way/271982119@b/988779636","移除此人工覆蓋後，僅就車道數與轉向而言，顯示結果仍相同。"
"完全一致","創新路","271982119","2264443975","正向","988779616","22.745242564615435","120.32960177533977","https://www.google.com/maps/@22.745242564615435,120.32960177533977,20z","https://www.openstreetmap.org/way/271982119","intersection_approach","2","left;through|through","2","left;through|through","anna","4112","way/271982119@b/2264443975","anna","4112","way/271982119@b/2264443975","移除此人工覆蓋後，僅就車道數與轉向而言，顯示結果仍相同。"
"完全一致","創新路","271982119","2264471280","正向","1932046325","22.74166361505346","120.32571860024382","https://www.google.com/maps/@22.74166361505346,120.32571860024382,20z","https://www.openstreetmap.org/way/271982119","segment_direction","2","left;through|through;right","2","left;through|through;right","anna","4093","way/271982119@b/2264471280","anna","4093","way/271982119@b/2264471280","移除此人工覆蓋後，僅就車道數與轉向而言，顯示結果仍相同。"
"完全一致","創新路","294715679","12954233438","反向","12954233438","22.746685601379628","120.33052030273312","https://www.google.com/maps/@22.746685601379628,120.33052030273312,20z","https://www.openstreetmap.org/way/294715679","segment_direction","2","left;through|through;right","2","left;through|through;right","anna","4116","way/294715679@b/12954233438","anna","4116","way/294715679@b/12954233438","移除此人工覆蓋後，僅就車道數與轉向而言，顯示結果仍相同。"
"完全一致","創新路","784099125","12650180487","反向","12650180487","22.740448037211067","120.32439924985812","https://www.google.com/maps/@22.740448037211067,120.32439924985812,20z","https://www.openstreetmap.org/way/784099125","segment_direction","2","through|through;right","2","through|through;right","anna","4083","way/784099125@b/12650180487","anna","4083","way/784099125@b/12650180487","移除此人工覆蓋後，僅就車道數與轉向而言，顯示結果仍相同。"
"完全一致","創新路","784099125","12650180487","正向","1932046293","22.739372168176217","120.32322206266005","https://www.google.com/maps/@22.739372168176217,120.32322206266005,20z","https://www.openstreetmap.org/way/784099125","segment_direction","2","left|left;right","2","left|left;right","anna","4083","way/784099125@b/12650180487","anna","4083","way/784099125@b/12650180487","移除此人工覆蓋後，僅就車道數與轉向而言，顯示結果仍相同。"
"完全一致","創新路","784130565","1932046325","反向","1932046325","22.74166361505346","120.32571860024382","https://www.google.com/maps/@22.74166361505346,120.32571860024382,20z","https://www.openstreetmap.org/way/784130565","intersection_approach","2","left;through|through;right","2","left;through|through;right","anna","4089","way/784130565@b/1932046325","anna","4089","way/784130565@b/1932046325","移除此人工覆蓋後，僅就車道數與轉向而言，顯示結果仍相同。"
"完全一致","創新路","784130565","1932046325","正向","12650180487","22.740448037211067","120.32439924985812","https://www.google.com/maps/@22.740448037211067,120.32439924985812,20z","https://www.openstreetmap.org/way/784130565","segment_direction","2","left;through|through","2","left;through|through","anna","4089","way/784130565@b/1932046325","anna","4089","way/784130565@b/1932046325","移除此人工覆蓋後，僅就車道數與轉向而言，顯示結果仍相同。"
"完全一致","援中路","23875894","256254914","反向","256254914","22.72529067354293","120.2914925851845","https://www.google.com/maps/@22.72529067354293,120.2914925851845,20z","https://www.openstreetmap.org/way/23875894","intersection_approach","2","left;through|through;right","2","left;through|through;right","rex","1123","way/23875894","rex","1123","way/23875894","移除此人工覆蓋後，僅就車道數與轉向而言，顯示結果仍相同。"
"完全一致","援中路","23875894","256456780","反向","256456780","22.721081160146106","120.28049749296305","https://www.google.com/maps/@22.721081160146106,120.28049749296305,20z","https://www.openstreetmap.org/way/23875894","intersection_approach","2","left;through|through;right","2","left;through|through;right","rex","1123","way/23875894","rex","1123","way/23875894","移除此人工覆蓋後，僅就車道數與轉向而言，顯示結果仍相同。"
"完全一致","援中路","23875894","258784659","反向","258784659","22.725775538922232","120.29359799579944","https://www.google.com/maps/@22.725775538922232,120.29359799579944,20z","https://www.openstreetmap.org/way/23875894","intersection_approach","2","left;through|through","2","left;through|through","rex","1189","way/23875894@b/258784659","rex","1189","way/23875894@b/258784659","移除此人工覆蓋後，僅就車道數與轉向而言，顯示結果仍相同。"
"完全一致","援中路","23875894","260856509","反向","260856509","22.725272881960393","120.29146862499708","https://www.google.com/maps/@22.725272881960393,120.29146862499708,20z","https://www.openstreetmap.org/way/23875894","intersection_approach","2","left;through|through;right","2","left;through|through;right","rex","1175","way/23875894@b/260856509","rex","1175","way/23875894@b/260856509","移除此人工覆蓋後，僅就車道數與轉向而言，顯示結果仍相同。"
"完全一致","援中路","23875894","262104109","反向","262104109","22.721079189351045","120.28044702118152","https://www.google.com/maps/@22.721079189351045,120.28044702118152,20z","https://www.openstreetmap.org/way/23875894","segment_direction","2","left;through|through;right","2","left;through|through;right","rex","1123","way/23875894","rex","1123","way/23875894","移除此人工覆蓋後，僅就車道數與轉向而言，顯示結果仍相同。"
"完全一致","援中路","23875894","588290646","反向","588290646","22.721098851732258","120.28041369857115","https://www.google.com/maps/@22.721098851732258,120.28041369857115,20z","https://www.openstreetmap.org/way/23875894","intersection_approach","2","left;through|through;right","2","left;through|through;right","rex","1123","way/23875894","rex","1123","way/23875894","移除此人工覆蓋後，僅就車道數與轉向而言，顯示結果仍相同。"
"完全一致","援中路","23875894","588290649","反向","588290649","22.721122133049004","120.28037424280849","https://www.google.com/maps/@22.721122133049004,120.28037424280849,20z","https://www.openstreetmap.org/way/23875894","segment_direction","2","left;through|through;right","2","left;through|through;right","rex","1122","way/23875894@b/588290649","rex","1122","way/23875894@b/588290649","移除此人工覆蓋後，僅就車道數與轉向而言，顯示結果仍相同。"
"完全一致","援中路","23875894","1401138293","反向","1401138293","22.72858755","120.29608379999999","https://www.google.com/maps/@22.72858755,120.29608379999999,20z","https://www.openstreetmap.org/way/23875894","segment_direction","2","left;through|through;right","2","left;through|through;right","rex","1215","way/23875894@b/1401138293","rex","1215","way/23875894@b/1401138293","移除此人工覆蓋後，僅就車道數與轉向而言，顯示結果仍相同。"
"完全一致","楠梓新路","25724900","280277428","反向","280277428","22.727007675","120.3252166","https://www.google.com/maps/@22.727007675,120.3252166,20z","https://www.openstreetmap.org/way/25724900","segment_direction","1","left;through;right","1","left;through;right","anna","4707","way/25724900@b/280277428","anna","4707","way/25724900@b/280277428","移除此人工覆蓋後，僅就車道數與轉向而言，顯示結果仍相同。"
"完全一致","楠梓新路","25724900","280277428","正向","2261344356","22.7267206","120.3250329","https://www.google.com/maps/@22.7267206,120.3250329,20z","https://www.openstreetmap.org/way/25724900","segment_direction","1","left;through;right","1","left;through;right","anna","4707","way/25724900@b/280277428","anna","4707","way/25724900@b/280277428","移除此人工覆蓋後，僅就車道數與轉向而言，顯示結果仍相同。"
"完全一致","楠梓新路","25724900","2261344323","反向","2261344323","22.7261233","120.3246492","https://www.google.com/maps/@22.7261233,120.3246492,20z","https://www.openstreetmap.org/way/25724900","segment_direction","1","left;through;right","1","left;through;right","anna","4701","way/25724900@b/2261344323","anna","4701","way/25724900@b/2261344323","移除此人工覆蓋後，僅就車道數與轉向而言，顯示結果仍相同。"
"完全一致","楠梓新路","25724900","2261344323","正向","257742649","22.7252726","120.3241111","https://www.google.com/maps/@22.7252726,120.3241111,20z","https://www.openstreetmap.org/way/25724900","segment_direction","1","left;through;right","1","left;through;right","anna","4701","way/25724900@b/2261344323","anna","4701","way/25724900@b/2261344323","移除此人工覆蓋後，僅就車道數與轉向而言，顯示結果仍相同。"
"完全一致","楠梓新路","25724900","2261344356","反向","2261344356","22.7267206","120.3250329","https://www.google.com/maps/@22.7267206,120.3250329,20z","https://www.openstreetmap.org/way/25724900","segment_direction","1","left;through;right","1","left;through;right","anna","4704","way/25724900@b/2261344356","anna","4704","way/25724900@b/2261344356","移除此人工覆蓋後，僅就車道數與轉向而言，顯示結果仍相同。"
"完全一致","楠梓新路","25724900","2261344356","正向","2261344323","22.7261233","120.3246492","https://www.google.com/maps/@22.7261233,120.3246492,20z","https://www.openstreetmap.org/way/25724900","segment_direction","1","left;through;right","1","left;through;right","anna","4704","way/25724900@b/2261344356","anna","4704","way/25724900@b/2261344356","移除此人工覆蓋後，僅就車道數與轉向而言，顯示結果仍相同。"
"完全一致","楠梓新路","230282051","280277411","反向","280277411","22.73064163376096","120.32763545553084","https://www.google.com/maps/@22.73064163376096,120.32763545553084,20z","https://www.openstreetmap.org/way/230282051","segment_direction","2","left;through|through;right","2","left;through|through;right","anna","4743","way/230282051@b/280277411","anna","4743","way/230282051@b/280277411","移除此人工覆蓋後，僅就車道數與轉向而言，顯示結果仍相同。"
"完全一致","楠梓新路","230282051","280277415","正向","302211677","22.729164036893685","120.32655809218855","https://www.google.com/maps/@22.729164036893685,120.32655809218855,20z","https://www.openstreetmap.org/way/230282051","intersection_approach","2","through|through;right","2","through|through;right","anna","4737","way/230282051@b/280277415","anna","4737","way/230282051@b/280277415","移除此人工覆蓋後，僅就車道數與轉向而言，顯示結果仍相同。"
"完全一致","楠梓新路","230282051","2264502011","反向","2264502011","22.730394937637463","120.32735721919687","https://www.google.com/maps/@22.730394937637463,120.32735721919687,20z","https://www.openstreetmap.org/way/230282051","segment_direction","2","left;through|through;right","2","left;through|through;right","anna","4740","way/230282051@b/2264502011","anna","4740","way/230282051@b/2264502011","移除此人工覆蓋後，僅就車道數與轉向而言，顯示結果仍相同。"
"完全一致","楠梓新路","430411159","280277421","反向","280277421","22.728572856313768","120.32619096321017","https://www.google.com/maps/@22.728572856313768,120.32619096321017,20z","https://www.openstreetmap.org/way/430411159","intersection_approach","2","left;through|through","2","left;through|through","anna","4717","way/430411159@b/280277421","anna","4717","way/430411159@b/280277421","移除此人工覆蓋後，僅就車道數與轉向而言，顯示結果仍相同。"
"完全一致","楠梓新路","430411159","302211602","反向","302211602","22.728913743369073","120.32639171691507","https://www.google.com/maps/@22.728913743369073,120.32639171691507,20z","https://www.openstreetmap.org/way/430411159","intersection_approach","2","through|through;right","2","through|through;right","anna","4720","way/430411159@b/302211602","anna","4720","way/430411159@b/302211602","移除此人工覆蓋後，僅就車道數與轉向而言，顯示結果仍相同。"
"完全一致","楠梓路","268219239","1932046244","反向","1932046244","22.733895167282693","120.3273165294026","https://www.google.com/maps/@22.733895167282693,120.3273165294026,20z","https://www.openstreetmap.org/way/268219239","segment_direction","2","through|through;right","2","through|through;right","anna","4572","way/268219239@b/1932046244","anna","4572","way/268219239@b/1932046244","移除此人工覆蓋後，僅就車道數與轉向而言，顯示結果仍相同。"
"完全一致","楠梓路","268219239","1932046244","正向","2264502067","22.734951092223945","120.32650682838923","https://www.google.com/maps/@22.734951092223945,120.32650682838923,20z","https://www.openstreetmap.org/way/268219239","segment_direction","2","through|through","2","through|through","anna","4572","way/268219239@b/1932046244","anna","4572","way/268219239@b/1932046244","移除此人工覆蓋後，僅就車道數與轉向而言，顯示結果仍相同。"
"完全一致","楠梓路","268219239","2264502028","反向","2264502028","22.731910681603296","120.32826043257297","https://www.google.com/maps/@22.731910681603296,120.32826043257297,20z","https://www.openstreetmap.org/way/268219239","segment_direction","2","through|through;right","2","through|through;right","anna","4587","way/268219239@b/2264502028","anna","4587","way/268219239@b/2264502028","移除此人工覆蓋後，僅就車道數與轉向而言，顯示結果仍相同。"
"完全一致","楠梓路","268219239","2264502028","正向","2264502044","22.732589841014295","120.32804365992558","https://www.google.com/maps/@22.732589841014295,120.32804365992558,20z","https://www.openstreetmap.org/way/268219239","segment_direction","2","through|through","2","through|through","anna","4587","way/268219239@b/2264502028","anna","4587","way/268219239@b/2264502028","移除此人工覆蓋後，僅就車道數與轉向而言，顯示結果仍相同。"
"完全一致","楠梓路","268219239","2264502044","正向","2264502048","22.733089233842854","120.32786506918792","https://www.google.com/maps/@22.733089233842854,120.32786506918792,20z","https://www.openstreetmap.org/way/268219239","segment_direction","2","through|through","2","through|through","anna","4584","way/268219239@b/2264502044","anna","4584","way/268219239@b/2264502044","移除此人工覆蓋後，僅就車道數與轉向而言，顯示結果仍相同。"
"完全一致","楠梓路","268219239","2264502067","反向","2264502067","22.734951092223945","120.32650682838923","https://www.google.com/maps/@22.734951092223945,120.32650682838923,20z","https://www.openstreetmap.org/way/268219239","segment_direction","2","through|through;right","2","through|through;right","anna","4568","way/268219239@b/2264502067","anna","4568","way/268219239@b/2264502067","移除此人工覆蓋後，僅就車道數與轉向而言，顯示結果仍相同。"
"完全一致","楠梓路","268219239","2264502067","正向","2264502074","22.735608869337938","120.32601714192435","https://www.google.com/maps/@22.735608869337938,120.32601714192435,20z","https://www.openstreetmap.org/way/268219239","segment_direction","2","through|through","2","through|through","anna","4568","way/268219239@b/2264502067","anna","4568","way/268219239@b/2264502067","移除此人工覆蓋後，僅就車道數與轉向而言，顯示結果仍相同。"
"完全一致","楠梓路","268219239","2264502074","反向","2264502074","22.735608869337938","120.32601714192435","https://www.google.com/maps/@22.735608869337938,120.32601714192435,20z","https://www.openstreetmap.org/way/268219239","segment_direction","2","through|through;right","2","through|through;right","anna","4564","way/268219239@b/2264502074","anna","4564","way/268219239@b/2264502074","移除此人工覆蓋後，僅就車道數與轉向而言，顯示結果仍相同。"
"完全一致","楠梓路","268219239","2264502074","正向","1400036034","22.73606905880991","120.32570429478736","https://www.google.com/maps/@22.73606905880991,120.32570429478736,20z","https://www.openstreetmap.org/way/268219239","intersection_approach","2","through|through;right","2","through|through;right","anna","4564","way/268219239@b/2264502074","anna","4564","way/268219239@b/2264502074","移除此人工覆蓋後，僅就車道數與轉向而言，顯示結果仍相同。"
"完全一致","楠梓路","1464614119","1196964860","反向","1196964860","22.736314635562948","120.32551949055673","https://www.google.com/maps/@22.736314635562948,120.32551949055673,20z","https://www.openstreetmap.org/way/1464614119","segment_direction","2","through|through;right","2","through|through;right","anna","4550","way/1464614119@b/1196964860","anna","4550","way/1464614119@b/1196964860","移除此人工覆蓋後，僅就車道數與轉向而言，顯示結果仍相同。"
"完全一致","楠梓路","1464614119","1196964946","反向","1196964946","22.736962453614204","120.32503308330104","https://www.google.com/maps/@22.736962453614204,120.32503308330104,20z","https://www.openstreetmap.org/way/1464614119","segment_direction","2","through|through;right","2","through|through;right","anna","4549","way/1464614119@b/1196964946","anna","4549","way/1464614119@b/1196964946","移除此人工覆蓋後，僅就車道數與轉向而言，顯示結果仍相同。"
"完全一致","楠梓路","1464614119","1196964946","正向","7472962385","22.737061700888297","120.32495620132127","https://www.google.com/maps/@22.737061700888297,120.32495620132127,20z","https://www.openstreetmap.org/way/1464614119","segment_direction","2","left;through|through","2","left;through|through","anna","4549","way/1464614119@b/1196964946","anna","4549","way/1464614119@b/1196964946","移除此人工覆蓋後，僅就車道數與轉向而言，顯示結果仍相同。"
"完全一致","楠梓路","1464614119","1400036034","正向","1196964860","22.736314635562948","120.32551949055673","https://www.google.com/maps/@22.736314635562948,120.32551949055673,20z","https://www.openstreetmap.org/way/1464614119","segment_direction","2","left;through|through","2","left;through|through","anna","4562","way/1464614119@b/1400036034","anna","4562","way/1464614119@b/1400036034","移除此人工覆蓋後，僅就車道數與轉向而言，顯示結果仍相同。"
"完全一致","楠陽路","23787579","2261344269","正向","2261344271","22.725139410662816","120.3326292706791","https://www.google.com/maps/@22.725139410662816,120.3326292706791,20z","https://www.openstreetmap.org/way/23787579","segment_direction","3","through|through|through","3","through|through|through","anna","4894","way/23787579@b/2261344269","anna","4894","way/23787579@b/2261344269","移除此人工覆蓋後，僅就車道數與轉向而言，顯示結果仍相同。"
"完全一致","楠陽路","23787579","2261344271","正向","2264426751","22.724859806788025","120.3315740373337","https://www.google.com/maps/@22.724859806788025,120.3315740373337,20z","https://www.openstreetmap.org/way/23787579","segment_direction","3","through|through|through","3","through|through|through","anna","4895","way/23787579@b/2261344271","anna","4895","way/23787579@b/2261344271","移除此人工覆蓋後，僅就車道數與轉向而言，顯示結果仍相同。"
"完全一致","楠陽路","23787579","2264426751","正向","12556600783","22.724740029156294","120.33134872844866","https://www.google.com/maps/@22.724740029156294,120.33134872844866,20z","https://www.openstreetmap.org/way/23787579","segment_direction","3","through|through|through","3","through|through|through","anna","4896","way/23787579@b/2264426751","anna","4896","way/23787579@b/2264426751","移除此人工覆蓋後，僅就車道數與轉向而言，顯示結果仍相同。"
"完全一致","楠陽路","271982148","1196964834","正向","1196964542","22.72251537431726","120.32724327596355","https://www.google.com/maps/@22.72251537431726,120.32724327596355,20z","https://www.openstreetmap.org/way/271982148","segment_direction","3","through|through|through","3","through|through|through","anna","4854","way/271982148@b/1196964834","anna","4854","way/271982148@b/1196964834","移除此人工覆蓋後，僅就車道數與轉向而言，顯示結果仍相同。"
"完全一致","楠陽路","1287156675","257743123","正向","1196964834","22.722683646686484","120.32769751645611","https://www.google.com/maps/@22.722683646686484,120.32769751645611,20z","https://www.openstreetmap.org/way/1287156675","segment_direction","3","through|through|through","3","through|through|through","anna","4862","way/1287156675@b/257743123","anna","4862","way/1287156675@b/257743123","移除此人工覆蓋後，僅就車道數與轉向而言，顯示結果仍相同。"
"完全一致","楠陽路","1495039673","1196964542","反向","1196964542","22.72251537431726","120.32724327596355","https://www.google.com/maps/@22.72251537431726,120.32724327596355,20z","https://www.openstreetmap.org/way/1495039673","segment_direction","5","left|through|through|through|through;right","5","left|through|through|through|through;right","anna","4797","way/1495039673@b/1196964542","anna","4797","way/1495039673@b/1196964542","移除此人工覆蓋後，僅就車道數與轉向而言，顯示結果仍相同。"
"完全一致","楠陽路","1495039673","1196964542","正向","1196964789","22.72243853006136","120.32711478966303","https://www.google.com/maps/@22.72243853006136,120.32711478966303,20z","https://www.openstreetmap.org/way/1495039673","segment_direction","3","through|through|through","3","through|through|through","anna","4797","way/1495039673@b/1196964542","anna","4797","way/1495039673@b/1196964542","移除此人工覆蓋後，僅就車道數與轉向而言，顯示結果仍相同。"
"完全一致","楠興東路","1356812167","266750975","正向","280277329","22.73768204640639","120.33492716453817","https://www.google.com/maps/@22.73768204640639,120.33492716453817,20z","https://www.openstreetmap.org/way/1356812167","segment_direction","3","left|through|right","3","left|through|right","anna","4018","way/1356812167@b/266750975","anna","4018","way/1356812167@b/266750975","移除此人工覆蓋後，僅就車道數與轉向而言，顯示結果仍相同。"
"完全一致","慈雲橋","430411156","302211687","反向","302211687","22.728991299999997","120.32645575","https://www.google.com/maps/@22.728991299999997,120.32645575,20z","https://www.openstreetmap.org/way/430411156","segment_direction","2","left;through|through","2","left;through|through","anna","4724","way/430411156@b/302211687","anna","4724","way/430411156@b/302211687","移除此人工覆蓋後，僅就車道數與轉向而言，顯示結果仍相同。"
"完全一致","慈雲橋","430411156","302211687","正向","4296928275","22.72909749246492","120.32651782189788","https://www.google.com/maps/@22.72909749246492,120.32651782189788,20z","https://www.openstreetmap.org/way/430411156","segment_direction","2","through|through","2","through|through","anna","4724","way/430411156@b/302211687","anna","4724","way/430411156@b/302211687","移除此人工覆蓋後，僅就車道數與轉向而言，顯示結果仍相同。"
"完全一致","旗楠路","25706464","1451069527","正向","2264426851","22.735877807680836","120.33335041868314","https://www.google.com/maps/@22.735877807680836,120.33335041868314,20z","https://www.openstreetmap.org/way/25706464","segment_direction","3","through|through|right","3","through|through|right","anna","4688","way/25706464@b/1451069527","anna","4688","way/25706464@b/1451069527","移除此人工覆蓋後，僅就車道數與轉向而言，顯示結果仍相同。"
"完全一致","旗楠路","25706465","2261377024","反向","2261377024","22.732340259268852","120.33018415864305","https://www.google.com/maps/@22.732340259268852,120.33018415864305,20z","https://www.openstreetmap.org/way/25706465","intersection_approach","2","through|through;right","2","through|through;right","anna","4646","way/25706465@b/2261377024","anna","4646","way/25706465@b/2261377024","移除此人工覆蓋後，僅就車道數與轉向而言，顯示結果仍相同。"
"完全一致","旗楠路","25706465","2261377024","正向","7947276862","22.732222724103895","120.33007925525295","https://www.google.com/maps/@22.732222724103895,120.33007925525295,20z","https://www.openstreetmap.org/way/25706465","segment_direction","2","left;through|through;right","2","left;through|through;right","anna","4646","way/25706465@b/2261377024","anna","4646","way/25706465@b/2261377024","移除此人工覆蓋後，僅就車道數與轉向而言，顯示結果仍相同。"
"完全一致","旗楠路","25706465","2388052208","反向","2388052208","22.732009656682365","120.32987814043743","https://www.google.com/maps/@22.732009656682365,120.32987814043743,20z","https://www.openstreetmap.org/way/25706465","intersection_approach","2","through|through;right","2","through|through;right","anna","4640","way/25706465@b/2388052208","anna","4640","way/25706465@b/2388052208","移除此人工覆蓋後，僅就車道數與轉向而言，顯示結果仍相同。"
"完全一致","旗楠路","25706465","2388052208","正向","2261357299","22.73125066883837","120.32883355072985","https://www.google.com/maps/@22.73125066883837,120.32883355072985,20z","https://www.openstreetmap.org/way/25706465","segment_direction","2","left;through|through;right","2","left;through|through;right","anna","4640","way/25706465@b/2388052208","anna","4640","way/25706465@b/2388052208","移除此人工覆蓋後，僅就車道數與轉向而言，顯示結果仍相同。"
"完全一致","旗楠路","25706465","7947276848","反向","7947276848","22.732710169395112","120.3305385819736","https://www.google.com/maps/@22.732710169395112,120.3305385819736,20z","https://www.openstreetmap.org/way/25706465","segment_direction","2","left;through|through;right","2","left;through|through;right","anna","4652","way/25706465@b/7947276848","anna","4652","way/25706465@b/7947276848","移除此人工覆蓋後，僅就車道數與轉向而言，顯示結果仍相同。"
"完全一致","旗楠路","25706465","7947276848","正向","2261377024","22.732340259268852","120.33018415864305","https://www.google.com/maps/@22.732340259268852,120.33018415864305,20z","https://www.openstreetmap.org/way/25706465","intersection_approach","2","left;through|through","2","left;through|through","anna","4652","way/25706465@b/7947276848","anna","4652","way/25706465@b/7947276848","移除此人工覆蓋後，僅就車道數與轉向而言，顯示結果仍相同。"
"完全一致","旗楠路","271982114","1400036862","正向","8198448994","22.734398885964733","120.33209095380595","https://www.google.com/maps/@22.734398885964733,120.33209095380595,20z","https://www.openstreetmap.org/way/271982114","segment_direction","2","through|through","2","through|through","anna","4698","way/271982114@b/1400036862","anna","4698","way/271982114@b/1400036862","移除此人工覆蓋後，僅就車道數與轉向而言，顯示結果仍相同。"
"完全一致","旗楠路","271982114","8198448994","正向","1932046238","22.73333198637952","120.3311103706638","https://www.google.com/maps/@22.73333198637952,120.3311103706638,20z","https://www.openstreetmap.org/way/271982114","intersection_approach","2","left;through|through","2","left;through|through","anna","4658","way/271982114@b/8198448994","anna","4658","way/271982114@b/8198448994","移除此人工覆蓋後，僅就車道數與轉向而言，顯示結果仍相同。"
"完全一致","旗楠路","281341654","280277349","反向","280277349","22.731069014908535","120.3284884150722","https://www.google.com/maps/@22.731069014908535,120.3284884150722,20z","https://www.openstreetmap.org/way/281341654","segment_direction","2","left;through|through;right","2","left;through|through;right","anna","4634","way/281341654@b/280277349","anna","4634","way/281341654@b/280277349","移除此人工覆蓋後，僅就車道數與轉向而言，顯示結果仍相同。"
"完全一致","旗楠路","281341654","280277349","正向","280277411","22.73064163376096","120.32763545553084","https://www.google.com/maps/@22.73064163376096,120.32763545553084,20z","https://www.openstreetmap.org/way/281341654","segment_direction","2","left;through|through;right","2","left;through|through;right","anna","4634","way/281341654@b/280277349","anna","4634","way/281341654@b/280277349","移除此人工覆蓋後，僅就車道數與轉向而言，顯示結果仍相同。"
"完全一致","翠華路","28526260","295692576","正向","-665","22.698672432961875","120.30288149690531","https://www.google.com/maps/@22.698672432961875,120.30288149690531,20z","https://www.openstreetmap.org/way/28526260","segment_direction","4","through|through|through|right","4","through|through|through|right","anna","3952","way/28526260@b/295692576","anna","3952","way/28526260@b/295692576","移除此人工覆蓋後，僅就車道數與轉向而言，顯示結果仍相同。"
"完全一致","翠華路","28526260","295692602","正向","295692576","22.69875025638667","120.30284611737585","https://www.google.com/maps/@22.69875025638667,120.30284611737585,20z","https://www.openstreetmap.org/way/28526260","segment_direction","4","through|through|through|right","4","through|through|through|right","anna","3941","way/28526260@b/295692602","anna","3941","way/28526260@b/295692602","移除此人工覆蓋後，僅就車道數與轉向而言，顯示結果仍相同。"
"完全一致","鳳楠路","131904771","331257820","反向","331257820","22.72127917552013","120.33217903705902","https://www.google.com/maps/@22.72127917552013,120.33217903705902,20z","https://www.openstreetmap.org/way/131904771","segment_direction","4","left;through|through|through|right","4","left;through|through|through|right","anna","4789","way/131904771@b/331257820","anna","4789","way/131904771@b/331257820","移除此人工覆蓋後，僅就車道數與轉向而言，顯示結果仍相同。"
"完全一致","鳳楠路","131904771","8806789751","反向","8806789751","22.722023557579217","120.33168635436782","https://www.google.com/maps/@22.722023557579217,120.33168635436782,20z","https://www.openstreetmap.org/way/131904771","segment_direction","4","left;through|through|through|right","4","left;through|through|through|right","anna","4782","way/131904771@b/8806789751","anna","4782","way/131904771@b/8806789751","移除此人工覆蓋後，僅就車道數與轉向而言，顯示結果仍相同。"
"完全一致","鳳楠路","268219248","2261344309","正向","2261344333","22.726313400000002","120.32931735","https://www.google.com/maps/@22.726313400000002,120.32931735,20z","https://www.openstreetmap.org/way/268219248","segment_direction","3","left;through|through|through;right","3","left;through|through|through;right","anna","4766","way/268219248@b/2261344309","anna","4766","way/268219248@b/2261344309","移除此人工覆蓋後，僅就車道數與轉向而言，顯示結果仍相同。"
"完全一致","鳳楠路","268219248","12598724572","正向","2261344309","22.725778468518953","120.32946795202592","https://www.google.com/maps/@22.725778468518953,120.32946795202592,20z","https://www.openstreetmap.org/way/268219248","segment_direction","3","left;through|through|through;right","3","left;through|through|through;right","anna","4765","way/268219248@b/12598724572","anna","4765","way/268219248@b/12598724572","移除此人工覆蓋後，僅就車道數與轉向而言，顯示結果仍相同。"
"完全一致","鳳楠路","306702028","12599114575","正向","12598724571","22.72410748902152","120.33028854266323","https://www.google.com/maps/@22.72410748902152,120.33028854266323,20z","https://www.openstreetmap.org/way/306702028","segment_direction","3","left|left;through|through;right","3","left|left;through|through;right","anna","4772","way/306702028@b/12599114575","anna","4772","way/306702028@b/12599114575","移除此人工覆蓋後，僅就車道數與轉向而言，顯示結果仍相同。"
"完全一致","德中路","23683316","588290649","反向","588290649","22.721122133049004","120.28037424280849","https://www.google.com/maps/@22.721122133049004,120.28037424280849,20z","https://www.openstreetmap.org/way/23683316","segment_direction","2","left;through|through;right","2","left;through|through;right","anna","1930","way/23683316@b/588290649","anna","1930","way/23683316@b/588290649","移除此人工覆蓋後，僅就車道數與轉向而言，顯示結果仍相同。"
"完全一致","德中路","23683316","588290649","正向","2206324434","22.721850363366805","120.27919975006265","https://www.google.com/maps/@22.721850363366805,120.27919975006265,20z","https://www.openstreetmap.org/way/23683316","segment_direction","2","left;through|through;right","2","left;through|through;right","anna","1930","way/23683316@b/588290649","anna","1930","way/23683316@b/588290649","移除此人工覆蓋後，僅就車道數與轉向而言，顯示結果仍相同。"
"完全一致","德中路","23683316","588290650","反向","588290650","22.7208738303733","120.28079901460441","https://www.google.com/maps/@22.7208738303733,120.28079901460441,20z","https://www.openstreetmap.org/way/23683316","segment_direction","2","left;through|through;right","2","left;through|through;right","anna","1957","way/23683316@b/588290650","anna","1957","way/23683316@b/588290650","移除此人工覆蓋後，僅就車道數與轉向而言，顯示結果仍相同。"
"完全一致","德中路","23683316","588290650","正向","256456780","22.721081160146106","120.28049749296305","https://www.google.com/maps/@22.721081160146106,120.28049749296305,20z","https://www.openstreetmap.org/way/23683316","segment_direction","2","left;through|through;right","2","left;through|through;right","anna","1957","way/23683316@b/588290650","anna","1957","way/23683316@b/588290650","移除此人工覆蓋後，僅就車道數與轉向而言，顯示結果仍相同。"
"完全一致","德中路","23683316","2206324434","反向","2206324434","22.721850363366805","120.27919975006265","https://www.google.com/maps/@22.721850363366805,120.27919975006265,20z","https://www.openstreetmap.org/way/23683316","segment_direction","2","left;through|through;right","2","left;through|through;right","anna","1924","way/23683316@b/2206324434","anna","1924","way/23683316@b/2206324434","移除此人工覆蓋後，僅就車道數與轉向而言，顯示結果仍相同。"
"完全一致","德中路","23683316","2206324434","正向","1080697360","22.721986289922896","120.27897271438948","https://www.google.com/maps/@22.721986289922896,120.27897271438948,20z","https://www.openstreetmap.org/way/23683316","segment_direction","2","left;through|through;right","2","left;through|through;right","anna","1924","way/23683316@b/2206324434","anna","1924","way/23683316@b/2206324434","移除此人工覆蓋後，僅就車道數與轉向而言，顯示結果仍相同。"
"完全一致","德中路","267715934","256455969","反向","256455969","22.722957275195306","120.2773019112712","https://www.google.com/maps/@22.722957275195306,120.2773019112712,20z","https://www.openstreetmap.org/way/267715934","segment_direction","2","left;through|through;right","2","left;through|through;right","anna","1909","way/267715934@b/256455969","anna","1909","way/267715934@b/256455969","移除此人工覆蓋後，僅就車道數與轉向而言，顯示結果仍相同。"
"完全一致","德中路","267715934","256455969","正向","256455966","22.723074637934864","120.27724541436996","https://www.google.com/maps/@22.723074637934864,120.27724541436996,20z","https://www.openstreetmap.org/way/267715934","segment_direction","2","left;through|through;right","2","left;through|through;right","anna","1909","way/267715934@b/256455969","anna","1909","way/267715934@b/256455969","移除此人工覆蓋後，僅就車道數與轉向而言，顯示結果仍相同。"
"完全一致","德中路","267715934","2206324436","反向","2206324436","22.72203034177744","120.2788933208255","https://www.google.com/maps/@22.72203034177744,120.2788933208255,20z","https://www.openstreetmap.org/way/267715934","segment_direction","2","left;through|through;right","2","left;through|through;right","anna","1944","way/267715934@b/2206324436","anna","1944","way/267715934@b/2206324436","移除此人工覆蓋後，僅就車道數與轉向而言，顯示結果仍相同。"
"完全一致","德中路","267715934","2206324436","正向","9853009726","22.72221667722315","120.27852903428463","https://www.google.com/maps/@22.72221667722315,120.27852903428463,20z","https://www.openstreetmap.org/way/267715934","segment_direction","2","left;through|through;right","2","left;through|through;right","anna","1944","way/267715934@b/2206324436","anna","1944","way/267715934@b/2206324436","移除此人工覆蓋後，僅就車道數與轉向而言，顯示結果仍相同。"
"完全一致","德中路","267715934","2206324442","正向","4585345353","22.72266058338449","120.2776418442821","https://www.google.com/maps/@22.72266058338449,120.2776418442821,20z","https://www.openstreetmap.org/way/267715934","segment_direction","2","left;through|through;right","2","left;through|through;right","anna","1914","way/267715934@b/2206324442","anna","1914","way/267715934@b/2206324442","移除此人工覆蓋後，僅就車道數與轉向而言，顯示結果仍相同。"
"完全一致","德中路","267715934","4585345353","反向","4585345353","22.72266058338449","120.2776418442821","https://www.google.com/maps/@22.72266058338449,120.2776418442821,20z","https://www.openstreetmap.org/way/267715934","segment_direction","2","left;through|through;right","2","left;through|through;right","anna","1940","way/267715934@b/4585345353","anna","1940","way/267715934@b/4585345353","移除此人工覆蓋後，僅就車道數與轉向而言，顯示結果仍相同。"
"完全一致","德中路","267715934","4585345353","正向","256455969","22.722957275195306","120.2773019112712","https://www.google.com/maps/@22.722957275195306,120.2773019112712,20z","https://www.openstreetmap.org/way/267715934","segment_direction","2","left;through|through;right","2","left;through|through;right","anna","1940","way/267715934@b/4585345353","anna","1940","way/267715934@b/4585345353","移除此人工覆蓋後，僅就車道數與轉向而言，顯示結果仍相同。"
"完全一致","德中路","267715934","9853009726","反向","9853009726","22.72221667722315","120.27852903428463","https://www.google.com/maps/@22.72221667722315,120.27852903428463,20z","https://www.openstreetmap.org/way/267715934","segment_direction","2","left;through|through;right","2","left;through|through;right","anna","1920","way/267715934@b/9853009726","anna","1920","way/267715934@b/9853009726","移除此人工覆蓋後，僅就車道數與轉向而言，顯示結果仍相同。"
"完全一致","德中路","312871463","256455966","正向","7242885126","22.72393573340339","120.27666411344882","https://www.google.com/maps/@22.72393573340339,120.27666411344882,20z","https://www.openstreetmap.org/way/312871463","segment_direction","2","left;through|through;right","2","left;through|through;right","anna","3531","way/312871463@b/256455966","anna","3531","way/312871463@b/256455966","移除此人工覆蓋後，僅就車道數與轉向而言，顯示結果仍相同。"
"完全一致","德中路","312871463","259481979","正向","1080697254","22.725735799342566","120.2753058629931","https://www.google.com/maps/@22.725735799342566,120.2753058629931,20z","https://www.openstreetmap.org/way/312871463","segment_direction","2","left;through|through;right","2","left;through|through;right","anna","3537","way/312871463@b/259481979","anna","3537","way/312871463@b/259481979","移除此人工覆蓋後，僅就車道數與轉向而言，顯示結果仍相同。"
"完全一致","德中路","312871463","1080696851","正向","256455721","22.727256249833392","120.27416775012495","https://www.google.com/maps/@22.727256249833392,120.27416775012495,20z","https://www.openstreetmap.org/way/312871463","segment_direction","2","left;through|through;right","2","left;through|through;right","anna","3539","way/312871463@b/1080696851","anna","3539","way/312871463@b/1080696851","移除此人工覆蓋後，僅就車道數與轉向而言，顯示結果仍相同。"
"完全一致","德中路","312871463","1080697102","正向","1080697358","22.72996920131409","120.27214033735282","https://www.google.com/maps/@22.72996920131409,120.27214033735282,20z","https://www.openstreetmap.org/way/312871463","segment_direction","2","left;through|through;right","2","left;through|through;right","anna","3552","way/312871463@b/1080697102","anna","3552","way/312871463@b/1080697102","移除此人工覆蓋後，僅就車道數與轉向而言，顯示結果仍相同。"
"完全一致","德中路","312871463","1080697358","正向","262101348","22.730813082519973","120.27149550554208","https://www.google.com/maps/@22.730813082519973,120.27149550554208,20z","https://www.openstreetmap.org/way/312871463","segment_direction","2","left;through|through;right","2","left;through|through;right","anna","3553","way/312871463@b/1080697358","anna","3553","way/312871463@b/1080697358","移除此人工覆蓋後，僅就車道數與轉向而言，顯示結果仍相同。"
"完全一致","德中路","312871463","1080697514","正向","1080697102","22.729462568698665","120.27251821941903","https://www.google.com/maps/@22.729462568698665,120.27251821941903,20z","https://www.openstreetmap.org/way/312871463","segment_direction","2","left;through|through;right","2","left;through|through;right","anna","3551","way/312871463@b/1080697514","anna","3551","way/312871463@b/1080697514","移除此人工覆蓋後，僅就車道數與轉向而言，顯示結果仍相同。"
"完全一致","德中路","312871463","2206324454","正向","8420604124","22.724628079320045","120.27613443135294","https://www.google.com/maps/@22.724628079320045,120.27613443135294,20z","https://www.openstreetmap.org/way/312871463","segment_direction","2","left;through|through;right","2","left;through|through;right","anna","3535","way/312871463@b/2206324454","anna","3535","way/312871463@b/2206324454","移除此人工覆蓋後，僅就車道數與轉向而言，顯示結果仍相同。"
"完全一致","德中路","312871463","4309157453","正向","9853009747","22.724131088064606","120.2765127703743","https://www.google.com/maps/@22.724131088064606,120.2765127703743,20z","https://www.openstreetmap.org/way/312871463","segment_direction","2","left;through|through;right","2","left;through|through;right","anna","3533","way/312871463@b/4309157453","anna","3533","way/312871463@b/4309157453","移除此人工覆蓋後，僅就車道數與轉向而言，顯示結果仍相同。"
"完全一致","德中路","312871463","4668515918","正向","1080697514","22.7287271766463","120.27306765288787","https://www.google.com/maps/@22.7287271766463,120.27306765288787,20z","https://www.openstreetmap.org/way/312871463","segment_direction","2","left;through|through;right","2","left;through|through;right","anna","3541","way/312871463@b/4668515918","anna","3541","way/312871463@b/4668515918","移除此人工覆蓋後，僅就車道數與轉向而言，顯示結果仍相同。"
"完全一致","德中路","312871463","8420604124","正向","259481979","22.724990236556152","120.27586573154625","https://www.google.com/maps/@22.724990236556152,120.27586573154625,20z","https://www.openstreetmap.org/way/312871463","segment_direction","2","left;through|through;right","2","left;through|through;right","anna","3536","way/312871463@b/8420604124","anna","3536","way/312871463@b/8420604124","移除此人工覆蓋後，僅就車道數與轉向而言，顯示結果仍相同。"
"完全一致","德中路","312871463","9853009747","正向","2206324454","22.72435304054859","120.27634086262776","https://www.google.com/maps/@22.72435304054859,120.27634086262776,20z","https://www.openstreetmap.org/way/312871463","segment_direction","2","left;through|through;right","2","left;through|through;right","anna","3534","way/312871463@b/9853009747","anna","3534","way/312871463@b/9853009747","移除此人工覆蓋後，僅就車道數與轉向而言，顯示結果仍相同。"
"完全一致","德民路","75852429","895427266","反向","895427266","22.733239041618823","120.31995241146885","https://www.google.com/maps/@22.733239041618823,120.31995241146885,20z","https://www.openstreetmap.org/way/75852429","segment_direction","2","through|through","2","through|through","anna","2900","way/75852429@b/895427266","anna","2900","way/75852429@b/895427266","移除此人工覆蓋後，僅就車道數與轉向而言，顯示結果仍相同。"
"完全一致","德民路","75852429","895427266","正向","1196964663","22.73375358316642","120.3209815927969","https://www.google.com/maps/@22.73375358316642,120.3209815927969,20z","https://www.openstreetmap.org/way/75852429","segment_direction","2","through|through","2","through|through","anna","2900","way/75852429@b/895427266","anna","2900","way/75852429@b/895427266","移除此人工覆蓋後，僅就車道數與轉向而言，顯示結果仍相同。"
"完全一致","德民路","75852429","1196964663","反向","1196964663","22.73375358316642","120.3209815927969","https://www.google.com/maps/@22.73375358316642,120.3209815927969,20z","https://www.openstreetmap.org/way/75852429","intersection_approach","2","left;through|through","2","left;through|through","anna","2905","way/75852429@b/1196964663","anna","2905","way/75852429@b/1196964663","移除此人工覆蓋後，僅就車道數與轉向而言，顯示結果仍相同。"
"完全一致","德民路","75852429","1400036109","反向","1400036109","22.73399777939513","120.32145157758703","https://www.google.com/maps/@22.73399777939513,120.32145157758703,20z","https://www.openstreetmap.org/way/75852429","segment_direction","2","through|through","2","through|through","anna","2910","way/75852429@b/1400036109","anna","2910","way/75852429@b/1400036109","移除此人工覆蓋後，僅就車道數與轉向而言，顯示結果仍相同。"
"完全一致","德民路","75852429","1400036109","正向","1400036551","22.734146306313065","120.32172211017856","https://www.google.com/maps/@22.734146306313065,120.32172211017856,20z","https://www.openstreetmap.org/way/75852429","segment_direction","2","through|through","2","through|through","anna","2910","way/75852429@b/1400036109","anna","2910","way/75852429@b/1400036109","移除此人工覆蓋後，僅就車道數與轉向而言，顯示結果仍相同。"
"完全一致","德民路","126247850","258785765","正向","2913992342","22.731035321007433","120.31647834640353","https://www.google.com/maps/@22.731035321007433,120.31647834640353,20z","https://www.openstreetmap.org/way/126247850","segment_direction","2","through|through","2","through|through","anna","2879","way/126247850@b/258785765","anna","2879","way/126247850@b/258785765","移除此人工覆蓋後，僅就車道數與轉向而言，顯示結果仍相同。"
"完全一致","德民路","126247850","258785774","正向","8189259958","22.732221666565856","120.31833474598704","https://www.google.com/maps/@22.732221666565856,120.31833474598704,20z","https://www.openstreetmap.org/way/126247850","segment_direction","2","through|through","2","through|through","anna","2875","way/126247850@b/258785774","anna","2875","way/126247850@b/258785774","移除此人工覆蓋後，僅就車道數與轉向而言，顯示結果仍相同。"
"完全一致","德民路","126247850","3666011746","反向","3666011746","22.73245380379454","120.31869662922824","https://www.google.com/maps/@22.73245380379454,120.31869662922824,20z","https://www.openstreetmap.org/way/126247850","segment_direction","2","through|through","2","through|through","anna","2890","way/126247850@b/3666011746","anna","2890","way/126247850@b/3666011746","移除此人工覆蓋後，僅就車道數與轉向而言，顯示結果仍相同。"
"完全一致","德民路","126247850","3666011746","正向","7048711974","22.732727107095542","120.31911795789463","https://www.google.com/maps/@22.732727107095542,120.31911795789463,20z","https://www.openstreetmap.org/way/126247850","segment_direction","2","through|through","2","through|through","anna","2890","way/126247850@b/3666011746","anna","2890","way/126247850@b/3666011746","移除此人工覆蓋後，僅就車道數與轉向而言，顯示結果仍相同。"
"完全一致","德民路","126247850","7048711974","反向","7048711974","22.732727107095542","120.31911795789463","https://www.google.com/maps/@22.732727107095542,120.31911795789463,20z","https://www.openstreetmap.org/way/126247850","segment_direction","2","through|through","2","through|through","anna","2898","way/126247850@b/7048711974","anna","2898","way/126247850@b/7048711974","移除此人工覆蓋後，僅就車道數與轉向而言，顯示結果仍相同。"
"完全一致","德民路","126247850","7048711974","正向","258785797","22.73312473150669","120.31973103053926","https://www.google.com/maps/@22.73312473150669,120.31973103053926,20z","https://www.openstreetmap.org/way/126247850","segment_direction","2","through|through","2","through|through","anna","2898","way/126247850@b/7048711974","anna","2898","way/126247850@b/7048711974","移除此人工覆蓋後，僅就車道數與轉向而言，顯示結果仍相同。"
"完全一致","德民路","126247850","7477787914","正向","12599118960","22.730568414938148","120.31574825292273","https://www.google.com/maps/@22.730568414938148,120.31574825292273,20z","https://www.openstreetmap.org/way/126247850","segment_direction","2","through|through","2","through|through","anna","2881","way/126247850@b/7477787914","anna","2881","way/126247850@b/7477787914","移除此人工覆蓋後，僅就車道數與轉向而言，顯示結果仍相同。"
"完全一致","德民路","126247850","8189259958","反向","8189259958","22.732221666565856","120.31833474598704","https://www.google.com/maps/@22.732221666565856,120.31833474598704,20z","https://www.openstreetmap.org/way/126247850","segment_direction","2","through|through","2","through|through","anna","2885","way/126247850@b/8189259958","anna","2885","way/126247850@b/8189259958","移除此人工覆蓋後，僅就車道數與轉向而言，顯示結果仍相同。"
"完全一致","德民路","126247880","258785735","反向","258785735","22.729346880690088","120.31385672718545","https://www.google.com/maps/@22.729346880690088,120.31385672718545,20z","https://www.openstreetmap.org/way/126247880","segment_direction","2","through|through","2","through|through","anna","2860","way/126247880@b/258785735","anna","2860","way/126247880@b/258785735","移除此人工覆蓋後，僅就車道數與轉向而言，顯示結果仍相同。"
"完全一致","德民路","254325305","1401138287","正向","13049704155","22.722509650082877","120.29562319026806","https://www.google.com/maps/@22.722509650082877,120.29562319026806,20z","https://www.openstreetmap.org/way/254325305","intersection_approach","2","through|through;right","2","through|through;right","rex","101","way/254325305@b/1401138287","rex","101","way/254325305@b/1401138287","移除此人工覆蓋後，僅就車道數與轉向而言，顯示結果仍相同。"
"完全一致","德民路","256044038","261697052","反向","261697052","22.71985191672892","120.28733261495313","https://www.google.com/maps/@22.71985191672892,120.28733261495313,20z","https://www.openstreetmap.org/way/256044038","intersection_approach","2","left;through|through;right","2","left;through|through;right","anna","2770","way/256044038@b/261697052","anna","2770","way/256044038@b/261697052","移除此人工覆蓋後，僅就車道數與轉向而言，顯示結果仍相同。"
"完全一致","德民路","256044038","261697052","正向","2384936096","22.72028147052707","120.28807899765741","https://www.google.com/maps/@22.72028147052707,120.28807899765741,20z","https://www.openstreetmap.org/way/256044038","segment_direction","2","left;through|through","2","left;through|through","anna","2770","way/256044038@b/261697052","anna","2770","way/256044038@b/261697052","移除此人工覆蓋後，僅就車道數與轉向而言，顯示結果仍相同。"
"完全一致","德民路","256044038","1398635433","正向","2384936106","22.72083083574378","120.28916100688124","https://www.google.com/maps/@22.72083083574378,120.28916100688124,20z","https://www.openstreetmap.org/way/256044038","intersection_approach","2","left;through|through","2","left;through|through","anna","2776","way/256044038@b/1398635433","anna","2776","way/256044038@b/1398635433","移除此人工覆蓋後，僅就車道數與轉向而言，顯示結果仍相同。"
"完全一致","德民路","256044038","2384936096","正向","1398635433","22.72039491109495","120.28830204109671","https://www.google.com/maps/@22.72039491109495,120.28830204109671,20z","https://www.openstreetmap.org/way/256044038","intersection_approach","2","through|through;right","2","through|through;right","anna","2773","way/256044038@b/2384936096","anna","2773","way/256044038@b/2384936096","移除此人工覆蓋後，僅就車道數與轉向而言，顯示結果仍相同。"
"完全一致","德民路","256044038","2384936106","正向","265968403","22.721206709392256","120.2899016737613","https://www.google.com/maps/@22.721206709392256,120.2899016737613,20z","https://www.openstreetmap.org/way/256044038","intersection_approach","2","left;through|through;right","2","left;through|through;right","anna","2779","way/256044038@b/2384936106","anna","2779","way/256044038@b/2384936106","移除此人工覆蓋後，僅就車道數與轉向而言，顯示結果仍相同。"
"完全一致","德民路","256044039","265748817","反向","265748817","22.7266391","120.3105336","https://www.google.com/maps/@22.7266391,120.3105336,20z","https://www.openstreetmap.org/way/256044039","intersection_approach","2","left;through|through;right","2","left;through|through;right","anna","2858","way/256044039@b/265748817","anna","2858","way/256044039@b/265748817","移除此人工覆蓋後，僅就車道數與轉向而言，顯示結果仍相同。"
"完全一致","德民路","256044039","265748817","正向","258785735","22.729346880690088","120.31385672718545","https://www.google.com/maps/@22.729346880690088,120.31385672718545,20z","https://www.openstreetmap.org/way/256044039","segment_direction","2","through|through","2","through|through","anna","2858","way/256044039@b/265748817","anna","2858","way/256044039@b/265748817","移除此人工覆蓋後，僅就車道數與轉向而言，顯示結果仍相同。"
"完全一致","德民路","267715878","1372607254","反向","1372607254","22.7168903","120.2825867","https://www.google.com/maps/@22.7168903,120.2825867,20z","https://www.openstreetmap.org/way/267715878","segment_direction","1","left;through;right","1","left;through;right","anna","2748","way/267715878@b/1372607254","anna","2748","way/267715878@b/1372607254","移除此人工覆蓋後，僅就車道數與轉向而言，顯示結果仍相同。"
"完全一致","德民路","267715878","1372607254","正向","2409813948","22.7170248","120.2828039","https://www.google.com/maps/@22.7170248,120.2828039,20z","https://www.openstreetmap.org/way/267715878","segment_direction","1","left;through;right","1","left;through;right","anna","2748","way/267715878@b/1372607254","anna","2748","way/267715878@b/1372607254","移除此人工覆蓋後，僅就車道數與轉向而言，顯示結果仍相同。"
"完全一致","德民路","267715878","1398635893","反向","1398635893","22.7176194","120.2837644","https://www.google.com/maps/@22.7176194,120.2837644,20z","https://www.openstreetmap.org/way/267715878","segment_direction","1","left;through;right","1","left;through;right","anna","2756","way/267715878@b/1398635893","anna","2756","way/267715878@b/1398635893","移除此人工覆蓋後，僅就車道數與轉向而言，顯示結果仍相同。"
"完全一致","德民路","267715878","1398635893","正向","2409781795","22.7178126","120.2840765","https://www.google.com/maps/@22.7178126,120.2840765,20z","https://www.openstreetmap.org/way/267715878","segment_direction","1","left;through;right","1","left;through;right","anna","2756","way/267715878@b/1398635893","anna","2756","way/267715878@b/1398635893","移除此人工覆蓋後，僅就車道數與轉向而言，顯示結果仍相同。"
"完全一致","德民路","267715878","2409781795","反向","2409781795","22.7178126","120.2840765","https://www.google.com/maps/@22.7178126,120.2840765,20z","https://www.openstreetmap.org/way/267715878","segment_direction","1","left;through;right","1","left;through;right","anna","2759","way/267715878@b/2409781795","anna","2759","way/267715878@b/2409781795","移除此人工覆蓋後，僅就車道數與轉向而言，顯示結果仍相同。"
"完全一致","德民路","267715878","2409781795","正向","256455983","22.718316256776077","120.2849169944968","https://www.google.com/maps/@22.718316256776077,120.2849169944968,20z","https://www.openstreetmap.org/way/267715878","segment_direction","1","left;through;right","1","left;through;right","anna","2759","way/267715878@b/2409781795","anna","2759","way/267715878@b/2409781795","移除此人工覆蓋後，僅就車道數與轉向而言，顯示結果仍相同。"
"完全一致","德民路","267715878","2409813948","反向","2409813948","22.7170248","120.2828039","https://www.google.com/maps/@22.7170248,120.2828039,20z","https://www.openstreetmap.org/way/267715878","segment_direction","1","left;through;right","1","left;through;right","anna","2751","way/267715878@b/2409813948","anna","2751","way/267715878@b/2409813948","移除此人工覆蓋後，僅就車道數與轉向而言，顯示結果仍相同。"
"完全一致","德民路","267715878","2409813948","正向","1398635893","22.7176194","120.2837644","https://www.google.com/maps/@22.7176194,120.2837644,20z","https://www.openstreetmap.org/way/267715878","segment_direction","1","left;through;right","1","left;through;right","anna","2751","way/267715878@b/2409813948","anna","2751","way/267715878@b/2409813948","移除此人工覆蓋後，僅就車道數與轉向而言，顯示結果仍相同。"
"完全一致","德民路","280277091","256455798","正向","1400036576","22.72506210799578","120.30122168659884","https://www.google.com/maps/@22.72506210799578,120.30122168659884,20z","https://www.openstreetmap.org/way/280277091","segment_direction","2","left;through|through","2","left;through|through","anna","2838","way/280277091@b/256455798","anna","2838","way/280277091@b/256455798","移除此人工覆蓋後，僅就車道數與轉向而言，顯示結果仍相同。"
"完全一致","德民路","280277091","1401138187","正向","3004986157","22.724029100000003","120.2993383","https://www.google.com/maps/@22.724029100000003,120.2993383,20z","https://www.openstreetmap.org/way/280277091","segment_direction","2","left;through|through","2","left;through|through","anna","2836","way/280277091@b/1401138187","anna","2836","way/280277091@b/1401138187","移除此人工覆蓋後，僅就車道數與轉向而言，顯示結果仍相同。"
"完全一致","德民路","280277091","2968251747","正向","1401138187","22.723806510856246","120.29891462911841","https://www.google.com/maps/@22.723806510856246,120.29891462911841,20z","https://www.openstreetmap.org/way/280277091","segment_direction","2","left;through|through","2","left;through|through","anna","2833","way/280277091@b/2968251747","anna","2833","way/280277091@b/2968251747","移除此人工覆蓋後，僅就車道數與轉向而言，顯示結果仍相同。"
"完全一致","德民路","281341657","256456052","反向","256456052","22.7159535","120.2808137","https://www.google.com/maps/@22.7159535,120.2808137,20z","https://www.openstreetmap.org/way/281341657","segment_direction","1","left;through;right","1","left;through;right","anna","2736","way/281341657@b/256456052","anna","2736","way/281341657@b/256456052","移除此人工覆蓋後，僅就車道數與轉向而言，顯示結果仍相同。"
"完全一致","德民路","281341657","256456052","正向","10960958178","22.7163069","120.2814874","https://www.google.com/maps/@22.7163069,120.2814874,20z","https://www.openstreetmap.org/way/281341657","segment_direction","1","left;through;right","1","left;through;right","anna","2736","way/281341657@b/256456052","anna","2736","way/281341657@b/256456052","移除此人工覆蓋後，僅就車道數與轉向而言，顯示結果仍相同。"
"完全一致","德民路","281341657","1398634437","反向","1398634437","22.7163946","120.2816527","https://www.google.com/maps/@22.7163946,120.2816527,20z","https://www.openstreetmap.org/way/281341657","segment_direction","1","left;through;right","1","left;through;right","anna","2742","way/281341657@b/1398634437","anna","2742","way/281341657@b/1398634437","移除此人工覆蓋後，僅就車道數與轉向而言，顯示結果仍相同。"
"完全一致","德民路","281341657","1398634437","正向","1398635289","22.7165849","120.2820114","https://www.google.com/maps/@22.7165849,120.2820114,20z","https://www.openstreetmap.org/way/281341657","segment_direction","1","left;through;right","1","left;through;right","anna","2742","way/281341657@b/1398634437","anna","2742","way/281341657@b/1398634437","移除此人工覆蓋後，僅就車道數與轉向而言，顯示結果仍相同。"
"完全一致","德民路","281341657","1398635289","反向","1398635289","22.7165849","120.2820114","https://www.google.com/maps/@22.7165849,120.2820114,20z","https://www.openstreetmap.org/way/281341657","segment_direction","1","left;through;right","1","left;through;right","anna","2745","way/281341657@b/1398635289","anna","2745","way/281341657@b/1398635289","移除此人工覆蓋後，僅就車道數與轉向而言，顯示結果仍相同。"
"完全一致","德民路","281341657","1398635289","正向","1372607254","22.7168903","120.2825867","https://www.google.com/maps/@22.7168903,120.2825867,20z","https://www.openstreetmap.org/way/281341657","segment_direction","1","left;through;right","1","left;through;right","anna","2745","way/281341657@b/1398635289","anna","2745","way/281341657@b/1398635289","移除此人工覆蓋後，僅就車道數與轉向而言，顯示結果仍相同。"
"完全一致","德民路","281341657","10960958178","反向","10960958178","22.7163069","120.2814874","https://www.google.com/maps/@22.7163069,120.2814874,20z","https://www.openstreetmap.org/way/281341657","segment_direction","1","left;through;right","1","left;through;right","anna","2739","way/281341657@b/10960958178","anna","2739","way/281341657@b/10960958178","移除此人工覆蓋後，僅就車道數與轉向而言，顯示結果仍相同。"
"完全一致","德民路","281341657","10960958178","正向","1398634437","22.7163946","120.2816527","https://www.google.com/maps/@22.7163946,120.2816527,20z","https://www.openstreetmap.org/way/281341657","segment_direction","1","left;through;right","1","left;through;right","anna","2739","way/281341657@b/10960958178","anna","2739","way/281341657@b/10960958178","移除此人工覆蓋後，僅就車道數與轉向而言，顯示結果仍相同。"
"完全一致","德民路","296983307","1372607160","反向","1372607160","22.7154308","120.2797549","https://www.google.com/maps/@22.7154308,120.2797549,20z","https://www.openstreetmap.org/way/296983307","segment_direction","1","left;through;right","1","left;through;right","anna","2722","way/296983307@b/1372607160","anna","2722","way/296983307@b/1372607160","移除此人工覆蓋後，僅就車道數與轉向而言，顯示結果仍相同。"
"完全一致","德民路","296983307","1372607160","正向","1398636087","22.7155409","120.2799747","https://www.google.com/maps/@22.7155409,120.2799747,20z","https://www.openstreetmap.org/way/296983307","segment_direction","1","left;through;right","1","left;through;right","anna","2722","way/296983307@b/1372607160","anna","2722","way/296983307@b/1372607160","移除此人工覆蓋後，僅就車道數與轉向而言，顯示結果仍相同。"
"完全一致","德民路","296983307","1398634495","反向","1398634495","22.7157563","120.2804098","https://www.google.com/maps/@22.7157563,120.2804098,20z","https://www.openstreetmap.org/way/296983307","segment_direction","1","left;through;right","1","left;through;right","anna","2733","way/296983307@b/1398634495","anna","2733","way/296983307@b/1398634495","移除此人工覆蓋後，僅就車道數與轉向而言，顯示結果仍相同。"
"完全一致","德民路","296983307","1398634495","正向","256456052","22.7159535","120.2808137","https://www.google.com/maps/@22.7159535,120.2808137,20z","https://www.openstreetmap.org/way/296983307","segment_direction","1","left;through;right","1","left;through;right","anna","2733","way/296983307@b/1398634495","anna","2733","way/296983307@b/1398634495","移除此人工覆蓋後，僅就車道數與轉向而言，顯示結果仍相同。"
"完全一致","德民路","296983307","1398636087","反向","1398636087","22.7155409","120.2799747","https://www.google.com/maps/@22.7155409,120.2799747,20z","https://www.openstreetmap.org/way/296983307","segment_direction","1","left;through;right","1","left;through;right","anna","2727","way/296983307@b/1398636087","anna","2727","way/296983307@b/1398636087","移除此人工覆蓋後，僅就車道數與轉向而言，顯示結果仍相同。"
"完全一致","德民路","296983307","1398636087","正向","1398634495","22.7157563","120.2804098","https://www.google.com/maps/@22.7157563,120.2804098,20z","https://www.openstreetmap.org/way/296983307","segment_direction","1","left;through;right","1","left;through;right","anna","2727","way/296983307@b/1398636087","anna","2727","way/296983307@b/1398636087","移除此人工覆蓋後，僅就車道數與轉向而言，顯示結果仍相同。"
"完全一致","德民路","296983307","9849594309","反向","9849594309","22.7153499","120.2795863","https://www.google.com/maps/@22.7153499,120.2795863,20z","https://www.openstreetmap.org/way/296983307","segment_direction","1","left;through;right","1","left;through;right","anna","2720","way/296983307@b/9849594309","anna","2720","way/296983307@b/9849594309","移除此人工覆蓋後，僅就車道數與轉向而言，顯示結果仍相同。"
"完全一致","德民路","296983307","9849594309","正向","1372607160","22.7154308","120.2797549","https://www.google.com/maps/@22.7154308,120.2797549,20z","https://www.openstreetmap.org/way/296983307","segment_direction","1","left;through;right","1","left;through;right","anna","2720","way/296983307@b/9849594309","anna","2720","way/296983307@b/9849594309","移除此人工覆蓋後，僅就車道數與轉向而言，顯示結果仍相同。"
"完全一致","德民路","1420142022","13049704155","反向","13049704155","22.722509650082877","120.29562319026806","https://www.google.com/maps/@22.722509650082877,120.29562319026806,20z","https://www.openstreetmap.org/way/1420142022","intersection_approach","2","left;through|through","2","left;through|through","rex","100","way/1420142022@b/13049704155","rex","100","way/1420142022@b/13049704155","移除此人工覆蓋後，僅就車道數與轉向而言，顯示結果仍相同。"
"完全一致","德民路","1420142022","13049704155","正向","2896477628","22.722616777182406","120.29593959333764","https://www.google.com/maps/@22.722616777182406,120.29593959333764,20z","https://www.openstreetmap.org/way/1420142022","intersection_approach","2","left;through|through","2","left;through|through","rex","100","way/1420142022@b/13049704155","rex","100","way/1420142022@b/13049704155","移除此人工覆蓋後，僅就車道數與轉向而言，顯示結果仍相同。"
"完全一致","德惠路","23875933","2401086121","正向","258785638","22.729266540074125","120.30319009287366","https://www.google.com/maps/@22.729266540074125,120.30319009287366,20z","https://www.openstreetmap.org/way/23875933","segment_direction","2","through|through","2","through|through","anna","3702","way/23875933@b/2401086121","anna","3702","way/23875933@b/2401086121","移除此人工覆蓋後，僅就車道數與轉向而言，顯示結果仍相同。"
"完全一致","德惠路","94402836","258785531","正向","258785457","22.726205800000002","120.3027951","https://www.google.com/maps/@22.726205800000002,120.3027951,20z","https://www.openstreetmap.org/way/94402836","segment_direction","2","left;through|through;right","2","left;through|through;right","anna","3679","way/94402836@b/258785531","anna","3679","way/94402836@b/258785531","移除此人工覆蓋後，僅就車道數與轉向而言，顯示結果仍相同。"
"完全一致","德惠路","94402836","258785585","正向","2401086123","22.72814313199547","120.30314139920694","https://www.google.com/maps/@22.72814313199547,120.30314139920694,20z","https://www.openstreetmap.org/way/94402836","segment_direction","2","left;through|through;right","2","left;through|through;right","anna","3694","way/94402836@b/258785585","anna","3694","way/94402836@b/258785585","移除此人工覆蓋後，僅就車道數與轉向而言，顯示結果仍相同。"
"完全一致","德惠路","94402836","258785638","正向","258785585","22.729102","120.30318785","https://www.google.com/maps/@22.729102,120.30318785,20z","https://www.openstreetmap.org/way/94402836","segment_direction","2","left;through|through;right","2","left;through|through;right","anna","3703","way/94402836@b/258785638","anna","3703","way/94402836@b/258785638","移除此人工覆蓋後，僅就車道數與轉向而言，顯示結果仍相同。"
"完全一致","德惠路","94402836","2401086123","正向","258785531","22.727330622590014","120.30296015085509","https://www.google.com/maps/@22.727330622590014,120.30296015085509,20z","https://www.openstreetmap.org/way/94402836","segment_direction","2","left;through|through;right","2","left;through|through;right","anna","3685","way/94402836@b/2401086123","anna","3685","way/94402836@b/2401086123","移除此人工覆蓋後，僅就車道數與轉向而言，顯示結果仍相同。"
"完全一致","學專路","24204253","262083353","反向","262083353","22.719268785320473","120.31791671711403","https://www.google.com/maps/@22.719268785320473,120.31791671711403,20z","https://www.openstreetmap.org/way/24204253","segment_direction","2","left;through|through;right","2","left;through|through;right","anna","3624","way/24204253@b/262083353","anna","3624","way/24204253@b/262083353","移除此人工覆蓋後，僅就車道數與轉向而言，顯示結果仍相同。"
"完全一致","學專路","24204253","262083353","正向","2417585499","22.71997881675168","120.31787287198466","https://www.google.com/maps/@22.71997881675168,120.31787287198466,20z","https://www.openstreetmap.org/way/24204253","intersection_approach","2","left;through|through","2","left;through|through","anna","3624","way/24204253@b/262083353","anna","3624","way/24204253@b/262083353","移除此人工覆蓋後，僅就車道數與轉向而言，顯示結果仍相同。"
"完全一致","學專路","24204253","262083386","反向","262083386","22.721678904862248","120.31760140678503","https://www.google.com/maps/@22.721678904862248,120.31760140678503,20z","https://www.openstreetmap.org/way/24204253","intersection_approach","2","left;through|through;right","2","left;through|through;right","anna","3608","way/24204253@b/262083386","anna","3608","way/24204253@b/262083386","移除此人工覆蓋後，僅就車道數與轉向而言，顯示結果仍相同。"
"完全一致","學專路","24204253","262083386","正向","4582185534","22.72203946543872","120.31749701214835","https://www.google.com/maps/@22.72203946543872,120.31749701214835,20z","https://www.openstreetmap.org/way/24204253","segment_direction","2","left;through|through","2","left;through|through","anna","3608","way/24204253@b/262083386","anna","3608","way/24204253@b/262083386","移除此人工覆蓋後，僅就車道數與轉向而言，顯示結果仍相同。"
"完全一致","學專路","24204253","1219300361","正向","1219300537","22.717910122623955","120.31799590180424","https://www.google.com/maps/@22.717910122623955,120.31799590180424,20z","https://www.openstreetmap.org/way/24204253","segment_direction","2","left;through|through","2","left;through|through","anna","3633","way/24204253@b/1219300361","anna","3633","way/24204253@b/1219300361","移除此人工覆蓋後，僅就車道數與轉向而言，顯示結果仍相同。"
"完全一致","學專路","24204253","1219300373","正向","1219300561","22.714280545364282","120.31076863196819","https://www.google.com/maps/@22.714280545364282,120.31076863196819,20z","https://www.openstreetmap.org/way/24204253","segment_direction","2","left;through|through","2","left;through|through","anna","3665","way/24204253@b/1219300373","anna","3665","way/24204253@b/1219300373","移除此人工覆蓋後，僅就車道數與轉向而言，顯示結果仍相同。"
"完全一致","學專路","24204253","1219300399","反向","1219300399","22.71379811656699","120.31221023035893","https://www.google.com/maps/@22.71379811656699,120.31221023035893,20z","https://www.openstreetmap.org/way/24204253","intersection_approach","2","through|through;right","2","through|through;right","anna","3659","way/24204253@b/1219300399","anna","3659","way/24204253@b/1219300399","移除此人工覆蓋後，僅就車道數與轉向而言，顯示結果仍相同。"
"完全一致","學專路","24204253","1219300429","反向","1219300429","22.71359812923387","120.31280168620242","https://www.google.com/maps/@22.71359812923387,120.31280168620242,20z","https://www.openstreetmap.org/way/24204253","segment_direction","2","left;through|through;right","2","left;through|through;right","anna","3655","way/24204253@b/1219300429","anna","3655","way/24204253@b/1219300429","移除此人工覆蓋後，僅就車道數與轉向而言，顯示結果仍相同。"
"完全一致","學專路","24204253","1219300429","正向","1219300564","22.714166150312515","120.31442323231789","https://www.google.com/maps/@22.714166150312515,120.31442323231789,20z","https://www.openstreetmap.org/way/24204253","segment_direction","2","left;through|through","2","left;through|through","anna","3655","way/24204253@b/1219300429","anna","3655","way/24204253@b/1219300429","移除此人工覆蓋後，僅就車道數與轉向而言，顯示結果仍相同。"
"完全一致","學專路","24204253","1219300536","正向","262085803","22.71594946887041","120.31751713998788","https://www.google.com/maps/@22.71594946887041,120.31751713998788,20z","https://www.openstreetmap.org/way/24204253","segment_direction","2","left;through|through","2","left;through|through","anna","3643","way/24204253@b/1219300536","anna","3643","way/24204253@b/1219300536","移除此人工覆蓋後，僅就車道數與轉向而言，顯示結果仍相同。"
"完全一致","學專路","24204253","1219300537","反向","1219300537","22.717910122623955","120.31799590180424","https://www.google.com/maps/@22.717910122623955,120.31799590180424,20z","https://www.openstreetmap.org/way/24204253","intersection_approach","2","through|through;right","2","through|through;right","anna","3627","way/24204253@b/1219300537","anna","3627","way/24204253@b/1219300537","移除此人工覆蓋後，僅就車道數與轉向而言，顯示結果仍相同。"
"完全一致","學專路","24204253","1219300537","正向","256456456","22.719118989462622","120.31796661633425","https://www.google.com/maps/@22.719118989462622,120.31796661633425,20z","https://www.openstreetmap.org/way/24204253","intersection_approach","2","left;through|through;right","2","left;through|through;right","anna","3627","way/24204253@b/1219300537","anna","3627","way/24204253@b/1219300537","移除此人工覆蓋後，僅就車道數與轉向而言，顯示結果仍相同。"
"完全一致","學專路","24204253","1219300561","反向","1219300561","22.714280545364282","120.31076863196819","https://www.google.com/maps/@22.714280545364282,120.31076863196819,20z","https://www.openstreetmap.org/way/24204253","segment_direction","2","left;through|through;right","2","left;through|through;right","anna","3662","way/24204253@b/1219300561","anna","3662","way/24204253@b/1219300561","移除此人工覆蓋後，僅就車道數與轉向而言，顯示結果仍相同。"
"完全一致","學專路","24204253","1219300561","正向","1219300399","22.71379811656699","120.31221023035893","https://www.google.com/maps/@22.71379811656699,120.31221023035893,20z","https://www.openstreetmap.org/way/24204253","segment_direction","2","left;through|through","2","left;through|through","anna","3662","way/24204253@b/1219300561","anna","3662","way/24204253@b/1219300561","移除此人工覆蓋後，僅就車道數與轉向而言，顯示結果仍相同。"
"完全一致","學專路","24204253","1219300564","反向","1219300564","22.714166150312515","120.31442323231789","https://www.google.com/maps/@22.714166150312515,120.31442323231789,20z","https://www.openstreetmap.org/way/24204253","segment_direction","2","left;through|through;right","2","left;through|through;right","anna","3656","way/24204253@b/1219300564","anna","3656","way/24204253@b/1219300564","移除此人工覆蓋後，僅就車道數與轉向而言，顯示結果仍相同。"
"完全一致","學專路","24204253","1219300564","正向","1219300659","22.714519878554835","120.3150351625142","https://www.google.com/maps/@22.714519878554835,120.3150351625142,20z","https://www.openstreetmap.org/way/24204253","segment_direction","2","left;through|through","2","left;through|through","anna","3656","way/24204253@b/1219300564","anna","3656","way/24204253@b/1219300564","移除此人工覆蓋後，僅就車道數與轉向而言，顯示結果仍相同。"
"完全一致","學專路","24204253","1219300659","反向","1219300659","22.714519878554835","120.3150351625142","https://www.google.com/maps/@22.714519878554835,120.3150351625142,20z","https://www.openstreetmap.org/way/24204253","intersection_approach","2","through|through;right","2","through|through;right","anna","3650","way/24204253@b/1219300659","anna","3650","way/24204253@b/1219300659","移除此人工覆蓋後，僅就車道數與轉向而言，顯示結果仍相同。"
"完全一致","學專路","24204253","1219300659","正向","2398129507","22.71475355338814","120.31544115458458","https://www.google.com/maps/@22.71475355338814,120.31544115458458,20z","https://www.openstreetmap.org/way/24204253","segment_direction","2","left;through|through","2","left;through|through","anna","3650","way/24204253@b/1219300659","anna","3650","way/24204253@b/1219300659","移除此人工覆蓋後，僅就車道數與轉向而言，顯示結果仍相同。"
"完全一致","學專路","24204253","1219300742","正向","1219300536","22.715594250715572","120.31688342185402","https://www.google.com/maps/@22.715594250715572,120.31688342185402,20z","https://www.openstreetmap.org/way/24204253","intersection_approach","2","left;through|through","2","left;through|through","anna","3646","way/24204253@b/1219300742","anna","3646","way/24204253@b/1219300742","移除此人工覆蓋後，僅就車道數與轉向而言，顯示結果仍相同。"
"完全一致","學專路","24204253","1219300766","正向","2396293724","22.721230078993948","120.31771074823448","https://www.google.com/maps/@22.721230078993948,120.31771074823448,20z","https://www.openstreetmap.org/way/24204253","intersection_approach","2","left;through|through","2","left;through|through","anna","3615","way/24204253@b/1219300766","anna","3615","way/24204253@b/1219300766","移除此人工覆蓋後，僅就車道數與轉向而言，顯示結果仍相同。"
"完全一致","學專路","24204253","2396293724","正向","262083386","22.721678904862248","120.31760140678503","https://www.google.com/maps/@22.721678904862248,120.31760140678503,20z","https://www.openstreetmap.org/way/24204253","intersection_approach","2","left;through|through","2","left;through|through","anna","3609","way/24204253@b/2396293724","anna","3609","way/24204253@b/2396293724","移除此人工覆蓋後，僅就車道數與轉向而言，顯示結果仍相同。"
"完全一致","學專路","24204253","2398129507","正向","1219300742","22.715034666631883","120.31592481305401","https://www.google.com/maps/@22.715034666631883,120.31592481305401,20z","https://www.openstreetmap.org/way/24204253","intersection_approach","2","left;through|through","2","left;through|through","anna","3651","way/24204253@b/2398129507","anna","3651","way/24204253@b/2398129507","移除此人工覆蓋後，僅就車道數與轉向而言，顯示結果仍相同。"
"完全一致","學專路","24204253","2417585499","正向","1219300766","22.720177971988548","120.31784993983814","https://www.google.com/maps/@22.720177971988548,120.31784993983814,20z","https://www.openstreetmap.org/way/24204253","intersection_approach","2","left;through|through","2","left;through|through","anna","3623","way/24204253@b/2417585499","anna","3623","way/24204253@b/2417585499","移除此人工覆蓋後，僅就車道數與轉向而言，顯示結果仍相同。"
"完全一致","學專路","24204253","4585528623","反向","4585528623","22.716662542757625","120.31797578604325","https://www.google.com/maps/@22.716662542757625,120.31797578604325,20z","https://www.openstreetmap.org/way/24204253","segment_direction","2","left;through|through;right","2","left;through|through;right","anna","3637","way/24204253@b/4585528623","anna","3637","way/24204253@b/4585528623","移除此人工覆蓋後，僅就車道數與轉向而言，顯示結果仍相同。"
"完全一致","學專路","24204253","4585528623","正向","1219300361","22.71734142297965","120.3179947052531","https://www.google.com/maps/@22.71734142297965,120.3179947052531,20z","https://www.openstreetmap.org/way/24204253","intersection_approach","2","left;through|through","2","left;through|through","anna","3637","way/24204253@b/4585528623","anna","3637","way/24204253@b/4585528623","移除此人工覆蓋後，僅就車道數與轉向而言，顯示結果仍相同。"
"完全一致","機車專用道(往後勁方向)","23787574","1196965131","正向","257742643","22.725778","120.3217815","https://www.google.com/maps/@22.725778,120.3217815,20z","https://www.openstreetmap.org/way/23787574","segment_direction","1","through","1","through","anna","1848","way/23787574@b/1196965131","anna","1848","way/23787574@b/1196965131","移除此人工覆蓋後，僅就車道數與轉向而言，顯示結果仍相同。"
"完全一致","興西路","1013857470","280277330","正向","1451069527","22.73664734705755","120.33398492723325","https://www.google.com/maps/@22.73664734705755,120.33398492723325,20z","https://www.openstreetmap.org/way/1013857470","segment_direction","3","through|through|through","3","through|through|through","anna","4021","way/1013857470@b/280277330","anna","4021","way/1013857470@b/280277330","移除此人工覆蓋後，僅就車道數與轉向而言，顯示結果仍相同。"
"完全一致","藍田路","23875893","259481979","反向","259481979","22.724990236556152","120.27586573154625","https://www.google.com/maps/@22.724990236556152,120.27586573154625,20z","https://www.openstreetmap.org/way/23875893","segment_direction","2","left;through|through;right","2","left;through|through;right","rex","374","way/23875893@b/259481979","rex","374","way/23875893@b/259481979","移除此人工覆蓋後，僅就車道數與轉向而言，顯示結果仍相同。"
"完全一致","藍田路","23875893","259481979","正向","1080696860","22.725323255334487","120.27647870546052","https://www.google.com/maps/@22.725323255334487,120.27647870546052,20z","https://www.openstreetmap.org/way/23875893","intersection_approach","2","through|through;right","2","through|through;right","rex","374","way/23875893@b/259481979","rex","374","way/23875893@b/259481979","移除此人工覆蓋後，僅就車道數與轉向而言，顯示結果仍相同。"
"完全一致","藍田路","23875893","7391735985","反向","7391735985","22.724140456829005","120.27427702994528","https://www.google.com/maps/@22.724140456829005,120.27427702994528,20z","https://www.openstreetmap.org/way/23875893","segment_direction","2","left;through|through;right","2","left;through|through;right","rex","1112","way/23875893@b/7391735985","rex","1112","way/23875893@b/7391735985","移除此人工覆蓋後，僅就車道數與轉向而言，顯示結果仍相同。"
"完全一致","藍田路","23875893","7391735985","正向","7391695984","22.724214344905974","120.27442157346039","https://www.google.com/maps/@22.724214344905974,120.27442157346039,20z","https://www.openstreetmap.org/way/23875893","segment_direction","2","left;through|through;right","2","left;through|through;right","rex","1112","way/23875893@b/7391735985","rex","1112","way/23875893@b/7391735985","移除此人工覆蓋後，僅就車道數與轉向而言，顯示結果仍相同。"
"完全一致","藍田路","254325308","1401138517","反向","1401138517","22.72677887514392","120.29438900214804","https://www.google.com/maps/@22.72677887514392,120.29438900214804,20z","https://www.openstreetmap.org/way/254325308","intersection_approach","2","through|through;right","2","through|through;right","rex","260","way/254325308@b/1401138517","rex","260","way/254325308@b/1401138517","移除此人工覆蓋後，僅就車道數與轉向而言，顯示結果仍相同。"
"完全一致","藍田路","1464405422","343046730","正向","259481981","22.728050064826007","120.28243589207153","https://www.google.com/maps/@22.728050064826007,120.28243589207153,20z","https://www.openstreetmap.org/way/1464405422","segment_direction","2","left;through|through","2","left;through|through","rex","63","way/1464405422@b/343046730","rex","63","way/1464405422@b/343046730","移除此人工覆蓋後，僅就車道數與轉向而言，顯示結果仍相同。"
"完全一致","藍昌路","23874782","256245342","正向","7412899836","22.723918348123274","120.29127392309144","https://www.google.com/maps/@22.723918348123274,120.29127392309144,20z","https://www.openstreetmap.org/way/23874782","segment_direction","2","through|through;right","2","through|through;right","rex","1235","way/23874782@b/256245342","rex","1235","way/23874782@b/256245342","移除此人工覆蓋後，僅就車道數與轉向而言，顯示結果仍相同。"
"完全一致","藍昌路","24260751","262101277","正向","262101284","22.733863875862394","120.2926246318639","https://www.google.com/maps/@22.733863875862394,120.2926246318639,20z","https://www.openstreetmap.org/way/24260751","intersection_approach","2","left;through|through","2","left;through|through","rex","286","way/24260751@b/262101277","rex","286","way/24260751@b/262101277","移除此人工覆蓋後，僅就車道數與轉向而言，顯示結果仍相同。"
"完全一致","藍昌路","24260751","262101284","反向","262101284","22.733863875862394","120.2926246318639","https://www.google.com/maps/@22.733863875862394,120.2926246318639,20z","https://www.openstreetmap.org/way/24260751","intersection_approach","2","through|through;right","2","through|through;right","rex","290","way/24260751@b/262101284","rex","290","way/24260751@b/262101284","移除此人工覆蓋後，僅就車道數與轉向而言，顯示結果仍相同。"
"完全一致","藍昌路","24260751","262101284","正向","262101291","22.73334614768701","120.2925551856711","https://www.google.com/maps/@22.73334614768701,120.2925551856711,20z","https://www.openstreetmap.org/way/24260751","segment_direction","2","left;through|through;right","2","left;through|through;right","rex","290","way/24260751@b/262101284","rex","290","way/24260751@b/262101284","移除此人工覆蓋後，僅就車道數與轉向而言，顯示結果仍相同。"
"完全一致","藍昌路","24260751","262101289","正向","262101277","22.734357322876043","120.29268035929641","https://www.google.com/maps/@22.734357322876043,120.29268035929641,20z","https://www.openstreetmap.org/way/24260751","intersection_approach","3","through|through|through;right","3","through|through|through;right","rex","309","way/24260751@b/262101289","rex","309","way/24260751@b/262101289","移除此人工覆蓋後，僅就車道數與轉向而言，顯示結果仍相同。"
"完全一致","藍昌路","24260751","262101291","反向","262101291","22.73334614768701","120.2925551856711","https://www.google.com/maps/@22.73334614768701,120.2925551856711,20z","https://www.openstreetmap.org/way/24260751","segment_direction","2","left;through|through;right","2","left;through|through;right","rex","311","way/24260751@b/262101291","rex","311","way/24260751@b/262101291","移除此人工覆蓋後，僅就車道數與轉向而言，顯示結果仍相同。"
"完全一致","藍昌路","24260751","12658228000","反向","12658228000","22.733022607065664","120.29251425831067","https://www.google.com/maps/@22.733022607065664,120.29251425831067,20z","https://www.openstreetmap.org/way/24260751","intersection_approach","2","through|through;right","2","through|through;right","rex","315","way/24260751@b/12658228000","rex","315","way/24260751@b/12658228000","移除此人工覆蓋後，僅就車道數與轉向而言，顯示結果仍相同。"
"完全一致","藍昌路","24260751","12658228000","正向","256245347","22.732196130777908","120.29240973727615","https://www.google.com/maps/@22.732196130777908,120.29240973727615,20z","https://www.openstreetmap.org/way/24260751","segment_direction","2","left;through|through;right","2","left;through|through;right","rex","315","way/24260751@b/12658228000","rex","315","way/24260751@b/12658228000","移除此人工覆蓋後，僅就車道數與轉向而言，顯示結果仍相同。"
"完全一致","藍昌路","297138323","260856509","反向","260856509","22.725272881960393","120.29146862499708","https://www.google.com/maps/@22.725272881960393,120.29146862499708,20z","https://www.openstreetmap.org/way/297138323","segment_direction","2","left;through|through;right","2","left;through|through;right","rex","1227","way/297138323@b/260856509","rex","1227","way/297138323@b/260856509","移除此人工覆蓋後，僅就車道數與轉向而言，顯示結果仍相同。"
"完全一致","藍昌路","297138323","260856509","正向","1080697284","22.725052960603616","120.29143716227136","https://www.google.com/maps/@22.725052960603616,120.29143716227136,20z","https://www.openstreetmap.org/way/297138323","segment_direction","2","through|through;right","2","through|through;right","rex","1227","way/297138323@b/260856509","rex","1227","way/297138323@b/260856509","移除此人工覆蓋後，僅就車道數與轉向而言，顯示結果仍相同。"
"完全一致","藍昌路","792750238","1398634197","正向","256455750","22.72314063937806","120.29117506103948","https://www.google.com/maps/@22.72314063937806,120.29117506103948,20z","https://www.openstreetmap.org/way/792750238","segment_direction","2","left;through|through;right","2","left;through|through;right","rex","1242","way/792750238@b/1398634197","rex","1242","way/792750238@b/1398634197","移除此人工覆蓋後，僅就車道數與轉向而言，顯示結果仍相同。"
"完全一致","藍昌路","792750238","7035724872","反向","7035724872","22.723079360055817","120.29116699579994","https://www.google.com/maps/@22.723079360055817,120.29116699579994,20z","https://www.openstreetmap.org/way/792750238","segment_direction","2","left;through|through;right","2","left;through|through;right","rex","1246","way/792750238@b/7035724872","rex","1246","way/792750238@b/7035724872","移除此人工覆蓋後，僅就車道數與轉向而言，顯示結果仍相同。"
"完全一致","藍昌路","792750238","7412899837","正向","1398634197","22.723590980226113","120.29123421803678","https://www.google.com/maps/@22.723590980226113,120.29123421803678,20z","https://www.openstreetmap.org/way/792750238","intersection_approach","2","through|through;right","2","through|through;right","rex","1240","way/792750238@b/7412899837","rex","1240","way/792750238@b/7412899837","移除此人工覆蓋後，僅就車道數與轉向而言，顯示結果仍相同。"
"完全一致","藍昌路","1450825429","4079445229","反向","4079445229","22.7242014739811","120.29131004097212","https://www.google.com/maps/@22.7242014739811,120.29131004097212,20z","https://www.openstreetmap.org/way/1450825429","segment_direction","2","through|through;right","2","through|through;right","rex","362","way/1450825429@b/4079445229","rex","362","way/1450825429@b/4079445229","移除此人工覆蓋後，僅就車道數與轉向而言，顯示結果仍相同。"
"完全一致","藍昌路","1450825429","4079445229","正向","256245342","22.724116436947675","120.29129841250557","https://www.google.com/maps/@22.724116436947675,120.29129841250557,20z","https://www.openstreetmap.org/way/1450825429","segment_direction","2","left;through|through","2","left;through|through","rex","362","way/1450825429@b/4079445229","rex","362","way/1450825429@b/4079445229","移除此人工覆蓋後，僅就車道數與轉向而言，顯示結果仍相同。"
"允許方向相同，但箭頭表示法不同","土庫路","182835763","11065364207","正向","988779646","22.7434110745957","120.32761532548227","https://www.google.com/maps/@22.7434110745957,120.32761532548227,20z","https://www.openstreetmap.org/way/182835763","segment_direction","3","left;through|through|through;right","3","left;through|through|through+right","anna","4486","way/182835763@b/11065364207","anna","4486","way/182835763@b/11065364207","`+` 與 `;` 的允許方向相同，但目前繪圖語意不同，需看現地箭頭樣式。"
"允許方向相同，但箭頭表示法不同","大學南路","339750703","1080696909","反向","1080696909","22.732085509163614","120.28263264920949","https://www.google.com/maps/@22.732085509163614,120.28263264920949,20z","https://www.openstreetmap.org/way/339750703","intersection_approach","2","through|right;through","2","through|through;right","anna","3731","way/339750703@b/1080696909","anna","3731","way/339750703@b/1080696909","`+` 與 `;` 的允許方向相同，但目前繪圖語意不同，需看現地箭頭樣式。"
"允許方向相同，但箭頭表示法不同","大學南路","385650788","1080697145","反向","1080697145","22.73048277093863","120.27929072459952","https://www.google.com/maps/@22.73048277093863,120.27929072459952,20z","https://www.openstreetmap.org/way/385650788","intersection_approach","2","through|right;through","2","through|through;right","anna","3722","way/385650788@b/1080697145","anna","3722","way/385650788@b/1080697145","`+` 與 `;` 的允許方向相同，但目前繪圖語意不同，需看現地箭頭樣式。"
"允許方向相同，但箭頭表示法不同","加昌路","23976945","265748808","反向","265748808","22.72275415218351","120.31726670859098","https://www.google.com/maps/@22.72275415218351,120.31726670859098,20z","https://www.openstreetmap.org/way/23976945","intersection_approach","3","left;through|through|through;right","3","left;through|through|through+right","anna","1796","way/23976945@b/265748808","anna","1796","way/23976945@b/265748808","`+` 與 `;` 的允許方向相同，但目前繪圖語意不同，需看現地箭頭樣式。"
"允許方向相同，但箭頭表示法不同","加昌路","23976945","2417585491","正向","256245267","22.720815535145743","120.31260629547148","https://www.google.com/maps/@22.720815535145743,120.31260629547148,20z","https://www.openstreetmap.org/way/23976945","segment_direction","3","left;through|through|through;right","3","left;through|through|through+right","anna","1719","way/23976945@b/2417585491","anna","1719","way/23976945@b/2417585491","`+` 與 `;` 的允許方向相同，但目前繪圖語意不同，需看現地箭頭樣式。"
"允許方向相同，但箭頭表示法不同","加昌路","23976945","2417585497","反向","2417585497","22.722338233712826","120.31629215219564","https://www.google.com/maps/@22.722338233712826,120.31629215219564,20z","https://www.openstreetmap.org/way/23976945","intersection_approach","3","through|through|through;right","3","through|through|through+right","anna","1794","way/23976945@b/2417585497","anna","1794","way/23976945@b/2417585497","`+` 與 `;` 的允許方向相同，但目前繪圖語意不同，需看現地箭頭樣式。"
"允許方向相同，但箭頭表示法不同","加昌路","23976945","2417585497","正向","2417585494","22.721873104576936","120.31517990701664","https://www.google.com/maps/@22.721873104576936,120.31517990701664,20z","https://www.openstreetmap.org/way/23976945","segment_direction","3","left;through|through|through;right","3","left;through|through|through+right","anna","1794","way/23976945@b/2417585497","anna","1794","way/23976945@b/2417585497","`+` 與 `;` 的允許方向相同，但目前繪圖語意不同，需看現地箭頭樣式。"
"允許方向相同，但箭頭表示法不同","加昌路","297133986","1400036664","反向","1400036664","22.713500837500277","120.29251382285761","https://www.google.com/maps/@22.713500837500277,120.29251382285761,20z","https://www.openstreetmap.org/way/297133986","segment_direction","3","through|through|through;right","3","through|through|through+right","anna","1577","way/297133986@b/1400036664","anna","1577","way/297133986@b/1400036664","`+` 與 `;` 的允許方向相同，但目前繪圖語意不同，需看現地箭頭樣式。"
"允許方向相同，但箭頭表示法不同","加昌路","297133986","2206349230","反向","2206349230","22.71369557475318","120.29321225404276","https://www.google.com/maps/@22.71369557475318,120.29321225404276,20z","https://www.openstreetmap.org/way/297133986","segment_direction","3","through|through|through;right","3","through|through|through+right","anna","1608","way/297133986@b/2206349230","anna","1608","way/297133986@b/2206349230","`+` 與 `;` 的允許方向相同，但目前繪圖語意不同，需看現地箭頭樣式。"
"允許方向相同，但箭頭表示法不同","海專路","286066495","265748808","正向","2624297536","22.72317554608463","120.31689185131134","https://www.google.com/maps/@22.72317554608463,120.31689185131134,20z","https://www.openstreetmap.org/way/286066495","intersection_approach","2","through|through;right","2","through|through+right","anna","3600","way/286066495@b/265748808","anna","3600","way/286066495@b/265748808","`+` 與 `;` 的允許方向相同，但目前繪圖語意不同，需看現地箭頭樣式。"
"允許方向相同，但箭頭表示法不同","高雄大學路","24275640","262835712","正向","343046226","22.7300296","120.2844056","https://www.google.com/maps/@22.7300296,120.2844056,20z","https://www.openstreetmap.org/way/24275640","segment_direction","1","through;right","1","through+right","rex","213","way/24275640@b/262835712","rex","213","way/24275640@b/262835712","`+` 與 `;` 的允許方向相同，但目前繪圖語意不同，需看現地箭頭樣式。"
"允許方向相同，但箭頭表示法不同","高雄大學路","24275640","343046226","正向","1080697217","22.7292013","120.2843826","https://www.google.com/maps/@22.7292013,120.2843826,20z","https://www.openstreetmap.org/way/24275640","segment_direction","1","through;right","1","through+right","rex","214","way/24275640@b/343046226","rex","214","way/24275640@b/343046226","`+` 與 `;` 的允許方向相同，但目前繪圖語意不同，需看現地箭頭樣式。"
"允許方向相同，但箭頭表示法不同","高雄大學路","24275640","1080697217","正向","4309157449","22.728369681643365","120.28443477362306","https://www.google.com/maps/@22.728369681643365,120.28443477362306,20z","https://www.openstreetmap.org/way/24275640","segment_direction","1","through;right","1","through+right","rex","218","way/24275640@b/1080697217","rex","218","way/24275640@b/1080697217","`+` 與 `;` 的允許方向相同，但目前繪圖語意不同，需看現地箭頭樣式。"
"允許方向相同，但箭頭表示法不同","高雄大學路","297138319","262841211","正向","291592365","22.7256895","120.2856653","https://www.google.com/maps/@22.7256895,120.2856653,20z","https://www.openstreetmap.org/way/297138319","segment_direction","1","through;right","1","through+right","rex","225","way/297138319@b/262841211","rex","225","way/297138319@b/262841211","`+` 與 `;` 的允許方向相同，但目前繪圖語意不同，需看現地箭頭樣式。"
"允許方向相同，但箭頭表示法不同","高雄大學路","297138319","291592365","正向","1080697000","22.7272268","120.2852498","https://www.google.com/maps/@22.7272268,120.2852498,20z","https://www.openstreetmap.org/way/297138319","segment_direction","1","through;right","1","through+right","rex","224","way/297138319@b/291592365","rex","224","way/297138319@b/291592365","`+` 與 `;` 的允許方向相同，但目前繪圖語意不同，需看現地箭頭樣式。"
"允許方向相同，但箭頭表示法不同","高雄大學路","297138319","1080697000","正向","262840700","22.728328703312165","120.28495200800654","https://www.google.com/maps/@22.728328703312165,120.28495200800654,20z","https://www.openstreetmap.org/way/297138319","segment_direction","1","through;right","1","through+right","rex","221","way/297138319@b/1080697000","rex","221","way/297138319@b/1080697000","`+` 與 `;` 的允許方向相同，但目前繪圖語意不同，需看現地箭頭樣式。"
"允許方向相同，但箭頭表示法不同","高雄大學路","297138325","262840695","正向","1080697454","22.7272268","120.2848001","https://www.google.com/maps/@22.7272268,120.2848001,20z","https://www.openstreetmap.org/way/297138325","segment_direction","1","through;right","1","through+right","rex","220","way/297138325@b/262840695","rex","220","way/297138325@b/262840695","`+` 與 `;` 的允許方向相同，但目前繪圖語意不同，需看現地箭頭樣式。"
"允許方向相同，但箭頭表示法不同","高雄大學路","297138325","1080697454","正向","265972865","22.7255429","120.2852955","https://www.google.com/maps/@22.7255429,120.2852955,20z","https://www.openstreetmap.org/way/297138325","segment_direction","1","through;right","1","through+right","rex","223","way/297138325@b/1080697454","rex","223","way/297138325@b/1080697454","`+` 與 `;` 的允許方向相同，但目前繪圖語意不同，需看現地箭頭樣式。"
"允許方向相同，但箭頭表示法不同","高雄大學路","297138333","262840700","正向","1080696711","22.7291981","120.2848199","https://www.google.com/maps/@22.7291981,120.2848199,20z","https://www.openstreetmap.org/way/297138333","segment_direction","1","through;right","1","through+right","rex","216","way/297138333@b/262840700","rex","216","way/297138333@b/262840700","`+` 與 `;` 的允許方向相同，但目前繪圖語意不同，需看現地箭頭樣式。"
"允許方向相同，但箭頭表示法不同","高雄大學路","297138333","343046154","正向","262840705","22.73216456559203","120.28482918497761","https://www.google.com/maps/@22.73216456559203,120.28482918497761,20z","https://www.openstreetmap.org/way/297138333","segment_direction","1","through;right","1","through+right","rex","211","way/297138333@b/343046154","rex","211","way/297138333@b/343046154","`+` 與 `;` 的允許方向相同，但目前繪圖語意不同，需看現地箭頭樣式。"
"允許方向相同，但箭頭表示法不同","高雄大學路","297138333","1080696711","正向","343046154","22.729958","120.2848411","https://www.google.com/maps/@22.729958,120.2848411,20z","https://www.openstreetmap.org/way/297138333","segment_direction","1","through;right","1","through+right","rex","215","way/297138333@b/1080696711","rex","215","way/297138333@b/1080696711","`+` 與 `;` 的允許方向相同，但目前繪圖語意不同，需看現地箭頭樣式。"
"允許方向相同，但箭頭表示法不同","旗楠路","25706465","1932046238","反向","1932046238","22.73333198637952","120.3311103706638","https://www.google.com/maps/@22.73333198637952,120.3311103706638,20z","https://www.openstreetmap.org/way/25706465","segment_direction","2","left;through|through;right","2","left;through|through+right","anna","4655","way/25706465@b/1932046238","anna","4655","way/25706465@b/1932046238","`+` 與 `;` 的允許方向相同，但目前繪圖語意不同，需看現地箭頭樣式。"
"允許方向相同，但箭頭表示法不同","旗楠路","25706465","2261357299","正向","1196965148","22.731105178649663","120.3285344290313","https://www.google.com/maps/@22.731105178649663,120.3285344290313,20z","https://www.openstreetmap.org/way/25706465","segment_direction","2","left;through|through;right","2","left;through|through+right","anna","4637","way/25706465@b/2261357299","anna","4637","way/25706465@b/2261357299","`+` 與 `;` 的允許方向相同，但目前繪圖語意不同，需看現地箭頭樣式。"
"允許方向相同，但箭頭表示法不同","德中路","312871463","256455721","反向","256455721","22.727256249833392","120.27416775012495","https://www.google.com/maps/@22.727256249833392,120.27416775012495,20z","https://www.openstreetmap.org/way/312871463","segment_direction","2","left;through|through;right","2","left;through|through+right","anna","3540","way/312871463@b/256455721","anna","3540","way/312871463@b/256455721","`+` 與 `;` 的允許方向相同，但目前繪圖語意不同，需看現地箭頭樣式。"
"允許方向相同，但箭頭表示法不同","德中路","312871463","256455966","反向","256455966","22.723074637934864","120.27724541436996","https://www.google.com/maps/@22.723074637934864,120.27724541436996,20z","https://www.openstreetmap.org/way/312871463","segment_direction","2","left;through|through;right","2","left;through|through+right","anna","3531","way/312871463@b/256455966","anna","3531","way/312871463@b/256455966","`+` 與 `;` 的允許方向相同，但目前繪圖語意不同，需看現地箭頭樣式。"
"允許方向相同，但箭頭表示法不同","德中路","312871463","259481979","反向","259481979","22.724990236556152","120.27586573154625","https://www.google.com/maps/@22.724990236556152,120.27586573154625,20z","https://www.openstreetmap.org/way/312871463","segment_direction","2","left;through|through;right","2","left;through|through+right","anna","3537","way/312871463@b/259481979","anna","3537","way/312871463@b/259481979","`+` 與 `;` 的允許方向相同，但目前繪圖語意不同，需看現地箭頭樣式。"
"允許方向相同，但箭頭表示法不同","德中路","312871463","1080696851","反向","1080696851","22.726495668034765","120.27473707907878","https://www.google.com/maps/@22.726495668034765,120.27473707907878,20z","https://www.openstreetmap.org/way/312871463","segment_direction","2","left;through|through;right","2","left;through|through+right","anna","3539","way/312871463@b/1080696851","anna","3539","way/312871463@b/1080696851","`+` 與 `;` 的允許方向相同，但目前繪圖語意不同，需看現地箭頭樣式。"
"允許方向相同，但箭頭表示法不同","德中路","312871463","1080697102","反向","1080697102","22.729462568698665","120.27251821941903","https://www.google.com/maps/@22.729462568698665,120.27251821941903,20z","https://www.openstreetmap.org/way/312871463","segment_direction","2","left;through|through;right","2","left;through|through+right","anna","3552","way/312871463@b/1080697102","anna","3552","way/312871463@b/1080697102","`+` 與 `;` 的允許方向相同，但目前繪圖語意不同，需看現地箭頭樣式。"
"允許方向相同，但箭頭表示法不同","德中路","312871463","1080697254","反向","1080697254","22.725735799342566","120.2753058629931","https://www.google.com/maps/@22.725735799342566,120.2753058629931,20z","https://www.openstreetmap.org/way/312871463","segment_direction","2","left;through|through;right","2","left;through|through+right","anna","3538","way/312871463@b/1080697254","anna","3538","way/312871463@b/1080697254","`+` 與 `;` 的允許方向相同，但目前繪圖語意不同，需看現地箭頭樣式。"
"允許方向相同，但箭頭表示法不同","德中路","312871463","1080697358","反向","1080697358","22.72996920131409","120.27214033735282","https://www.google.com/maps/@22.72996920131409,120.27214033735282,20z","https://www.openstreetmap.org/way/312871463","segment_direction","2","left;through|through;right","2","left;through|through+right","anna","3553","way/312871463@b/1080697358","anna","3553","way/312871463@b/1080697358","`+` 與 `;` 的允許方向相同，但目前繪圖語意不同，需看現地箭頭樣式。"
"允許方向相同，但箭頭表示法不同","德中路","312871463","1080697514","反向","1080697514","22.7287271766463","120.27306765288787","https://www.google.com/maps/@22.7287271766463,120.27306765288787,20z","https://www.openstreetmap.org/way/312871463","segment_direction","2","left;through|through;right","2","left;through|through+right","anna","3551","way/312871463@b/1080697514","anna","3551","way/312871463@b/1080697514","`+` 與 `;` 的允許方向相同，但目前繪圖語意不同，需看現地箭頭樣式。"
"允許方向相同，但箭頭表示法不同","德中路","312871463","4309157453","反向","4309157453","22.7240170700593","120.27660108016927","https://www.google.com/maps/@22.7240170700593,120.27660108016927,20z","https://www.openstreetmap.org/way/312871463","segment_direction","2","left;through|through;right","2","left;through|through+right","anna","3533","way/312871463@b/4309157453","anna","3533","way/312871463@b/4309157453","`+` 與 `;` 的允許方向相同，但目前繪圖語意不同，需看現地箭頭樣式。"
"允許方向相同，但箭頭表示法不同","德中路","312871463","4668515918","反向","4668515918","22.7279852800404","120.27362207751308","https://www.google.com/maps/@22.7279852800404,120.27362207751308,20z","https://www.openstreetmap.org/way/312871463","segment_direction","2","left;through|through;right","2","left;through|through+right","anna","3541","way/312871463@b/4668515918","anna","3541","way/312871463@b/4668515918","`+` 與 `;` 的允許方向相同，但目前繪圖語意不同，需看現地箭頭樣式。"
"允許方向相同，但箭頭表示法不同","德中路","312871463","7242885126","反向","7242885126","22.72393573340339","120.27666411344882","https://www.google.com/maps/@22.72393573340339,120.27666411344882,20z","https://www.openstreetmap.org/way/312871463","segment_direction","2","left;through|through;right","2","left;through|through+right","anna","3532","way/312871463@b/7242885126","anna","3532","way/312871463@b/7242885126","`+` 與 `;` 的允許方向相同，但目前繪圖語意不同，需看現地箭頭樣式。"
"允許方向相同，但箭頭表示法不同","德中路","312871463","8420604124","反向","8420604124","22.724628079320045","120.27613443135294","https://www.google.com/maps/@22.724628079320045,120.27613443135294,20z","https://www.openstreetmap.org/way/312871463","segment_direction","2","left;through|through;right","2","left;through|through+right","anna","3536","way/312871463@b/8420604124","anna","3536","way/312871463@b/8420604124","`+` 與 `;` 的允許方向相同，但目前繪圖語意不同，需看現地箭頭樣式。"
"允許方向相同，但箭頭表示法不同","藍昌路","254325307","2081844137","反向","2081844137","22.73038799831703","120.29216810927045","https://www.google.com/maps/@22.73038799831703,120.29216810927045,20z","https://www.openstreetmap.org/way/254325307","intersection_approach","2","through|through;right","2","through|through+right","anna","3509","way/254325307@b/2081844137","anna","3509","way/254325307@b/2081844137","`+` 與 `;` 的允許方向相同，但目前繪圖語意不同，需看現地箭頭樣式。"
"允許方向相同，但箭頭表示法不同","藍昌路","254325307","5302825713","反向","5302825713","22.731603800528706","120.29232997130912","https://www.google.com/maps/@22.731603800528706,120.29232997130912,20z","https://www.openstreetmap.org/way/254325307","intersection_approach","2","through|through;right","2","through|through+right","anna","3507","way/254325307@b/5302825713","anna","3507","way/254325307@b/5302825713","`+` 與 `;` 的允許方向相同，但目前繪圖語意不同，需看現地箭頭樣式。"
"轉向內容不同","土庫一路","126247891","1400036531","反向","1400036531","22.735343649086758","120.33263926487103","https://www.google.com/maps/@22.735343649086758,120.33263926487103,20z","https://www.openstreetmap.org/way/126247891","segment_direction","2","left;through|through","2","left|left","anna","4612","way/126247891@b/1400036531","anna","4612","way/126247891@b/1400036531","人工值會覆蓋 LanePilot；請依現地與標註資料判定應保留哪一方。"
"轉向內容不同","土庫一路","126247891","12954233419","正向","1400036850","22.73616605","120.3297953","https://www.google.com/maps/@22.73616605,120.3297953,20z","https://www.openstreetmap.org/way/126247891","segment_direction","2","through|through","2","left;through|through","anna","4609","way/126247891@b/12954233419","anna","4609","way/126247891@b/12954233419","人工值會覆蓋 LanePilot；請依現地與標註資料判定應保留哪一方。"
"轉向內容不同","土庫路","182835763","988779627","反向","988779627","22.7441281","120.3268885","https://www.google.com/maps/@22.7441281,120.3268885,20z","https://www.openstreetmap.org/way/182835763","intersection_approach","3","left;through|through|through","3","left;through|through|through+right","anna","4488","way/182835763@b/988779627","anna","4488","way/182835763@b/988779627","人工值會覆蓋 LanePilot；請依現地與標註資料判定應保留哪一方。"
"轉向內容不同","土庫路","182835763","988779627","正向","11065364207","22.7436451","120.3273766","https://www.google.com/maps/@22.7436451,120.3273766,20z","https://www.openstreetmap.org/way/182835763","segment_direction","3","left;through|through|through;right","3","left;through|through|through","anna","4488","way/182835763@b/988779627","anna","4488","way/182835763@b/988779627","人工值會覆蓋 LanePilot；請依現地與標註資料判定應保留哪一方。"
"轉向內容不同","大學西路","254325300","265972835","正向","12658227953","22.7227497","120.2822363","https://www.google.com/maps/@22.7227497,120.2822363,20z","https://www.openstreetmap.org/way/254325300","intersection_approach","1","through;right","1","left;through;right","anna","3828","way/254325300@b/265972835","anna","3828","way/254325300@b/265972835","人工值會覆蓋 LanePilot；請依現地與標註資料判定應保留哪一方。"
"轉向內容不同","大學西路","254325300","12658227953","正向","2206324446","22.723091","120.2820963","https://www.google.com/maps/@22.723091,120.2820963,20z","https://www.openstreetmap.org/way/254325300","intersection_approach","1","through;right","1","left;through;right","anna","3825","way/254325300@b/12658227953","anna","3825","way/254325300@b/12658227953","人工值會覆蓋 LanePilot；請依現地與標註資料判定應保留哪一方。"
"轉向內容不同","大學西路","254325301","1080697233","反向","1080697233","22.7311811","120.2769598","https://www.google.com/maps/@22.7311811,120.2769598,20z","https://www.openstreetmap.org/way/254325301","intersection_approach","1","through;right","1","left;through;right","anna","3774","way/254325301@b/1080697233","anna","3774","way/254325301@b/1080697233","人工值會覆蓋 LanePilot；請依現地與標註資料判定應保留哪一方。"
"轉向內容不同","大學西路","254325301","7242882779","反向","7242882779","22.7323902","120.2760684","https://www.google.com/maps/@22.7323902,120.2760684,20z","https://www.openstreetmap.org/way/254325301","intersection_approach","1","through;right","1","left;through;right","anna","3769","way/254325301@b/7242882779","anna","3769","way/254325301@b/7242882779","人工值會覆蓋 LanePilot；請依現地與標註資料判定應保留哪一方。"
"轉向內容不同","大學西路","254325301","12658236915","反向","12658236915","22.7303175","120.277613","https://www.google.com/maps/@22.7303175,120.277613,20z","https://www.openstreetmap.org/way/254325301","intersection_approach","1","through;right","1","left;through;right","anna","3777","way/254325301@b/12658236915","anna","3777","way/254325301@b/12658236915","人工值會覆蓋 LanePilot；請依現地與標註資料判定應保留哪一方。"
"轉向內容不同","大學西路","267715873","265972836","反向","265972836","22.7247795","120.2813223","https://www.google.com/maps/@22.7247795,120.2813223,20z","https://www.openstreetmap.org/way/267715873","intersection_approach","1","through;right","1","left;through;right","anna","3813","way/267715873@b/265972836","anna","3813","way/267715873@b/265972836","人工值會覆蓋 LanePilot；請依現地與標註資料判定應保留哪一方。"
"轉向內容不同","大學西路","267715875","343046602","正向","1080696694","22.7256648","120.2807822","https://www.google.com/maps/@22.7256648,120.2807822,20z","https://www.openstreetmap.org/way/267715875","intersection_approach","1","left;through","1","left;through;right","anna","3810","way/267715875@b/343046602","anna","3810","way/267715875@b/343046602","人工值會覆蓋 LanePilot；請依現地與標註資料判定應保留哪一方。"
"轉向內容不同","大學南路","24275091","262101330","正向","1080697531","22.7287131","120.2765286","https://www.google.com/maps/@22.7287131,120.2765286,20z","https://www.openstreetmap.org/way/24275091","intersection_approach","1","through;right","1","left;through;right","anna","3710","way/24275091@b/262101330","anna","3710","way/24275091@b/262101330","人工值會覆蓋 LanePilot；請依現地與標註資料判定應保留哪一方。"
"轉向內容不同","大學南路","24275091","1080696911","反向","1080696911","22.7292297","120.277347","https://www.google.com/maps/@22.7292297,120.277347,20z","https://www.openstreetmap.org/way/24275091","intersection_approach","1","through;right","1","left;through;right","anna","3716","way/24275091@b/1080696911","anna","3716","way/24275091@b/1080696911","人工值會覆蓋 LanePilot；請依現地與標註資料判定應保留哪一方。"
"轉向內容不同","大學南路","93228856","260130552","反向","260130552","22.7324528","120.2905522","https://www.google.com/maps/@22.7324528,120.2905522,20z","https://www.openstreetmap.org/way/93228856","intersection_approach","2","left;through|through;right","2","through|through;right","anna","3742","way/93228856@b/260130552","anna","3742","way/93228856@b/260130552","人工值會覆蓋 LanePilot；請依現地與標註資料判定應保留哪一方。"
"轉向內容不同","大學南路","93228856","260130552","正向","1080696707","22.73238882345353","120.28896399388465","https://www.google.com/maps/@22.73238882345353,120.28896399388465,20z","https://www.openstreetmap.org/way/93228856","intersection_approach","2","left;through|through","2","left;through|through;right","anna","3742","way/93228856@b/260130552","anna","3742","way/93228856@b/260130552","人工值會覆蓋 LanePilot；請依現地與標註資料判定應保留哪一方。"
"轉向內容不同","大學南路","93228856","260130554","反向","260130554","22.73228939248097","120.28748286619378","https://www.google.com/maps/@22.73228939248097,120.28748286619378,20z","https://www.openstreetmap.org/way/93228856","segment_direction","2","left;through|right;through","2","through|through;right","anna","3736","way/93228856@b/260130554","anna","3736","way/93228856@b/260130554","人工值會覆蓋 LanePilot；請依現地與標註資料判定應保留哪一方。"
"轉向內容不同","大學南路","93228856","262840908","反向","262840908","22.732159451931565","120.28472352420219","https://www.google.com/maps/@22.732159451931565,120.28472352420219,20z","https://www.openstreetmap.org/way/93228856","segment_direction","2","left;through|right;through","2","through|through;right","anna","1863","way/93228856@b/262840908","anna","1863","way/93228856@b/262840908","人工值會覆蓋 LanePilot；請依現地與標註資料判定應保留哪一方。"
"轉向內容不同","大學南路","93228856","1080696707","反向","1080696707","22.73238882345353","120.28896399388465","https://www.google.com/maps/@22.73238882345353,120.28896399388465,20z","https://www.openstreetmap.org/way/93228856","segment_direction","2","left;through|right;through","2","through|through;right","anna","3739","way/93228856@b/1080696707","anna","3739","way/93228856@b/1080696707","人工值會覆蓋 LanePilot；請依現地與標註資料判定應保留哪一方。"
"轉向內容不同","大學南路","93228856","1080696707","正向","260130554","22.73228939248097","120.28748286619378","https://www.google.com/maps/@22.73228939248097,120.28748286619378,20z","https://www.openstreetmap.org/way/93228856","intersection_approach","2","left;through|through","2","left;through|through;right","anna","3739","way/93228856@b/1080696707","anna","3739","way/93228856@b/1080696707","人工值會覆蓋 LanePilot；請依現地與標註資料判定應保留哪一方。"
"轉向內容不同","大學南路","93228856","1080697252","反向","1080697252","22.73224158817306","120.2862936684979","https://www.google.com/maps/@22.73224158817306,120.2862936684979,20z","https://www.openstreetmap.org/way/93228856","segment_direction","2","left;through|right;through","2","through|through;right","anna","3733","way/93228856@b/1080697252","anna","3733","way/93228856@b/1080697252","人工值會覆蓋 LanePilot；請依現地與標註資料判定應保留哪一方。"
"轉向內容不同","大學南路","339750703","262835712","反向","262835712","22.7321459868918","120.2843964417979","https://www.google.com/maps/@22.7321459868918,120.2843964417979,20z","https://www.openstreetmap.org/way/339750703","segment_direction","2","left;through|right;through","2","through|through;right","anna","3728","way/339750703@b/262835712","anna","3728","way/339750703@b/262835712","人工值會覆蓋 LanePilot；請依現地與標註資料判定應保留哪一方。"
"轉向內容不同","大學南路","339750705","256245347","正向","1080696752","22.7323378","120.2916748","https://www.google.com/maps/@22.7323378,120.2916748,20z","https://www.openstreetmap.org/way/339750705","intersection_approach","1","through;right","1","left;through;right","anna","3754","way/339750705@b/256245347","anna","3754","way/339750705@b/256245347","人工值會覆蓋 LanePilot；請依現地與標註資料判定應保留哪一方。"
"轉向內容不同","大學南路","339750705","1080696831","反向","1080696831","22.732403","120.2911722","https://www.google.com/maps/@22.732403,120.2911722,20z","https://www.openstreetmap.org/way/339750705","intersection_approach","1","through;right","1","left;through;right","anna","3745","way/339750705@b/1080696831","anna","3745","way/339750705@b/1080696831","人工值會覆蓋 LanePilot；請依現地與標註資料判定應保留哪一方。"
"轉向內容不同","大學南路","339750705","12658227989","反向","12658227989","22.7323642","120.2915108","https://www.google.com/maps/@22.7323642,120.2915108,20z","https://www.openstreetmap.org/way/339750705","intersection_approach","1","through;right","1","left;through;right","anna","3748","way/339750705@b/12658227989","anna","3748","way/339750705@b/12658227989","人工值會覆蓋 LanePilot；請依現地與標註資料判定應保留哪一方。"
"轉向內容不同","大學南路","1464405423","1080697168","反向","1080697168","22.731481822863664","120.28085790247695","https://www.google.com/maps/@22.731481822863664,120.28085790247695,20z","https://www.openstreetmap.org/way/1464405423","intersection_approach","2","through|right;through","2","left;through|right;through","anna","3724","way/1464405423@b/1080697168","anna","3724","way/1464405423@b/1080697168","人工值會覆蓋 LanePilot；請依現地與標註資料判定應保留哪一方。"
"轉向內容不同","加昌路","23976945","1401138223","反向","1401138223","22.72176740418486","120.31493917550506","https://www.google.com/maps/@22.72176740418486,120.31493917550506,20z","https://www.openstreetmap.org/way/23976945","segment_direction","4","left;through|through|through|right","4","left;through|through;right|through|through","anna","1744","way/23976945@b/1401138223","anna","1744","way/23976945@b/1401138223","人工值會覆蓋 LanePilot；請依現地與標註資料判定應保留哪一方。"
"轉向內容不同","加昌路","23976945","1401138323","反向","1401138323","22.721107712770777","120.31333903522054","https://www.google.com/maps/@22.721107712770777,120.31333903522054,20z","https://www.openstreetmap.org/way/23976945","segment_direction","4","left;through|through|through|right","4","left;through|through;right|through|through","anna","1721","way/23976945@b/1401138323","anna","1721","way/23976945@b/1401138323","人工值會覆蓋 LanePilot；請依現地與標註資料判定應保留哪一方。"
"轉向內容不同","加昌路","126247878","1398635826","反向","1398635826","22.7143285","120.29529825","https://www.google.com/maps/@22.7143285,120.29529825,20z","https://www.openstreetmap.org/way/126247878","segment_direction","3","through|through|through;right","3","left;through|through|through","anna","1621","way/126247878@b/1398635826","anna","1621","way/126247878@b/1398635826","人工值會覆蓋 LanePilot；請依現地與標註資料判定應保留哪一方。"
"轉向內容不同","加昌路","126247878","1400036061","反向","1400036061","22.714009686383584","120.29428418844992","https://www.google.com/maps/@22.714009686383584,120.29428418844992,20z","https://www.openstreetmap.org/way/126247878","segment_direction","3","through|through|through;right","3","through|through|through","anna","1616","way/126247878@b/1400036061","anna","1616","way/126247878@b/1400036061","人工值會覆蓋 LanePilot；請依現地與標註資料判定應保留哪一方。"
"轉向內容不同","加昌路","126247878","3004986155","反向","3004986155","22.714098305012318","120.2945714501171","https://www.google.com/maps/@22.714098305012318,120.2945714501171,20z","https://www.openstreetmap.org/way/126247878","intersection_approach","4","through|through|through;right|through;right","4","left;through|through|through;right|through;right","anna","1617","way/126247878@b/3004986155","anna","1617","way/126247878@b/3004986155","人工值會覆蓋 LanePilot；請依現地與標註資料判定應保留哪一方。"
"轉向內容不同","加昌路","268219227","1196964687","反向","1196964687","22.72352919250108","120.31893197305045","https://www.google.com/maps/@22.72352919250108,120.31893197305045,20z","https://www.openstreetmap.org/way/268219227","segment_direction","2","through|through","2","left;through|through;right","anna","1800","way/268219227@b/1196964687","anna","1800","way/268219227@b/1196964687","人工值會覆蓋 LanePilot；請依現地與標註資料判定應保留哪一方。"
"轉向內容不同","加昌路","268219227","2624297538","反向","2624297538","22.723241533785476","120.31837015610085","https://www.google.com/maps/@22.723241533785476,120.31837015610085,20z","https://www.openstreetmap.org/way/268219227","segment_direction","2","through|through","2","left;through|through;right","anna","2815","way/268219227@b/2624297538","anna","2815","way/268219227@b/2624297538","人工值會覆蓋 LanePilot；請依現地與標註資料判定應保留哪一方。"
"轉向內容不同","加昌路","268219230","1400036464","反向","1400036464","22.716340542945357","120.30088976587577","https://www.google.com/maps/@22.716340542945357,120.30088976587577,20z","https://www.openstreetmap.org/way/268219230","segment_direction","3","through|through|through;right","3","left|through|through;right","anna","1650","way/268219230@b/1400036464","anna","1650","way/268219230@b/1400036464","人工值會覆蓋 LanePilot；請依現地與標註資料判定應保留哪一方。"
"轉向內容不同","加昌路","268219230","10894062953","反向","10894062953","22.71606166636128","120.30012406743151","https://www.google.com/maps/@22.71606166636128,120.30012406743151,20z","https://www.openstreetmap.org/way/268219230","segment_direction","3","through|through|through;right","3","left|through|through;right","anna","2798","way/268219230@b/10894062953","anna","2798","way/268219230@b/10894062953","人工值會覆蓋 LanePilot；請依現地與標註資料判定應保留哪一方。"
"轉向內容不同","加昌路","280277096","799202642","反向","799202642","22.71766561660834","120.30442516441323","https://www.google.com/maps/@22.71766561660834,120.30442516441323,20z","https://www.openstreetmap.org/way/280277096","segment_direction","3","through|through|through;right","3","through|through|through","unknown","1671","way/280277096","unknown","1671","way/280277096","人工值會覆蓋 LanePilot；請依現地與標註資料判定應保留哪一方。"
"轉向內容不同","加昌路","280277096","1218537327","反向","1218537327","22.717388885945397","120.30366139581595","https://www.google.com/maps/@22.717388885945397,120.30366139581595,20z","https://www.openstreetmap.org/way/280277096","intersection_approach","3","left;through|through|through","3","through|through|through","anna","1678","way/280277096@b/1218537327","anna","1678","way/280277096@b/1218537327","人工值會覆蓋 LanePilot；請依現地與標註資料判定應保留哪一方。"
"轉向內容不同","加昌路","280277096","2377566099","反向","2377566099","22.718277498213983","120.30600398516157","https://www.google.com/maps/@22.718277498213983,120.30600398516157,20z","https://www.openstreetmap.org/way/280277096","intersection_approach","3","left|through|through","3","through|through|through","anna","2803","way/280277096@b/2377566099","anna","2803","way/280277096@b/2377566099","人工值會覆蓋 LanePilot；請依現地與標註資料判定應保留哪一方。"
"轉向內容不同","加昌路","280277096","2383902811","反向","2383902811","22.717057162455138","120.30278550076639","https://www.google.com/maps/@22.717057162455138,120.30278550076639,20z","https://www.openstreetmap.org/way/280277096","segment_direction","3","through|through|through;right","3","through|through|through","anna","1676","way/280277096@b/2383902811","anna","1676","way/280277096@b/2383902811","人工值會覆蓋 LanePilot；請依現地與標註資料判定應保留哪一方。"
"轉向內容不同","加昌路","280277096","2417585459","反向","2417585459","22.71909714325068","120.30824141918258","https://www.google.com/maps/@22.71909714325068,120.30824141918258,20z","https://www.openstreetmap.org/way/280277096","segment_direction","3","through|through|through;right","3","left;through|through|through","anna","2811","way/280277096@b/2417585459","anna","2811","way/280277096@b/2417585459","人工值會覆蓋 LanePilot；請依現地與標註資料判定應保留哪一方。"
"轉向內容不同","右昌街","23683314","265968424","正向","1398635837","22.716937459922104","120.28720138117842","https://www.google.com/maps/@22.716937459922104,120.28720138117842,20z","https://www.openstreetmap.org/way/23683314","segment_direction","2","left;through|through;right","2","left;through|through","anna","1989","way/23683314@b/265968424","anna","1989","way/23683314@b/265968424","人工值會覆蓋 LanePilot；請依現地與標註資料判定應保留哪一方。"
"轉向內容不同","右昌街","122981736","1398634574","正向","588290608","22.715297771063803","120.28842255302663","https://www.google.com/maps/@22.715297771063803,120.28842255302663,20z","https://www.openstreetmap.org/way/122981736","intersection_approach","2","left;through|through;right","2","left;through|through","anna","2001","way/122981736@b/1398634574","anna","2001","way/122981736@b/1398634574","人工值會覆蓋 LanePilot；請依現地與標註資料判定應保留哪一方。"
"轉向內容不同","右昌街","339750724","265968430","反向","265968430","22.71733732178025","120.28656886417218","https://www.google.com/maps/@22.71733732178025,120.28656886417218,20z","https://www.openstreetmap.org/way/339750724","segment_direction","2","through|through;right","2","left;through|through;right","anna","3954","way/339750724@b/265968430","anna","3954","way/339750724@b/265968430","人工值會覆蓋 LanePilot；請依現地與標註資料判定應保留哪一方。"
"轉向內容不同","右昌街","339750724","265968430","正向","1398634927","22.71757209253361","120.28617436181221","https://www.google.com/maps/@22.71757209253361,120.28617436181221,20z","https://www.openstreetmap.org/way/339750724","intersection_approach","2","through|through;right","2","left;through|through;right","anna","3954","way/339750724@b/265968430","anna","3954","way/339750724@b/265968430","人工值會覆蓋 LanePilot；請依現地與標註資料判定應保留哪一方。"
"轉向內容不同","右昌街","339750724","265968432","正向","1398634826","22.717910054160345","120.28561584147815","https://www.google.com/maps/@22.717910054160345,120.28561584147815,20z","https://www.openstreetmap.org/way/339750724","intersection_approach","2","through|through;right","2","left;through|through;right","anna","1975","way/339750724@b/265968432","anna","1975","way/339750724@b/265968432","人工值會覆蓋 LanePilot；請依現地與標註資料判定應保留哪一方。"
"轉向內容不同","右昌街","339750724","1398634927","反向","1398634927","22.71757209253361","120.28617436181221","https://www.google.com/maps/@22.71757209253361,120.28617436181221,20z","https://www.openstreetmap.org/way/339750724","segment_direction","2","through|through;right","2","left;through|through;right","anna","3953","way/339750724@b/1398634927","anna","3953","way/339750724@b/1398634927","人工值會覆蓋 LanePilot；請依現地與標註資料判定應保留哪一方。"
"轉向內容不同","右昌街","339750724","1398634927","正向","265968432","22.717677941730663","120.28599653550279","https://www.google.com/maps/@22.717677941730663,120.28599653550279,20z","https://www.openstreetmap.org/way/339750724","intersection_approach","2","through|through;right","2","left;through|through;right","anna","3953","way/339750724@b/1398634927","anna","3953","way/339750724@b/1398634927","人工值會覆蓋 LanePilot；請依現地與標註資料判定應保留哪一方。"
"轉向內容不同","外環西路","1454602407","2206324417","正向","7244167956","22.713102514402713","120.30236999872305","https://www.google.com/maps/@22.713102514402713,120.30236999872305,20z","https://www.openstreetmap.org/way/1454602407","segment_direction","2","left|right","2","through|through","anna","3862","way/1454602407@b/2206324417","anna","3862","way/1454602407@b/2206324417","人工值會覆蓋 LanePilot；請依現地與標註資料判定應保留哪一方。"
"轉向內容不同","左楠路","297205391","4586456368","正向","295692586","22.707943424360145","120.30232104398715","https://www.google.com/maps/@22.707943424360145,120.30232104398715,20z","https://www.openstreetmap.org/way/297205391","intersection_approach","3","left|through|through","3","through|through|right","anna","3903","way/297205391@b/4586456368","anna","3903","way/297205391@b/4586456368","人工值會覆蓋 LanePilot；請依現地與標註資料判定應保留哪一方。"
"轉向內容不同","甲昌路","24260750","3010553466","反向","3010553466","22.734871305065695","120.29276434850296","https://www.google.com/maps/@22.734871305065695,120.29276434850296,20z","https://www.openstreetmap.org/way/24260750","intersection_approach","2","through|through;right","2","through|through","rex","280","way/24260750@b/3010553466","rex","280","way/24260750@b/3010553466","人工值會覆蓋 LanePilot；請依現地與標註資料判定應保留哪一方。"
"轉向內容不同","後昌新路","24288217","1398634371","反向","1398634371","22.721548328077176","120.29104111060933","https://www.google.com/maps/@22.721548328077176,120.29104111060933,20z","https://www.openstreetmap.org/way/24288217","segment_direction","2","left;through|through;right","2","through|through;right","rex","1259","way/24288217@b/1398634371","rex","1259","way/24288217@b/1398634371","人工值會覆蓋 LanePilot；請依現地與標註資料判定應保留哪一方。"
"轉向內容不同","後昌新路","24288217","1398634371","正向","2417585442","22.72107218055592","120.29116790448236","https://www.google.com/maps/@22.72107218055592,120.29116790448236,20z","https://www.openstreetmap.org/way/24288217","intersection_approach","2","left;through|through","2","left;through|through;right","rex","1259","way/24288217@b/1398634371","rex","1259","way/24288217@b/1398634371","人工值會覆蓋 LanePilot；請依現地與標註資料判定應保留哪一方。"
"轉向內容不同","後昌新路","24288217","2417585442","正向","2417585444","22.720662258736926","120.29128051780907","https://www.google.com/maps/@22.720662258736926,120.29128051780907,20z","https://www.openstreetmap.org/way/24288217","intersection_approach","2","left;through|through","2","left;through|through;right","rex","1264","way/24288217@b/2417585442","rex","1264","way/24288217@b/2417585442","人工值會覆蓋 LanePilot；請依現地與標註資料判定應保留哪一方。"
"轉向內容不同","後昌路","23683301","256245260","正向","262085858","22.718239944988724","120.31041012532174","https://www.google.com/maps/@22.718239944988724,120.31041012532174,20z","https://www.openstreetmap.org/way/23683301","intersection_approach","2","left;through|through","2","left;through|through;right","anna","1552","way/23683301@b/256245260","anna","1552","way/23683301@b/256245260","人工值會覆蓋 LanePilot；請依現地與標註資料判定應保留哪一方。"
"轉向內容不同","後昌路","23683301","1219300373","正向","2417585483","22.714507599999997","120.30916165","https://www.google.com/maps/@22.714507599999997,120.30916165,20z","https://www.openstreetmap.org/way/23683301","intersection_approach","2","left;through|through","2","left;through|through;right","rex","1488","way/23683301@b/1219300373","rex","1488","way/23683301@b/1219300373","人工值會覆蓋 LanePilot；請依現地與標註資料判定應保留哪一方。"
"轉向內容不同","後昌路","23683301","1219300693","正向","12828470053","22.710918221002625","120.30793070914527","https://www.google.com/maps/@22.710918221002625,120.30793070914527,20z","https://www.openstreetmap.org/way/23683301","segment_direction","2","left;through|through;right","2","through|through","rex","1468","way/23683301@b/1219300693","rex","1468","way/23683301@b/1219300693","人工值會覆蓋 LanePilot；請依現地與標註資料判定應保留哪一方。"
"轉向內容不同","後昌路","23683301","2375698003","正向","5693087367","22.70794240364607","120.3048776130652","https://www.google.com/maps/@22.70794240364607,120.3048776130652,20z","https://www.openstreetmap.org/way/23683301","segment_direction","2","left;through|through;right","2","through|through;right","rex","1432","way/23683301@b/2375698003","rex","1432","way/23683301@b/2375698003","人工值會覆蓋 LanePilot；請依現地與標註資料判定應保留哪一方。"
"轉向內容不同","後昌路","23683301","2417585468","正向","2417585470","22.716231060641338","120.30974915111284","https://www.google.com/maps/@22.716231060641338,120.30974915111284,20z","https://www.openstreetmap.org/way/23683301","intersection_approach","2","left;through|through","2","left;through|through;right","anna","1518","way/23683301@b/2417585468","anna","1518","way/23683301@b/2417585468","人工值會覆蓋 LanePilot；請依現地與標註資料判定應保留哪一方。"
"轉向內容不同","後昌路","23683301","2417585470","正向","261608476","22.715804194453234","120.309606303797","https://www.google.com/maps/@22.715804194453234,120.309606303797,20z","https://www.openstreetmap.org/way/23683301","segment_direction","2","left;through|through;right","2","through|through;right","anna","1517","way/23683301@b/2417585470","anna","1517","way/23683301@b/2417585470","人工值會覆蓋 LanePilot；請依現地與標註資料判定應保留哪一方。"
"轉向內容不同","後昌路","23683301","2417585473","正向","2417585466","22.71702330090543","120.31001240343338","https://www.google.com/maps/@22.71702330090543,120.31001240343338,20z","https://www.openstreetmap.org/way/23683301","intersection_approach","2","left;through|through","2","left;through|through;right","anna","1526","way/23683301@b/2417585473","anna","1526","way/23683301@b/2417585473","人工值會覆蓋 LanePilot；請依現地與標註資料判定應保留哪一方。"
"轉向內容不同","後昌路","23683301","2417585475","正向","2417585478","22.71545881762205","120.30948938493214","https://www.google.com/maps/@22.71545881762205,120.30948938493214,20z","https://www.openstreetmap.org/way/23683301","intersection_approach","2","left;through|through","2","left;through|through;right","rex","1506","way/23683301@b/2417585475","rex","1506","way/23683301@b/2417585475","人工值會覆蓋 LanePilot；請依現地與標註資料判定應保留哪一方。"
"轉向內容不同","後昌路","23683301","2417585478","正向","2417585479","22.715211612353436","120.30940573372257","https://www.google.com/maps/@22.715211612353436,120.30940573372257,20z","https://www.openstreetmap.org/way/23683301","intersection_approach","2","left;through|through","2","left;through|through;right","rex","1502","way/23683301@b/2417585478","rex","1502","way/23683301@b/2417585478","人工值會覆蓋 LanePilot；請依現地與標註資料判定應保留哪一方。"
"轉向內容不同","後昌路","23683301","2417585483","正向","2417585485","22.714262391007175","120.30907924299493","https://www.google.com/maps/@22.714262391007175,120.30907924299493,20z","https://www.openstreetmap.org/way/23683301","intersection_approach","2","left;through|through","2","left;through|through;right","anna","3669","way/23683301@b/2417585483","anna","3669","way/23683301@b/2417585483","人工值會覆蓋 LanePilot；請依現地與標註資料判定應保留哪一方。"
"轉向內容不同","後昌路","23683301","4309157510","反向","4309157510","22.708911782365625","120.30720466851469","https://www.google.com/maps/@22.708911782365625,120.30720466851469,20z","https://www.openstreetmap.org/way/23683301","segment_direction","2","through|through","2","through|through+right","rex","1440","way/23683301@b/4309157510","rex","1440","way/23683301@b/4309157510","人工值會覆蓋 LanePilot；請依現地與標註資料判定應保留哪一方。"
"轉向內容不同","後昌路","23683301","4309157510","正向","2375698003","22.70867556847422","120.30682710327594","https://www.google.com/maps/@22.70867556847422,120.30682710327594,20z","https://www.openstreetmap.org/way/23683301","segment_direction","2","left;through|through;right","2","through|through;right","rex","1440","way/23683301@b/4309157510","rex","1440","way/23683301@b/4309157510","人工值會覆蓋 LanePilot；請依現地與標註資料判定應保留哪一方。"
"轉向內容不同","後昌路","23683301","12828470053","正向","4309157510","22.708911782365625","120.30720466851469","https://www.google.com/maps/@22.708911782365625,120.30720466851469,20z","https://www.openstreetmap.org/way/23683301","segment_direction","2","left;through|through;right","2","through|through","rex","1449","way/23683301@b/12828470053","rex","1449","way/23683301@b/12828470053","人工值會覆蓋 LanePilot；請依現地與標註資料判定應保留哪一方。"
"轉向內容不同","後昌路","231785289","273103109","正向","273103101","22.7087534561419","120.29776569140525","https://www.google.com/maps/@22.7087534561419,120.29776569140525,20z","https://www.openstreetmap.org/way/231785289","segment_direction","2","left;through|through;right","2","through|through;right","rex","1378","way/231785289@b/273103109","rex","1378","way/231785289@b/273103109","人工值會覆蓋 LanePilot；請依現地與標註資料判定應保留哪一方。"
"轉向內容不同","後昌路","231785289","2401070584","反向","2401070584","22.708341998143112","120.29841770027176","https://www.google.com/maps/@22.708341998143112,120.29841770027176,20z","https://www.openstreetmap.org/way/231785289","segment_direction","2","through|through","2","through|through;right","rex","1390","way/231785289@b/2401070584","rex","1390","way/231785289@b/2401070584","人工值會覆蓋 LanePilot；請依現地與標註資料判定應保留哪一方。"
"轉向內容不同","後昌路","231785289","13056406664","正向","273103109","22.70952125","120.29694755","https://www.google.com/maps/@22.70952125,120.29694755,20z","https://www.openstreetmap.org/way/231785289","segment_direction","2","left;through|through;right","2","through|through;right","rex","1375","way/231785289@b/13056406664","rex","1375","way/231785289@b/13056406664","人工值會覆蓋 LanePilot；請依現地與標註資料判定應保留哪一方。"
"轉向內容不同","後昌路","231785289","13068073863","反向","13068073863","22.70784061787723","120.29996044225229","https://www.google.com/maps/@22.70784061787723,120.29996044225229,20z","https://www.openstreetmap.org/way/231785289","intersection_approach","2","left|through;right","2","left;through|through;right","rex","1416","way/231785289@b/13068073863","rex","1416","way/231785289@b/13068073863","人工值會覆蓋 LanePilot；請依現地與標註資料判定應保留哪一方。"
"轉向內容不同","後昌路","247974699","273103152","正向","1398635587","22.71596107665878","120.29289681958801","https://www.google.com/maps/@22.71596107665878,120.29289681958801,20z","https://www.openstreetmap.org/way/247974699","intersection_approach","2","through|through;right","2","left;through|through;right","rex","1302","way/247974699@b/273103152","rex","1302","way/247974699@b/273103152","人工值會覆蓋 LanePilot；請依現地與標註資料判定應保留哪一方。"
"轉向內容不同","後昌路","247974699","1398635587","反向","1398635587","22.71596107665878","120.29289681958801","https://www.google.com/maps/@22.71596107665878,120.29289681958801,20z","https://www.openstreetmap.org/way/247974699","intersection_approach","2","left;through|through","2","left;through|through;right","rex","1309","way/247974699@b/1398635587","rex","1309","way/247974699@b/1398635587","人工值會覆蓋 LanePilot；請依現地與標註資料判定應保留哪一方。"
"轉向內容不同","後昌路","256044044","262675908","正向","1398634156","22.71738014784385","120.29075510588083","https://www.google.com/maps/@22.71738014784385,120.29075510588083,20z","https://www.openstreetmap.org/way/256044044","intersection_approach","2","through|through;right","2","left;through|through;right","anna","3323","way/256044044@b/262675908","anna","3323","way/256044044@b/262675908","人工值會覆蓋 LanePilot；請依現地與標註資料判定應保留哪一方。"
"轉向內容不同","後昌路","281341659","1400036204","正向","2206349225","22.713452033586456","120.2939658507746","https://www.google.com/maps/@22.713452033586456,120.2939658507746,20z","https://www.openstreetmap.org/way/281341659","intersection_approach","2","through|through;right","2","left;through|through;right","rex","1315","way/281341659@b/1400036204","rex","1315","way/281341659@b/1400036204","人工值會覆蓋 LanePilot；請依現地與標註資料判定應保留哪一方。"
"轉向內容不同","後昌路","281341659","1407167209","正向","2206349219","22.713172632375873","120.29406287499663","https://www.google.com/maps/@22.713172632375873,120.29406287499663,20z","https://www.openstreetmap.org/way/281341659","intersection_approach","2","through|through;right","2","left;through|through;right","anna","3831","way/281341659@b/1407167209","anna","3831","way/281341659@b/1407167209","人工值會覆蓋 LanePilot；請依現地與標註資料判定應保留哪一方。"
"轉向內容不同","後昌路","281341659","2206349225","反向","2206349225","22.713452033586456","120.2939658507746","https://www.google.com/maps/@22.713452033586456,120.2939658507746,20z","https://www.openstreetmap.org/way/281341659","segment_direction","2","left;through|through;right","2","through|through;right","anna","3338","way/281341659@b/2206349225","anna","3338","way/281341659@b/2206349225","人工值會覆蓋 LanePilot；請依現地與標註資料判定應保留哪一方。"
"轉向內容不同","後昌路","281341659","2421446017","正向","273103117","22.71101183897384","120.29560531039363","https://www.google.com/maps/@22.71101183897384,120.29560531039363,20z","https://www.openstreetmap.org/way/281341659","segment_direction","2","left;through|through;right","2","through|through;right","rex","1356","way/281341659@b/2421446017","rex","1356","way/281341659@b/2421446017","人工值會覆蓋 LanePilot；請依現地與標註資料判定應保留哪一方。"
"轉向內容不同","後昌路","281341661","1398635085","反向","1398635085","22.71639848646783","120.28894875493478","https://www.google.com/maps/@22.71639848646783,120.28894875493478,20z","https://www.openstreetmap.org/way/281341661","intersection_approach","2","left;through|through","2","left;through|through;right","anna","3317","way/281341661@b/1398635085","anna","3317","way/281341661@b/1398635085","人工值會覆蓋 LanePilot；請依現地與標註資料判定應保留哪一方。"
"轉向內容不同","後昌路","281341661","1398635085","正向","1372607168","22.716713104828678","120.28951807318643","https://www.google.com/maps/@22.716713104828678,120.28951807318643,20z","https://www.openstreetmap.org/way/281341661","intersection_approach","2","left;through|through","2","through|through;right","anna","3317","way/281341661@b/1398635085","anna","3317","way/281341661@b/1398635085","人工值會覆蓋 LanePilot；請依現地與標註資料判定應保留哪一方。"
"轉向內容不同","軍校路","231785283","1372607234","正向","2206349187","22.711174525687667","120.29230710965675","https://www.google.com/maps/@22.711174525687667,120.29230710965675,20z","https://www.openstreetmap.org/way/231785283","intersection_approach","2","left;through|through;right","2","through|through;right","anna","2674","way/231785283@b/1372607234","anna","2674","way/231785283@b/1372607234","人工值會覆蓋 LanePilot；請依現地與標註資料判定應保留哪一方。"
"轉向內容不同","軍校路","231785283","1398634286","正向","2206349202","22.711792801669027","120.29205817279191","https://www.google.com/maps/@22.711792801669027,120.29205817279191,20z","https://www.openstreetmap.org/way/231785283","segment_direction","2","through|through;right","2","through|through","anna","2665","way/231785283@b/1398634286","anna","2665","way/231785283@b/1398634286","人工值會覆蓋 LanePilot；請依現地與標註資料判定應保留哪一方。"
"轉向內容不同","軍校路","231785283","2206349187","反向","2206349187","22.711174525687667","120.29230710965675","https://www.google.com/maps/@22.711174525687667,120.29230710965675,20z","https://www.openstreetmap.org/way/231785283","intersection_approach","2","through|through","2","left;through|through","anna","2668","way/231785283@b/2206349187","anna","2668","way/231785283@b/2206349187","人工值會覆蓋 LanePilot；請依現地與標註資料判定應保留哪一方。"
"轉向內容不同","軍校路","231785288","258786310","反向","258786310","22.710045869192935","120.2927567128794","https://www.google.com/maps/@22.710045869192935,120.2927567128794,20z","https://www.openstreetmap.org/way/231785288","intersection_approach","2","left;through|through;right","2","left;through|through","anna","2679","way/231785288@b/258786310","anna","2679","way/231785288@b/258786310","人工值會覆蓋 LanePilot；請依現地與標註資料判定應保留哪一方。"
"轉向內容不同","軍校路","231785288","258786310","正向","1398635416","22.71030085","120.29265955","https://www.google.com/maps/@22.71030085,120.29265955,20z","https://www.openstreetmap.org/way/231785288","segment_direction","2","through|through;right","2","left;through|through","anna","2679","way/231785288@b/258786310","anna","2679","way/231785288@b/258786310","人工值會覆蓋 LanePilot；請依現地與標註資料判定應保留哪一方。"
"轉向內容不同","軍校路","231785288","1398635416","反向","1398635416","22.71030085","120.29265955","https://www.google.com/maps/@22.71030085,120.29265955,20z","https://www.openstreetmap.org/way/231785288","intersection_approach","2","left;through|through;right","2","through|through;right","anna","2676","way/231785288@b/1398635416","anna","2676","way/231785288@b/1398635416","人工值會覆蓋 LanePilot；請依現地與標註資料判定應保留哪一方。"
"轉向內容不同","軍校路","231785288","2206361958","反向","2206361958","22.709645312683737","120.29286451330093","https://www.google.com/maps/@22.709645312683737,120.29286451330093,20z","https://www.openstreetmap.org/way/231785288","segment_direction","2","through|through;right","2","left;through|through","anna","2682","way/231785288@b/2206361958","anna","2682","way/231785288@b/2206361958","人工值會覆蓋 LanePilot；請依現地與標註資料判定應保留哪一方。"
"轉向內容不同","軍校路","267715897","262083246","正向","2417585432","22.7089621916084","120.29297992405297","https://www.google.com/maps/@22.7089621916084,120.29297992405297,20z","https://www.openstreetmap.org/way/267715897","segment_direction","2","through|through;right","2","through|through","anna","2693","way/267715897@b/262083246","anna","2693","way/267715897@b/262083246","人工值會覆蓋 LanePilot；請依現地與標註資料判定應保留哪一方。"
"轉向內容不同","軍校路","267715897","2206361943","反向","2206361943","22.709009492992763","120.29297477013617","https://www.google.com/maps/@22.709009492992763,120.29297477013617,20z","https://www.openstreetmap.org/way/267715897","segment_direction","2","through|through;right","2","left;through|through;right","anna","2691","way/267715897@b/2206361943","anna","2691","way/267715897@b/2206361943","人工值會覆蓋 LanePilot；請依現地與標註資料判定應保留哪一方。"
"轉向內容不同","軍校路","383026294","262083286","反向","262083286","22.705610801046483","120.2928091952179","https://www.google.com/maps/@22.705610801046483,120.2928091952179,20z","https://www.openstreetmap.org/way/383026294","segment_direction","2","through|through;right","2","left;through|through","anna","2709","way/383026294@b/262083286","anna","2709","way/383026294@b/262083286","人工值會覆蓋 LanePilot；請依現地與標註資料判定應保留哪一方。"
"轉向內容不同","軍校路","383026294","262083286","正向","2206361912","22.705834869947324","120.2928782160649","https://www.google.com/maps/@22.705834869947324,120.2928782160649,20z","https://www.openstreetmap.org/way/383026294","segment_direction","2","through|through","2","through|through;right","anna","2709","way/383026294@b/262083286","anna","2709","way/383026294@b/262083286","人工值會覆蓋 LanePilot；請依現地與標註資料判定應保留哪一方。"
"轉向內容不同","軍校路","383026294","1372607276","反向","1372607276","22.70790914658945","120.29283603075223","https://www.google.com/maps/@22.70790914658945,120.29283603075223,20z","https://www.openstreetmap.org/way/383026294","segment_direction","2","through|through;right","2","through|through","anna","2695","way/383026294@b/1372607276","anna","2695","way/383026294@b/1372607276","人工值會覆蓋 LanePilot；請依現地與標註資料判定應保留哪一方。"
"轉向內容不同","軍校路","383026294","2178152797","反向","2178152797","22.70514318632914","120.29253983571701","https://www.google.com/maps/@22.70514318632914,120.29253983571701,20z","https://www.openstreetmap.org/way/383026294","segment_direction","2","through|through;right","2","left;through|through;right","anna","2712","way/383026294@b/2178152797","anna","2712","way/383026294@b/2178152797","人工值會覆蓋 LanePilot；請依現地與標註資料判定應保留哪一方。"
"轉向內容不同","軍校路","383026294","2178152797","正向","258786223","22.70524941514389","120.29259033549265","https://www.google.com/maps/@22.70524941514389,120.29259033549265,20z","https://www.openstreetmap.org/way/383026294","segment_direction","2","through|through","2","through|through;right","anna","2712","way/383026294@b/2178152797","anna","2712","way/383026294@b/2178152797","人工值會覆蓋 LanePilot；請依現地與標註資料判定應保留哪一方。"
"轉向內容不同","軍校路","383026294","2206361912","反向","2206361912","22.705834869947324","120.2928782160649","https://www.google.com/maps/@22.705834869947324,120.2928782160649,20z","https://www.openstreetmap.org/way/383026294","segment_direction","2","through|through;right","2","left;through|through","anna","2706","way/383026294@b/2206361912","anna","2706","way/383026294@b/2206361912","人工值會覆蓋 LanePilot；請依現地與標註資料判定應保留哪一方。"
"轉向內容不同","軍校路","383026294","2206361912","正向","1389897866","22.705987999999998","120.2928829","https://www.google.com/maps/@22.705987999999998,120.2928829,20z","https://www.openstreetmap.org/way/383026294","segment_direction","2","through|through","2","through|through;right","anna","2706","way/383026294@b/2206361912","anna","2706","way/383026294@b/2206361912","人工值會覆蓋 LanePilot；請依現地與標註資料判定應保留哪一方。"
"轉向內容不同","軍校路","383026294","4315349243","反向","4315349243","22.70413988009859","120.29246896328334","https://www.google.com/maps/@22.70413988009859,120.29246896328334,20z","https://www.openstreetmap.org/way/383026294","segment_direction","2","through|through;right","2","through|right","anna","2718","way/383026294@b/4315349243","anna","2718","way/383026294@b/4315349243","人工值會覆蓋 LanePilot；請依現地與標註資料判定應保留哪一方。"
"轉向內容不同","軍校路","383026294","4315349243","正向","2938751972","22.704469939456214","120.29246835625534","https://www.google.com/maps/@22.704469939456214,120.29246835625534,20z","https://www.openstreetmap.org/way/383026294","segment_direction","2","through|through","2","left;through|through;right","anna","2718","way/383026294@b/4315349243","anna","2718","way/383026294@b/4315349243","人工值會覆蓋 LanePilot；請依現地與標註資料判定應保留哪一方。"
"轉向內容不同","海專路","286066495","262087969","反向","262087969","22.72444218948224","120.31481546034863","https://www.google.com/maps/@22.72444218948224,120.31481546034863,20z","https://www.openstreetmap.org/way/286066495","intersection_approach","2","through|through;right","2","left;through|through","anna","3584","way/286066495@b/262087969","anna","3584","way/286066495@b/262087969","人工值會覆蓋 LanePilot；請依現地與標註資料判定應保留哪一方。"
"轉向內容不同","海專路","286066495","262087973","反向","262087973","22.725069410668223","120.31261954224587","https://www.google.com/maps/@22.725069410668223,120.31261954224587,20z","https://www.openstreetmap.org/way/286066495","segment_direction","2","through|through;right","2","left;through|through","anna","3571","way/286066495@b/262087973","anna","3571","way/286066495@b/262087973","人工值會覆蓋 LanePilot；請依現地與標註資料判定應保留哪一方。"
"轉向內容不同","海專路","286066495","1401138456","反向","1401138456","22.724808967697356","120.31344688256553","https://www.google.com/maps/@22.724808967697356,120.31344688256553,20z","https://www.openstreetmap.org/way/286066495","intersection_approach","2","through|through;right","2","left;through|through","anna","3574","way/286066495@b/1401138456","anna","3574","way/286066495@b/1401138456","人工值會覆蓋 LanePilot；請依現地與標註資料判定應保留哪一方。"
"轉向內容不同","海專路","286066495","1401138456","正向","262087973","22.725069410668223","120.31261954224587","https://www.google.com/maps/@22.725069410668223,120.31261954224587,20z","https://www.openstreetmap.org/way/286066495","intersection_approach","2","left;through|through","2","left;through|through;right","anna","3574","way/286066495@b/1401138456","anna","3574","way/286066495@b/1401138456","人工值會覆蓋 LanePilot；請依現地與標註資料判定應保留哪一方。"
"轉向內容不同","海專路","286066495","2378756847","反向","2378756847","22.724216989857535","120.31538300733646","https://www.google.com/maps/@22.724216989857535,120.31538300733646,20z","https://www.openstreetmap.org/way/286066495","segment_direction","2","through|through;right","2","left;through|through","anna","3589","way/286066495@b/2378756847","anna","3589","way/286066495@b/2378756847","人工值會覆蓋 LanePilot；請依現地與標註資料判定應保留哪一方。"
"轉向內容不同","海專路","286066495","2624297536","正向","2378756847","22.724216989857535","120.31538300733646","https://www.google.com/maps/@22.724216989857535,120.31538300733646,20z","https://www.openstreetmap.org/way/286066495","segment_direction","2","left;through|through;right","2","through|through;right","anna","3595","way/286066495@b/2624297536","anna","3595","way/286066495@b/2624297536","人工值會覆蓋 LanePilot；請依現地與標註資料判定應保留哪一方。"
"轉向內容不同","海專路","286066495","5735688079","正向","1401138456","22.724808967697356","120.31344688256553","https://www.google.com/maps/@22.724808967697356,120.31344688256553,20z","https://www.openstreetmap.org/way/286066495","intersection_approach","2","left;through|through","2","left;through|through;right","anna","3577","way/286066495@b/5735688079","anna","3577","way/286066495@b/5735688079","人工值會覆蓋 LanePilot；請依現地與標註資料判定應保留哪一方。"
"轉向內容不同","海專路","286066495","5735688081","反向","5735688081","22.724485358554546","120.31467184491612","https://www.google.com/maps/@22.724485358554546,120.31467184491612,20z","https://www.openstreetmap.org/way/286066495","segment_direction","2","through|through;right","2","left;through|through","anna","3580","way/286066495@b/5735688081","anna","3580","way/286066495@b/5735688081","人工值會覆蓋 LanePilot；請依現地與標註資料判定應保留哪一方。"
"轉向內容不同","高雄大學路","297138331","262840842","正向","1080697375","22.7291986","120.2847206","https://www.google.com/maps/@22.7291986,120.2847206,20z","https://www.openstreetmap.org/way/297138331","segment_direction","2","unknown|unknown","2","left;through|through","rex","201","way/297138331@b/262840842","rex","201","way/297138331@b/262840842","人工值會覆蓋 LanePilot；請依現地與標註資料判定應保留哪一方。"
"轉向內容不同","高楠公路","294647550","2982394393","正向","5792508540","22.7148857","120.3257306","https://www.google.com/maps/@22.7148857,120.3257306,20z","https://www.openstreetmap.org/way/294647550","intersection_approach","1","through;right","1","through","anna","3980","way/294647550@b/2982394393","anna","3980","way/294647550@b/2982394393","人工值會覆蓋 LanePilot；請依現地與標註資料判定應保留哪一方。"
"轉向內容不同","高楠公路","566619280","2624297508","正向","2982394394","22.7166017","120.325677","https://www.google.com/maps/@22.7166017,120.325677,20z","https://www.openstreetmap.org/way/566619280","segment_direction","1","through;right","1","through","anna","3996","way/566619280@b/2624297508","anna","3996","way/566619280@b/2624297508","人工值會覆蓋 LanePilot；請依現地與標註資料判定應保留哪一方。"
"轉向內容不同","清豐路","799032592","7472962176","反向","7472962176","22.7454365","120.3315726","https://www.google.com/maps/@22.7454365,120.3315726,20z","https://www.openstreetmap.org/way/799032592","segment_direction","2","left;through|through","2","left|left","anna","4473","way/799032592@b/7472962176","anna","4473","way/799032592@b/7472962176","人工值會覆蓋 LanePilot；請依現地與標註資料判定應保留哪一方。"
"轉向內容不同","創新路","85272563","988779683","反向","988779683","22.751701933624354","120.33145920186075","https://www.google.com/maps/@22.751701933624354,120.33145920186075,20z","https://www.openstreetmap.org/way/85272563","intersection_approach","2","left|through;right","2","left|right","anna","4147","way/85272563@b/988779683","anna","4147","way/85272563@b/988779683","人工值會覆蓋 LanePilot；請依現地與標註資料判定應保留哪一方。"
"轉向內容不同","創新路","85272563","988779700","正向","2264444008","22.748347066524673","120.33135567123519","https://www.google.com/maps/@22.748347066524673,120.33135567123519,20z","https://www.openstreetmap.org/way/85272563","intersection_approach","2","through|through;right","2","left;through|through;right","anna","4150","way/85272563@b/988779700","anna","4150","way/85272563@b/988779700","人工值會覆蓋 LanePilot；請依現地與標註資料判定應保留哪一方。"
"轉向內容不同","創新路","85272563","1209084465","正向","2264444051","22.74930169029195","120.33152983674245","https://www.google.com/maps/@22.74930169029195,120.33152983674245,20z","https://www.openstreetmap.org/way/85272563","intersection_approach","2","through|through;right","2","left;through|through;right","anna","4141","way/85272563@b/1209084465","anna","4141","way/85272563@b/1209084465","人工值會覆蓋 LanePilot；請依現地與標註資料判定應保留哪一方。"
"轉向內容不同","創新路","85272563","2264444008","正向","12954233433","22.747364410695845","120.33085156098808","https://www.google.com/maps/@22.747364410695845,120.33085156098808,20z","https://www.openstreetmap.org/way/85272563","intersection_approach","2","left;through|through","2","left;through|through;right","anna","4151","way/85272563@b/2264444008","anna","4151","way/85272563@b/2264444008","人工值會覆蓋 LanePilot；請依現地與標註資料判定應保留哪一方。"
"轉向內容不同","創新路","85272563","2264444051","反向","2264444051","22.74930169029195","120.33152983674245","https://www.google.com/maps/@22.74930169029195,120.33152983674245,20z","https://www.openstreetmap.org/way/85272563","intersection_approach","2","through|through;right","2","left;through|through","anna","4138","way/85272563@b/2264444051","anna","4138","way/85272563@b/2264444051","人工值會覆蓋 LanePilot；請依現地與標註資料判定應保留哪一方。"
"轉向內容不同","創新路","85272563","2264444051","正向","2264444036","22.748994478299647","120.33155617239001","https://www.google.com/maps/@22.748994478299647,120.33155617239001,20z","https://www.openstreetmap.org/way/85272563","intersection_approach","2","left;through|through","2","left;through|through;right","anna","4138","way/85272563@b/2264444051","anna","4138","way/85272563@b/2264444051","人工值會覆蓋 LanePilot；請依現地與標註資料判定應保留哪一方。"
"轉向內容不同","創新路","85272563","5965331454","正向","988779700","22.74863536751107","120.33150251209756","https://www.google.com/maps/@22.74863536751107,120.33150251209756,20z","https://www.openstreetmap.org/way/85272563","intersection_approach","2","left;through|through","2","left;through|through;right","anna","4152","way/85272563@b/5965331454","anna","4152","way/85272563@b/5965331454","人工值會覆蓋 LanePilot；請依現地與標註資料判定應保留哪一方。"
"轉向內容不同","創新路","85272563","12954233433","反向","12954233433","22.747364410695845","120.33085156098808","https://www.google.com/maps/@22.747364410695845,120.33085156098808,20z","https://www.openstreetmap.org/way/85272563","intersection_approach","2","through|through;right","2","left;through|through;right","anna","4124","way/85272563@b/12954233433","anna","4124","way/85272563@b/12954233433","人工值會覆蓋 LanePilot；請依現地與標註資料判定應保留哪一方。"
"轉向內容不同","創新路","85272563","12954233433","正向","2264443981","22.747156024574693","120.33074836166415","https://www.google.com/maps/@22.747156024574693,120.33074836166415,20z","https://www.openstreetmap.org/way/85272563","intersection_approach","2","through|through;right","2","left;through|through;right","anna","4124","way/85272563@b/12954233433","anna","4124","way/85272563@b/12954233433","人工值會覆蓋 LanePilot；請依現地與標註資料判定應保留哪一方。"
"轉向內容不同","創新路","271982119","988779646","反向","988779646","22.7434110745957","120.32761532548227","https://www.google.com/maps/@22.7434110745957,120.32761532548227,20z","https://www.openstreetmap.org/way/271982119","segment_direction","2","through|through;right","2","left;through|through;right","anna","4098","way/271982119@b/988779646","anna","4098","way/271982119@b/988779646","人工值會覆蓋 LanePilot；請依現地與標註資料判定應保留哪一方。"
"轉向內容不同","創新路","271982119","988779646","正向","2264471283","22.742719671943817","120.32686481953854","https://www.google.com/maps/@22.742719671943817,120.32686481953854,20z","https://www.openstreetmap.org/way/271982119","intersection_approach","2","through|through;right","2","left;through|through;right","anna","4098","way/271982119@b/988779646","anna","4098","way/271982119@b/988779646","人工值會覆蓋 LanePilot；請依現地與標註資料判定應保留哪一方。"
"轉向內容不同","創新路","271982119","988779670","反向","988779670","22.746080422120365","120.33021166554865","https://www.google.com/maps/@22.746080422120365,120.33021166554865,20z","https://www.openstreetmap.org/way/271982119","segment_direction","2","through|through;right","2","left;through|through;right","anna","4111","way/271982119@b/988779670","anna","4111","way/271982119@b/988779670","人工值會覆蓋 LanePilot；請依現地與標註資料判定應保留哪一方。"
"轉向內容不同","創新路","271982119","988779670","正向","2264443975","22.74593339265957","120.33011659826515","https://www.google.com/maps/@22.74593339265957,120.33011659826515,20z","https://www.openstreetmap.org/way/271982119","segment_direction","2","left;through|through;right","2","left;through|through","anna","4111","way/271982119@b/988779670","anna","4111","way/271982119@b/988779670","人工值會覆蓋 LanePilot；請依現地與標註資料判定應保留哪一方。"
"轉向內容不同","創新路","271982119","2264443975","反向","2264443975","22.74593339265957","120.33011659826515","https://www.google.com/maps/@22.74593339265957,120.33011659826515,20z","https://www.openstreetmap.org/way/271982119","segment_direction","2","through|through;right","2","left;through|through;right","anna","4112","way/271982119@b/2264443975","anna","4112","way/271982119@b/2264443975","人工值會覆蓋 LanePilot；請依現地與標註資料判定應保留哪一方。"
"轉向內容不同","創新路","271982119","2264471280","反向","2264471280","22.74212030598309","120.32621428319175","https://www.google.com/maps/@22.74212030598309,120.32621428319175,20z","https://www.openstreetmap.org/way/271982119","segment_direction","2","through|through;right","2","left;through|through;right","anna","4093","way/271982119@b/2264471280","anna","4093","way/271982119@b/2264471280","人工值會覆蓋 LanePilot；請依現地與標註資料判定應保留哪一方。"
"轉向內容不同","創新路","271982119","2264471283","反向","2264471283","22.742719671943817","120.32686481953854","https://www.google.com/maps/@22.742719671943817,120.32686481953854,20z","https://www.openstreetmap.org/way/271982119","segment_direction","2","through|through;right","2","left;through|through;right","anna","4094","way/271982119@b/2264471283","anna","4094","way/271982119@b/2264471283","人工值會覆蓋 LanePilot；請依現地與標註資料判定應保留哪一方。"
"轉向內容不同","創新路","271982119","2264471283","正向","2264471280","22.74212030598309","120.32621428319175","https://www.google.com/maps/@22.74212030598309,120.32621428319175,20z","https://www.openstreetmap.org/way/271982119","intersection_approach","2","through|through;right","2","left;through|through;right","anna","4094","way/271982119@b/2264471283","anna","4094","way/271982119@b/2264471283","人工值會覆蓋 LanePilot；請依現地與標註資料判定應保留哪一方。"
"轉向內容不同","創新路","294715679","12954233438","正向","1932046373","22.746353707728687","120.33035290128507","https://www.google.com/maps/@22.746353707728687,120.33035290128507,20z","https://www.openstreetmap.org/way/294715679","segment_direction","2","left;through|through;right","2","left;through|through","anna","4116","way/294715679@b/12954233438","anna","4116","way/294715679@b/12954233438","人工值會覆蓋 LanePilot；請依現地與標註資料判定應保留哪一方。"
"轉向內容不同","援中路","23875894","262104086","反向","262104086","22.72388897989128","120.28791045393649","https://www.google.com/maps/@22.72388897989128,120.28791045393649,20z","https://www.openstreetmap.org/way/23875894","intersection_approach","2","through|through;right","2","left;through|through","rex","1157","way/23875894@b/262104086","rex","1157","way/23875894@b/262104086","人工值會覆蓋 LanePilot；請依現地與標註資料判定應保留哪一方。"
"轉向內容不同","援中路","23875894","262840696","反向","262840696","22.723163517744624","120.2860040406488","https://www.google.com/maps/@22.723163517744624,120.2860040406488,20z","https://www.openstreetmap.org/way/23875894","intersection_approach","2","through|through;right","2","through|through","rex","1145","way/23875894@b/262840696","rex","1145","way/23875894@b/262840696","人工值會覆蓋 LanePilot；請依現地與標註資料判定應保留哪一方。"
"轉向內容不同","援中路","23875894","262840839","反向","262840839","22.723260552739596","120.28625835408702","https://www.google.com/maps/@22.723260552739596,120.28625835408702,20z","https://www.openstreetmap.org/way/23875894","intersection_approach","2","through|through;right","2","left;through|through;right","rex","1150","way/23875894@b/262840839","rex","1150","way/23875894@b/262840839","人工值會覆蓋 LanePilot；請依現地與標註資料判定應保留哪一方。"
"轉向內容不同","援中路","23875894","262841211","反向","262841211","22.72329571347405","120.28635044606636","https://www.google.com/maps/@22.72329571347405,120.28635044606636,20z","https://www.openstreetmap.org/way/23875894","intersection_approach","2","through|through;right","2","left;through|through;right","rex","1158","way/23875894@b/262841211","rex","1158","way/23875894@b/262841211","人工值會覆蓋 LanePilot；請依現地與標註資料判定應保留哪一方。"
"轉向內容不同","援中路","23875894","265972835","反向","265972835","22.721863955849322","120.28259888407399","https://www.google.com/maps/@22.721863955849322,120.28259888407399,20z","https://www.openstreetmap.org/way/23875894","intersection_approach","2","through|through;right","2","left;through|through","rex","1132","way/23875894@b/265972835","rex","1132","way/23875894@b/265972835","人工值會覆蓋 LanePilot；請依現地與標註資料判定應保留哪一方。"
"轉向內容不同","援中路","23875894","265972860","反向","265972860","22.7214848","120.28150515","https://www.google.com/maps/@22.7214848,120.28150515,20z","https://www.openstreetmap.org/way/23875894","intersection_approach","2","through|through;right","2","left;through|through","rex","1125","way/23875894@b/265972860","rex","1125","way/23875894@b/265972860","人工值會覆蓋 LanePilot；請依現地與標註資料判定應保留哪一方。"
"轉向內容不同","援中路","23875894","289127253","反向","289127253","22.724571086145907","120.28978226955289","https://www.google.com/maps/@22.724571086145907,120.28978226955289,20z","https://www.openstreetmap.org/way/23875894","intersection_approach","2","through|through;right","2","left;through|through","rex","1168","way/23875894@b/289127253","rex","1168","way/23875894@b/289127253","人工值會覆蓋 LanePilot；請依現地與標註資料判定應保留哪一方。"
"轉向內容不同","援中路","23875894","343047133","反向","343047133","22.722659880179474","120.28467314845473","https://www.google.com/maps/@22.722659880179474,120.28467314845473,20z","https://www.openstreetmap.org/way/23875894","intersection_approach","2","through|through;right","2","left;through|through","rex","1142","way/23875894@b/343047133","rex","1142","way/23875894@b/343047133","人工值會覆蓋 LanePilot；請依現地與標註資料判定應保留哪一方。"
"轉向內容不同","援中路","23875894","1080697376","反向","1080697376","22.724222453637353","120.28891501422854","https://www.google.com/maps/@22.724222453637353,120.28891501422854,20z","https://www.openstreetmap.org/way/23875894","intersection_approach","2","through|through;right","2","left;through|through","rex","1163","way/23875894@b/1080697376","rex","1163","way/23875894@b/1080697376","人工值會覆蓋 LanePilot；請依現地與標註資料判定應保留哪一方。"
"轉向內容不同","援中路","23875894","1401138335","反向","1401138335","22.725433657486352","120.29205583849124","https://www.google.com/maps/@22.725433657486352,120.29205583849124,20z","https://www.openstreetmap.org/way/23875894","intersection_approach","2","left;through|through","2","left;through|through;right","rex","1182","way/23875894@b/1401138335","rex","1182","way/23875894@b/1401138335","人工值會覆蓋 LanePilot；請依現地與標註資料判定應保留哪一方。"
"轉向內容不同","援中路","23875894","4615786630","反向","4615786630","22.721234223270955","120.280824708078","https://www.google.com/maps/@22.721234223270955,120.280824708078,20z","https://www.openstreetmap.org/way/23875894","intersection_approach","2","through|through;right","2","left;through|through;right","rex","1123","way/23875894","rex","1123","way/23875894","人工值會覆蓋 LanePilot；請依現地與標註資料判定應保留哪一方。"
"轉向內容不同","援中路","23875894","7242697842","反向","7242697842","22.723202609335164","120.28610653030462","https://www.google.com/maps/@22.723202609335164,120.28610653030462,20z","https://www.openstreetmap.org/way/23875894","intersection_approach","2","through|through;right","2","left;through|through;right","rex","1149","way/23875894@b/7242697842","rex","1149","way/23875894@b/7242697842","人工值會覆蓋 LanePilot；請依現地與標註資料判定應保留哪一方。"
"轉向內容不同","援中路","23875894","11212915656","反向","11212915656","22.72233629279799","120.28383054690693","https://www.google.com/maps/@22.72233629279799,120.28383054690693,20z","https://www.openstreetmap.org/way/23875894","intersection_approach","2","through|through;right","2","left;through|through","rex","1144","way/23875894@b/11212915656","rex","1144","way/23875894@b/11212915656","人工值會覆蓋 LanePilot；請依現地與標註資料判定應保留哪一方。"
"轉向內容不同","楠海路","790514222","1080697389","正向","2414133732","22.7283065","120.2723978","https://www.google.com/maps/@22.7283065,120.2723978,20z","https://www.openstreetmap.org/way/790514222","segment_direction","2","through|through","2","through|through;right","rex","242","way/790514222@b/1080697389","rex","242","way/790514222@b/1080697389","人工值會覆蓋 LanePilot；請依現地與標註資料判定應保留哪一方。"
"轉向內容不同","楠梓新路","230282051","280277411","正向","2264502011","22.730394937637463","120.32735721919687","https://www.google.com/maps/@22.730394937637463,120.32735721919687,20z","https://www.openstreetmap.org/way/230282051","segment_direction","2","left;through|through;right","2","through|through;right","anna","4743","way/230282051@b/280277411","anna","4743","way/230282051@b/280277411","人工值會覆蓋 LanePilot；請依現地與標註資料判定應保留哪一方。"
"轉向內容不同","楠梓新路","230282051","280277415","反向","280277415","22.729772513426653","120.3269414670491","https://www.google.com/maps/@22.729772513426653,120.3269414670491,20z","https://www.openstreetmap.org/way/230282051","segment_direction","2","left;through|through;right","2","left;through|through","anna","4737","way/230282051@b/280277415","anna","4737","way/230282051@b/280277415","人工值會覆蓋 LanePilot；請依現地與標註資料判定應保留哪一方。"
"轉向內容不同","楠梓新路","230282051","2264502011","正向","280277415","22.729772513426653","120.3269414670491","https://www.google.com/maps/@22.729772513426653,120.3269414670491,20z","https://www.openstreetmap.org/way/230282051","segment_direction","2","left;through|through;right","2","through|through;right","anna","4740","way/230282051@b/2264502011","anna","4740","way/230282051@b/2264502011","人工值會覆蓋 LanePilot；請依現地與標註資料判定應保留哪一方。"
"轉向內容不同","楠梓新路","430411159","280277421","正向","2261344435","22.728073810877685","120.32587517033036","https://www.google.com/maps/@22.728073810877685,120.32587517033036,20z","https://www.openstreetmap.org/way/430411159","segment_direction","2","left;through|through;right","2","through|through;right","anna","4717","way/430411159@b/280277421","anna","4717","way/430411159@b/280277421","人工值會覆蓋 LanePilot；請依現地與標註資料判定應保留哪一方。"
"轉向內容不同","楠梓新路","430411159","302211602","正向","280277421","22.728572856313768","120.32619096321017","https://www.google.com/maps/@22.728572856313768,120.32619096321017,20z","https://www.openstreetmap.org/way/430411159","segment_direction","2","left;through|through;right","2","through|through;right","anna","4720","way/430411159@b/302211602","anna","4720","way/430411159@b/302211602","人工值會覆蓋 LanePilot；請依現地與標註資料判定應保留哪一方。"
"轉向內容不同","楠梓新路","430411159","302211671","反向","302211671","22.728969146583204","120.32642434473219","https://www.google.com/maps/@22.728969146583204,120.32642434473219,20z","https://www.openstreetmap.org/way/430411159","segment_direction","2","left;through|through;right","2","through|through","anna","4723","way/430411159@b/302211671","anna","4723","way/430411159@b/302211671","人工值會覆蓋 LanePilot；請依現地與標註資料判定應保留哪一方。"
"轉向內容不同","楠梓新路","430411159","302211671","正向","302211602","22.728913743369073","120.32639171691507","https://www.google.com/maps/@22.728913743369073,120.32639171691507,20z","https://www.openstreetmap.org/way/430411159","segment_direction","2","left;through|through;right","2","left;through|through","anna","4723","way/430411159@b/302211671","anna","4723","way/430411159@b/302211671","人工值會覆蓋 LanePilot；請依現地與標註資料判定應保留哪一方。"
"轉向內容不同","楠梓新路","430411159","2261344414","反向","2261344414","22.727617315710994","120.32560078404302","https://www.google.com/maps/@22.727617315710994,120.32560078404302,20z","https://www.openstreetmap.org/way/430411159","segment_direction","2","left;through|through;right","2","left;through|through","anna","4710","way/430411159@b/2261344414","anna","4710","way/430411159@b/2261344414","人工值會覆蓋 LanePilot；請依現地與標註資料判定應保留哪一方。"
"轉向內容不同","楠梓新路","430411159","2261344414","正向","280277428","22.727007675","120.3252166","https://www.google.com/maps/@22.727007675,120.3252166,20z","https://www.openstreetmap.org/way/430411159","segment_direction","2","left;through|through;right","2","left;through|through","anna","4710","way/430411159@b/2261344414","anna","4710","way/430411159@b/2261344414","人工值會覆蓋 LanePilot；請依現地與標註資料判定應保留哪一方。"
"轉向內容不同","楠梓新路","430411159","2261344421","反向","2261344421","22.727738585985406","120.32567634323804","https://www.google.com/maps/@22.727738585985406,120.32567634323804,20z","https://www.openstreetmap.org/way/430411159","segment_direction","2","left;through|through;right","2","through|through","anna","4713","way/430411159@b/2261344421","anna","4713","way/430411159@b/2261344421","人工值會覆蓋 LanePilot；請依現地與標註資料判定應保留哪一方。"
"轉向內容不同","楠梓新路","430411159","2261344421","正向","2261344414","22.727617315710994","120.32560078404302","https://www.google.com/maps/@22.727617315710994,120.32560078404302,20z","https://www.openstreetmap.org/way/430411159","segment_direction","2","left;through|through;right","2","through|through;right","anna","4713","way/430411159@b/2261344421","anna","4713","way/430411159@b/2261344421","人工值會覆蓋 LanePilot；請依現地與標註資料判定應保留哪一方。"
"轉向內容不同","楠梓新路","430411159","2261344435","反向","2261344435","22.728073810877685","120.32587517033036","https://www.google.com/maps/@22.728073810877685,120.32587517033036,20z","https://www.openstreetmap.org/way/430411159","segment_direction","2","left;through|through;right","2","left;through|through","anna","4715","way/430411159@b/2261344435","anna","4715","way/430411159@b/2261344435","人工值會覆蓋 LanePilot；請依現地與標註資料判定應保留哪一方。"
"轉向內容不同","楠梓新路","430411159","2261344435","正向","2261344421","22.727738585985406","120.32567634323804","https://www.google.com/maps/@22.727738585985406,120.32567634323804,20z","https://www.openstreetmap.org/way/430411159","segment_direction","2","left;through|through;right","2","through|through","anna","4715","way/430411159@b/2261344435","anna","4715","way/430411159@b/2261344435","人工值會覆蓋 LanePilot；請依現地與標註資料判定應保留哪一方。"
"轉向內容不同","楠梓路","268219239","1196965148","反向","1196965148","22.731105178649663","120.3285344290313","https://www.google.com/maps/@22.731105178649663,120.3285344290313,20z","https://www.openstreetmap.org/way/268219239","segment_direction","2","through|through;right","2","left;through|through;right","anna","4591","way/268219239@b/1196965148","anna","4591","way/268219239@b/1196965148","人工值會覆蓋 LanePilot；請依現地與標註資料判定應保留哪一方。"
"轉向內容不同","楠梓路","268219239","1196965148","正向","3432299162","22.731537667780977","120.32838365200851","https://www.google.com/maps/@22.731537667780977,120.32838365200851,20z","https://www.openstreetmap.org/way/268219239","segment_direction","2","through|through","2","left;through|through","anna","4591","way/268219239@b/1196965148","anna","4591","way/268219239@b/1196965148","人工值會覆蓋 LanePilot；請依現地與標註資料判定應保留哪一方。"
"轉向內容不同","楠梓路","268219239","2264502044","反向","2264502044","22.732589841014295","120.32804365992558","https://www.google.com/maps/@22.732589841014295,120.32804365992558,20z","https://www.openstreetmap.org/way/268219239","segment_direction","2","through|through;right","2","left;through|through","anna","4584","way/268219239@b/2264502044","anna","4584","way/268219239@b/2264502044","人工值會覆蓋 LanePilot；請依現地與標註資料判定應保留哪一方。"
"轉向內容不同","楠梓路","268219239","2264502048","反向","2264502048","22.733089233842854","120.32786506918792","https://www.google.com/maps/@22.733089233842854,120.32786506918792,20z","https://www.openstreetmap.org/way/268219239","segment_direction","2","through|through;right","2","left;through|through","anna","4585","way/268219239@b/2264502048","anna","4585","way/268219239@b/2264502048","人工值會覆蓋 LanePilot；請依現地與標註資料判定應保留哪一方。"
"轉向內容不同","楠梓路","268219239","2264502048","正向","1932046239","22.733837382479805","120.32736083976181","https://www.google.com/maps/@22.733837382479805,120.32736083976181,20z","https://www.openstreetmap.org/way/268219239","intersection_approach","2","left;through|through;right","2","through|through","anna","4585","way/268219239@b/2264502048","anna","4585","way/268219239@b/2264502048","人工值會覆蓋 LanePilot；請依現地與標註資料判定應保留哪一方。"
"轉向內容不同","楠梓路","268219239","3432299162","反向","3432299162","22.731537667780977","120.32838365200851","https://www.google.com/maps/@22.731537667780977,120.32838365200851,20z","https://www.openstreetmap.org/way/268219239","segment_direction","2","through|through;right","2","left;through|through;right","anna","4592","way/268219239@b/3432299162","anna","4592","way/268219239@b/3432299162","人工值會覆蓋 LanePilot；請依現地與標註資料判定應保留哪一方。"
"轉向內容不同","楠梓路","268219239","3432299162","正向","2264502026","22.731842956183364","120.32828280463406","https://www.google.com/maps/@22.731842956183364,120.32828280463406,20z","https://www.openstreetmap.org/way/268219239","segment_direction","2","through|through","2","left;through|through","anna","4592","way/268219239@b/3432299162","anna","4592","way/268219239@b/3432299162","人工值會覆蓋 LanePilot；請依現地與標註資料判定應保留哪一方。"
"轉向內容不同","楠梓路","1464614119","1400036034","反向","1400036034","22.73606905880991","120.32570429478736","https://www.google.com/maps/@22.73606905880991,120.32570429478736,20z","https://www.openstreetmap.org/way/1464614119","segment_direction","2","through|through;right","2","through|left","anna","4562","way/1464614119@b/1400036034","anna","4562","way/1464614119@b/1400036034","人工值會覆蓋 LanePilot；請依現地與標註資料判定應保留哪一方。"
"轉向內容不同","楠陽路","23787579","1451068197","正向","1451068494","22.725093878353405","120.3330321973795","https://www.google.com/maps/@22.725093878353405,120.3330321973795,20z","https://www.openstreetmap.org/way/23787579","segment_direction","3","through|through|through","3","left|through|through","anna","4899","way/23787579@b/1451068197","anna","4899","way/23787579@b/1451068197","人工值會覆蓋 LanePilot；請依現地與標註資料判定應保留哪一方。"
"轉向內容不同","旗楠路","25706464","280277330","反向","280277330","22.73680820400703","120.33411755866561","https://www.google.com/maps/@22.73680820400703,120.33411755866561,20z","https://www.openstreetmap.org/way/25706464","segment_direction","2","left;through|through;right","2","through|through","anna","4696","way/25706464@b/280277330","anna","4696","way/25706464@b/280277330","人工值會覆蓋 LanePilot；請依現地與標註資料判定應保留哪一方。"
"轉向內容不同","旗楠路","25706464","1451069359","反向","1451069359","22.735247970598337","120.33282859796043","https://www.google.com/maps/@22.735247970598337,120.33282859796043,20z","https://www.openstreetmap.org/way/25706464","segment_direction","2","left;through|through;right","2","left;through|through","anna","4668","way/25706464@b/1451069359","anna","4668","way/25706464@b/1451069359","人工值會覆蓋 LanePilot；請依現地與標註資料判定應保留哪一方。"
"轉向內容不同","旗楠路","25706464","1451069527","反向","1451069527","22.73664734705755","120.33398492723325","https://www.google.com/maps/@22.73664734705755,120.33398492723325,20z","https://www.openstreetmap.org/way/25706464","segment_direction","2","left;through|through;right","2","through|through","anna","4688","way/25706464@b/1451069527","anna","4688","way/25706464@b/1451069527","人工值會覆蓋 LanePilot；請依現地與標註資料判定應保留哪一方。"
"轉向內容不同","旗楠路","25706465","1932046238","正向","7947276848","22.732710169395112","120.3305385819736","https://www.google.com/maps/@22.732710169395112,120.3305385819736,20z","https://www.openstreetmap.org/way/25706465","intersection_approach","2","left;through|through","2","left;through|through;right","anna","4655","way/25706465@b/1932046238","anna","4655","way/25706465@b/1932046238","人工值會覆蓋 LanePilot；請依現地與標註資料判定應保留哪一方。"
"轉向內容不同","旗楠路","25706465","2261357299","反向","2261357299","22.73125066883837","120.32883355072985","https://www.google.com/maps/@22.73125066883837,120.32883355072985,20z","https://www.openstreetmap.org/way/25706465","segment_direction","2","left;through|through;right","2","through|through;right","anna","4637","way/25706465@b/2261357299","anna","4637","way/25706465@b/2261357299","人工值會覆蓋 LanePilot；請依現地與標註資料判定應保留哪一方。"
"轉向內容不同","旗楠路","25706465","7947276862","反向","7947276862","22.732222724103895","120.33007925525295","https://www.google.com/maps/@22.732222724103895,120.33007925525295,20z","https://www.openstreetmap.org/way/25706465","segment_direction","2","left;through|through;right","2","left;through|through","anna","4643","way/25706465@b/7947276862","anna","4643","way/25706465@b/7947276862","人工值會覆蓋 LanePilot；請依現地與標註資料判定應保留哪一方。"
"轉向內容不同","旗楠路","25706465","7947276862","正向","2388052208","22.732009656682365","120.32987814043743","https://www.google.com/maps/@22.732009656682365,120.32987814043743,20z","https://www.openstreetmap.org/way/25706465","intersection_approach","2","through|through;right","2","left;through|through","anna","4643","way/25706465@b/7947276862","anna","4643","way/25706465@b/7947276862","人工值會覆蓋 LanePilot；請依現地與標註資料判定應保留哪一方。"
"轉向內容不同","旗楠路","271982114","8198448994","反向","8198448994","22.734398885964733","120.33209095380595","https://www.google.com/maps/@22.734398885964733,120.33209095380595,20z","https://www.openstreetmap.org/way/271982114","segment_direction","2","left;through|through;right","2","through|through","anna","4658","way/271982114@b/8198448994","anna","4658","way/271982114@b/8198448994","人工值會覆蓋 LanePilot；請依現地與標註資料判定應保留哪一方。"
"轉向內容不同","旗楠路","286066490","280277329","正向","266750975","22.737506400305037","120.33475181744988","https://www.google.com/maps/@22.737506400305037,120.33475181744988,20z","https://www.openstreetmap.org/way/286066490","segment_direction","3","left;through|through|through;right","3","left|through|through","anna","4016","way/286066490@b/280277329","anna","4016","way/286066490@b/280277329","人工值會覆蓋 LanePilot；請依現地與標註資料判定應保留哪一方。"
"轉向內容不同","鳳楠路","131904771","1451068931","反向","1451068931","22.721498617664057","120.33203404940568","https://www.google.com/maps/@22.721498617664057,120.33203404940568,20z","https://www.openstreetmap.org/way/131904771","segment_direction","4","left;through|through|through|right","4","through|through|through|right","anna","4784","way/131904771@b/1451068931","anna","4784","way/131904771@b/1451068931","人工值會覆蓋 LanePilot；請依現地與標註資料判定應保留哪一方。"
"轉向內容不同","鳳楠路","268219248","2261344333","正向","12598724579","22.726835700000002","120.32918757499999","https://www.google.com/maps/@22.726835700000002,120.32918757499999,20z","https://www.openstreetmap.org/way/268219248","intersection_approach","3","left|through|through;right","3","left;through|through|through;right","anna","4751","way/268219248@b/2261344333","anna","4751","way/268219248@b/2261344333","人工值會覆蓋 LanePilot；請依現地與標註資料判定應保留哪一方。"
"轉向內容不同","鳳楠路","268219248","12598724571","正向","12598724572","22.725506910084654","120.3295449508739","https://www.google.com/maps/@22.725506910084654,120.3295449508739,20z","https://www.openstreetmap.org/way/268219248","segment_direction","3","left;through|through|through;right","3","left;through|through|through","anna","4769","way/268219248@b/12598724571","anna","4769","way/268219248@b/12598724571","人工值會覆蓋 LanePilot；請依現地與標註資料判定應保留哪一方。"
"轉向內容不同","鳳楠路","306702028","12599114573","正向","12599114575","22.723151225189348","120.3309369234055","https://www.google.com/maps/@22.723151225189348,120.3309369234055,20z","https://www.openstreetmap.org/way/306702028","intersection_approach","3","through|through|through;right","3","left|left;through|through;right","anna","4775","way/306702028@b/12599114573","anna","4775","way/306702028@b/12599114573","人工值會覆蓋 LanePilot；請依現地與標註資料判定應保留哪一方。"
"轉向內容不同","德中路","267715934","2206324442","反向","2206324442","22.72252929767715","120.27791746898461","https://www.google.com/maps/@22.72252929767715,120.27791746898461,20z","https://www.openstreetmap.org/way/267715934","intersection_approach","2","through|through;right","2","through|through","anna","1914","way/267715934@b/2206324442","anna","1914","way/267715934@b/2206324442","人工值會覆蓋 LanePilot；請依現地與標註資料判定應保留哪一方。"
"轉向內容不同","德中路","267715934","9853009726","正向","2206324442","22.72252929767715","120.27791746898461","https://www.google.com/maps/@22.72252929767715,120.27791746898461,20z","https://www.openstreetmap.org/way/267715934","segment_direction","2","left;through|through;right","2","through|through","anna","1920","way/267715934@b/9853009726","anna","1920","way/267715934@b/9853009726","人工值會覆蓋 LanePilot；請依現地與標註資料判定應保留哪一方。"
"轉向內容不同","德中路","312871463","256455721","正向","4668515918","22.7279852800404","120.27362207751308","https://www.google.com/maps/@22.7279852800404,120.27362207751308,20z","https://www.openstreetmap.org/way/312871463","intersection_approach","2","through|through;right","2","left;through|through;right","anna","3540","way/312871463@b/256455721","anna","3540","way/312871463@b/256455721","人工值會覆蓋 LanePilot；請依現地與標註資料判定應保留哪一方。"
"轉向內容不同","德中路","312871463","1080697254","正向","1080696851","22.726495668034765","120.27473707907878","https://www.google.com/maps/@22.726495668034765,120.27473707907878,20z","https://www.openstreetmap.org/way/312871463","intersection_approach","2","through|through;right","2","left;through|through;right","anna","3538","way/312871463@b/1080697254","anna","3538","way/312871463@b/1080697254","人工值會覆蓋 LanePilot；請依現地與標註資料判定應保留哪一方。"
"轉向內容不同","德中路","312871463","2206324454","反向","2206324454","22.72435304054859","120.27634086262776","https://www.google.com/maps/@22.72435304054859,120.27634086262776,20z","https://www.openstreetmap.org/way/312871463","intersection_approach","2","through|through;right","2","left;through|through+right","anna","3535","way/312871463@b/2206324454","anna","3535","way/312871463@b/2206324454","人工值會覆蓋 LanePilot；請依現地與標註資料判定應保留哪一方。"
"轉向內容不同","德中路","312871463","7242885126","正向","4309157453","22.7240170700593","120.27660108016927","https://www.google.com/maps/@22.7240170700593,120.27660108016927,20z","https://www.openstreetmap.org/way/312871463","intersection_approach","2","left;through|through","2","left;through|through;right","anna","3532","way/312871463@b/7242885126","anna","3532","way/312871463@b/7242885126","人工值會覆蓋 LanePilot；請依現地與標註資料判定應保留哪一方。"
"轉向內容不同","德中路","312871463","9853009747","反向","9853009747","22.724131088064606","120.2765127703743","https://www.google.com/maps/@22.724131088064606,120.2765127703743,20z","https://www.openstreetmap.org/way/312871463","intersection_approach","2","through|through","2","left;through|through+right","anna","3534","way/312871463@b/9853009747","anna","3534","way/312871463@b/9853009747","人工值會覆蓋 LanePilot；請依現地與標註資料判定應保留哪一方。"
"轉向內容不同","德民路","75852429","1196964663","正向","1196964527","22.73395726697509","120.32137778672046","https://www.google.com/maps/@22.73395726697509,120.32137778672046,20z","https://www.openstreetmap.org/way/75852429","intersection_approach","2","through|through;right","2","through|through","anna","2905","way/75852429@b/1196964663","anna","2905","way/75852429@b/1196964663","人工值會覆蓋 LanePilot；請依現地與標註資料判定應保留哪一方。"
"轉向內容不同","德民路","254325305","256455746","反向","256455746","22.721660642950013","120.29101043478687","https://www.google.com/maps/@22.721660642950013,120.29101043478687,20z","https://www.openstreetmap.org/way/254325305","intersection_approach","2","through|right","2","left;through|through;right","anna","2785","way/254325305@b/256455746","anna","2785","way/254325305@b/256455746","人工值會覆蓋 LanePilot；請依現地與標註資料判定應保留哪一方。"
"轉向內容不同","德民路","254325305","1400036178","反向","1400036178","22.722194940974045","120.29471514397659","https://www.google.com/maps/@22.722194940974045,120.29471514397659,20z","https://www.openstreetmap.org/way/254325305","intersection_approach","2","through|through;right","2","through;right|through","anna","2825","way/254325305@b/1400036178","anna","2825","way/254325305@b/1400036178","人工值會覆蓋 LanePilot；請依現地與標註資料判定應保留哪一方。"
"轉向內容不同","德民路","254325305","1400036178","正向","1400036436","22.72221414082945","120.29477237457267","https://www.google.com/maps/@22.72221414082945,120.29477237457267,20z","https://www.openstreetmap.org/way/254325305","intersection_approach","2","through|through","2","through;right|through","anna","2825","way/254325305@b/1400036178","anna","2825","way/254325305@b/1400036178","人工值會覆蓋 LanePilot；請依現地與標註資料判定應保留哪一方。"
"轉向內容不同","德民路","256044038","1398635433","反向","1398635433","22.72039491109495","120.28830204109671","https://www.google.com/maps/@22.72039491109495,120.28830204109671,20z","https://www.openstreetmap.org/way/256044038","segment_direction","2","left;through|through;right","2","through|through;right","anna","2776","way/256044038@b/1398635433","anna","2776","way/256044038@b/1398635433","人工值會覆蓋 LanePilot；請依現地與標註資料判定應保留哪一方。"
"轉向內容不同","德民路","256044038","2384936096","反向","2384936096","22.72028147052707","120.28807899765741","https://www.google.com/maps/@22.72028147052707,120.28807899765741,20z","https://www.openstreetmap.org/way/256044038","segment_direction","2","left;through|through;right","2","through|through;right","anna","2773","way/256044038@b/2384936096","anna","2773","way/256044038@b/2384936096","人工值會覆蓋 LanePilot；請依現地與標註資料判定應保留哪一方。"
"轉向內容不同","德民路","256044038","2384936106","反向","2384936106","22.72083083574378","120.28916100688124","https://www.google.com/maps/@22.72083083574378,120.28916100688124,20z","https://www.openstreetmap.org/way/256044038","segment_direction","2","left;through|through;right","2","through|through;right","anna","2779","way/256044038@b/2384936106","anna","2779","way/256044038@b/2384936106","人工值會覆蓋 LanePilot；請依現地與標註資料判定應保留哪一方。"
"轉向內容不同","德民路","267715881","256455983","正向","2956870897","22.71862895857789","120.28532597102533","https://www.google.com/maps/@22.71862895857789,120.28532597102533,20z","https://www.openstreetmap.org/way/267715881","segment_direction","2","left;through|through;right","2","left;through|through","anna","2762","way/267715881@b/256455983","anna","2762","way/267715881@b/256455983","人工值會覆蓋 LanePilot；請依現地與標註資料判定應保留哪一方。"
"轉向內容不同","德民路","267715881","1398634938","反向","1398634938","22.718679386062274","120.28539718671723","https://www.google.com/maps/@22.718679386062274,120.28539718671723,20z","https://www.openstreetmap.org/way/267715881","intersection_approach","2","left;through|through;right","2","through|through","anna","2767","way/267715881@b/1398634938","anna","2767","way/267715881@b/1398634938","人工值會覆蓋 LanePilot；請依現地與標註資料判定應保留哪一方。"
"轉向內容不同","德民路","267715881","1398634938","正向","261697052","22.71985191672892","120.28733261495313","https://www.google.com/maps/@22.71985191672892,120.28733261495313,20z","https://www.openstreetmap.org/way/267715881","segment_direction","2","left;through|through;right","2","through|through;right","anna","2767","way/267715881@b/1398634938","anna","2767","way/267715881@b/1398634938","人工值會覆蓋 LanePilot；請依現地與標註資料判定應保留哪一方。"
"轉向內容不同","德民路","280277090","1400036566","反向","1400036566","22.733145839513764","120.3197719097768","https://www.google.com/maps/@22.733145839513764,120.3197719097768,20z","https://www.openstreetmap.org/way/280277090","intersection_approach","2","through|right","2","through|through","anna","2897","way/280277090@b/1400036566","anna","2897","way/280277090@b/1400036566","人工值會覆蓋 LanePilot；請依現地與標註資料判定應保留哪一方。"
"轉向內容不同","德民路","280277091","1400036576","正向","3853782600","22.72521437337437","120.30205071762515","https://www.google.com/maps/@22.72521437337437,120.30205071762515,20z","https://www.openstreetmap.org/way/280277091","segment_direction","2","left;through|through","2","through|through","anna","2850","way/280277091@b/1400036576","anna","2850","way/280277091@b/1400036576","人工值會覆蓋 LanePilot；請依現地與標註資料判定應保留哪一方。"
"轉向內容不同","德民路","280277091","2896477627","正向","2968251747","22.72333057454011","120.29795798442427","https://www.google.com/maps/@22.72333057454011,120.29795798442427,20z","https://www.openstreetmap.org/way/280277091","segment_direction","2","left;through|through","2","through;right|through","anna","2832","way/280277091@b/2896477627","anna","2832","way/280277091@b/2896477627","人工值會覆蓋 LanePilot；請依現地與標註資料判定應保留哪一方。"
"轉向內容不同","德民路","280277091","2968251747","反向","2968251747","22.72333057454011","120.29795798442427","https://www.google.com/maps/@22.72333057454011,120.29795798442427,20z","https://www.openstreetmap.org/way/280277091","intersection_approach","2","through|right","2","through|through","anna","2833","way/280277091@b/2968251747","anna","2833","way/280277091@b/2968251747","人工值會覆蓋 LanePilot；請依現地與標註資料判定應保留哪一方。"
"轉向內容不同","德民路","312878600","256455840","反向","256455840","22.725416275092233","120.30461176036212","https://www.google.com/maps/@22.725416275092233,120.30461176036212,20z","https://www.openstreetmap.org/way/312878600","segment_direction","2","through|through","2","reverse|through","anna","2856","way/312878600@b/256455840","anna","2856","way/312878600@b/256455840","人工值會覆蓋 LanePilot；請依現地與標註資料判定應保留哪一方。"
"轉向內容不同","德民路","1394491585","2876350352","正向","256455840","22.725416275092233","120.30461176036212","https://www.google.com/maps/@22.725416275092233,120.30461176036212,20z","https://www.openstreetmap.org/way/1394491585","intersection_approach","2","left;through|through","2","through|through","anna","2854","way/1394491585@b/2876350352","anna","2854","way/1394491585@b/2876350352","人工值會覆蓋 LanePilot；請依現地與標註資料判定應保留哪一方。"
"轉向內容不同","德民路","1420142022","1400036845","反向","1400036845","22.722648332943812","120.29603128599855","https://www.google.com/maps/@22.722648332943812,120.29603128599855,20z","https://www.openstreetmap.org/way/1420142022","segment_direction","2","left;through|through;right","2","through|through;right","anna","2831","way/1420142022@b/1400036845","anna","2831","way/1420142022@b/1400036845","人工值會覆蓋 LanePilot；請依現地與標註資料判定應保留哪一方。"
"轉向內容不同","德惠路","312878599","258785457","反向","258785457","22.726205800000002","120.3027951","https://www.google.com/maps/@22.726205800000002,120.3027951,20z","https://www.openstreetmap.org/way/312878599","segment_direction","2","left;through|through;right","2","through|through;right","anna","3672","way/312878599@b/258785457","anna","3672","way/312878599@b/258785457","人工值會覆蓋 LanePilot；請依現地與標註資料判定應保留哪一方。"
"轉向內容不同","學專路","24204253","1219300361","反向","1219300361","22.71734142297965","120.3179947052531","https://www.google.com/maps/@22.71734142297965,120.3179947052531,20z","https://www.openstreetmap.org/way/24204253","intersection_approach","2","through|through;right","2","left;through|through;right","anna","3633","way/24204253@b/1219300361","anna","3633","way/24204253@b/1219300361","人工值會覆蓋 LanePilot；請依現地與標註資料判定應保留哪一方。"
"轉向內容不同","學專路","24204253","1219300398","反向","1219300398","22.71597637680631","120.31756514442317","https://www.google.com/maps/@22.71597637680631,120.31756514442317,20z","https://www.openstreetmap.org/way/24204253","segment_direction","2","left;through|through;right","2","through|through;right","anna","3640","way/24204253@b/1219300398","anna","3640","way/24204253@b/1219300398","人工值會覆蓋 LanePilot；請依現地與標註資料判定應保留哪一方。"
"轉向內容不同","學專路","24204253","1219300398","正向","4585528623","22.716662542757625","120.31797578604325","https://www.google.com/maps/@22.716662542757625,120.31797578604325,20z","https://www.openstreetmap.org/way/24204253","intersection_approach","2","through|through;right","2","left;through|through","anna","3640","way/24204253@b/1219300398","anna","3640","way/24204253@b/1219300398","人工值會覆蓋 LanePilot；請依現地與標註資料判定應保留哪一方。"
"轉向內容不同","學專路","24204253","1219300399","正向","1219300429","22.71359812923387","120.31280168620242","https://www.google.com/maps/@22.71359812923387,120.31280168620242,20z","https://www.openstreetmap.org/way/24204253","intersection_approach","2","left;through|through;right","2","left;through|through","anna","3659","way/24204253@b/1219300399","anna","3659","way/24204253@b/1219300399","人工值會覆蓋 LanePilot；請依現地與標註資料判定應保留哪一方。"
"轉向內容不同","學專路","24204253","1219300536","反向","1219300536","22.715594250715572","120.31688342185402","https://www.google.com/maps/@22.715594250715572,120.31688342185402,20z","https://www.openstreetmap.org/way/24204253","intersection_approach","2","through|through;right","2","left;through|through;right","anna","3643","way/24204253@b/1219300536","anna","3643","way/24204253@b/1219300536","人工值會覆蓋 LanePilot；請依現地與標註資料判定應保留哪一方。"
"轉向內容不同","學專路","24204253","1219300742","反向","1219300742","22.715034666631883","120.31592481305401","https://www.google.com/maps/@22.715034666631883,120.31592481305401,20z","https://www.openstreetmap.org/way/24204253","intersection_approach","2","through|through;right","2","left;through|through;right","anna","3646","way/24204253@b/1219300742","anna","3646","way/24204253@b/1219300742","人工值會覆蓋 LanePilot；請依現地與標註資料判定應保留哪一方。"
"轉向內容不同","學專路","24204253","1219300766","反向","1219300766","22.720177971988548","120.31784993983814","https://www.google.com/maps/@22.720177971988548,120.31784993983814,20z","https://www.openstreetmap.org/way/24204253","intersection_approach","2","through|through;right","2","left;through|through;right","anna","3615","way/24204253@b/1219300766","anna","3615","way/24204253@b/1219300766","人工值會覆蓋 LanePilot；請依現地與標註資料判定應保留哪一方。"
"轉向內容不同","學專路","24204253","2396293724","反向","2396293724","22.721230078993948","120.31771074823448","https://www.google.com/maps/@22.721230078993948,120.31771074823448,20z","https://www.openstreetmap.org/way/24204253","intersection_approach","2","through|through;right","2","left;through|through;right","anna","3609","way/24204253@b/2396293724","anna","3609","way/24204253@b/2396293724","人工值會覆蓋 LanePilot；請依現地與標註資料判定應保留哪一方。"
"轉向內容不同","學專路","24204253","2398129507","反向","2398129507","22.71475355338814","120.31544115458458","https://www.google.com/maps/@22.71475355338814,120.31544115458458,20z","https://www.openstreetmap.org/way/24204253","segment_direction","2","left;through|through;right","2","through|through;right","anna","3651","way/24204253@b/2398129507","anna","3651","way/24204253@b/2398129507","人工值會覆蓋 LanePilot；請依現地與標註資料判定應保留哪一方。"
"轉向內容不同","學專路","24204253","2417585499","反向","2417585499","22.71997881675168","120.31787287198466","https://www.google.com/maps/@22.71997881675168,120.31787287198466,20z","https://www.openstreetmap.org/way/24204253","intersection_approach","2","through|through;right","2","left;through|through;right","anna","3623","way/24204253@b/2417585499","anna","3623","way/24204253@b/2417585499","人工值會覆蓋 LanePilot；請依現地與標註資料判定應保留哪一方。"
"轉向內容不同","學專路","24204253","4582185534","反向","4582185534","22.72203946543872","120.31749701214835","https://www.google.com/maps/@22.72203946543872,120.31749701214835,20z","https://www.openstreetmap.org/way/24204253","intersection_approach","2","left;through|through","2","left;through|through;right","anna","3602","way/24204253@b/4582185534","anna","3602","way/24204253@b/4582185534","人工值會覆蓋 LanePilot；請依現地與標註資料判定應保留哪一方。"
"轉向內容不同","藍田路","23875893","1080696860","反向","1080696860","22.725323255334487","120.27647870546052","https://www.google.com/maps/@22.725323255334487,120.27647870546052,20z","https://www.openstreetmap.org/way/23875893","segment_direction","2","left;through|through;right","2","through|through","rex","378","way/23875893@b/1080696860","rex","378","way/23875893@b/1080696860","人工值會覆蓋 LanePilot；請依現地與標註資料判定應保留哪一方。"
"轉向內容不同","藍田路","23875893","7391695984","反向","7391695984","22.724214344905974","120.27442157346039","https://www.google.com/maps/@22.724214344905974,120.27442157346039,20z","https://www.openstreetmap.org/way/23875893","segment_direction","2","left;through|through;right","2","left|right","rex","371","way/23875893@b/7391695984","rex","371","way/23875893@b/7391695984","人工值會覆蓋 LanePilot；請依現地與標註資料判定應保留哪一方。"
"轉向內容不同","藍田路","254325308","1401138375","反向","1401138375","22.727150619566878","120.2922372802894","https://www.google.com/maps/@22.727150619566878,120.2922372802894,20z","https://www.openstreetmap.org/way/254325308","segment_direction","2","left;through|through;right","2","left;through|through","rex","248","way/254325308@b/1401138375","rex","248","way/254325308@b/1401138375","人工值會覆蓋 LanePilot；請依現地與標註資料判定應保留哪一方。"
"轉向內容不同","藍田路","254325308","2400006088","反向","2400006088","22.726563003588307","120.29554103028259","https://www.google.com/maps/@22.726563003588307,120.29554103028259,20z","https://www.openstreetmap.org/way/254325308","segment_direction","2","left;through|through;right","2","through|through;right","rex","265","way/254325308@b/2400006088","rex","265","way/254325308@b/2400006088","人工值會覆蓋 LanePilot；請依現地與標註資料判定應保留哪一方。"
"轉向內容不同","藍田路","254325308","2400006089","反向","2400006089","22.726453616635894","120.29576350120826","https://www.google.com/maps/@22.726453616635894,120.29576350120826,20z","https://www.openstreetmap.org/way/254325308","segment_direction","2","left;through|through;right","2","through|through;right","rex","266","way/254325308@b/2400006089","rex","266","way/254325308@b/2400006089","人工值會覆蓋 LanePilot；請依現地與標註資料判定應保留哪一方。"
"轉向內容不同","藍田路","297138317","262840695","反向","262840695","22.728363948979677","120.28450615658068","https://www.google.com/maps/@22.728363948979677,120.28450615658068,20z","https://www.openstreetmap.org/way/297138317","segment_direction","2","left;through|through;right","2","through|through","anna","1867","way/297138317@b/262840695","anna","1867","way/297138317@b/262840695","人工值會覆蓋 LanePilot；請依現地與標註資料判定應保留哪一方。"
"轉向內容不同","藍田路","297138334","262840700","反向","262840700","22.728328703312165","120.28495200800654","https://www.google.com/maps/@22.728328703312165,120.28495200800654,20z","https://www.openstreetmap.org/way/297138334","segment_direction","2","left;through|through;right","2","through|through;right","rex","70","way/297138334@b/262840700","rex","70","way/297138334@b/262840700","人工值會覆蓋 LanePilot；請依現地與標註資料判定應保留哪一方。"
"轉向內容不同","藍田路","339750721","259481980","正向","291592355","22.726889468147547","120.27984808351107","https://www.google.com/maps/@22.726889468147547,120.27984808351107,20z","https://www.openstreetmap.org/way/339750721","segment_direction","2","left;through|through;right","2","left|through","rex","11","way/339750721@b/259481980","rex","11","way/339750721@b/259481980","人工值會覆蓋 LanePilot；請依現地與標註資料判定應保留哪一方。"
"轉向內容不同","藍田路","339750721","262101326","反向","262101326","22.726006642836772","120.27779000780463","https://www.google.com/maps/@22.726006642836772,120.27779000780463,20z","https://www.openstreetmap.org/way/339750721","segment_direction","2","left;through|through;right","2","through|right","rex","59","way/339750721@b/262101326","rex","59","way/339750721@b/262101326","人工值會覆蓋 LanePilot；請依現地與標註資料判定應保留哪一方。"
"轉向內容不同","藍田路","339750721","262101326","正向","343046018","22.726222709612134","120.27827420512453","https://www.google.com/maps/@22.726222709612134,120.27827420512453,20z","https://www.openstreetmap.org/way/339750721","segment_direction","2","left;through|through;right","2","through|right","rex","59","way/339750721@b/262101326","rex","59","way/339750721@b/262101326","人工值會覆蓋 LanePilot；請依現地與標註資料判定應保留哪一方。"
"轉向內容不同","藍田路","339750721","12658227961","反向","12658227961","22.72627839109315","120.27840860760217","https://www.google.com/maps/@22.72627839109315,120.27840860760217,20z","https://www.openstreetmap.org/way/339750721","segment_direction","2","left;through|through;right","2","through|through","rex","33","way/339750721@b/12658227961","rex","33","way/339750721@b/12658227961","人工值會覆蓋 LanePilot；請依現地與標註資料判定應保留哪一方。"
"轉向內容不同","藍田路","339750721","12658227961","正向","259481980","22.726424668052125","120.27876453614762","https://www.google.com/maps/@22.726424668052125,120.27876453614762,20z","https://www.openstreetmap.org/way/339750721","intersection_approach","2","through|through;right","2","through|right","rex","33","way/339750721@b/12658227961","rex","33","way/339750721@b/12658227961","人工值會覆蓋 LanePilot；請依現地與標註資料判定應保留哪一方。"
"轉向內容不同","藍昌路","23653033","1080697284","反向","1080697284","22.725052960603616","120.29143716227136","https://www.google.com/maps/@22.725052960603616,120.29143716227136,20z","https://www.openstreetmap.org/way/23653033","segment_direction","2","left;through|through;right","2","through|through;right","rex","1228","way/23653033@b/1080697284","rex","1228","way/23653033@b/1080697284","人工值會覆蓋 LanePilot；請依現地與標註資料判定應保留哪一方。"
"轉向內容不同","藍昌路","23874782","256245342","反向","256245342","22.724116436947675","120.29129841250557","https://www.google.com/maps/@22.724116436947675,120.29129841250557,20z","https://www.openstreetmap.org/way/23874782","segment_direction","2","left;through|through;right","2","through|through;right","rex","1235","way/23874782@b/256245342","rex","1235","way/23874782@b/256245342","人工值會覆蓋 LanePilot；請依現地與標註資料判定應保留哪一方。"
"轉向內容不同","藍昌路","24260751","262101289","反向","262101289","22.734748769990397","120.29273337452","https://www.google.com/maps/@22.734748769990397,120.29273337452,20z","https://www.openstreetmap.org/way/24260751","segment_direction","2","left;through|through;right","2","left;through|through","rex","309","way/24260751@b/262101289","rex","309","way/24260751@b/262101289","人工值會覆蓋 LanePilot；請依現地與標註資料判定應保留哪一方。"
"轉向內容不同","藍昌路","24260751","262101291","正向","12658228000","22.733022607065664","120.29251425831067","https://www.google.com/maps/@22.733022607065664,120.29251425831067,20z","https://www.openstreetmap.org/way/24260751","segment_direction","2","left;through|through;right","2","through|through","rex","311","way/24260751@b/262101291","rex","311","way/24260751@b/262101291","人工值會覆蓋 LanePilot；請依現地與標註資料判定應保留哪一方。"
"轉向內容不同","藍昌路","24465741","1398634371","正向","265968406","22.7197185","120.2906947","https://www.google.com/maps/@22.7197185,120.2906947,20z","https://www.openstreetmap.org/way/24465741","intersection_approach","2","through|through;right","2","through|through","rex","365","way/24465741@b/1398634371","rex","365","way/24465741@b/1398634371","人工值會覆蓋 LanePilot；請依現地與標註資料判定應保留哪一方。"
"轉向內容不同","藍昌路","254325307","1080696959","正向","7243024857","22.72864730219085","120.29193122384872","https://www.google.com/maps/@22.72864730219085,120.29193122384872,20z","https://www.openstreetmap.org/way/254325307","segment_direction","2","left;through|through;right","2","through|through+right","anna","3512","way/254325307@b/1080696959","anna","3512","way/254325307@b/1080696959","人工值會覆蓋 LanePilot；請依現地與標註資料判定應保留哪一方。"
"轉向內容不同","藍昌路","254325307","1080697450","反向","1080697450","22.72962731334906","120.29206514043723","https://www.google.com/maps/@22.72962731334906,120.29206514043723,20z","https://www.openstreetmap.org/way/254325307","segment_direction","2","left;through|through;right","2","through|through+right","anna","3556","way/254325307@b/1080697450","anna","3556","way/254325307@b/1080697450","人工值會覆蓋 LanePilot；請依現地與標註資料判定應保留哪一方。"
"轉向內容不同","藍昌路","254325307","1080697512","正向","1080697450","22.72962731334906","120.29206514043723","https://www.google.com/maps/@22.72962731334906,120.29206514043723,20z","https://www.openstreetmap.org/way/254325307","segment_direction","2","left;through|through;right","2","through|through+right","anna","3555","way/254325307@b/1080697512","anna","3555","way/254325307@b/1080697512","人工值會覆蓋 LanePilot；請依現地與標註資料判定應保留哪一方。"
"轉向內容不同","藍昌路","254325307","7243024857","反向","7243024857","22.72864730219085","120.29193122384872","https://www.google.com/maps/@22.72864730219085,120.29193122384872,20z","https://www.openstreetmap.org/way/254325307","segment_direction","2","left;through|through;right","2","through|through+right","anna","3513","way/254325307@b/7243024857","anna","3513","way/254325307@b/7243024857","人工值會覆蓋 LanePilot；請依現地與標註資料判定應保留哪一方。"
"轉向內容不同","藍昌路","254325307","7243024857","正向","258784609","22.727240997646078","120.29174265634663","https://www.google.com/maps/@22.727240997646078,120.29174265634663,20z","https://www.openstreetmap.org/way/254325307","segment_direction","2","left;through|through;right","2","through|through+right","anna","3513","way/254325307@b/7243024857","anna","3513","way/254325307@b/7243024857","人工值會覆蓋 LanePilot；請依現地與標註資料判定應保留哪一方。"
"轉向內容不同","藍昌路","254325307","12658227994","反向","12658227994","22.73179771761087","120.29235600984691","https://www.google.com/maps/@22.73179771761087,120.29235600984691,20z","https://www.openstreetmap.org/way/254325307","segment_direction","2","left;through|through;right","2","through|through+right","anna","3559","way/254325307@b/12658227994","anna","3559","way/254325307@b/12658227994","人工值會覆蓋 LanePilot；請依現地與標註資料判定應保留哪一方。"
"轉向內容不同","藍昌路","792750237","7412899836","反向","7412899836","22.723918348123274","120.29127392309144","https://www.google.com/maps/@22.723918348123274,120.29127392309144,20z","https://www.openstreetmap.org/way/792750237","segment_direction","2","left;through|through;right","2","through|through;right","rex","1229","way/792750237@b/7412899836","rex","1229","way/792750237@b/7412899836","人工值會覆蓋 LanePilot；請依現地與標註資料判定應保留哪一方。"
"轉向內容不同","藍昌路","792750238","343047197","反向","343047197","22.722125230571113","120.29104120052375","https://www.google.com/maps/@22.722125230571113,120.29104120052375,20z","https://www.openstreetmap.org/way/792750238","intersection_approach","2","left;through|through","2","through|through;right","rex","1253","way/792750238@b/343047197","rex","1253","way/792750238@b/343047197","人工值會覆蓋 LanePilot；請依現地與標註資料判定應保留哪一方。"
"轉向內容不同","藍昌路","792750238","1398634197","反向","1398634197","22.723590980226113","120.29123421803678","https://www.google.com/maps/@22.723590980226113,120.29123421803678,20z","https://www.openstreetmap.org/way/792750238","intersection_approach","2","left;through|through","2","through|through;right","rex","1242","way/792750238@b/1398634197","rex","1242","way/792750238@b/1398634197","人工值會覆蓋 LanePilot；請依現地與標註資料判定應保留哪一方。"
"轉向內容不同","藍昌路","792750238","7412899837","反向","7412899837","22.72376619847239","120.29125525623496","https://www.google.com/maps/@22.72376619847239,120.29125525623496,20z","https://www.openstreetmap.org/way/792750238","segment_direction","2","left;through|through;right","2","through|through;right","rex","1240","way/792750238@b/7412899837","rex","1240","way/792750238@b/7412899837","人工值會覆蓋 LanePilot；請依現地與標註資料判定應保留哪一方。"
"車道數不同","旗楠路","286066490","280277329","反向","280277329","22.73768204640639","120.33492716453817","https://www.google.com/maps/@22.73768204640639,120.33492716453817,20z","https://www.openstreetmap.org/way/286066490","segment_direction","3","left;through|through|through;right","0","","anna","4016","way/286066490@b/280277329","","","","人工值會覆蓋 LanePilot；請依現地與標註資料判定應保留哪一方。"
"車道數與轉向皆不同","土庫路","182835763","988779596","正向","988779627","22.7441281","120.3268885","https://www.google.com/maps/@22.7441281,120.3268885,20z","https://www.openstreetmap.org/way/182835763","intersection_approach","3","through|through|through;right","2","through|through","anna","4477","way/182835763@b/988779596","anna","4477","way/182835763@b/988779596","人工值會覆蓋 LanePilot；請依現地與標註資料判定應保留哪一方。"
"車道數與轉向皆不同","大學西路","254325301","1080696704","反向","1080696704","22.7319269","120.2764141","https://www.google.com/maps/@22.7319269,120.2764141,20z","https://www.openstreetmap.org/way/254325301","segment_direction","1","left;through;right","2","left;through|right","anna","3773","way/254325301@b/1080696704","anna","3773","way/254325301@b/1080696704","人工值會覆蓋 LanePilot；請依現地與標註資料判定應保留哪一方。"
"車道數與轉向皆不同","大學西路","254325301","2601136103","反向","2601136103","22.7296803","120.2780815","https://www.google.com/maps/@22.7296803,120.2780815,20z","https://www.openstreetmap.org/way/254325301","segment_direction","1","left;through;right","2","left;through|right","anna","3786","way/254325301@b/2601136103","anna","3786","way/254325301@b/2601136103","人工值會覆蓋 LanePilot；請依現地與標註資料判定應保留哪一方。"
"車道數與轉向皆不同","大學南路","24275091","1080697389","反向","1080697389","22.7266533","120.2731899","https://www.google.com/maps/@22.7266533,120.2731899,20z","https://www.openstreetmap.org/way/24275091","segment_direction","1","left;through;right","2","right|right","anna","3704","way/24275091@b/1080697389","anna","3704","way/24275091@b/1080697389","人工值會覆蓋 LanePilot；請依現地與標註資料判定應保留哪一方。"
"車道數與轉向皆不同","加昌路","23976945","262090144","正向","2396293721","22.72114533297577","120.31343013781127","https://www.google.com/maps/@22.72114533297577,120.31343013781127,20z","https://www.openstreetmap.org/way/23976945","segment_direction","3","left;through|through|through;right","2","left;through|through;right","anna","1747","way/23976945@b/262090144","anna","1747","way/23976945@b/262090144","人工值會覆蓋 LanePilot；請依現地與標註資料判定應保留哪一方。"
"車道數與轉向皆不同","加昌路","23976945","265748808","正向","2417585497","22.722338233712826","120.31629215219564","https://www.google.com/maps/@22.722338233712826,120.31629215219564,20z","https://www.openstreetmap.org/way/23976945","segment_direction","3","left;through|through|through;right","2","left;through|through","anna","1796","way/23976945@b/265748808","anna","1796","way/23976945@b/265748808","人工值會覆蓋 LanePilot；請依現地與標註資料判定應保留哪一方。"
"車道數與轉向皆不同","加昌路","23976945","1401138223","正向","262090144","22.721660666437486","120.31467808990152","https://www.google.com/maps/@22.721660666437486,120.31467808990152,20z","https://www.openstreetmap.org/way/23976945","segment_direction","3","left;through|through|through;right","2","left;through|through","anna","1744","way/23976945@b/1401138223","anna","1744","way/23976945@b/1401138223","人工值會覆蓋 LanePilot；請依現地與標註資料判定應保留哪一方。"
"車道數與轉向皆不同","加昌路","23976945","1401138499","正向","289126281","22.720086252076417","120.3108806268178","https://www.google.com/maps/@22.720086252076417,120.3108806268178,20z","https://www.openstreetmap.org/way/23976945","intersection_approach","4","left|through|through|through;right","3","through|through|through;right","anna","1736","way/23976945@b/1401138499","anna","1736","way/23976945@b/1401138499","人工值會覆蓋 LanePilot；請依現地與標註資料判定應保留哪一方。"
"車道數與轉向皆不同","加昌路","126247878","1400036061","正向","1400036204","22.713867926536764","120.29380564435272","https://www.google.com/maps/@22.713867926536764,120.29380564435272,20z","https://www.openstreetmap.org/way/126247878","intersection_approach","4","left|through|through|through;right","3","through|through|through+right","anna","1616","way/126247878@b/1400036061","anna","1616","way/126247878@b/1400036061","人工值會覆蓋 LanePilot；請依現地與標註資料判定應保留哪一方。"
"車道數與轉向皆不同","加昌路","230216178","259480547","正向","4916071634","22.723840688365932","120.31948861548474","https://www.google.com/maps/@22.723840688365932,120.31948861548474,20z","https://www.openstreetmap.org/way/230216178","segment_direction","3","through|through|through;right","2","through|through","anna","1793","way/230216178@b/259480547","anna","1793","way/230216178@b/259480547","人工值會覆蓋 LanePilot；請依現地與標註資料判定應保留哪一方。"
"車道數與轉向皆不同","加昌路","230216178","533725078","正向","259480547","22.724024112071987","120.31981802372246","https://www.google.com/maps/@22.724024112071987,120.31981802372246,20z","https://www.openstreetmap.org/way/230216178","segment_direction","3","through|through|through;right","2","left;through|through","anna","1831","way/230216178@b/533725078","anna","1831","way/230216178@b/533725078","人工值會覆蓋 LanePilot；請依現地與標註資料判定應保留哪一方。"
"車道數與轉向皆不同","加昌路","230216178","2387445684","反向","2387445684","22.724630349999998","120.32089415","https://www.google.com/maps/@22.724630349999998,120.32089415,20z","https://www.openstreetmap.org/way/230216178","segment_direction","3","through|through|through","2","through|through","anna","1837","way/230216178@b/2387445684","anna","1837","way/230216178@b/2387445684","人工值會覆蓋 LanePilot；請依現地與標註資料判定應保留哪一方。"
"車道數與轉向皆不同","加昌路","230216178","2387445684","正向","2984202941","22.724510582368833","120.32068212872048","https://www.google.com/maps/@22.724510582368833,120.32068212872048,20z","https://www.openstreetmap.org/way/230216178","segment_direction","3","through|through|through;right","2","through|through","anna","1837","way/230216178@b/2387445684","anna","1837","way/230216178@b/2387445684","人工值會覆蓋 LanePilot；請依現地與標註資料判定應保留哪一方。"
"車道數與轉向皆不同","加昌路","230216178","2624297542","反向","2624297542","22.7236788682473","120.31921736830954","https://www.google.com/maps/@22.7236788682473,120.31921736830954,20z","https://www.openstreetmap.org/way/230216178","intersection_approach","3","left|through|through","2","through|through","anna","1804","way/230216178@b/2624297542","anna","1804","way/230216178@b/2624297542","人工值會覆蓋 LanePilot；請依現地與標註資料判定應保留哪一方。"
"車道數與轉向皆不同","加昌路","268219227","1196964687","正向","2624297538","22.723241533785476","120.31837015610085","https://www.google.com/maps/@22.723241533785476,120.31837015610085,20z","https://www.openstreetmap.org/way/268219227","segment_direction","4","left|through|right|through;right","3","left|through|right","anna","1800","way/268219227@b/1196964687","anna","1800","way/268219227@b/1196964687","人工值會覆蓋 LanePilot；請依現地與標註資料判定應保留哪一方。"
"車道數與轉向皆不同","加昌路","268219227","2624297538","正向","265748808","22.72275415218351","120.31726670859098","https://www.google.com/maps/@22.72275415218351,120.31726670859098,20z","https://www.openstreetmap.org/way/268219227","intersection_approach","5","left|through|right|through|right","4","left|through|right|through;right","anna","2815","way/268219227@b/2624297538","anna","2815","way/268219227@b/2624297538","人工值會覆蓋 LanePilot；請依現地與標註資料判定應保留哪一方。"
"車道數與轉向皆不同","加昌路","268219230","260269205","反向","260269205","22.716413212908275","120.3010861890881","https://www.google.com/maps/@22.716413212908275,120.3010861890881,20z","https://www.openstreetmap.org/way/268219230","segment_direction","3","through|through|through;right","4","left|through|through;right|through;right","unknown","1645","way/268219230","unknown","1645","way/268219230","人工值會覆蓋 LanePilot；請依現地與標註資料判定應保留哪一方。"
"車道數與轉向皆不同","加昌路","268219230","1400036464","正向","10894062953","22.71606166636128","120.30012406743151","https://www.google.com/maps/@22.71606166636128,120.30012406743151,20z","https://www.openstreetmap.org/way/268219230","segment_direction","4","through|through|through;right|through;right","3","through|through|through;right","anna","1650","way/268219230@b/1400036464","anna","1650","way/268219230@b/1400036464","人工值會覆蓋 LanePilot；請依現地與標註資料判定應保留哪一方。"
"車道數與轉向皆不同","加昌路","268219230","10894062953","正向","304709043","22.715944579205086","120.29980225878018","https://www.google.com/maps/@22.715944579205086,120.29980225878018,20z","https://www.openstreetmap.org/way/268219230","segment_direction","4","through|through|through;right|through;right","3","through|through|through;right","anna","2798","way/268219230@b/10894062953","anna","2798","way/268219230@b/10894062953","人工值會覆蓋 LanePilot；請依現地與標註資料判定應保留哪一方。"
"車道數與轉向皆不同","加昌路","280015655","1400036046","反向","1400036046","22.71485803908675","120.2968139031436","https://www.google.com/maps/@22.71485803908675,120.2968139031436,20z","https://www.openstreetmap.org/way/280015655","segment_direction","4","left;through|through|through|through;right","3","left;through|through|through;right","unknown","1628","way/280015655","unknown","1628","way/280015655","人工值會覆蓋 LanePilot；請依現地與標註資料判定應保留哪一方。"
"車道數與轉向皆不同","加昌路","280015655","1400036046","正向","1400036405","22.71472227118824","120.29643738376144","https://www.google.com/maps/@22.71472227118824,120.29643738376144,20z","https://www.openstreetmap.org/way/280015655","segment_direction","4","left;through|through|through;right|through;right","3","left;through|through|through;right","unknown","1628","way/280015655","unknown","1628","way/280015655","人工值會覆蓋 LanePilot；請依現地與標註資料判定應保留哪一方。"
"車道數與轉向皆不同","加昌路","280015655","1400036052","反向","1400036052","22.714612081065102","120.2961300264863","https://www.google.com/maps/@22.714612081065102,120.2961300264863,20z","https://www.openstreetmap.org/way/280015655","segment_direction","4","left;through|through|through|through;right","3","left;through|through|through;right","unknown","1628","way/280015655","unknown","1628","way/280015655","人工值會覆蓋 LanePilot；請依現地與標註資料判定應保留哪一方。"
"車道數與轉向皆不同","加昌路","280015655","1400036052","正向","2206349237","22.714506423462357","120.29582260959647","https://www.google.com/maps/@22.714506423462357,120.29582260959647,20z","https://www.openstreetmap.org/way/280015655","segment_direction","4","left;through|through|through;right|through;right","3","left;through|through|through;right","unknown","1628","way/280015655","unknown","1628","way/280015655","人工值會覆蓋 LanePilot；請依現地與標註資料判定應保留哪一方。"
"車道數與轉向皆不同","加昌路","280015655","1400036073","反向","1400036073","22.7154092","120.29829535","https://www.google.com/maps/@22.7154092,120.29829535,20z","https://www.openstreetmap.org/way/280015655","intersection_approach","4","left;through|through|through;right|through;right","3","left;through|through|through;right","anna","1634","way/280015655@b/1400036073","anna","1634","way/280015655@b/1400036073","人工值會覆蓋 LanePilot；請依現地與標註資料判定應保留哪一方。"
"車道數與轉向皆不同","加昌路","280015655","1400036073","正向","2206232294","22.71524818499681","120.29785938753224","https://www.google.com/maps/@22.71524818499681,120.29785938753224,20z","https://www.openstreetmap.org/way/280015655","segment_direction","4","left;through|through|through;right|through;right","3","left;through|through|through;right","anna","1634","way/280015655@b/1400036073","anna","1634","way/280015655@b/1400036073","人工值會覆蓋 LanePilot；請依現地與標註資料判定應保留哪一方。"
"車道數與轉向皆不同","加昌路","280015655","1400036098","反向","1400036098","22.71509552149069","120.29744851157412","https://www.google.com/maps/@22.71509552149069,120.29744851157412,20z","https://www.openstreetmap.org/way/280015655","segment_direction","4","left;through|through|through|through;right","3","left;through|through|through;right","unknown","1628","way/280015655","unknown","1628","way/280015655","人工值會覆蓋 LanePilot；請依現地與標註資料判定應保留哪一方。"
"車道數與轉向皆不同","加昌路","280015655","1400036098","正向","2206232291","22.714954636026775","120.29707203272072","https://www.google.com/maps/@22.714954636026775,120.29707203272072,20z","https://www.openstreetmap.org/way/280015655","segment_direction","4","left;through|through|through;right|through;right","3","left;through|through|through;right","unknown","1628","way/280015655","unknown","1628","way/280015655","人工值會覆蓋 LanePilot；請依現地與標註資料判定應保留哪一方。"
"車道數與轉向皆不同","加昌路","280015655","1400036405","反向","1400036405","22.71472227118824","120.29643738376144","https://www.google.com/maps/@22.71472227118824,120.29643738376144,20z","https://www.openstreetmap.org/way/280015655","segment_direction","4","left;through|through|through|through;right","3","left;through|through|through;right","unknown","1628","way/280015655","unknown","1628","way/280015655","人工值會覆蓋 LanePilot；請依現地與標註資料判定應保留哪一方。"
"車道數與轉向皆不同","加昌路","280015655","1400036405","正向","1400036430","22.714625079298273","120.29616784559548","https://www.google.com/maps/@22.714625079298273,120.29616784559548,20z","https://www.openstreetmap.org/way/280015655","segment_direction","4","left;through|through|through;right|through;right","3","left;through|through|through;right","unknown","1628","way/280015655","unknown","1628","way/280015655","人工值會覆蓋 LanePilot；請依現地與標註資料判定應保留哪一方。"
"車道數與轉向皆不同","加昌路","280015655","1400036430","反向","1400036430","22.714625079298273","120.29616784559548","https://www.google.com/maps/@22.714625079298273,120.29616784559548,20z","https://www.openstreetmap.org/way/280015655","segment_direction","4","left;through|through|through|through;right","3","left;through|through|through;right","unknown","1628","way/280015655","unknown","1628","way/280015655","人工值會覆蓋 LanePilot；請依現地與標註資料判定應保留哪一方。"
"車道數與轉向皆不同","加昌路","280015655","1400036430","正向","1400036052","22.714612081065102","120.2961300264863","https://www.google.com/maps/@22.714612081065102,120.2961300264863,20z","https://www.openstreetmap.org/way/280015655","segment_direction","4","left;through|through|through;right|through;right","3","left;through|through|through;right","unknown","1628","way/280015655","unknown","1628","way/280015655","人工值會覆蓋 LanePilot；請依現地與標註資料判定應保留哪一方。"
"車道數與轉向皆不同","加昌路","280015655","2206232291","反向","2206232291","22.714954636026775","120.29707203272072","https://www.google.com/maps/@22.714954636026775,120.29707203272072,20z","https://www.openstreetmap.org/way/280015655","segment_direction","4","left;through|through|through|through;right","3","left;through|through|through;right","unknown","1628","way/280015655","unknown","1628","way/280015655","人工值會覆蓋 LanePilot；請依現地與標註資料判定應保留哪一方。"
"車道數與轉向皆不同","加昌路","280015655","2206232291","正向","1400036046","22.71485803908675","120.2968139031436","https://www.google.com/maps/@22.71485803908675,120.2968139031436,20z","https://www.openstreetmap.org/way/280015655","segment_direction","4","left;through|through|through;right|through;right","3","left;through|through|through;right","unknown","1628","way/280015655","unknown","1628","way/280015655","人工值會覆蓋 LanePilot；請依現地與標註資料判定應保留哪一方。"
"車道數與轉向皆不同","加昌路","280015655","2206232294","反向","2206232294","22.71524818499681","120.29785938753224","https://www.google.com/maps/@22.71524818499681,120.29785938753224,20z","https://www.openstreetmap.org/way/280015655","segment_direction","4","left;through|through|through|through;right","3","left;through|through|through;right","anna","1637","way/280015655@b/2206232294","anna","1637","way/280015655@b/2206232294","人工值會覆蓋 LanePilot；請依現地與標註資料判定應保留哪一方。"
"車道數與轉向皆不同","加昌路","280015655","2206232294","正向","1400036098","22.71509552149069","120.29744851157412","https://www.google.com/maps/@22.71509552149069,120.29744851157412,20z","https://www.openstreetmap.org/way/280015655","segment_direction","4","left;through|through|through;right|through;right","3","left;through|through|through;right","anna","1637","way/280015655@b/2206232294","anna","1637","way/280015655@b/2206232294","人工值會覆蓋 LanePilot；請依現地與標註資料判定應保留哪一方。"
"車道數與轉向皆不同","加昌路","280015655","2206349235","反向","2206349235","22.714416429615568","120.29556076730815","https://www.google.com/maps/@22.714416429615568,120.29556076730815,20z","https://www.openstreetmap.org/way/280015655","segment_direction","4","left;through|through|through|through;right","3","left;through|through|through;right","unknown","1628","way/280015655","unknown","1628","way/280015655","人工值會覆蓋 LanePilot；請依現地與標註資料判定應保留哪一方。"
"車道數與轉向皆不同","加昌路","280015655","2206349235","正向","1398635826","22.7143285","120.29529825","https://www.google.com/maps/@22.7143285,120.29529825,20z","https://www.openstreetmap.org/way/280015655","segment_direction","4","left;through|through|through;right|through;right","3","left;through|through|through;right","unknown","1628","way/280015655","unknown","1628","way/280015655","人工值會覆蓋 LanePilot；請依現地與標註資料判定應保留哪一方。"
"車道數與轉向皆不同","加昌路","280015655","2206349237","反向","2206349237","22.714506423462357","120.29582260959647","https://www.google.com/maps/@22.714506423462357,120.29582260959647,20z","https://www.openstreetmap.org/way/280015655","segment_direction","4","left;through|through|through|through;right","3","left;through|through|through;right","unknown","1628","way/280015655","unknown","1628","way/280015655","人工值會覆蓋 LanePilot；請依現地與標註資料判定應保留哪一方。"
"車道數與轉向皆不同","加昌路","280015655","2206349237","正向","2206349235","22.714416429615568","120.29556076730815","https://www.google.com/maps/@22.714416429615568,120.29556076730815,20z","https://www.openstreetmap.org/way/280015655","segment_direction","4","left;through|through|through;right|through;right","3","left;through|through|through;right","unknown","1628","way/280015655","unknown","1628","way/280015655","人工值會覆蓋 LanePilot；請依現地與標註資料判定應保留哪一方。"
"車道數與轉向皆不同","加昌路","280277096","256730893","反向","256730893","22.71943445","120.30912699999999","https://www.google.com/maps/@22.71943445,120.30912699999999,20z","https://www.openstreetmap.org/way/280277096","intersection_approach","4","through|through|through|through;right","3","through|through|through","anna","1695","way/280277096@b/256730893","anna","1695","way/280277096@b/256730893","人工值會覆蓋 LanePilot；請依現地與標註資料判定應保留哪一方。"
"車道數與轉向皆不同","加昌路","280277096","256730893","正向","265599589","22.71935043105291","120.30890566005952","https://www.google.com/maps/@22.71935043105291,120.30890566005952,20z","https://www.openstreetmap.org/way/280277096","segment_direction","3","through|through|right","2","through|through","anna","1695","way/280277096@b/256730893","anna","1695","way/280277096@b/256730893","人工值會覆蓋 LanePilot；請依現地與標註資料判定應保留哪一方。"
"車道數與轉向皆不同","加昌路","280277096","265599589","反向","265599589","22.71935043105291","120.30890566005952","https://www.google.com/maps/@22.71935043105291,120.30890566005952,20z","https://www.openstreetmap.org/way/280277096","intersection_approach","4","through|through|through|through;right","3","through|through|through","unknown","1671","way/280277096","unknown","1671","way/280277096","人工值會覆蓋 LanePilot；請依現地與標註資料判定應保留哪一方。"
"車道數與轉向皆不同","加昌路","280277096","265599589","正向","1218537176","22.719137551499934","120.30834484908516","https://www.google.com/maps/@22.719137551499934,120.30834484908516,20z","https://www.openstreetmap.org/way/280277096","segment_direction","3","through|through|right","2","through|through","unknown","1671","way/280277096","unknown","1671","way/280277096","人工值會覆蓋 LanePilot；請依現地與標註資料判定應保留哪一方。"
"車道數與轉向皆不同","加昌路","280277096","289126281","正向","256730893","22.71943445","120.30912699999999","https://www.google.com/maps/@22.71943445,120.30912699999999,20z","https://www.openstreetmap.org/way/280277096","intersection_approach","3","left;through|through|through","2","left;through|through","anna","1697","way/280277096@b/289126281","anna","1697","way/280277096@b/289126281","人工值會覆蓋 LanePilot；請依現地與標註資料判定應保留哪一方。"
"車道數與轉向皆不同","加昌路","280277096","799202632","反向","799202632","22.71763151786386","120.30438241614951","https://www.google.com/maps/@22.71763151786386,120.30438241614951,20z","https://www.openstreetmap.org/way/280277096","intersection_approach","4","through|through|through|right","3","through|through|through","anna","1680","way/280277096@b/799202632","anna","1680","way/280277096@b/799202632","人工值會覆蓋 LanePilot；請依現地與標註資料判定應保留哪一方。"
"車道數與轉向皆不同","加昌路","280277096","799202632","正向","1218537327","22.717388885945397","120.30366139581595","https://www.google.com/maps/@22.717388885945397,120.30366139581595,20z","https://www.openstreetmap.org/way/280277096","intersection_approach","4","through|through|through|right","2","through|through","anna","1680","way/280277096@b/799202632","anna","1680","way/280277096@b/799202632","人工值會覆蓋 LanePilot；請依現地與標註資料判定應保留哪一方。"
"車道數與轉向皆不同","加昌路","280277096","799202642","正向","799202632","22.71763151786386","120.30438241614951","https://www.google.com/maps/@22.71763151786386,120.30438241614951,20z","https://www.openstreetmap.org/way/280277096","segment_direction","3","through|through|right","2","through|through","unknown","1671","way/280277096","unknown","1671","way/280277096","人工值會覆蓋 LanePilot；請依現地與標註資料判定應保留哪一方。"
"車道數與轉向皆不同","加昌路","280277096","1218537176","反向","1218537176","22.719137551499934","120.30834484908516","https://www.google.com/maps/@22.719137551499934,120.30834484908516,20z","https://www.openstreetmap.org/way/280277096","intersection_approach","2","left;through|through","3","through|through|through","unknown","1671","way/280277096","unknown","1671","way/280277096","人工值會覆蓋 LanePilot；請依現地與標註資料判定應保留哪一方。"
"車道數與轉向皆不同","加昌路","280277096","1218537176","正向","2417585459","22.71909714325068","120.30824141918258","https://www.google.com/maps/@22.71909714325068,120.30824141918258,20z","https://www.openstreetmap.org/way/280277096","segment_direction","3","through|through|right","2","through|through","unknown","1671","way/280277096","unknown","1671","way/280277096","人工值會覆蓋 LanePilot；請依現地與標註資料判定應保留哪一方。"
"車道數與轉向皆不同","加昌路","280277096","1218537327","正向","2383902811","22.717057162455138","120.30278550076639","https://www.google.com/maps/@22.717057162455138,120.30278550076639,20z","https://www.openstreetmap.org/way/280277096","intersection_approach","3","left;through|through|through","2","through|through","anna","1678","way/280277096@b/1218537327","anna","1678","way/280277096@b/1218537327","人工值會覆蓋 LanePilot；請依現地與標註資料判定應保留哪一方。"
"車道數與轉向皆不同","加昌路","280277096","1219300551","反向","1219300551","22.718138362550732","120.3056390180698","https://www.google.com/maps/@22.718138362550732,120.3056390180698,20z","https://www.openstreetmap.org/way/280277096","segment_direction","3","through|through|through;right","2","left;through|through","anna","2813","way/280277096@b/1219300551","anna","2813","way/280277096@b/1219300551","人工值會覆蓋 LanePilot；請依現地與標註資料判定應保留哪一方。"
"車道數與轉向皆不同","加昌路","280277096","2377566099","正向","1219300551","22.718138362550732","120.3056390180698","https://www.google.com/maps/@22.718138362550732,120.3056390180698,20z","https://www.openstreetmap.org/way/280277096","segment_direction","3","through|through|right","2","through|through","anna","2803","way/280277096@b/2377566099","anna","2803","way/280277096@b/2377566099","人工值會覆蓋 LanePilot；請依現地與標註資料判定應保留哪一方。"
"車道數與轉向皆不同","加昌路","280277096","2383902811","正向","260269205","22.716413212908275","120.3010861890881","https://www.google.com/maps/@22.716413212908275,120.3010861890881,20z","https://www.openstreetmap.org/way/280277096","intersection_approach","4","left|through|through|right","2","through|through","anna","1676","way/280277096@b/2383902811","anna","1676","way/280277096@b/2383902811","人工值會覆蓋 LanePilot；請依現地與標註資料判定應保留哪一方。"
"車道數與轉向皆不同","加昌路","293422503","304709043","反向","304709043","22.715944579205086","120.29980225878018","https://www.google.com/maps/@22.715944579205086,120.29980225878018,20z","https://www.openstreetmap.org/way/293422503","segment_direction","4","left;through|through|through|through;right","3","left;through|through|through","anna","1644","way/293422503@b/304709043","anna","1644","way/293422503@b/304709043","人工值會覆蓋 LanePilot；請依現地與標註資料判定應保留哪一方。"
"車道數與轉向皆不同","加昌路","293422503","304709043","正向","1400036749","22.715591418902765","120.29880633541369","https://www.google.com/maps/@22.715591418902765,120.29880633541369,20z","https://www.openstreetmap.org/way/293422503","segment_direction","4","left;through|through|through;right|through;right","3","left;through|through|through;right","anna","1644","way/293422503@b/304709043","anna","1644","way/293422503@b/304709043","人工值會覆蓋 LanePilot；請依現地與標註資料判定應保留哪一方。"
"車道數與轉向皆不同","加昌路","293422503","1400036749","反向","1400036749","22.715591418902765","120.29880633541369","https://www.google.com/maps/@22.715591418902765,120.29880633541369,20z","https://www.openstreetmap.org/way/293422503","segment_direction","4","left;through|through|through|through;right","3","left|through|through;right","anna","2791","way/293422503@b/1400036749","anna","2791","way/293422503@b/1400036749","人工值會覆蓋 LanePilot；請依現地與標註資料判定應保留哪一方。"
"車道數與轉向皆不同","加昌路","293422503","1400036749","正向","1400036073","22.7154092","120.29829535","https://www.google.com/maps/@22.7154092,120.29829535,20z","https://www.openstreetmap.org/way/293422503","segment_direction","4","left;through|through|through;right|through;right","3","left;through|through|through;right","anna","2791","way/293422503@b/1400036749","anna","2791","way/293422503@b/1400036749","人工值會覆蓋 LanePilot；請依現地與標註資料判定應保留哪一方。"
"車道數與轉向皆不同","加昌路","297133986","1400036204","反向","1400036204","22.713867926536764","120.29380564435272","https://www.google.com/maps/@22.713867926536764,120.29380564435272,20z","https://www.openstreetmap.org/way/297133986","intersection_approach","4","left|through|through|through;right","3","through|through|through+right","anna","1611","way/297133986@b/1400036204","anna","1611","way/297133986@b/1400036204","人工值會覆蓋 LanePilot；請依現地與標註資料判定應保留哪一方。"
"車道數與轉向皆不同","加昌路","297133986","1400036204","正向","2206349230","22.71369557475318","120.29321225404276","https://www.google.com/maps/@22.71369557475318,120.29321225404276,20z","https://www.openstreetmap.org/way/297133986","segment_direction","4","left;through|through|through|through;right","3","left;through|through|through","anna","1611","way/297133986@b/1400036204","anna","1611","way/297133986@b/1400036204","人工值會覆蓋 LanePilot；請依現地與標註資料判定應保留哪一方。"
"車道數與轉向皆不同","加昌路","297133986","1400036664","正向","588290619","22.713217998680694","120.29146135226402","https://www.google.com/maps/@22.713217998680694,120.29146135226402,20z","https://www.openstreetmap.org/way/297133986","segment_direction","4","left;through|through|through|through;right","3","left;through|through|through","anna","1577","way/297133986@b/1400036664","anna","1577","way/297133986@b/1400036664","人工值會覆蓋 LanePilot；請依現地與標註資料判定應保留哪一方。"
"車道數與轉向皆不同","加昌路","297133986","2206349230","正向","1400036664","22.713500837500277","120.29251382285761","https://www.google.com/maps/@22.713500837500277,120.29251382285761,20z","https://www.openstreetmap.org/way/297133986","segment_direction","4","left;through|through|through|through;right","3","left;through|through|through","anna","1608","way/297133986@b/2206349230","anna","1608","way/297133986@b/2206349230","人工值會覆蓋 LanePilot；請依現地與標註資料判定應保留哪一方。"
"車道數與轉向皆不同","外環西路","268219234","2206324424","反向","2206324424","22.71508107369592","120.30156614567619","https://www.google.com/maps/@22.71508107369592,120.30156614567619,20z","https://www.openstreetmap.org/way/268219234","intersection_approach","3","through|through|through","2","left;through|through","anna","3861","way/268219234@b/2206324424","anna","3861","way/268219234@b/2206324424","人工值會覆蓋 LanePilot；請依現地與標註資料判定應保留哪一方。"
"車道數與轉向皆不同","外環西路","268219234","2206324424","正向","2206324417","22.713147048463146","120.30234969214254","https://www.google.com/maps/@22.713147048463146,120.30234969214254,20z","https://www.openstreetmap.org/way/268219234","segment_direction","3","through|through|through;right","2","through|through","anna","3861","way/268219234@b/2206324424","anna","3861","way/268219234@b/2206324424","人工值會覆蓋 LanePilot；請依現地與標註資料判定應保留哪一方。"
"車道數與轉向皆不同","外環西路","268219234","7244182804","反向","7244182804","22.716177807817537","120.30108540694843","https://www.google.com/maps/@22.716177807817537,120.30108540694843,20z","https://www.openstreetmap.org/way/268219234","segment_direction","1","through;right","3","through|through|right","anna","3907","way/268219234@b/7244182804","anna","3907","way/268219234@b/7244182804","人工值會覆蓋 LanePilot；請依現地與標註資料判定應保留哪一方。"
"車道數與轉向皆不同","外環西路","268219234","7244182804","正向","2206324424","22.71508107369592","120.30156614567619","https://www.google.com/maps/@22.71508107369592,120.30156614567619,20z","https://www.openstreetmap.org/way/268219234","segment_direction","3","through|through|through;right","2","through|through","anna","3907","way/268219234@b/7244182804","anna","3907","way/268219234@b/7244182804","人工值會覆蓋 LanePilot；請依現地與標註資料判定應保留哪一方。"
"車道數與轉向皆不同","外環西路","268219237","1400036726","反向","1400036726","22.722284189555822","120.2984296359711","https://www.google.com/maps/@22.722284189555822,120.2984296359711,20z","https://www.openstreetmap.org/way/268219237","segment_direction","1","through;right","2","left;through|through","anna","3836","way/268219237@b/1400036726","anna","3836","way/268219237@b/1400036726","人工值會覆蓋 LanePilot；請依現地與標註資料判定應保留哪一方。"
"車道數與轉向皆不同","外環西路","280277100","1400036721","反向","1400036721","22.717466813970578","120.30052246861666","https://www.google.com/maps/@22.717466813970578,120.30052246861666,20z","https://www.openstreetmap.org/way/280277100","segment_direction","1","through;right","2","left;through|through","anna","3842","way/280277100@b/1400036721","anna","3842","way/280277100@b/1400036721","人工值會覆蓋 LanePilot；請依現地與標註資料判定應保留哪一方。"
"車道數與轉向皆不同","外環西路","280277100","2206232308","反向","2206232308","22.718384089027573","120.30012150804423","https://www.google.com/maps/@22.718384089027573,120.30012150804423,20z","https://www.openstreetmap.org/way/280277100","segment_direction","1","through;right","2","left;through|through","anna","3840","way/280277100@b/2206232308","anna","3840","way/280277100@b/2206232308","人工值會覆蓋 LanePilot；請依現地與標註資料判定應保留哪一方。"
"車道數與轉向皆不同","外環西路","280277100","2206232321","反向","2206232321","22.71964126386058","120.29957197925718","https://www.google.com/maps/@22.71964126386058,120.29957197925718,20z","https://www.openstreetmap.org/way/280277100","segment_direction","1","through;right","2","left;through|through","anna","3839","way/280277100@b/2206232321","anna","3839","way/280277100@b/2206232321","人工值會覆蓋 LanePilot；請依現地與標註資料判定應保留哪一方。"
"車道數與轉向皆不同","外環西路","387524927","2896477627","正向","1400036726","22.722284189555822","120.2984296359711","https://www.google.com/maps/@22.722284189555822,120.2984296359711,20z","https://www.openstreetmap.org/way/387524927","segment_direction","1","through;right","2","through|through","anna","3835","way/387524927@b/2896477627","anna","3835","way/387524927@b/2896477627","人工值會覆蓋 LanePilot；請依現地與標註資料判定應保留哪一方。"
"車道數與轉向皆不同","外環西路","1446333190","1400036767","反向","1400036767","22.720317252510483","120.29928366862895","https://www.google.com/maps/@22.720317252510483,120.29928366862895,20z","https://www.openstreetmap.org/way/1446333190","segment_direction","1","through;right","2","left;through|through","anna","3837","way/1446333190@b/1400036767","anna","3837","way/1446333190@b/1400036767","人工值會覆蓋 LanePilot；請依現地與標註資料判定應保留哪一方。"
"車道數與轉向皆不同","外環西路","1446333190","1400036767","正向","1218537310","22.719725599999997","120.29953495000001","https://www.google.com/maps/@22.719725599999997,120.29953495000001,20z","https://www.openstreetmap.org/way/1446333190","segment_direction","1","through;right","2","left;through|through","anna","3837","way/1446333190@b/1400036767","anna","3837","way/1446333190@b/1400036767","人工值會覆蓋 LanePilot；請依現地與標註資料判定應保留哪一方。"
"車道數與轉向皆不同","外環西路","1454602407","1631504652","反向","1631504652","22.712257407472208","120.30274694177957","https://www.google.com/maps/@22.712257407472208,120.30274694177957,20z","https://www.openstreetmap.org/way/1454602407","segment_direction","3","through|through|through;right","2","through|through","anna","3881","way/1454602407@b/1631504652","anna","3881","way/1454602407@b/1631504652","人工值會覆蓋 LanePilot；請依現地與標註資料判定應保留哪一方。"
"車道數與轉向皆不同","外環西路","1454602407","2206324417","反向","2206324417","22.713147048463146","120.30234969214254","https://www.google.com/maps/@22.713147048463146,120.30234969214254,20z","https://www.openstreetmap.org/way/1454602407","segment_direction","3","through|through|through;right","2","left;through|through","anna","3862","way/1454602407@b/2206324417","anna","3862","way/1454602407@b/2206324417","人工值會覆蓋 LanePilot；請依現地與標註資料判定應保留哪一方。"
"車道數與轉向皆不同","外環西路","1454602407","3010545859","反向","3010545859","22.712294850559672","120.30276129670756","https://www.google.com/maps/@22.712294850559672,120.30276129670756,20z","https://www.openstreetmap.org/way/1454602407","segment_direction","3","through|through|through;right","2","through|through","anna","3884","way/1454602407@b/3010545859","anna","3884","way/1454602407@b/3010545859","人工值會覆蓋 LanePilot；請依現地與標註資料判定應保留哪一方。"
"車道數與轉向皆不同","外環西路","1454602407","7244167956","反向","7244167956","22.713102514402713","120.30236999872305","https://www.google.com/maps/@22.713102514402713,120.30236999872305,20z","https://www.openstreetmap.org/way/1454602407","segment_direction","3","through|through|through;right","2","through|through","anna","3863","way/1454602407@b/7244167956","anna","3863","way/1454602407@b/7244167956","人工值會覆蓋 LanePilot；請依現地與標註資料判定應保留哪一方。"
"車道數與轉向皆不同","外環西路","1454602407","7244167960","反向","7244167960","22.712377501660036","120.3027493935163","https://www.google.com/maps/@22.712377501660036,120.3027493935163,20z","https://www.openstreetmap.org/way/1454602407","segment_direction","3","through|through|through;right","2","through|through","anna","3885","way/1454602407@b/7244167960","anna","3885","way/1454602407@b/7244167960","人工值會覆蓋 LanePilot；請依現地與標註資料判定應保留哪一方。"
"車道數與轉向皆不同","外環西路","1454602408","1400036464","反向","1400036464","22.716340542945357","120.30088976587577","https://www.google.com/maps/@22.716340542945357,120.30088976587577,20z","https://www.openstreetmap.org/way/1454602408","segment_direction","1","through;right","2","left|right","anna","3843","way/1454602408@b/1400036464","anna","3843","way/1454602408@b/1400036464","人工值會覆蓋 LanePilot；請依現地與標註資料判定應保留哪一方。"
"車道數與轉向皆不同","外環西路","1454602408","1400036464","正向","7244182804","22.716177807817537","120.30108540694843","https://www.google.com/maps/@22.716177807817537,120.30108540694843,20z","https://www.openstreetmap.org/way/1454602408","segment_direction","1","through;right","2","through|right","anna","3843","way/1454602408@b/1400036464","anna","3843","way/1454602408@b/1400036464","人工值會覆蓋 LanePilot；請依現地與標註資料判定應保留哪一方。"
"車道數與轉向皆不同","左楠路","65451653","799202632","反向","799202632","22.71763151786386","120.30438241614951","https://www.google.com/maps/@22.71763151786386,120.30438241614951,20z","https://www.openstreetmap.org/way/65451653","segment_direction","4","left|through|through|left","2","left;right|right","anna","3875","way/65451653@b/799202632","anna","3875","way/65451653@b/799202632","人工值會覆蓋 LanePilot；請依現地與標註資料判定應保留哪一方。"
"車道數與轉向皆不同","左楠路","65451653","7244167950","反向","7244167950","22.713022780110514","120.3029745824017","https://www.google.com/maps/@22.713022780110514,120.3029745824017,20z","https://www.openstreetmap.org/way/65451653","segment_direction","4","left|through|through|left","2","through|through","anna","3873","way/65451653@b/7244167950","anna","3873","way/65451653@b/7244167950","人工值會覆蓋 LanePilot；請依現地與標註資料判定應保留哪一方。"
"車道數與轉向皆不同","左楠路","247974702","295692587","反向","295692587","22.707833761529947","120.30232345483316","https://www.google.com/maps/@22.707833761529947,120.30232345483316,20z","https://www.openstreetmap.org/way/247974702","segment_direction","3","through|through|through","4","left|through|through|right","anna","3909","way/247974702@b/295692587","anna","3909","way/247974702@b/295692587","人工值會覆蓋 LanePilot；請依現地與標註資料判定應保留哪一方。"
"車道數與轉向皆不同","左楠路","247974702","295692588","反向","295692588","22.704067983570944","120.30243983094914","https://www.google.com/maps/@22.704067983570944,120.30243983094914,20z","https://www.openstreetmap.org/way/247974702","intersection_approach","3","left;through|through;right|through;right","2","left;through|through;right","anna","3921","way/247974702@b/295692588","anna","3921","way/247974702@b/295692588","人工值會覆蓋 LanePilot；請依現地與標註資料判定應保留哪一方。"
"車道數與轉向皆不同","左楠路","247974702","295692588","正向","2399424078","22.700949888417632","120.30252691283349","https://www.google.com/maps/@22.700949888417632,120.30252691283349,20z","https://www.openstreetmap.org/way/247974702","intersection_approach","3","through|through|right","2","through|through+right","anna","3921","way/247974702@b/295692588","anna","3921","way/247974702@b/295692588","人工值會覆蓋 LanePilot；請依現地與標註資料判定應保留哪一方。"
"車道數與轉向皆不同","左楠路","247974702","4309157672","反向","4309157672","22.704334769494448","120.30243162096566","https://www.google.com/maps/@22.704334769494448,120.30243162096566,20z","https://www.openstreetmap.org/way/247974702","segment_direction","3","through|through|through","4","left|through|through|right","anna","3914","way/247974702@b/4309157672","anna","3914","way/247974702@b/4309157672","人工值會覆蓋 LanePilot；請依現地與標註資料判定應保留哪一方。"
"車道數與轉向皆不同","左楠路","297205391","2919858675","反向","2919858675","22.710699458849","120.30230769324382","https://www.google.com/maps/@22.710699458849,120.30230769324382,20z","https://www.openstreetmap.org/way/297205391","segment_direction","3","through|through|through","2","left|through","anna","3906","way/297205391@b/2919858675","anna","3906","way/297205391@b/2919858675","人工值會覆蓋 LanePilot；請依現地與標註資料判定應保留哪一方。"
"車道數與轉向皆不同","左楠路","297205391","3010545851","反向","3010545851","22.71128912856802","120.30244276537942","https://www.google.com/maps/@22.71128912856802,120.30244276537942,20z","https://www.openstreetmap.org/way/297205391","segment_direction","3","through|through|through","2","left|through","anna","3905","way/297205391@b/3010545851","anna","3905","way/297205391@b/3010545851","人工值會覆蓋 LanePilot；請依現地與標註資料判定應保留哪一方。"
"車道數與轉向皆不同","左楠路","297205391","4586456368","反向","4586456368","22.70967536866331","120.302311655853","https://www.google.com/maps/@22.70967536866331,120.302311655853,20z","https://www.openstreetmap.org/way/297205391","segment_direction","3","through|through|through","2","through|through;right","anna","3903","way/297205391@b/4586456368","anna","3903","way/297205391@b/4586456368","人工值會覆蓋 LanePilot；請依現地與標註資料判定應保留哪一方。"
"車道數與轉向皆不同","左楠路","383026301","2399424078","反向","2399424078","22.700949888417632","120.30252691283349","https://www.google.com/maps/@22.700949888417632,120.30252691283349,20z","https://www.openstreetmap.org/way/383026301","segment_direction","4","left|through|through|right","3","left|through|through","anna","3929","way/383026301@b/2399424078","anna","3929","way/383026301@b/2399424078","人工值會覆蓋 LanePilot；請依現地與標註資料判定應保留哪一方。"
"車道數與轉向皆不同","左楠路","386557630","1631504648","反向","1631504648","22.712177980402895","120.30271649103585","https://www.google.com/maps/@22.712177980402895,120.30271649103585,20z","https://www.openstreetmap.org/way/386557630","segment_direction","3","through|through|through","2","left|right","anna","3887","way/386557630@b/1631504648","anna","3887","way/386557630@b/1631504648","人工值會覆蓋 LanePilot；請依現地與標註資料判定應保留哪一方。"
"車道數與轉向皆不同","未命名道路","611848239","5346067179","正向","313349834","22.7204557","120.3250385","https://www.google.com/maps/@22.7204557,120.3250385,20z","https://www.openstreetmap.org/way/611848239","segment_direction","3","left|left|left","2","right|right","anna","3986","way/611848239@b/5346067179","anna","3986","way/611848239@b/5346067179","人工值會覆蓋 LanePilot；請依現地與標註資料判定應保留哪一方。"
"車道數與轉向皆不同","後昌路","23683301","256245259","反向","256245259","22.717824299999997","120.3102685","https://www.google.com/maps/@22.717824299999997,120.3102685,20z","https://www.openstreetmap.org/way/23683301","intersection_approach","3","left;through|through|through;right","2","through|through","anna","1534","way/23683301@b/256245259","anna","1534","way/23683301@b/256245259","人工值會覆蓋 LanePilot；請依現地與標註資料判定應保留哪一方。"
"車道數與轉向皆不同","後昌路","23683301","262085857","反向","262085857","22.71770450566393","120.31023214654273","https://www.google.com/maps/@22.71770450566393,120.31023214654273,20z","https://www.openstreetmap.org/way/23683301","segment_direction","2","through|through","3","left;through|through|through;right","anna","1530","way/23683301@b/262085857","anna","1530","way/23683301@b/262085857","人工值會覆蓋 LanePilot；請依現地與標註資料判定應保留哪一方。"
"車道數與轉向皆不同","後昌路","23683301","1219300373","反向","1219300373","22.71479371589813","120.30926254315065","https://www.google.com/maps/@22.71479371589813,120.30926254315065,20z","https://www.openstreetmap.org/way/23683301","segment_direction","2","through|through","3","through|through|right","rex","1488","way/23683301@b/1219300373","rex","1488","way/23683301@b/1219300373","人工值會覆蓋 LanePilot；請依現地與標註資料判定應保留哪一方。"
"車道數與轉向皆不同","後昌路","23683301","2375698003","反向","2375698003","22.70867556847422","120.30682710327594","https://www.google.com/maps/@22.70867556847422,120.30682710327594,20z","https://www.openstreetmap.org/way/23683301","intersection_approach","3","left|through|through;right","2","through|through;right","rex","1432","way/23683301@b/2375698003","rex","1432","way/23683301@b/2375698003","人工值會覆蓋 LanePilot；請依現地與標註資料判定應保留哪一方。"
"車道數與轉向皆不同","後昌路","23683301","5693087367","正向","295692586","22.707943424360145","120.30232104398715","https://www.google.com/maps/@22.707943424360145,120.30232104398715,20z","https://www.openstreetmap.org/way/23683301","segment_direction","2","left;through|through;right","3","left|through|through;right","rex","1472","way/23683301@b/5693087367","rex","1472","way/23683301@b/5693087367","人工值會覆蓋 LanePilot；請依現地與標註資料判定應保留哪一方。"
"車道數與轉向皆不同","後昌路","231785289","273103101","正向","2401070584","22.708341998143112","120.29841770027176","https://www.google.com/maps/@22.708341998143112,120.29841770027176,20z","https://www.openstreetmap.org/way/231785289","intersection_approach","3","left|through|through;right","2","through|through;right","rex","1381","way/231785289@b/273103101","rex","1381","way/231785289@b/273103101","人工值會覆蓋 LanePilot；請依現地與標註資料判定應保留哪一方。"
"車道數與轉向皆不同","後昌路","231785289","273103109","反向","273103109","22.70952125","120.29694755","https://www.google.com/maps/@22.70952125,120.29694755,20z","https://www.openstreetmap.org/way/231785289","intersection_approach","3","left|through|through;right","2","through|through;right","rex","1378","way/231785289@b/273103109","rex","1378","way/231785289@b/273103109","人工值會覆蓋 LanePilot；請依現地與標註資料判定應保留哪一方。"
"車道數與轉向皆不同","後昌路","231785289","2401153815","正向","13056406664","22.70987021228202","120.296616502854","https://www.google.com/maps/@22.70987021228202,120.296616502854,20z","https://www.openstreetmap.org/way/231785289","intersection_approach","3","left|through|through;right","2","through|through","rex","1373","way/231785289@b/2401153815","rex","1373","way/231785289@b/2401153815","人工值會覆蓋 LanePilot；請依現地與標註資料判定應保留哪一方。"
"車道數與轉向皆不同","後昌路","231785289","13068073865","正向","295692587","22.707833761529947","120.30232345483316","https://www.google.com/maps/@22.707833761529947,120.30232345483316,20z","https://www.openstreetmap.org/way/231785289","segment_direction","2","left;through|through;right","3","left|through|right","rex","1470","way/231785289@b/13068073865","rex","1470","way/231785289@b/13068073865","人工值會覆蓋 LanePilot；請依現地與標註資料判定應保留哪一方。"
"車道數與轉向皆不同","後昌路","281341659","273103117","正向","1407167164","22.710786195203845","120.29580707855726","https://www.google.com/maps/@22.710786195203845,120.29580707855726,20z","https://www.openstreetmap.org/way/281341659","intersection_approach","3","left|through|right","2","through|right","rex","1359","way/281341659@b/273103117","rex","1359","way/281341659@b/273103117","人工值會覆蓋 LanePilot；請依現地與標註資料判定應保留哪一方。"
"車道數與轉向皆不同","後昌路","281341659","273103125","反向","273103125","22.7119023","120.29478275","https://www.google.com/maps/@22.7119023,120.29478275,20z","https://www.openstreetmap.org/way/281341659","intersection_approach","3","left|through|through","2","through|through","rex","1352","way/281341659@b/273103125","rex","1352","way/281341659@b/273103125","人工值會覆蓋 LanePilot；請依現地與標註資料判定應保留哪一方。"
"車道數與轉向皆不同","後昌路","281341659","273103125","正向","2421446018","22.71163363848205","120.29502831293067","https://www.google.com/maps/@22.71163363848205,120.29502831293067,20z","https://www.openstreetmap.org/way/281341659","intersection_approach","3","left|through|through","2","through|through","rex","1352","way/281341659@b/273103125","rex","1352","way/281341659@b/273103125","人工值會覆蓋 LanePilot；請依現地與標註資料判定應保留哪一方。"
"車道數與轉向皆不同","後昌路","281341659","1400036204","反向","1400036204","22.713867926536764","120.29380564435272","https://www.google.com/maps/@22.713867926536764,120.29380564435272,20z","https://www.openstreetmap.org/way/281341659","intersection_approach","4","left|through|through|right","3","through|through|right","rex","1315","way/281341659@b/1400036204","rex","1315","way/281341659@b/1400036204","人工值會覆蓋 LanePilot；請依現地與標註資料判定應保留哪一方。"
"車道數與轉向皆不同","後昌路","281341659","1407167183","反向","1407167183","22.712117758468338","120.29459522587376","https://www.google.com/maps/@22.712117758468338,120.29459522587376,20z","https://www.openstreetmap.org/way/281341659","intersection_approach","3","left|through|through;right","2","through|through;right","rex","1349","way/281341659@b/1407167183","rex","1349","way/281341659@b/1407167183","人工值會覆蓋 LanePilot；請依現地與標註資料判定應保留哪一方。"
"車道數與轉向皆不同","後昌路","281341659","2206349218","反向","2206349218","22.713018675162118","120.29411596344688","https://www.google.com/maps/@22.713018675162118,120.29411596344688,20z","https://www.openstreetmap.org/way/281341659","intersection_approach","2","through|through;right","3","left;through|through;right|through","rex","1342","way/281341659@b/2206349218","rex","1342","way/281341659@b/2206349218","人工值會覆蓋 LanePilot；請依現地與標註資料判定應保留哪一方。"
"車道數與轉向皆不同","後昌路","281341659","2206349218","正向","273103130","22.712784414644474","120.29419674256424","https://www.google.com/maps/@22.712784414644474,120.29419674256424,20z","https://www.openstreetmap.org/way/281341659","intersection_approach","3","left|through|through;right","2","through|through;right","rex","1342","way/281341659@b/2206349218","rex","1342","way/281341659@b/2206349218","人工值會覆蓋 LanePilot；請依現地與標註資料判定應保留哪一方。"
"車道數與轉向皆不同","後昌路","281341659","2421446018","正向","2421446017","22.71139542415694","120.29524612142689","https://www.google.com/maps/@22.71139542415694,120.29524612142689,20z","https://www.openstreetmap.org/way/281341659","intersection_approach","3","left|through|through","2","left;through|through;right","rex","1355","way/281341659@b/2421446018","rex","1355","way/281341659@b/2421446018","人工值會覆蓋 LanePilot；請依現地與標註資料判定應保留哪一方。"
"車道數與轉向皆不同","後昌路","281341659","8420632598","反向","8420632598","22.71270851334304","120.2942240180779","https://www.google.com/maps/@22.71270851334304,120.2942240180779,20z","https://www.openstreetmap.org/way/281341659","intersection_approach","3","left|through|through;right","2","left;through|through;right","rex","1348","way/281341659@b/8420632598","rex","1348","way/281341659@b/8420632598","人工值會覆蓋 LanePilot；請依現地與標註資料判定應保留哪一方。"
"車道數與轉向皆不同","軍校路","231785283","1372607241","正向","2417585438","22.71231765692691","120.29183714040786","https://www.google.com/maps/@22.71231765692691,120.29183714040786,20z","https://www.openstreetmap.org/way/231785283","segment_direction","2","through|through;right","3","through|through|through","anna","2660","way/231785283@b/1372607241","anna","2660","way/231785283@b/1372607241","人工值會覆蓋 LanePilot；請依現地與標註資料判定應保留哪一方。"
"車道數與轉向皆不同","軍校路","231785283","1398634286","反向","1398634286","22.71151319513541","120.29217202180516","https://www.google.com/maps/@22.71151319513541,120.29217202180516,20z","https://www.openstreetmap.org/way/231785283","segment_direction","3","left;through|through;right|right","2","through|through;right","anna","2665","way/231785283@b/1398634286","anna","2665","way/231785283@b/1398634286","人工值會覆蓋 LanePilot；請依現地與標註資料判定應保留哪一方。"
"車道數與轉向皆不同","軍校路","231785283","2206349202","反向","2206349202","22.711792801669027","120.29205817279191","https://www.google.com/maps/@22.711792801669027,120.29205817279191,20z","https://www.openstreetmap.org/way/231785283","segment_direction","3","left;through|through;right|right","2","through|through","anna","2662","way/231785283@b/2206349202","anna","2662","way/231785283@b/2206349202","人工值會覆蓋 LanePilot；請依現地與標註資料判定應保留哪一方。"
"車道數與轉向皆不同","軍校路","231785283","2417585438","反向","2417585438","22.71231765692691","120.29183714040786","https://www.google.com/maps/@22.71231765692691,120.29183714040786,20z","https://www.openstreetmap.org/way/231785283","segment_direction","3","left;through|through;right|right","2","through|through","anna","2658","way/231785283@b/2417585438","anna","2658","way/231785283@b/2417585438","人工值會覆蓋 LanePilot；請依現地與標註資料判定應保留哪一方。"
"車道數與轉向皆不同","軍校路","383642188","3004962043","正向","3004962044","22.713875975825665","120.2898747001527","https://www.google.com/maps/@22.713875975825665,120.2898747001527,20z","https://www.openstreetmap.org/way/383642188","segment_direction","2","left;through|through","3","through|through|through","anna","2012","way/383642188@b/3004962043","anna","2012","way/383642188@b/3004962043","人工值會覆蓋 LanePilot；請依現地與標註資料判定應保留哪一方。"
"車道數與轉向皆不同","海專路","286066495","265748808","反向","265748808","22.72275415218351","120.31726670859098","https://www.google.com/maps/@22.72275415218351,120.31726670859098,20z","https://www.openstreetmap.org/way/286066495","segment_direction","2","through|through;right","3","left|left;through|through;right","anna","3600","way/286066495@b/265748808","anna","3600","way/286066495@b/265748808","人工值會覆蓋 LanePilot；請依現地與標註資料判定應保留哪一方。"
"車道數與轉向皆不同","海專路","286066495","2378756847","正向","262087969","22.72444218948224","120.31481546034863","https://www.google.com/maps/@22.72444218948224,120.31481546034863,20z","https://www.openstreetmap.org/way/286066495","intersection_approach","3","left|through|through;right","2","through|through;right","anna","3589","way/286066495@b/2378756847","anna","3589","way/286066495@b/2378756847","人工值會覆蓋 LanePilot；請依現地與標註資料判定應保留哪一方。"
"車道數與轉向皆不同","海專路","286066495","2624297536","反向","2624297536","22.72317554608463","120.31689185131134","https://www.google.com/maps/@22.72317554608463,120.31689185131134,20z","https://www.openstreetmap.org/way/286066495","segment_direction","2","through|through;right","3","left|left;through|through;right","anna","3595","way/286066495@b/2624297536","anna","3595","way/286066495@b/2624297536","人工值會覆蓋 LanePilot；請依現地與標註資料判定應保留哪一方。"
"車道數與轉向皆不同","益群路","254325315","256456070","反向","256456070","22.7241354","120.2973372","https://www.google.com/maps/@22.7241354,120.2973372,20z","https://www.openstreetmap.org/way/254325315","segment_direction","1","left;through;right","2","left;through|right","anna","4051","way/254325315@b/256456070","anna","4051","way/254325315@b/256456070","人工值會覆蓋 LanePilot；請依現地與標註資料判定應保留哪一方。"
"車道數與轉向皆不同","益群路","254325315","1401138311","反向","1401138311","22.7236342","120.2976247","https://www.google.com/maps/@22.7236342,120.2976247,20z","https://www.openstreetmap.org/way/254325315","segment_direction","1","left;through;right","2","left;through|right","anna","4042","way/254325315@b/1401138311","anna","4042","way/254325315@b/1401138311","人工值會覆蓋 LanePilot；請依現地與標註資料判定應保留哪一方。"
"車道數與轉向皆不同","益群路","254325316","256456070","反向","256456070","22.7241354","120.2973372","https://www.google.com/maps/@22.7241354,120.2973372,20z","https://www.openstreetmap.org/way/254325316","segment_direction","1","left;through;right","2","left;through|right","anna","4057","way/254325316@b/256456070","anna","4057","way/254325316@b/256456070","人工值會覆蓋 LanePilot；請依現地與標註資料判定應保留哪一方。"
"車道數與轉向皆不同","益群路","254325316","258784711","反向","258784711","22.7249007","120.2969043","https://www.google.com/maps/@22.7249007,120.2969043,20z","https://www.openstreetmap.org/way/254325316","segment_direction","1","left;through;right","2","left;through|right","anna","4063","way/254325316@b/258784711","anna","4063","way/254325316@b/258784711","人工值會覆蓋 LanePilot；請依現地與標註資料判定應保留哪一方。"
"車道數與轉向皆不同","益群路","254325316","1401138374","正向","1401138362","22.7254911","120.2965754","https://www.google.com/maps/@22.7254911,120.2965754,20z","https://www.openstreetmap.org/way/254325316","segment_direction","1","left;through;right","2","left;through|right","anna","4064","way/254325316@b/1401138374","anna","4064","way/254325316@b/1401138374","人工值會覆蓋 LanePilot；請依現地與標註資料判定應保留哪一方。"
"車道數與轉向皆不同","益群路","254325316","1401138532","正向","258784711","22.7249007","120.2969043","https://www.google.com/maps/@22.7249007,120.2969043,20z","https://www.openstreetmap.org/way/254325316","segment_direction","1","left;through;right","2","left;through|right","anna","4054","way/254325316@b/1401138532","anna","4054","way/254325316@b/1401138532","人工值會覆蓋 LanePilot；請依現地與標註資料判定應保留哪一方。"
"車道數與轉向皆不同","高楠公路","294820978","280507466","正向","3006200130","22.7191496","120.3249354","https://www.google.com/maps/@22.7191496,120.3249354,20z","https://www.openstreetmap.org/way/294820978","segment_direction","3","through|through|through","2","through|through","anna","3974","way/294820978@b/280507466","anna","3974","way/294820978@b/280507466","人工值會覆蓋 LanePilot；請依現地與標註資料判定應保留哪一方。"
"車道數與轉向皆不同","高楠公路","294820978","3006200130","正向","280507467","22.718898","120.3249811","https://www.google.com/maps/@22.718898,120.3249811,20z","https://www.openstreetmap.org/way/294820978","segment_direction","3","through|through|through","2","through|through","anna","3975","way/294820978@b/3006200130","anna","3975","way/294820978@b/3006200130","人工值會覆蓋 LanePilot；請依現地與標註資料判定應保留哪一方。"
"車道數與轉向皆不同","高楠公路","564743841","5792509230","正向","5792509204","22.7149594","120.3259735","https://www.google.com/maps/@22.7149594,120.3259735,20z","https://www.openstreetmap.org/way/564743841","intersection_approach","2","left|through","0","","anna","3999","way/564743841@b/5792509230","anna","3999","way/564743841@b/5792509230","人工值會覆蓋 LanePilot；請依現地與標註資料判定應保留哪一方。"
"車道數與轉向皆不同","清豐路","271982156","988779674","正向","988779570","22.7455946","120.3318088","https://www.google.com/maps/@22.7455946,120.3318088,20z","https://www.openstreetmap.org/way/271982156","intersection_approach","1","left;right","0","","anna","4472","way/271982156@b/988779674","anna","4472","way/271982156@b/988779674","人工值會覆蓋 LanePilot；請依現地與標註資料判定應保留哪一方。"
"車道數與轉向皆不同","清豐路","271982156","2264426949","正向","2264443956","22.744166","120.3310393","https://www.google.com/maps/@22.744166,120.3310393,20z","https://www.openstreetmap.org/way/271982156","segment_direction","1","through;right","0","","anna","4444","way/271982156@b/2264426949","anna","4444","way/271982156@b/2264426949","人工值會覆蓋 LanePilot；請依現地與標註資料判定應保留哪一方。"
"車道數與轉向皆不同","清豐路","271982156","2264443956","正向","988779674","22.7451072","120.331543","https://www.google.com/maps/@22.7451072,120.331543,20z","https://www.openstreetmap.org/way/271982156","segment_direction","1","through;right","0","","anna","4468","way/271982156@b/2264443956","anna","4468","way/271982156@b/2264443956","人工值會覆蓋 LanePilot；請依現地與標註資料判定應保留哪一方。"
"車道數與轉向皆不同","清豐路","271982158","988779668","正向","12556695132","22.7398025","120.3276459","https://www.google.com/maps/@22.7398025,120.3276459,20z","https://www.openstreetmap.org/way/271982158","segment_direction","1","through;right","0","","anna","4432","way/271982158@b/988779668","anna","4432","way/271982158@b/988779668","人工值會覆蓋 LanePilot；請依現地與標註資料判定應保留哪一方。"
"車道數與轉向皆不同","清豐路","271982158","2264426952","正向","988779668","22.7413462","120.3291686","https://www.google.com/maps/@22.7413462,120.3291686,20z","https://www.openstreetmap.org/way/271982158","segment_direction","1","through;right","0","","anna","4457","way/271982158@b/2264426952","anna","4457","way/271982158@b/2264426952","人工值會覆蓋 LanePilot；請依現地與標註資料判定應保留哪一方。"
"車道數與轉向皆不同","清豐路","271982158","12556695132","正向","1932046287","22.7385157","120.3262881","https://www.google.com/maps/@22.7385157,120.3262881,20z","https://www.openstreetmap.org/way/271982158","segment_direction","1","through;right","0","","anna","4421","way/271982158@b/12556695132","anna","4421","way/271982158@b/12556695132","人工值會覆蓋 LanePilot；請依現地與標註資料判定應保留哪一方。"
"車道數與轉向皆不同","清豐路","281341695","1196964946","正向","1932046284","22.7383198","120.3264811","https://www.google.com/maps/@22.7383198,120.3264811,20z","https://www.openstreetmap.org/way/281341695","segment_direction","1","through;right","0","","anna","4420","way/281341695@b/1196964946","anna","4420","way/281341695@b/1196964946","人工值會覆蓋 LanePilot；請依現地與標註資料判定應保留哪一方。"
"車道數與轉向皆不同","清豐路","281341695","1932046284","正向","2853047508","22.7391542","120.327353","https://www.google.com/maps/@22.7391542,120.327353,20z","https://www.openstreetmap.org/way/281341695","segment_direction","1","through;right","0","","anna","4423","way/281341695@b/1932046284","anna","4423","way/281341695@b/1932046284","人工值會覆蓋 LanePilot；請依現地與標註資料判定應保留哪一方。"
"車道數與轉向皆不同","清豐路","281341695","2264471252","正向","12469016040","22.7411034","120.3293271","https://www.google.com/maps/@22.7411034,120.3293271,20z","https://www.openstreetmap.org/way/281341695","segment_direction","1","through;right","0","","anna","4434","way/281341695@b/2264471252","anna","4434","way/281341695@b/2264471252","人工值會覆蓋 LanePilot；請依現地與標註資料判定應保留哪一方。"
"車道數與轉向皆不同","清豐路","281341695","2853047508","正向","12556695134","22.73962","120.3278371","https://www.google.com/maps/@22.73962,120.3278371,20z","https://www.openstreetmap.org/way/281341695","segment_direction","1","through;right","0","","anna","4425","way/281341695@b/2853047508","anna","4425","way/281341695@b/2853047508","人工值會覆蓋 LanePilot；請依現地與標註資料判定應保留哪一方。"
"車道數與轉向皆不同","清豐路","281341695","12556695134","正向","2264471252","22.7404856","120.3287542","https://www.google.com/maps/@22.7404856,120.3287542,20z","https://www.openstreetmap.org/way/281341695","segment_direction","1","through;right","0","","anna","4430","way/281341695@b/12556695134","anna","4430","way/281341695@b/12556695134","人工值會覆蓋 LanePilot；請依現地與標註資料判定應保留哪一方。"
"車道數與轉向皆不同","清豐路","297139356","988779648","正向","2264443959","22.7442873","120.3308088","https://www.google.com/maps/@22.7442873,120.3308088,20z","https://www.openstreetmap.org/way/297139356","segment_direction","1","through;right","0","","anna","4470","way/297139356@b/988779648","anna","4470","way/297139356@b/988779648","人工值會覆蓋 LanePilot；請依現地與標註資料判定應保留哪一方。"
"車道數與轉向皆不同","清豐路","297139356","2264443959","正向","2264426952","22.7434598","120.3303251","https://www.google.com/maps/@22.7434598,120.3303251,20z","https://www.openstreetmap.org/way/297139356","segment_direction","1","through;right","0","","anna","4446","way/297139356@b/2264443959","anna","4446","way/297139356@b/2264443959","人工值會覆蓋 LanePilot；請依現地與標註資料判定應保留哪一方。"
"車道數與轉向皆不同","清豐路","799115393","1932046287","正向","1196965092","22.73717846739565","120.32486753899182","https://www.google.com/maps/@22.73717846739565,120.32486753899182,20z","https://www.openstreetmap.org/way/799115393","intersection_approach","2","left|right","0","","anna","4436","way/799115393@b/1932046287","anna","4436","way/799115393@b/1932046287","人工值會覆蓋 LanePilot；請依現地與標註資料判定應保留哪一方。"
"車道數與轉向皆不同","清豐路","1446434014","2388124359","正向","2264426949","22.743299","120.3305529","https://www.google.com/maps/@22.743299,120.3305529,20z","https://www.openstreetmap.org/way/1446434014","segment_direction","1","through;right","0","","anna","4442","way/1446434014@b/2388124359","anna","4442","way/1446434014@b/2388124359","人工值會覆蓋 LanePilot；請依現地與標註資料判定應保留哪一方。"
"車道數與轉向皆不同","清豐路","1446434014","12469016040","正向","2388124359","22.7417761","120.3296958","https://www.google.com/maps/@22.7417761,120.3296958,20z","https://www.openstreetmap.org/way/1446434014","segment_direction","1","through;right","0","","anna","4437","way/1446434014@b/12469016040","anna","4437","way/1446434014@b/12469016040","人工值會覆蓋 LanePilot；請依現地與標註資料判定應保留哪一方。"
"車道數與轉向皆不同","援中路","23875894","258784649","反向","258784649","22.726283095716543","120.29591685545711","https://www.google.com/maps/@22.726283095716543,120.29591685545711,20z","https://www.openstreetmap.org/way/23875894","intersection_approach","3","left;through|through|through;right","2","through|right","rex","1197","way/23875894@b/258784649","rex","1197","way/23875894@b/258784649","人工值會覆蓋 LanePilot；請依現地與標註資料判定應保留哪一方。"
"車道數與轉向皆不同","援中路","23875894","1401138461","反向","1401138461","22.728007850272633","120.29613807281339","https://www.google.com/maps/@22.728007850272633,120.29613807281339,20z","https://www.openstreetmap.org/way/23875894","segment_direction","2","left;through|through;right","3","left;through|through;right|through","rex","1207","way/23875894@b/1401138461","rex","1207","way/23875894@b/1401138461","人工值會覆蓋 LanePilot；請依現地與標註資料判定應保留哪一方。"
"車道數與轉向皆不同","援中路","23875894","2206324429","反向","2206324429","22.720135426837984","120.27802691807628","https://www.google.com/maps/@22.720135426837984,120.27802691807628,20z","https://www.openstreetmap.org/way/23875894","intersection_approach","3","through|through|through;right","2","left;through|through","rex","1117","way/23875894@b/2206324429","rex","1117","way/23875894@b/2206324429","人工值會覆蓋 LanePilot；請依現地與標註資料判定應保留哪一方。"
"車道數與轉向皆不同","援中路","23875894","4660094182","反向","4660094182","22.727565625007657","120.29630533828262","https://www.google.com/maps/@22.727565625007657,120.29630533828262,20z","https://www.openstreetmap.org/way/23875894","segment_direction","2","left;through|through;right","3","left;through|through;right|through","rex","1206","way/23875894@b/4660094182","rex","1206","way/23875894@b/4660094182","人工值會覆蓋 LanePilot；請依現地與標註資料判定應保留哪一方。"
"車道數與轉向皆不同","楠海路","687492753","8512801619","正向","7391735986","22.724087505620176","120.27417959432516","https://www.google.com/maps/@22.724087505620176,120.27417959432516,20z","https://www.openstreetmap.org/way/687492753","intersection_approach","3","left|through|through","2","left;through|through","rex","269","way/687492753@b/8512801619","rex","269","way/687492753@b/8512801619","人工值會覆蓋 LanePilot；請依現地與標註資料判定應保留哪一方。"
"車道數與轉向皆不同","楠海路","916562648","9851577281","正向","7390303836","22.7296915","120.2712407","https://www.google.com/maps/@22.7296915,120.2712407,20z","https://www.openstreetmap.org/way/916562648","intersection_approach","4","left|through|through|through;right","3","left;through|through|through+right","rex","275","way/916562648@b/9851577281","rex","275","way/916562648@b/9851577281","人工值會覆蓋 LanePilot；請依現地與標註資料判定應保留哪一方。"
"車道數與轉向皆不同","楠梓路","799115397","1196965092","正向","2264471182","22.737614756068652","120.32453837232931","https://www.google.com/maps/@22.737614756068652,120.32453837232931,20z","https://www.openstreetmap.org/way/799115397","segment_direction","3","through|through|through;right","2","through|through","anna","4539","way/799115397@b/1196965092","anna","4539","way/799115397@b/1196965092","人工值會覆蓋 LanePilot；請依現地與標註資料判定應保留哪一方。"
"車道數與轉向皆不同","楠梓路","799115397","2264471182","正向","2264471191","22.73795467779605","120.32428267579876","https://www.google.com/maps/@22.73795467779605,120.32428267579876,20z","https://www.openstreetmap.org/way/799115397","segment_direction","3","through|through|through;right","2","through|through","anna","4540","way/799115397@b/2264471182","anna","4540","way/799115397@b/2264471182","人工值會覆蓋 LanePilot；請依現地與標註資料判定應保留哪一方。"
"車道數與轉向皆不同","楠梓路","799115397","2264471191","正向","2264471198","22.738288380513342","120.32403164965017","https://www.google.com/maps/@22.738288380513342,120.32403164965017,20z","https://www.openstreetmap.org/way/799115397","segment_direction","3","through|through|through;right","2","through|through","anna","4541","way/799115397@b/2264471191","anna","4541","way/799115397@b/2264471191","人工值會覆蓋 LanePilot；請依現地與標註資料判定應保留哪一方。"
"車道數與轉向皆不同","楠梓路","799115397","2264471198","正向","2264471207","22.738609328525634","120.32379023827036","https://www.google.com/maps/@22.738609328525634,120.32379023827036,20z","https://www.openstreetmap.org/way/799115397","segment_direction","3","through|through|through;right","2","through|through","anna","4542","way/799115397@b/2264471198","anna","4542","way/799115397@b/2264471198","人工值會覆蓋 LanePilot；請依現地與標註資料判定應保留哪一方。"
"車道數與轉向皆不同","楠梓路","799115397","2264471207","正向","2264471214","22.738929096681133","120.323549658274","https://www.google.com/maps/@22.738929096681133,120.323549658274,20z","https://www.openstreetmap.org/way/799115397","segment_direction","3","through|through|through;right","2","through|through","anna","4543","way/799115397@b/2264471207","anna","4543","way/799115397@b/2264471207","人工值會覆蓋 LanePilot；請依現地與標註資料判定應保留哪一方。"
"車道數與轉向皆不同","楠梓路","799115397","2264471214","正向","1932046293","22.739372168176217","120.32322206266005","https://www.google.com/maps/@22.739372168176217,120.32322206266005,20z","https://www.openstreetmap.org/way/799115397","segment_direction","3","through|through|through;right","2","through|through","anna","4544","way/799115397@b/2264471214","anna","4544","way/799115397@b/2264471214","人工值會覆蓋 LanePilot；請依現地與標註資料判定應保留哪一方。"
"車道數與轉向皆不同","楠梓路","1464614119","1196964860","正向","1196964946","22.736962453614204","120.32503308330104","https://www.google.com/maps/@22.736962453614204,120.32503308330104,20z","https://www.openstreetmap.org/way/1464614119","intersection_approach","3","through|through|through;right","2","left;through|through","anna","4550","way/1464614119@b/1196964860","anna","4550","way/1464614119@b/1196964860","人工值會覆蓋 LanePilot；請依現地與標註資料判定應保留哪一方。"
"車道數與轉向皆不同","楠陽路","23787579","1451068197","反向","1451068197","22.72495935","120.33372025","https://www.google.com/maps/@22.72495935,120.33372025,20z","https://www.openstreetmap.org/way/23787579","segment_direction","4","unknown|unknown|unknown|unknown","3","left|left|left","anna","4899","way/23787579@b/1451068197","anna","4899","way/23787579@b/1451068197","人工值會覆蓋 LanePilot；請依現地與標註資料判定應保留哪一方。"
"車道數與轉向皆不同","楠陽路","23787579","2261344269","反向","2261344269","22.725102948220297","120.33295351300657","https://www.google.com/maps/@22.725102948220297,120.33295351300657,20z","https://www.openstreetmap.org/way/23787579","segment_direction","4","unknown|unknown|unknown|unknown","3","left|through|through","anna","4894","way/23787579@b/2261344269","anna","4894","way/23787579@b/2261344269","人工值會覆蓋 LanePilot；請依現地與標註資料判定應保留哪一方。"
"車道數與轉向皆不同","楠陽路","23787579","2261344271","反向","2261344271","22.725139410662816","120.3326292706791","https://www.google.com/maps/@22.725139410662816,120.3326292706791,20z","https://www.openstreetmap.org/way/23787579","segment_direction","4","unknown|unknown|unknown|unknown","3","left|through|through","anna","4895","way/23787579@b/2261344271","anna","4895","way/23787579@b/2261344271","人工值會覆蓋 LanePilot；請依現地與標註資料判定應保留哪一方。"
"車道數與轉向皆不同","楠陽路","23787579","2264426751","反向","2264426751","22.724859806788025","120.3315740373337","https://www.google.com/maps/@22.724859806788025,120.3315740373337,20z","https://www.openstreetmap.org/way/23787579","segment_direction","4","unknown|unknown|unknown|unknown","3","left|through|through","anna","4896","way/23787579@b/2264426751","anna","4896","way/23787579@b/2264426751","人工值會覆蓋 LanePilot；請依現地與標註資料判定應保留哪一方。"
"車道數與轉向皆不同","楠陽路","23787579","12556600783","反向","12556600783","22.724740029156294","120.33134872844866","https://www.google.com/maps/@22.724740029156294,120.33134872844866,20z","https://www.openstreetmap.org/way/23787579","segment_direction","4","unknown|unknown|unknown|unknown","3","left|through|through","anna","4883","way/23787579@b/12556600783","anna","4883","way/23787579@b/12556600783","人工值會覆蓋 LanePilot；請依現地與標註資料判定應保留哪一方。"
"車道數與轉向皆不同","楠陽路","23787579","12556600783","正向","12598724571","22.72410748902152","120.33028854266323","https://www.google.com/maps/@22.72410748902152,120.33028854266323,20z","https://www.openstreetmap.org/way/23787579","intersection_approach","4","through|through|through|through;right","3","through|through|through","anna","4883","way/23787579@b/12556600783","anna","4883","way/23787579@b/12556600783","人工值會覆蓋 LanePilot；請依現地與標註資料判定應保留哪一方。"
"車道數與轉向皆不同","楠陽路","268219240","331257857","反向","331257857","22.723083563610786","120.3284905705666","https://www.google.com/maps/@22.723083563610786,120.3284905705666,20z","https://www.openstreetmap.org/way/268219240","segment_direction","4","unknown|unknown|unknown|unknown","3","left;through|through|right","anna","4877","way/268219240@b/331257857","anna","4877","way/268219240@b/331257857","人工值會覆蓋 LanePilot；請依現地與標註資料判定應保留哪一方。"
"車道數與轉向皆不同","楠陽路","268219240","331257857","正向","257743123","22.72279848601857","120.32794083963744","https://www.google.com/maps/@22.72279848601857,120.32794083963744,20z","https://www.openstreetmap.org/way/268219240","intersection_approach","4","through|through|through|through","3","through|through|through","anna","4877","way/268219240@b/331257857","anna","4877","way/268219240@b/331257857","人工值會覆蓋 LanePilot；請依現地與標註資料判定應保留哪一方。"
"車道數與轉向皆不同","楠陽路","268219240","2261344229","反向","2261344229","22.723167996433492","120.32864488125861","https://www.google.com/maps/@22.723167996433492,120.32864488125861,20z","https://www.openstreetmap.org/way/268219240","intersection_approach","4","left;through|through|right|through;right","3","left;through|through|right","anna","4876","way/268219240@b/2261344229","anna","4876","way/268219240@b/2261344229","人工值會覆蓋 LanePilot；請依現地與標註資料判定應保留哪一方。"
"車道數與轉向皆不同","楠陽路","268219240","2261344229","正向","331257857","22.723083563610786","120.3284905705666","https://www.google.com/maps/@22.723083563610786,120.3284905705666,20z","https://www.openstreetmap.org/way/268219240","intersection_approach","4","unknown|unknown|unknown|unknown","3","through|through|through","anna","4876","way/268219240@b/2261344229","anna","4876","way/268219240@b/2261344229","人工值會覆蓋 LanePilot；請依現地與標註資料判定應保留哪一方。"
"車道數與轉向皆不同","楠陽路","268219240","2261344230","反向","2261344230","22.723329186539726","120.32892525144452","https://www.google.com/maps/@22.723329186539726,120.32892525144452,20z","https://www.openstreetmap.org/way/268219240","segment_direction","4","unknown|unknown|unknown|unknown","3","left;through|through|right","anna","4875","way/268219240@b/2261344230","anna","4875","way/268219240@b/2261344230","人工值會覆蓋 LanePilot；請依現地與標註資料判定應保留哪一方。"
"車道數與轉向皆不同","楠陽路","268219240","12598724571","反向","12598724571","22.72410748902152","120.33028854266323","https://www.google.com/maps/@22.72410748902152,120.33028854266323,20z","https://www.openstreetmap.org/way/268219240","intersection_approach","4","left;through|through|right|through;right","3","left;through|through|right","anna","4874","way/268219240@b/12598724571","anna","4874","way/268219240@b/12598724571","人工值會覆蓋 LanePilot；請依現地與標註資料判定應保留哪一方。"
"車道數與轉向皆不同","楠陽路","268219240","12598724571","正向","2261344230","22.723329186539726","120.32892525144452","https://www.google.com/maps/@22.723329186539726,120.32892525144452,20z","https://www.openstreetmap.org/way/268219240","intersection_approach","4","unknown|unknown|unknown|unknown","3","through|through|through","anna","4874","way/268219240@b/12598724571","anna","4874","way/268219240@b/12598724571","人工值會覆蓋 LanePilot；請依現地與標註資料判定應保留哪一方。"
"車道數與轉向皆不同","楠陽路","271982148","1196964834","反向","1196964834","22.722683646686484","120.32769751645611","https://www.google.com/maps/@22.722683646686484,120.32769751645611,20z","https://www.openstreetmap.org/way/271982148","segment_direction","5","left|through|through|through|through;right","3","left|through|through","anna","4854","way/271982148@b/1196964834","anna","4854","way/271982148@b/1196964834","人工值會覆蓋 LanePilot；請依現地與標註資料判定應保留哪一方。"
"車道數與轉向皆不同","楠陽路","1287156675","257743123","反向","257743123","22.72279848601857","120.32794083963744","https://www.google.com/maps/@22.72279848601857,120.32794083963744,20z","https://www.openstreetmap.org/way/1287156675","intersection_approach","4","unknown|unknown|unknown|unknown","5","left|through|through|through|through;right","anna","4862","way/1287156675@b/257743123","anna","4862","way/1287156675@b/257743123","人工值會覆蓋 LanePilot；請依現地與標註資料判定應保留哪一方。"
"車道數與轉向皆不同","旗楠路","25706464","280277330","正向","1451069527","22.73664734705755","120.33398492723325","https://www.google.com/maps/@22.73664734705755,120.33398492723325,20z","https://www.openstreetmap.org/way/25706464","segment_direction","3","through|through|right","4","through|through|right|right","anna","4696","way/25706464@b/280277330","anna","4696","way/25706464@b/280277330","人工值會覆蓋 LanePilot；請依現地與標註資料判定應保留哪一方。"
"車道數與轉向皆不同","旗楠路","25706464","280277447","反向","280277447","22.73534290767285","120.33290929882796","https://www.google.com/maps/@22.73534290767285,120.33290929882796,20z","https://www.openstreetmap.org/way/25706464","segment_direction","2","left;through|through;right","3","through|through|through+right","anna","4671","way/25706464@b/280277447","anna","4671","way/25706464@b/280277447","人工值會覆蓋 LanePilot；請依現地與標註資料判定應保留哪一方。"
"車道數與轉向皆不同","旗楠路","25706464","280277447","正向","1451069359","22.735247970598337","120.33282859796043","https://www.google.com/maps/@22.735247970598337,120.33282859796043,20z","https://www.openstreetmap.org/way/25706464","segment_direction","3","through|through|right","4","through|through|right|right","anna","4671","way/25706464@b/280277447","anna","4671","way/25706464@b/280277447","人工值會覆蓋 LanePilot；請依現地與標註資料判定應保留哪一方。"
"車道數與轉向皆不同","旗楠路","25706464","1451069359","正向","1400036862","22.735127284724832","120.33273079833138","https://www.google.com/maps/@22.735127284724832,120.33273079833138,20z","https://www.openstreetmap.org/way/25706464","segment_direction","3","through|through|right","2","through|through","anna","4668","way/25706464@b/1451069359","anna","4668","way/25706464@b/1451069359","人工值會覆蓋 LanePilot；請依現地與標註資料判定應保留哪一方。"
"車道數與轉向皆不同","旗楠路","25706464","2264426851","反向","2264426851","22.735877807680836","120.33335041868314","https://www.google.com/maps/@22.735877807680836,120.33335041868314,20z","https://www.openstreetmap.org/way/25706464","segment_direction","2","left;through|through;right","4","through|through|through|right","anna","4682","way/25706464@b/2264426851","anna","4682","way/25706464@b/2264426851","人工值會覆蓋 LanePilot；請依現地與標註資料判定應保留哪一方。"
"車道數與轉向皆不同","旗楠路","25706464","2264426851","正向","280277447","22.73534290767285","120.33290929882796","https://www.google.com/maps/@22.73534290767285,120.33290929882796,20z","https://www.openstreetmap.org/way/25706464","intersection_approach","4","through|through|right|right","3","through|through|right","anna","4682","way/25706464@b/2264426851","anna","4682","way/25706464@b/2264426851","人工值會覆蓋 LanePilot；請依現地與標註資料判定應保留哪一方。"
"車道數與轉向皆不同","旗楠路","271982114","1400036862","反向","1400036862","22.735127284724832","120.33273079833138","https://www.google.com/maps/@22.735127284724832,120.33273079833138,20z","https://www.openstreetmap.org/way/271982114","intersection_approach","3","left|through|through","2","through|through","anna","4698","way/271982114@b/1400036862","anna","4698","way/271982114@b/1400036862","人工值會覆蓋 LanePilot；請依現地與標註資料判定應保留哪一方。"
"車道數與轉向皆不同","翠華路","28526260","258769881","反向","258769881","22.69899923491081","120.30272977330465","https://www.google.com/maps/@22.69899923491081,120.30272977330465,20z","https://www.openstreetmap.org/way/28526260","intersection_approach","4","left|through|through|right","2","through|through;right","anna","3942","way/28526260@b/258769881","anna","3942","way/28526260@b/258769881","人工值會覆蓋 LanePilot；請依現地與標註資料判定應保留哪一方。"
"車道數與轉向皆不同","翠華路","28526260","258769881","正向","295692602","22.6988899961016","120.30278258990484","https://www.google.com/maps/@22.6988899961016,120.30278258990484,20z","https://www.openstreetmap.org/way/28526260","intersection_approach","4","through|through|through|through","3","through|through|through","anna","3942","way/28526260@b/258769881","anna","3942","way/28526260@b/258769881","人工值會覆蓋 LanePilot；請依現地與標註資料判定應保留哪一方。"
"車道數與轉向皆不同","翠華路","28526260","295692576","反向","295692576","22.69875025638667","120.30284611737585","https://www.google.com/maps/@22.69875025638667,120.30284611737585,20z","https://www.openstreetmap.org/way/28526260","segment_direction","3","through|through|through","2","through|through","anna","3952","way/28526260@b/295692576","anna","3952","way/28526260@b/295692576","人工值會覆蓋 LanePilot；請依現地與標註資料判定應保留哪一方。"
"車道數與轉向皆不同","翠華路","28526260","295692598","反向","295692598","22.69944926510324","120.30259681449937","https://www.google.com/maps/@22.69944926510324,120.30259681449937,20z","https://www.openstreetmap.org/way/28526260","segment_direction","3","through|through|through","2","through|through","anna","3940","way/28526260@b/295692598","anna","3940","way/28526260@b/295692598","人工值會覆蓋 LanePilot；請依現地與標註資料判定應保留哪一方。"
"車道數與轉向皆不同","翠華路","28526260","295692598","正向","258769881","22.69899923491081","120.30272977330465","https://www.google.com/maps/@22.69899923491081,120.30272977330465,20z","https://www.openstreetmap.org/way/28526260","segment_direction","4","through|through|through|right","2","through|through","anna","3940","way/28526260@b/295692598","anna","3940","way/28526260@b/295692598","人工值會覆蓋 LanePilot；請依現地與標註資料判定應保留哪一方。"
"車道數與轉向皆不同","翠華路","28526260","295692602","反向","295692602","22.6988899961016","120.30278258990484","https://www.google.com/maps/@22.6988899961016,120.30278258990484,20z","https://www.openstreetmap.org/way/28526260","segment_direction","3","through|through|through","2","through|through","anna","3941","way/28526260@b/295692602","anna","3941","way/28526260@b/295692602","人工值會覆蓋 LanePilot；請依現地與標註資料判定應保留哪一方。"
"車道數與轉向皆不同","鳳楠路","131904771","331257820","正向","1451068931","22.721498617664057","120.33203404940568","https://www.google.com/maps/@22.721498617664057,120.33203404940568,20z","https://www.openstreetmap.org/way/131904771","segment_direction","5","left|left|through|through|through;right","3","left|left|through","anna","4789","way/131904771@b/331257820","anna","4789","way/131904771@b/331257820","人工值會覆蓋 LanePilot；請依現地與標註資料判定應保留哪一方。"
"車道數與轉向皆不同","鳳楠路","131904771","1451068688","反向","1451068688","22.72062161090857","120.33261349667667","https://www.google.com/maps/@22.72062161090857,120.33261349667667,20z","https://www.openstreetmap.org/way/131904771","segment_direction","4","left;through|through|through|right","3","left|through|through","anna","4795","way/131904771@b/1451068688","anna","4795","way/131904771@b/1451068688","人工值會覆蓋 LanePilot；請依現地與標註資料判定應保留哪一方。"
"車道數與轉向皆不同","鳳楠路","131904771","1451068688","正向","331257820","22.72127917552013","120.33217903705902","https://www.google.com/maps/@22.72127917552013,120.33217903705902,20z","https://www.openstreetmap.org/way/131904771","segment_direction","5","left|left|through|through|through;right","4","left|left|through|through","anna","4795","way/131904771@b/1451068688","anna","4795","way/131904771@b/1451068688","人工值會覆蓋 LanePilot；請依現地與標註資料判定應保留哪一方。"
"車道數與轉向皆不同","鳳楠路","131904771","1451068931","正向","8806789751","22.722023557579217","120.33168635436782","https://www.google.com/maps/@22.722023557579217,120.33168635436782,20z","https://www.openstreetmap.org/way/131904771","segment_direction","5","left|left|through|through|through;right","3","left|left|through","anna","4784","way/131904771@b/1451068931","anna","4784","way/131904771@b/1451068931","人工值會覆蓋 LanePilot；請依現地與標註資料判定應保留哪一方。"
"車道數與轉向皆不同","鳳楠路","131904771","8806789751","正向","12599114573","22.722434300028944","120.33140320463247","https://www.google.com/maps/@22.722434300028944,120.33140320463247,20z","https://www.openstreetmap.org/way/131904771","intersection_approach","4","left;through|through|through|through;right","3","left|left|through","anna","4782","way/131904771@b/8806789751","anna","4782","way/131904771@b/8806789751","人工值會覆蓋 LanePilot；請依現地與標註資料判定應保留哪一方。"
"車道數與轉向皆不同","鳳楠路","268219248","2261344309","反向","2261344309","22.725778468518953","120.32946795202592","https://www.google.com/maps/@22.725778468518953,120.32946795202592,20z","https://www.openstreetmap.org/way/268219248","segment_direction","4","left;through|through|through|right","3","through|through|through;right","anna","4766","way/268219248@b/2261344309","anna","4766","way/268219248@b/2261344309","人工值會覆蓋 LanePilot；請依現地與標註資料判定應保留哪一方。"
"車道數與轉向皆不同","鳳楠路","268219248","2261344333","反向","2261344333","22.726313400000002","120.32931735","https://www.google.com/maps/@22.726313400000002,120.32931735,20z","https://www.openstreetmap.org/way/268219248","segment_direction","4","left;through|through|through|right","3","left;through|through|through","anna","4751","way/268219248@b/2261344333","anna","4751","way/268219248@b/2261344333","人工值會覆蓋 LanePilot；請依現地與標註資料判定應保留哪一方。"
"車道數與轉向皆不同","鳳楠路","268219248","12598724571","反向","12598724571","22.72410748902152","120.33028854266323","https://www.google.com/maps/@22.72410748902152,120.33028854266323,20z","https://www.openstreetmap.org/way/268219248","intersection_approach","4","left;through|through|through|right","3","left;through|through|through","anna","4769","way/268219248@b/12598724571","anna","4769","way/268219248@b/12598724571","人工值會覆蓋 LanePilot；請依現地與標註資料判定應保留哪一方。"
"車道數與轉向皆不同","鳳楠路","268219248","12598724572","反向","12598724572","22.725506910084654","120.3295449508739","https://www.google.com/maps/@22.725506910084654,120.3295449508739,20z","https://www.openstreetmap.org/way/268219248","segment_direction","4","left;through|through|through|right","3","through|through|through;right","anna","4765","way/268219248@b/12598724572","anna","4765","way/268219248@b/12598724572","人工值會覆蓋 LanePilot；請依現地與標註資料判定應保留哪一方。"
"車道數與轉向皆不同","鳳楠路","306702028","12599114573","反向","12599114573","22.722434300028944","120.33140320463247","https://www.google.com/maps/@22.722434300028944,120.33140320463247,20z","https://www.openstreetmap.org/way/306702028","intersection_approach","4","left;through|through|through|through;right","3","left;through|through|through","anna","4775","way/306702028@b/12599114573","anna","4775","way/306702028@b/12599114573","人工值會覆蓋 LanePilot；請依現地與標註資料判定應保留哪一方。"
"車道數與轉向皆不同","鳳楠路","306702028","12599114575","反向","12599114575","22.723151225189348","120.3309369234055","https://www.google.com/maps/@22.723151225189348,120.3309369234055,20z","https://www.openstreetmap.org/way/306702028","segment_direction","4","left;through|through|through|right","3","left;through|through|through","anna","4772","way/306702028@b/12599114575","anna","4772","way/306702028@b/12599114575","人工值會覆蓋 LanePilot；請依現地與標註資料判定應保留哪一方。"
"車道數與轉向皆不同","德民路","126247850","258785765","反向","258785765","22.730655798943644","120.31588770788525","https://www.google.com/maps/@22.730655798943644,120.31588770788525,20z","https://www.openstreetmap.org/way/126247850","intersection_approach","3","left|through|through","2","through|through","anna","2879","way/126247850@b/258785765","anna","2879","way/126247850@b/258785765","人工值會覆蓋 LanePilot；請依現地與標註資料判定應保留哪一方。"
"車道數與轉向皆不同","德民路","126247850","258785774","反向","258785774","22.731399544531314","120.31704516800616","https://www.google.com/maps/@22.731399544531314,120.31704516800616,20z","https://www.openstreetmap.org/way/126247850","intersection_approach","3","left|through|through","2","through|through","anna","2875","way/126247850@b/258785774","anna","2875","way/126247850@b/258785774","人工值會覆蓋 LanePilot；請依現地與標註資料判定應保留哪一方。"
"車道數與轉向皆不同","德民路","126247850","7477787914","反向","7477787914","22.729785385869768","120.31449872984675","https://www.google.com/maps/@22.729785385869768,120.31449872984675,20z","https://www.openstreetmap.org/way/126247850","intersection_approach","3","left|through|through","2","through|through","anna","2881","way/126247850@b/7477787914","anna","2881","way/126247850@b/7477787914","人工值會覆蓋 LanePilot；請依現地與標註資料判定應保留哪一方。"
"車道數與轉向皆不同","德民路","126247850","8189259958","正向","3666011746","22.73245380379454","120.31869662922824","https://www.google.com/maps/@22.73245380379454,120.31869662922824,20z","https://www.openstreetmap.org/way/126247850","intersection_approach","3","left|through|through","2","through|through","anna","2885","way/126247850@b/8189259958","anna","2885","way/126247850@b/8189259958","人工值會覆蓋 LanePilot；請依現地與標註資料判定應保留哪一方。"
"車道數與轉向皆不同","德民路","126247880","258785735","正向","258785755","22.72973321072284","120.31441537395376","https://www.google.com/maps/@22.72973321072284,120.31441537395376,20z","https://www.openstreetmap.org/way/126247880","segment_direction","1","through;right","2","through|through","anna","2860","way/126247880@b/258785735","anna","2860","way/126247880@b/258785735","人工值會覆蓋 LanePilot；請依現地與標註資料判定應保留哪一方。"
"車道數與轉向皆不同","德民路","254325305","256455746","正向","2379749920","22.721702968209716","120.29198869496852","https://www.google.com/maps/@22.721702968209716,120.29198869496852,20z","https://www.openstreetmap.org/way/254325305","segment_direction","1","through;right","2","left;through|through;right","anna","2785","way/254325305@b/256455746","anna","2785","way/254325305@b/256455746","人工值會覆蓋 LanePilot；請依現地與標註資料判定應保留哪一方。"
"車道數與轉向皆不同","德民路","254325305","256455769","反向","256455769","22.722104989283423","120.29444701753687","https://www.google.com/maps/@22.722104989283423,120.29444701753687,20z","https://www.openstreetmap.org/way/254325305","segment_direction","1","through;right","2","left;through|through","rex","104","way/254325305@b/256455769","rex","104","way/254325305@b/256455769","人工值會覆蓋 LanePilot；請依現地與標註資料判定應保留哪一方。"
"車道數與轉向皆不同","德民路","254325305","256455769","正向","3164180314","22.722176639711137","120.29466059188944","https://www.google.com/maps/@22.722176639711137,120.29466059188944,20z","https://www.openstreetmap.org/way/254325305","segment_direction","1","through;right","2","left;through|through","rex","104","way/254325305@b/256455769","rex","104","way/254325305@b/256455769","人工值會覆蓋 LanePilot；請依現地與標註資料判定應保留哪一方。"
"車道數與轉向皆不同","德民路","254325305","1398635729","反向","1398635729","22.72172716603214","120.29267953130014","https://www.google.com/maps/@22.72172716603214,120.29267953130014,20z","https://www.openstreetmap.org/way/254325305","segment_direction","1","through;right","2","left;through|through;right","anna","2826","way/254325305@b/1398635729","anna","2826","way/254325305@b/1398635729","人工值會覆蓋 LanePilot；請依現地與標註資料判定應保留哪一方。"
"車道數與轉向皆不同","德民路","254325305","1398635729","正向","1400036368","22.721928049968362","120.29388401674038","https://www.google.com/maps/@22.721928049968362,120.29388401674038,20z","https://www.openstreetmap.org/way/254325305","segment_direction","1","through;right","2","through|through;right","anna","2826","way/254325305@b/1398635729","anna","2826","way/254325305@b/1398635729","人工值會覆蓋 LanePilot；請依現地與標註資料判定應保留哪一方。"
"車道數與轉向皆不同","德民路","254325305","1400036368","反向","1400036368","22.721928049968362","120.29388401674038","https://www.google.com/maps/@22.721928049968362,120.29388401674038,20z","https://www.openstreetmap.org/way/254325305","segment_direction","1","through;right","2","left;through|through","rex","105","way/254325305@b/1400036368","rex","105","way/254325305@b/1400036368","人工值會覆蓋 LanePilot；請依現地與標註資料判定應保留哪一方。"
"車道數與轉向皆不同","德民路","254325305","1400036368","正向","256455769","22.722104989283423","120.29444701753687","https://www.google.com/maps/@22.722104989283423,120.29444701753687,20z","https://www.openstreetmap.org/way/254325305","segment_direction","1","through;right","2","through|through;right","rex","105","way/254325305@b/1400036368","rex","105","way/254325305@b/1400036368","人工值會覆蓋 LanePilot；請依現地與標註資料判定應保留哪一方。"
"車道數與轉向皆不同","德民路","254325305","1401138287","反向","1401138287","22.722402960610182","120.2953160151903","https://www.google.com/maps/@22.722402960610182,120.2953160151903,20z","https://www.openstreetmap.org/way/254325305","segment_direction","1","through;right","2","through|through;right","rex","101","way/254325305@b/1401138287","rex","101","way/254325305@b/1401138287","人工值會覆蓋 LanePilot；請依現地與標註資料判定應保留哪一方。"
"車道數與轉向皆不同","德民路","254325305","2379749920","反向","2379749920","22.721702968209716","120.29198869496852","https://www.google.com/maps/@22.721702968209716,120.29198869496852,20z","https://www.openstreetmap.org/way/254325305","segment_direction","1","through;right","2","through|through;right","anna","2817","way/254325305@b/2379749920","anna","2817","way/254325305@b/2379749920","人工值會覆蓋 LanePilot；請依現地與標註資料判定應保留哪一方。"
"車道數與轉向皆不同","德民路","254325305","2379749920","正向","1398635729","22.72172716603214","120.29267953130014","https://www.google.com/maps/@22.72172716603214,120.29267953130014,20z","https://www.openstreetmap.org/way/254325305","segment_direction","1","through;right","2","left;through|through;right","anna","2817","way/254325305@b/2379749920","anna","2817","way/254325305@b/2379749920","人工值會覆蓋 LanePilot；請依現地與標註資料判定應保留哪一方。"
"車道數與轉向皆不同","德民路","254325305","3164180313","反向","3164180313","22.72224286823318","120.29485508509931","https://www.google.com/maps/@22.72224286823318,120.29485508509931,20z","https://www.openstreetmap.org/way/254325305","segment_direction","1","through;right","2","left;through|through","rex","102","way/254325305@b/3164180313","rex","102","way/254325305@b/3164180313","人工值會覆蓋 LanePilot；請依現地與標註資料判定應保留哪一方。"
"車道數與轉向皆不同","德民路","254325305","3164180313","正向","1400036861","22.722377476563278","120.29524264277696","https://www.google.com/maps/@22.722377476563278,120.29524264277696,20z","https://www.openstreetmap.org/way/254325305","segment_direction","1","through;right","2","through|through;right","rex","102","way/254325305@b/3164180313","rex","102","way/254325305@b/3164180313","人工值會覆蓋 LanePilot；請依現地與標註資料判定應保留哪一方。"
"車道數與轉向皆不同","德民路","254325305","3164180314","反向","3164180314","22.722176639711137","120.29466059188944","https://www.google.com/maps/@22.722176639711137,120.29466059188944,20z","https://www.openstreetmap.org/way/254325305","segment_direction","1","through;right","2","through|through;right","rex","103","way/254325305@b/3164180314","rex","103","way/254325305@b/3164180314","人工值會覆蓋 LanePilot；請依現地與標註資料判定應保留哪一方。"
"車道數與轉向皆不同","德民路","254325305","3164180314","正向","1400036178","22.722194940974045","120.29471514397659","https://www.google.com/maps/@22.722194940974045,120.29471514397659,20z","https://www.openstreetmap.org/way/254325305","segment_direction","1","through;right","2","through|through","rex","103","way/254325305@b/3164180314","rex","103","way/254325305@b/3164180314","人工值會覆蓋 LanePilot；請依現地與標註資料判定應保留哪一方。"
"車道數與轉向皆不同","德民路","267715881","256455983","反向","256455983","22.718316256776077","120.2849169944968","https://www.google.com/maps/@22.718316256776077,120.2849169944968,20z","https://www.openstreetmap.org/way/267715881","intersection_approach","3","left;through|through|right","2","left;through|through","anna","2762","way/267715881@b/256455983","anna","2762","way/267715881@b/256455983","人工值會覆蓋 LanePilot；請依現地與標註資料判定應保留哪一方。"
"車道數與轉向皆不同","德民路","280277090","1400036566","正向","895427266","22.733239041618823","120.31995241146885","https://www.google.com/maps/@22.733239041618823,120.31995241146885,20z","https://www.openstreetmap.org/way/280277090","segment_direction","1","through;right","2","through|right","anna","2897","way/280277090@b/1400036566","anna","2897","way/280277090@b/1400036566","人工值會覆蓋 LanePilot；請依現地與標註資料判定應保留哪一方。"
"車道數與轉向皆不同","德民路","280277091","256455798","反向","256455798","22.724428131737284","120.30003601392988","https://www.google.com/maps/@22.724428131737284,120.30003601392988,20z","https://www.openstreetmap.org/way/280277091","segment_direction","1","through;right","2","through|through;right","anna","2838","way/280277091@b/256455798","anna","2838","way/280277091@b/256455798","人工值會覆蓋 LanePilot；請依現地與標註資料判定應保留哪一方。"
"車道數與轉向皆不同","德民路","280277091","1400036576","反向","1400036576","22.72506210799578","120.30122168659884","https://www.google.com/maps/@22.72506210799578,120.30122168659884,20z","https://www.openstreetmap.org/way/280277091","segment_direction","1","through;right","2","through|through;right","anna","2850","way/280277091@b/1400036576","anna","2850","way/280277091@b/1400036576","人工值會覆蓋 LanePilot；請依現地與標註資料判定應保留哪一方。"
"車道數與轉向皆不同","德民路","280277091","1401138187","反向","1401138187","22.723806510856246","120.29891462911841","https://www.google.com/maps/@22.723806510856246,120.29891462911841,20z","https://www.openstreetmap.org/way/280277091","segment_direction","1","through;right","2","through|through;right","anna","2836","way/280277091@b/1401138187","anna","2836","way/280277091@b/1401138187","人工值會覆蓋 LanePilot；請依現地與標註資料判定應保留哪一方。"
"車道數與轉向皆不同","德民路","280277091","2896477627","反向","2896477627","22.723268372955324","120.29783295757922","https://www.google.com/maps/@22.723268372955324,120.29783295757922,20z","https://www.openstreetmap.org/way/280277091","segment_direction","1","through;right","2","through;right|through","anna","2832","way/280277091@b/2896477627","anna","2832","way/280277091@b/2896477627","人工值會覆蓋 LanePilot；請依現地與標註資料判定應保留哪一方。"
"車道數與轉向皆不同","德民路","280277091","3004986157","反向","3004986157","22.724029100000003","120.2993383","https://www.google.com/maps/@22.724029100000003,120.2993383,20z","https://www.openstreetmap.org/way/280277091","segment_direction","1","through;right","2","through|through;right","anna","2837","way/280277091@b/3004986157","anna","2837","way/280277091@b/3004986157","人工值會覆蓋 LanePilot；請依現地與標註資料判定應保留哪一方。"
"車道數與轉向皆不同","德民路","280277091","3004986157","正向","256455798","22.724428131737284","120.30003601392988","https://www.google.com/maps/@22.724428131737284,120.30003601392988,20z","https://www.openstreetmap.org/way/280277091","intersection_approach","1","through","2","left;through|through","anna","2837","way/280277091@b/3004986157","anna","2837","way/280277091@b/3004986157","人工值會覆蓋 LanePilot；請依現地與標註資料判定應保留哪一方。"
"車道數與轉向皆不同","德民路","280277091","3853782600","反向","3853782600","22.72521437337437","120.30205071762515","https://www.google.com/maps/@22.72521437337437,120.30205071762515,20z","https://www.openstreetmap.org/way/280277091","segment_direction","1","through;right","2","through|through","anna","2851","way/280277091@b/3853782600","anna","2851","way/280277091@b/3853782600","人工值會覆蓋 LanePilot；請依現地與標註資料判定應保留哪一方。"
"車道數與轉向皆不同","德民路","280277091","3853782600","正向","258785439","22.72536295646337","120.30295878865216","https://www.google.com/maps/@22.72536295646337,120.30295878865216,20z","https://www.openstreetmap.org/way/280277091","intersection_approach","3","left|through|through;right","2","through|through;right","anna","2851","way/280277091@b/3853782600","anna","2851","way/280277091@b/3853782600","人工值會覆蓋 LanePilot；請依現地與標註資料判定應保留哪一方。"
"車道數與轉向皆不同","德民路","312878600","256455840","正向","256245283","22.726624212801564","120.31040773465139","https://www.google.com/maps/@22.726624212801564,120.31040773465139,20z","https://www.openstreetmap.org/way/312878600","segment_direction","1","through;right","2","through|right","anna","2856","way/312878600@b/256455840","anna","2856","way/312878600@b/256455840","人工值會覆蓋 LanePilot；請依現地與標註資料判定應保留哪一方。"
"車道數與轉向皆不同","德民路","339750712","265968403","反向","265968403","22.721206709392256","120.2899016737613","https://www.google.com/maps/@22.721206709392256,120.2899016737613,20z","https://www.openstreetmap.org/way/339750712","segment_direction","1","through;right","2","through|through+right","anna","2783","way/339750712@b/265968403","anna","2783","way/339750712@b/265968403","人工值會覆蓋 LanePilot；請依現地與標註資料判定應保留哪一方。"
"車道數與轉向皆不同","德民路","339750712","265968403","正向","256455746","22.721660642950013","120.29101043478687","https://www.google.com/maps/@22.721660642950013,120.29101043478687,20z","https://www.openstreetmap.org/way/339750712","segment_direction","1","through;right","2","through|through+right","anna","2783","way/339750712@b/265968403","anna","2783","way/339750712@b/265968403","人工值會覆蓋 LanePilot；請依現地與標註資料判定應保留哪一方。"
"車道數與轉向皆不同","德民路","1394491585","2876350352","反向","2876350352","22.725303150000002","120.30298915","https://www.google.com/maps/@22.725303150000002,120.30298915,20z","https://www.openstreetmap.org/way/1394491585","intersection_approach","3","left|through|through","2","through|through","anna","2854","way/1394491585@b/2876350352","anna","2854","way/1394491585@b/2876350352","人工值會覆蓋 LanePilot；請依現地與標註資料判定應保留哪一方。"
"車道數與轉向皆不同","德民路","1420142022","1400036845","正向","2896477627","22.723268372955324","120.29783295757922","https://www.google.com/maps/@22.723268372955324,120.29783295757922,20z","https://www.openstreetmap.org/way/1420142022","segment_direction","1","through;right","2","left;through|through;right","anna","2831","way/1420142022@b/1400036845","anna","2831","way/1420142022@b/1400036845","人工值會覆蓋 LanePilot；請依現地與標註資料判定應保留哪一方。"
"車道數與轉向皆不同","德惠路","23875933","2401086121","反向","2401086121","22.730267375702084","120.30317700003401","https://www.google.com/maps/@22.730267375702084,120.30317700003401,20z","https://www.openstreetmap.org/way/23875933","segment_direction","3","through|through|through","2","through|through","anna","3702","way/23875933@b/2401086121","anna","3702","way/23875933@b/2401086121","人工值會覆蓋 LanePilot；請依現地與標註資料判定應保留哪一方。"
"車道數與轉向皆不同","德惠路","94402836","258785531","反向","258785531","22.727330622590014","120.30296015085509","https://www.google.com/maps/@22.727330622590014,120.30296015085509,20z","https://www.openstreetmap.org/way/94402836","segment_direction","3","through|through|through","2","through|through","anna","3679","way/94402836@b/258785531","anna","3679","way/94402836@b/258785531","人工值會覆蓋 LanePilot；請依現地與標註資料判定應保留哪一方。"
"車道數與轉向皆不同","德惠路","94402836","258785585","反向","258785585","22.729102","120.30318785","https://www.google.com/maps/@22.729102,120.30318785,20z","https://www.openstreetmap.org/way/94402836","segment_direction","3","through|through|through","2","through|through","anna","3694","way/94402836@b/258785585","anna","3694","way/94402836@b/258785585","人工值會覆蓋 LanePilot；請依現地與標註資料判定應保留哪一方。"
"車道數與轉向皆不同","德惠路","94402836","258785638","反向","258785638","22.729266540074125","120.30319009287366","https://www.google.com/maps/@22.729266540074125,120.30319009287366,20z","https://www.openstreetmap.org/way/94402836","segment_direction","3","through|through|through","2","through|through","anna","3703","way/94402836@b/258785638","anna","3703","way/94402836@b/258785638","人工值會覆蓋 LanePilot；請依現地與標註資料判定應保留哪一方。"
"車道數與轉向皆不同","德惠路","94402836","2401086123","反向","2401086123","22.72814313199547","120.30314139920694","https://www.google.com/maps/@22.72814313199547,120.30314139920694,20z","https://www.openstreetmap.org/way/94402836","segment_direction","3","through|through|through","2","through|through","anna","3685","way/94402836@b/2401086123","anna","3685","way/94402836@b/2401086123","人工值會覆蓋 LanePilot；請依現地與標註資料判定應保留哪一方。"
"車道數與轉向皆不同","德惠路","312878599","258785457","正向","258785439","22.72536295646337","120.30295878865216","https://www.google.com/maps/@22.72536295646337,120.30295878865216,20z","https://www.openstreetmap.org/way/312878599","intersection_approach","3","left;through|through|through;right","2","left;through|through","anna","3672","way/312878599@b/258785457","anna","3672","way/312878599@b/258785457","人工值會覆蓋 LanePilot；請依現地與標註資料判定應保留哪一方。"
"車道數與轉向皆不同","學專路","24204253","1219300373","反向","1219300373","22.71479371589813","120.30926254315065","https://www.google.com/maps/@22.71479371589813,120.30926254315065,20z","https://www.openstreetmap.org/way/24204253","intersection_approach","3","left|left|right","2","left|right","anna","3665","way/24204253@b/1219300373","anna","3665","way/24204253@b/1219300373","人工值會覆蓋 LanePilot；請依現地與標註資料判定應保留哪一方。"
"車道數與轉向皆不同","學專路","24204253","4582185534","正向","265748808","22.72275415218351","120.31726670859098","https://www.google.com/maps/@22.72275415218351,120.31726670859098,20z","https://www.openstreetmap.org/way/24204253","intersection_approach","3","left;through|through;right|through;right","2","left;through|through;right","anna","3602","way/24204253@b/4582185534","anna","3602","way/24204253@b/4582185534","人工值會覆蓋 LanePilot；請依現地與標註資料判定應保留哪一方。"
"車道數與轉向皆不同","興中橋","46146074","256456786","反向","256456786","22.719941559781304","120.28232838791288","https://www.google.com/maps/@22.719941559781304,120.28232838791288,20z","https://www.openstreetmap.org/way/46146074","segment_direction","3","left;through|through|through;right","2","left;through|through","anna","1955","way/46146074@b/256456786","anna","1955","way/46146074@b/256456786","人工值會覆蓋 LanePilot；請依現地與標註資料判定應保留哪一方。"
"車道數與轉向皆不同","興中橋","46146074","256456786","正向","588290650","22.7208738303733","120.28079901460441","https://www.google.com/maps/@22.7208738303733,120.28079901460441,20z","https://www.openstreetmap.org/way/46146074","segment_direction","2","left;through|through","3","left;through|through|through+right","anna","1955","way/46146074@b/256456786","anna","1955","way/46146074@b/256456786","人工值會覆蓋 LanePilot；請依現地與標註資料判定應保留哪一方。"
"車道數與轉向皆不同","藍田路","23875893","1080696860","正向","262101326","22.726006642836772","120.27779000780463","https://www.google.com/maps/@22.726006642836772,120.27779000780463,20z","https://www.openstreetmap.org/way/23875893","intersection_approach","3","left|through|through;right","2","through|through+right","rex","378","way/23875893@b/1080696860","rex","378","way/23875893@b/1080696860","人工值會覆蓋 LanePilot；請依現地與標註資料判定應保留哪一方。"
"車道數與轉向皆不同","藍田路","23875893","7391695984","正向","259481979","22.724990236556152","120.27586573154625","https://www.google.com/maps/@22.724990236556152,120.27586573154625,20z","https://www.openstreetmap.org/way/23875893","intersection_approach","3","left;through|through|right","2","through|right","rex","371","way/23875893@b/7391695984","rex","371","way/23875893@b/7391695984","人工值會覆蓋 LanePilot；請依現地與標註資料判定應保留哪一方。"
"車道數與轉向皆不同","藍田路","254325308","258784609","反向","258784609","22.727240997646078","120.29174265634663","https://www.google.com/maps/@22.727240997646078,120.29174265634663,20z","https://www.openstreetmap.org/way/254325308","intersection_approach","4","left|through|through|right","2","left;through|through;right","rex","247","way/254325308@b/258784609","rex","247","way/254325308@b/258784609","人工值會覆蓋 LanePilot；請依現地與標註資料判定應保留哪一方。"
"車道數與轉向皆不同","藍田路","254325308","258784609","正向","1401138375","22.727150619566878","120.2922372802894","https://www.google.com/maps/@22.727150619566878,120.2922372802894,20z","https://www.openstreetmap.org/way/254325308","intersection_approach","2","through|through;right","3","through|through|through;right","rex","247","way/254325308@b/258784609","rex","247","way/254325308@b/258784609","人工值會覆蓋 LanePilot；請依現地與標註資料判定應保留哪一方。"
"車道數與轉向皆不同","藍田路","254325308","1401138375","正向","258784618","22.726896819206793","120.29370898611444","https://www.google.com/maps/@22.726896819206793,120.29370898611444,20z","https://www.openstreetmap.org/way/254325308","intersection_approach","2","through|through;right","3","through|through|through;right","rex","248","way/254325308@b/1401138375","rex","248","way/254325308@b/1401138375","人工值會覆蓋 LanePilot；請依現地與標註資料判定應保留哪一方。"
"車道數與轉向皆不同","藍田路","254325308","1401138517","正向","2400006088","22.726563003588307","120.29554103028259","https://www.google.com/maps/@22.726563003588307,120.29554103028259,20z","https://www.openstreetmap.org/way/254325308","segment_direction","2","left;through|through;right","3","left;through|through|right","rex","260","way/254325308@b/1401138517","rex","260","way/254325308@b/1401138517","人工值會覆蓋 LanePilot；請依現地與標註資料判定應保留哪一方。"
"車道數與轉向皆不同","藍田路","254325308","2400006088","正向","2400006089","22.726453616635894","120.29576350120826","https://www.google.com/maps/@22.726453616635894,120.29576350120826,20z","https://www.openstreetmap.org/way/254325308","segment_direction","2","left;through|through;right","3","left;through|through|right","rex","265","way/254325308@b/2400006088","rex","265","way/254325308@b/2400006088","人工值會覆蓋 LanePilot；請依現地與標註資料判定應保留哪一方。"
"車道數與轉向皆不同","藍田路","254325308","2400006089","正向","258784649","22.726283095716543","120.29591685545711","https://www.google.com/maps/@22.726283095716543,120.29591685545711,20z","https://www.openstreetmap.org/way/254325308","segment_direction","2","left;through|through;right","3","left;through|through|right","rex","266","way/254325308@b/2400006089","rex","266","way/254325308@b/2400006089","人工值會覆蓋 LanePilot；請依現地與標註資料判定應保留哪一方。"
"車道數與轉向皆不同","藍田路","254325309","291592355","反向","291592355","22.726889468147547","120.27984808351107","https://www.google.com/maps/@22.726889468147547,120.27984808351107,20z","https://www.openstreetmap.org/way/254325309","intersection_approach","3","left|through|through;right","2","through|right","rex","47","way/254325309@b/291592355","rex","47","way/254325309@b/291592355","人工值會覆蓋 LanePilot；請依現地與標註資料判定應保留哪一方。"
"車道數與轉向皆不同","藍田路","254325309","291592355","正向","1080697129","22.727172919576432","120.2805019380155","https://www.google.com/maps/@22.727172919576432,120.2805019380155,20z","https://www.openstreetmap.org/way/254325309","intersection_approach","3","left|through|through;right","2","through|right","rex","47","way/254325309@b/291592355","rex","47","way/254325309@b/291592355","人工值會覆蓋 LanePilot；請依現地與標註資料判定應保留哪一方。"
"車道數與轉向皆不同","藍田路","254325309","1080697129","反向","1080697129","22.727172919576432","120.2805019380155","https://www.google.com/maps/@22.727172919576432,120.2805019380155,20z","https://www.openstreetmap.org/way/254325309","intersection_approach","3","left|through|through;right","2","left|through","rex","14","way/254325309@b/1080697129","rex","14","way/254325309@b/1080697129","人工值會覆蓋 LanePilot；請依現地與標註資料判定應保留哪一方。"
"車道數與轉向皆不同","藍田路","254325309","1080697129","正向","1080696728","22.727610622436696","120.28144605781075","https://www.google.com/maps/@22.727610622436696,120.28144605781075,20z","https://www.openstreetmap.org/way/254325309","intersection_approach","3","left|through|through","2","left|through","rex","14","way/254325309@b/1080697129","rex","14","way/254325309@b/1080697129","人工值會覆蓋 LanePilot；請依現地與標註資料判定應保留哪一方。"
"車道數與轉向皆不同","藍田路","297138317","262840695","正向","262840830","22.728355817555823","120.28461860599138","https://www.google.com/maps/@22.728355817555823,120.28461860599138,20z","https://www.openstreetmap.org/way/297138317","segment_direction","4","left|through|through|right","3","left|through|through","anna","1867","way/297138317@b/262840695","anna","1867","way/297138317@b/262840695","人工值會覆蓋 LanePilot；請依現地與標註資料判定應保留哪一方。"
"車道數與轉向皆不同","藍田路","297138318","262840830","反向","262840830","22.728355817555823","120.28461860599138","https://www.google.com/maps/@22.728355817555823,120.28461860599138,20z","https://www.openstreetmap.org/way/297138318","intersection_approach","3","left|through|through;right","2","through|through","anna","1868","way/297138318@b/262840830","anna","1868","way/297138318@b/262840830","人工值會覆蓋 LanePilot；請依現地與標註資料判定應保留哪一方。"
"車道數與轉向皆不同","藍田路","297138318","262840830","正向","262840842","22.7283379644291","120.28482786406886","https://www.google.com/maps/@22.7283379644291,120.28482786406886,20z","https://www.openstreetmap.org/way/297138318","segment_direction","4","left|through|through|right","3","left|through|through","anna","1868","way/297138318@b/262840830","anna","1868","way/297138318@b/262840830","人工值會覆蓋 LanePilot；請依現地與標註資料判定應保留哪一方。"
"車道數與轉向皆不同","藍田路","297138329","256593792","反向","256593792","22.728081720673064","120.28722343577424","https://www.google.com/maps/@22.728081720673064,120.28722343577424,20z","https://www.openstreetmap.org/way/297138329","intersection_approach","3","left|through|through;right","2","through|through;right","rex","77","way/297138329@b/256593792","rex","77","way/297138329@b/256593792","人工值會覆蓋 LanePilot；請依現地與標註資料判定應保留哪一方。"
"車道數與轉向皆不同","藍田路","297138329","256593792","正向","1080696829","22.727979958958116","120.28780409127477","https://www.google.com/maps/@22.727979958958116,120.28780409127477,20z","https://www.openstreetmap.org/way/297138329","intersection_approach","3","left|through|through;right","2","left;through|through","rex","77","way/297138329@b/256593792","rex","77","way/297138329@b/256593792","人工值會覆蓋 LanePilot；請依現地與標註資料判定應保留哪一方。"
"車道數與轉向皆不同","藍田路","297138329","260130551","反向","260130551","22.727507526211454","120.28991397381435","https://www.google.com/maps/@22.727507526211454,120.28991397381435,20z","https://www.openstreetmap.org/way/297138329","intersection_approach","3","left|through|through;right","2","left;through|through;right","rex","168","way/297138329@b/260130551","rex","168","way/297138329@b/260130551","人工值會覆蓋 LanePilot；請依現地與標註資料判定應保留哪一方。"
"車道數與轉向皆不同","藍田路","297138329","260130551","正向","258784609","22.727240997646078","120.29174265634663","https://www.google.com/maps/@22.727240997646078,120.29174265634663,20z","https://www.openstreetmap.org/way/297138329","segment_direction","2","left;through|through;right","3","left;through|through|through;right","rex","168","way/297138329@b/260130551","rex","168","way/297138329@b/260130551","人工值會覆蓋 LanePilot；請依現地與標註資料判定應保留哪一方。"
"車道數與轉向皆不同","藍田路","297138329","1080696829","反向","1080696829","22.727979958958116","120.28780409127477","https://www.google.com/maps/@22.727979958958116,120.28780409127477,20z","https://www.openstreetmap.org/way/297138329","intersection_approach","3","left|through|through;right","2","through|through;right","rex","76","way/297138329@b/1080696829","rex","76","way/297138329@b/1080696829","人工值會覆蓋 LanePilot；請依現地與標註資料判定應保留哪一方。"
"車道數與轉向皆不同","藍田路","297138329","1080696829","正向","1080697175","22.72778393032089","120.28865196991565","https://www.google.com/maps/@22.72778393032089,120.28865196991565,20z","https://www.openstreetmap.org/way/297138329","intersection_approach","3","left|through|through;right","2","through|through;right","rex","76","way/297138329@b/1080696829","rex","76","way/297138329@b/1080696829","人工值會覆蓋 LanePilot；請依現地與標註資料判定應保留哪一方。"
"車道數與轉向皆不同","藍田路","297138329","1080697175","反向","1080697175","22.72778393032089","120.28865196991565","https://www.google.com/maps/@22.72778393032089,120.28865196991565,20z","https://www.openstreetmap.org/way/297138329","intersection_approach","3","left|through|through;right","2","through|through;right","rex","78","way/297138329@b/1080697175","rex","78","way/297138329@b/1080697175","人工值會覆蓋 LanePilot；請依現地與標註資料判定應保留哪一方。"
"車道數與轉向皆不同","藍田路","297138329","1080697175","正向","260130551","22.727507526211454","120.28991397381435","https://www.google.com/maps/@22.727507526211454,120.28991397381435,20z","https://www.openstreetmap.org/way/297138329","intersection_approach","3","left|through|through;right","2","through|through;right","rex","78","way/297138329@b/1080697175","rex","78","way/297138329@b/1080697175","人工值會覆蓋 LanePilot；請依現地與標註資料判定應保留哪一方。"
"車道數與轉向皆不同","藍田路","297138334","262840700","正向","256593792","22.728081720673064","120.28722343577424","https://www.google.com/maps/@22.728081720673064,120.28722343577424,20z","https://www.openstreetmap.org/way/297138334","intersection_approach","3","left|through|through;right","2","through|through;right","rex","70","way/297138334@b/262840700","rex","70","way/297138334@b/262840700","人工值會覆蓋 LanePilot；請依現地與標註資料判定應保留哪一方。"
"車道數與轉向皆不同","藍田路","339750721","259481980","反向","259481980","22.726424668052125","120.27876453614762","https://www.google.com/maps/@22.726424668052125,120.27876453614762,20z","https://www.openstreetmap.org/way/339750721","intersection_approach","3","left|through|through","2","left|through","rex","11","way/339750721@b/259481980","rex","11","way/339750721@b/259481980","人工值會覆蓋 LanePilot；請依現地與標註資料判定應保留哪一方。"
"車道數與轉向皆不同","藍田路","1464405422","343046730","反向","343046730","22.72784819529104","120.28198204342115","https://www.google.com/maps/@22.72784819529104,120.28198204342115,20z","https://www.openstreetmap.org/way/1464405422","intersection_approach","3","left|through|through","2","through|through","rex","63","way/1464405422@b/343046730","rex","63","way/1464405422@b/343046730","人工值會覆蓋 LanePilot；請依現地與標註資料判定應保留哪一方。"
"車道數與轉向皆不同","藍昌路","24260751","262101277","反向","262101277","22.734357322876043","120.29268035929641","https://www.google.com/maps/@22.734357322876043,120.29268035929641,20z","https://www.openstreetmap.org/way/24260751","intersection_approach","3","left;through|through|through","2","left;through|through","rex","286","way/24260751@b/262101277","rex","286","way/24260751@b/262101277","人工值會覆蓋 LanePilot；請依現地與標註資料判定應保留哪一方。"
"車道數與轉向皆不同","藍昌路","254325307","256245347","反向","256245347","22.732196130777908","120.29240973727615","https://www.google.com/maps/@22.732196130777908,120.29240973727615,20z","https://www.openstreetmap.org/way/254325307","intersection_approach","3","left|through|through;right","2","through|through+right","anna","3558","way/254325307@b/256245347","anna","3558","way/254325307@b/256245347","人工值會覆蓋 LanePilot；請依現地與標註資料判定應保留哪一方。"
"車道數與轉向皆不同","藍昌路","254325307","256245347","正向","12658227994","22.73179771761087","120.29235600984691","https://www.google.com/maps/@22.73179771761087,120.29235600984691,20z","https://www.openstreetmap.org/way/254325307","intersection_approach","3","through|through|through;right","2","through|through+right","anna","3558","way/254325307@b/256245347","anna","3558","way/254325307@b/256245347","人工值會覆蓋 LanePilot；請依現地與標註資料判定應保留哪一方。"
"車道數與轉向皆不同","藍昌路","254325307","260269166","反向","260269166","22.73099815703442","120.29224829433835","https://www.google.com/maps/@22.73099815703442,120.29224829433835,20z","https://www.openstreetmap.org/way/254325307","intersection_approach","3","left|through|through;right","2","through|through+right","anna","3508","way/254325307@b/260269166","anna","3508","way/254325307@b/260269166","人工值會覆蓋 LanePilot；請依現地與標註資料判定應保留哪一方。"
"車道數與轉向皆不同","藍昌路","254325307","260269166","正向","2081844137","22.73038799831703","120.29216810927045","https://www.google.com/maps/@22.73038799831703,120.29216810927045,20z","https://www.openstreetmap.org/way/254325307","intersection_approach","3","left|through|through","2","through|through+right","anna","3508","way/254325307@b/260269166","anna","3508","way/254325307@b/260269166","人工值會覆蓋 LanePilot；請依現地與標註資料判定應保留哪一方。"
"車道數與轉向皆不同","藍昌路","254325307","1080696959","反向","1080696959","22.72885982287638","120.29195989988227","https://www.google.com/maps/@22.72885982287638,120.29195989988227,20z","https://www.openstreetmap.org/way/254325307","intersection_approach","3","left|through|through;right","2","through|through+right","anna","3512","way/254325307@b/1080696959","anna","3512","way/254325307@b/1080696959","人工值會覆蓋 LanePilot；請依現地與標註資料判定應保留哪一方。"
"車道數與轉向皆不同","藍昌路","254325307","1080697450","正向","1080696959","22.72885982287638","120.29195989988227","https://www.google.com/maps/@22.72885982287638,120.29195989988227,20z","https://www.openstreetmap.org/way/254325307","intersection_approach","3","left|through|through;right","2","through|through+right","anna","3556","way/254325307@b/1080697450","anna","3556","way/254325307@b/1080697450","人工值會覆蓋 LanePilot；請依現地與標註資料判定應保留哪一方。"
"車道數與轉向皆不同","藍昌路","254325307","1080697512","反向","1080697512","22.729802961353595","120.29209025967853","https://www.google.com/maps/@22.729802961353595,120.29209025967853,20z","https://www.openstreetmap.org/way/254325307","intersection_approach","3","left|through|through;right","2","through|through+right","anna","3555","way/254325307@b/1080697512","anna","3555","way/254325307@b/1080697512","人工值會覆蓋 LanePilot；請依現地與標註資料判定應保留哪一方。"
"車道數與轉向皆不同","藍昌路","254325307","2081844137","正向","1080697512","22.729802961353595","120.29209025967853","https://www.google.com/maps/@22.729802961353595,120.29209025967853,20z","https://www.openstreetmap.org/way/254325307","intersection_approach","3","left|through|through;right","2","through|through+right","anna","3509","way/254325307@b/2081844137","anna","3509","way/254325307@b/2081844137","人工值會覆蓋 LanePilot；請依現地與標註資料判定應保留哪一方。"
"車道數與轉向皆不同","藍昌路","254325307","5302825713","正向","260269166","22.73099815703442","120.29224829433835","https://www.google.com/maps/@22.73099815703442,120.29224829433835,20z","https://www.openstreetmap.org/way/254325307","intersection_approach","3","left|through|through;right","2","through|through+right","anna","3507","way/254325307@b/5302825713","anna","3507","way/254325307@b/5302825713","人工值會覆蓋 LanePilot；請依現地與標註資料判定應保留哪一方。"
"車道數與轉向皆不同","藍昌路","254325307","12658227994","正向","5302825713","22.731603800528706","120.29232997130912","https://www.google.com/maps/@22.731603800528706,120.29232997130912,20z","https://www.openstreetmap.org/way/254325307","intersection_approach","3","left|through|through","2","through|through+right","anna","3559","way/254325307@b/12658227994","anna","3559","way/254325307@b/12658227994","人工值會覆蓋 LanePilot；請依現地與標註資料判定應保留哪一方。"
"車道數與轉向皆不同","藍昌路","792750238","343047197","正向","256455746","22.721660642950013","120.29101043478687","https://www.google.com/maps/@22.721660642950013,120.29101043478687,20z","https://www.openstreetmap.org/way/792750238","intersection_approach","3","left|through|through;right","2","left;through|through;right","rex","1253","way/792750238@b/343047197","rex","1253","way/792750238@b/343047197","人工值會覆蓋 LanePilot；請依現地與標註資料判定應保留哪一方。"
"車道數與轉向皆不同","藍昌路","792750238","7035724872","正向","343047197","22.722125230571113","120.29104120052375","https://www.google.com/maps/@22.722125230571113,120.29104120052375,20z","https://www.openstreetmap.org/way/792750238","intersection_approach","3","unknown|unknown|right","2","left;through|through","rex","1246","way/792750238@b/7035724872","rex","1246","way/792750238@b/7035724872","人工值會覆蓋 LanePilot；請依現地與標註資料判定應保留哪一方。"
"LanePilot base 無對應資料","久昌街128巷24弄","126080729","1398634996","反向","1398634996","22.71171","120.2840681","https://www.google.com/maps/@22.71171,120.2840681,20z","https://www.openstreetmap.org/way/126080729","","","","0","","anna","4075","way/126080729@b/1398634996","anna","4075","way/126080729@b/1398634996","LanePilot 沒有可套用到此路段方向的 approach 或 segment 紀錄。"
"LanePilot base 無對應資料","久昌街128巷24弄","126080729","1398634996","正向","1398634863","22.7114157","120.2842471","https://www.google.com/maps/@22.7114157,120.2842471,20z","https://www.openstreetmap.org/way/126080729","","","","1","through","anna","4075","way/126080729@b/1398634996","anna","4075","way/126080729@b/1398634996","LanePilot 沒有可套用到此路段方向的 approach 或 segment 紀錄。"
"LanePilot base 無對應資料","久昌街128巷56弄","126080903","1398636056","反向","1398636056","22.7120264","120.2847713","https://www.google.com/maps/@22.7120264,120.2847713,20z","https://www.openstreetmap.org/way/126080903","","","","0","","anna","4076","way/126080903@b/1398636056","anna","4076","way/126080903@b/1398636056","LanePilot 沒有可套用到此路段方向的 approach 或 segment 紀錄。"
"LanePilot base 無對應資料","久昌街128巷56弄","126080903","1398636056","正向","1398634948","22.7114667","120.2847555","https://www.google.com/maps/@22.7114667,120.2847555,20z","https://www.openstreetmap.org/way/126080903","","","","1","through","anna","4076","way/126080903@b/1398636056","anna","4076","way/126080903@b/1398636056","LanePilot 沒有可套用到此路段方向的 approach 或 segment 紀錄。"
"LanePilot base 無對應資料","久昌街268巷","126080893","1398634998","反向","1398634998","22.7146919","120.2815086","https://www.google.com/maps/@22.7146919,120.2815086,20z","https://www.openstreetmap.org/way/126080893","","","","0","","anna","4072","way/126080893@b/1398634998","anna","4072","way/126080893@b/1398634998","LanePilot 沒有可套用到此路段方向的 approach 或 segment 紀錄。"
"LanePilot base 無對應資料","久昌街268巷","126080893","1398634998","正向","1398635486","22.7149922","120.2820856","https://www.google.com/maps/@22.7149922,120.2820856,20z","https://www.openstreetmap.org/way/126080893","","","","1","through","anna","4072","way/126080893@b/1398634998","anna","4072","way/126080893@b/1398634998","LanePilot 沒有可套用到此路段方向的 approach 或 segment 紀錄。"
"LanePilot base 無對應資料","久昌街465巷","126080908","1398634741","反向","1398634741","22.7159184","120.2800251","https://www.google.com/maps/@22.7159184,120.2800251,20z","https://www.openstreetmap.org/way/126080908","","","","0","","anna","4071","way/126080908@b/1398634741","anna","4071","way/126080908@b/1398634741","LanePilot 沒有可套用到此路段方向的 approach 或 segment 紀錄。"
"LanePilot base 無對應資料","久昌街465巷","126080908","1398634741","正向","1398634276","22.7162152","120.2806624","https://www.google.com/maps/@22.7162152,120.2806624,20z","https://www.openstreetmap.org/way/126080908","","","","1","left;through","anna","4071","way/126080908@b/1398634741","anna","4071","way/126080908@b/1398634741","LanePilot 沒有可套用到此路段方向的 approach 或 segment 紀錄。"
"LanePilot base 無對應資料","久昌街608巷","230112005","2386415849","反向","2386415849","22.7181017","120.2804982","https://www.google.com/maps/@22.7181017,120.2804982,20z","https://www.openstreetmap.org/way/230112005","","","","0","","anna","4070","way/230112005@b/2386415849","anna","4070","way/230112005@b/2386415849","LanePilot 沒有可套用到此路段方向的 approach 或 segment 紀錄。"
"LanePilot base 無對應資料","久昌街608巷","230112005","2386415849","正向","2386415852","22.7177757","120.2798131","https://www.google.com/maps/@22.7177757,120.2798131,20z","https://www.openstreetmap.org/way/230112005","","","","1","left;through","anna","4070","way/230112005@b/2386415849","anna","4070","way/230112005@b/2386415849","LanePilot 沒有可套用到此路段方向的 approach 或 segment 紀錄。"
"LanePilot base 無對應資料","土庫一路","24436713","265591751","正向","1400036250","22.7355699","120.3324214","https://www.google.com/maps/@22.7355699,120.3324214,20z","https://www.openstreetmap.org/way/24436713","","","","0","","anna","4616","way/24436713@b/265591751","anna","4616","way/24436713@b/265591751","LanePilot 沒有可套用到此路段方向的 approach 或 segment 紀錄。"
"LanePilot base 無對應資料","土庫一路","24436713","1400036250","正向","12954233418","22.7358913","120.3314581","https://www.google.com/maps/@22.7358913,120.3314581,20z","https://www.openstreetmap.org/way/24436713","","","","0","","anna","4618","way/24436713@b/1400036250","anna","4618","way/24436713@b/1400036250","LanePilot 沒有可套用到此路段方向的 approach 或 segment 紀錄。"
"LanePilot base 無對應資料","土庫一路","126247876","1400036230","正向","1400036830","22.7360537","120.3297632","https://www.google.com/maps/@22.7360537,120.3297632,20z","https://www.openstreetmap.org/way/126247876","","","","0","","anna","4627","way/126247876@b/1400036230","anna","4627","way/126247876@b/1400036230","LanePilot 沒有可套用到此路段方向的 approach 或 segment 紀錄。"
"LanePilot base 無對應資料","土庫一路","126247876","1400036830","正向","12954233421","22.7356511","120.3313782","https://www.google.com/maps/@22.7356511,120.3313782,20z","https://www.openstreetmap.org/way/126247876","","","","0","","anna","4622","way/126247876@b/1400036830","anna","4622","way/126247876@b/1400036830","LanePilot 沒有可套用到此路段方向的 approach 或 segment 紀錄。"
"LanePilot base 無對應資料","土庫一路","271982128","12954233421","正向","1400036190","22.7352261","120.3325906","https://www.google.com/maps/@22.7352261,120.3325906,20z","https://www.openstreetmap.org/way/271982128","","","","0","","anna","4615","way/271982128@b/12954233421","anna","4615","way/271982128@b/12954233421","LanePilot 沒有可套用到此路段方向的 approach 或 segment 紀錄。"
"LanePilot base 無對應資料","土庫一路","271982129","265591753","正向","11622032918","22.7364906","120.3284217","https://www.google.com/maps/@22.7364906,120.3284217,20z","https://www.openstreetmap.org/way/271982129","","","","0","","anna","4624","way/271982129@b/265591753","anna","4624","way/271982129@b/265591753","LanePilot 沒有可套用到此路段方向的 approach 或 segment 紀錄。"
"LanePilot base 無對應資料","土庫一路","271982129","9194792300","正向","1196964860","22.736314635562948","120.32551949055673","https://www.google.com/maps/@22.736314635562948,120.32551949055673,20z","https://www.openstreetmap.org/way/271982129","","","","2","left;through|through;right","anna","4560","way/271982129@b/9194792300","anna","4560","way/271982129@b/9194792300","LanePilot 沒有可套用到此路段方向的 approach 或 segment 紀錄。"
"LanePilot base 無對應資料","土庫一路","271982129","11622032918","正向","265591768","22.7366283","120.3275539","https://www.google.com/maps/@22.7366283,120.3275539,20z","https://www.openstreetmap.org/way/271982129","","","","0","","anna","4626","way/271982129@b/11622032918","anna","4626","way/271982129@b/11622032918","LanePilot 沒有可套用到此路段方向的 approach 或 segment 紀錄。"
"LanePilot base 無對應資料","土庫一路","1464614132","12954233418","正向","265591753","22.7362606","120.3298223","https://www.google.com/maps/@22.7362606,120.3298223,20z","https://www.openstreetmap.org/way/1464614132","","","","0","","anna","4620","way/1464614132@b/12954233418","anna","4620","way/1464614132@b/12954233418","LanePilot 沒有可套用到此路段方向的 approach 或 segment 紀錄。"
"LanePilot base 無對應資料","土庫二路","799115394","1932046287","反向","1932046287","22.7385157","120.3262881","https://www.google.com/maps/@22.7385157,120.3262881,20z","https://www.openstreetmap.org/way/799115394","","","","1","through","anna","4464","way/799115394@b/1932046287","anna","4464","way/799115394@b/1932046287","LanePilot 沒有可套用到此路段方向的 approach 或 segment 紀錄。"
"LanePilot base 無對應資料","土庫二路","799115394","1932046287","正向","7472962184","22.7384133","120.3263878","https://www.google.com/maps/@22.7384133,120.3263878,20z","https://www.openstreetmap.org/way/799115394","","","","1","left;through","anna","4464","way/799115394@b/1932046287","anna","4464","way/799115394@b/1932046287","LanePilot 沒有可套用到此路段方向的 approach 或 segment 紀錄。"
"LanePilot base 無對應資料","土庫二路","799115396","7472962184","反向","7472962184","22.7384133","120.3263878","https://www.google.com/maps/@22.7384133,120.3263878,20z","https://www.openstreetmap.org/way/799115396","","","","1","left;through","anna","4465","way/799115396@b/7472962184","anna","4465","way/799115396@b/7472962184","LanePilot 沒有可套用到此路段方向的 approach 或 segment 紀錄。"
"LanePilot base 無對應資料","土庫二路","799115396","7472962184","正向","1932046284","22.7383198","120.3264811","https://www.google.com/maps/@22.7383198,120.3264811,20z","https://www.openstreetmap.org/way/799115396","","","","1","through","anna","4465","way/799115396@b/7472962184","anna","4465","way/799115396@b/7472962184","LanePilot 沒有可套用到此路段方向的 approach 或 segment 紀錄。"
"LanePilot base 無對應資料","土庫三路","182835761","12556695132","反向","12556695132","22.7398025","120.3276459","https://www.google.com/maps/@22.7398025,120.3276459,20z","https://www.openstreetmap.org/way/182835761","","","","1","through","anna","4466","way/182835761@b/12556695132","anna","4466","way/182835761@b/12556695132","LanePilot 沒有可套用到此路段方向的 approach 或 segment 紀錄。"
"LanePilot base 無對應資料","土庫三路","182835761","12556695132","正向","12556695133","22.7397077","120.3277439","https://www.google.com/maps/@22.7397077,120.3277439,20z","https://www.openstreetmap.org/way/182835761","","","","1","left;through","anna","4466","way/182835761@b/12556695132","anna","4466","way/182835761@b/12556695132","LanePilot 沒有可套用到此路段方向的 approach 或 segment 紀錄。"
"LanePilot base 無對應資料","土庫三路","1464614128","12556695133","反向","12556695133","22.7397077","120.3277439","https://www.google.com/maps/@22.7397077,120.3277439,20z","https://www.openstreetmap.org/way/1464614128","","","","1","left;through","anna","4467","way/1464614128@b/12556695133","anna","4467","way/1464614128@b/12556695133","LanePilot 沒有可套用到此路段方向的 approach 或 segment 紀錄。"
"LanePilot base 無對應資料","土庫三路","1464614128","12556695133","正向","12556695134","22.73962","120.3278371","https://www.google.com/maps/@22.73962,120.3278371,20z","https://www.openstreetmap.org/way/1464614128","","","","1","through","anna","4467","way/1464614128@b/12556695133","anna","4467","way/1464614128@b/12556695133","LanePilot 沒有可套用到此路段方向的 approach 或 segment 紀錄。"
"LanePilot base 無對應資料","土庫六路","271982130","2264426952","反向","2264426952","22.7434598","120.3303251","https://www.google.com/maps/@22.7434598,120.3303251,20z","https://www.openstreetmap.org/way/271982130","","","","1","through","anna","4459","way/271982130@b/2264426952","anna","4459","way/271982130@b/2264426952","LanePilot 沒有可套用到此路段方向的 approach 或 segment 紀錄。"
"LanePilot base 無對應資料","土庫六路","271982130","2264426952","正向","7472962180","22.7433787","120.3304399","https://www.google.com/maps/@22.7433787,120.3304399,20z","https://www.openstreetmap.org/way/271982130","","","","1","left;through","anna","4459","way/271982130@b/2264426952","anna","4459","way/271982130@b/2264426952","LanePilot 沒有可套用到此路段方向的 approach 或 segment 紀錄。"
"LanePilot base 無對應資料","土庫六路","1464614130","7472962180","反向","7472962180","22.7433787","120.3304399","https://www.google.com/maps/@22.7433787,120.3304399,20z","https://www.openstreetmap.org/way/1464614130","","","","1","left;through","anna","4460","way/1464614130@b/7472962180","anna","4460","way/1464614130@b/7472962180","LanePilot 沒有可套用到此路段方向的 approach 或 segment 紀錄。"
"LanePilot base 無對應資料","土庫六路","1464614130","7472962180","正向","2264426949","22.743299","120.3305529","https://www.google.com/maps/@22.743299,120.3305529,20z","https://www.openstreetmap.org/way/1464614130","","","","1","through","anna","4460","way/1464614130@b/7472962180","anna","4460","way/1464614130@b/7472962180","LanePilot 沒有可套用到此路段方向的 approach 或 segment 紀錄。"
"LanePilot base 無對應資料","土庫路","85272559","7472962181","反向","7472962181","22.741217","120.3292517","https://www.google.com/maps/@22.741217,120.3292517,20z","https://www.openstreetmap.org/way/85272559","","","","2","left;through|through;right","anna","4462","way/85272559@b/7472962181","anna","4462","way/85272559@b/7472962181","LanePilot 沒有可套用到此路段方向的 approach 或 segment 紀錄。"
"LanePilot base 無對應資料","土庫路","85272559","7472962181","正向","12469016040","22.7411034","120.3293271","https://www.google.com/maps/@22.7411034,120.3293271,20z","https://www.openstreetmap.org/way/85272559","","","","2","through|through","anna","4462","way/85272559@b/7472962181","anna","4462","way/85272559@b/7472962181","LanePilot 沒有可套用到此路段方向的 approach 或 segment 紀錄。"
"LanePilot base 無對應資料","土庫路","208652154","2264471150","正向","988779697","22.7368507","120.3318466","https://www.google.com/maps/@22.7368507,120.3318466,20z","https://www.openstreetmap.org/way/208652154","","","","1","through","anna","4529","way/208652154@b/2264471150","anna","4529","way/208652154@b/2264471150","LanePilot 沒有可套用到此路段方向的 approach 或 segment 紀錄。"
"LanePilot base 無對應資料","土庫路","297139354","988779668","反向","988779668","22.7413462","120.3291686","https://www.google.com/maps/@22.7413462,120.3291686,20z","https://www.openstreetmap.org/way/297139354","","","","2","through|through","anna","4461","way/297139354@b/988779668","anna","4461","way/297139354@b/988779668","LanePilot 沒有可套用到此路段方向的 approach 或 segment 紀錄。"
"LanePilot base 無對應資料","土庫路","297139354","988779668","正向","7472962181","22.741217","120.3292517","https://www.google.com/maps/@22.741217,120.3292517,20z","https://www.openstreetmap.org/way/297139354","","","","2","left;through|through;right","anna","4461","way/297139354@b/988779668","anna","4461","way/297139354@b/988779668","LanePilot 沒有可套用到此路段方向的 approach 或 segment 紀錄。"
"LanePilot base 無對應資料","大學二十九路","267715930","2430791063","反向","2430791063","22.7264348","120.2775672","https://www.google.com/maps/@22.7264348,120.2775672,20z","https://www.openstreetmap.org/way/267715930","","","","1","through;right","rex","228","way/267715930@b/2430791063","rex","228","way/267715930@b/2430791063","LanePilot 沒有可套用到此路段方向的 approach 或 segment 紀錄。"
"LanePilot base 無對應資料","大學二十九路","267715930","2430791063","正向","262101326","22.726006642836772","120.27779000780463","https://www.google.com/maps/@22.726006642836772,120.27779000780463,20z","https://www.openstreetmap.org/way/267715930","","","","1","left;through","rex","228","way/267715930@b/2430791063","rex","228","way/267715930@b/2430791063","LanePilot 沒有可套用到此路段方向的 approach 或 segment 紀錄。"
"LanePilot base 無對應資料","大學二十九路","339750731","262101326","反向","262101326","22.726006642836772","120.27779000780463","https://www.google.com/maps/@22.726006642836772,120.27779000780463,20z","https://www.openstreetmap.org/way/339750731","","","","1","left;through","rex","227","way/339750731@b/262101326","rex","227","way/339750731@b/262101326","LanePilot 沒有可套用到此路段方向的 approach 或 segment 紀錄。"
"LanePilot base 無對應資料","大學二十九路","339750731","262101326","正向","1080697387","22.7251919","120.2778489","https://www.google.com/maps/@22.7251919,120.2778489,20z","https://www.openstreetmap.org/way/339750731","","","","1","left;through","rex","227","way/339750731@b/262101326","rex","227","way/339750731@b/262101326","LanePilot 沒有可套用到此路段方向的 approach 或 segment 紀錄。"
"LanePilot base 無對應資料","大學二十六街","30841511","343046180","反向","343046180","22.7299801","120.2847307","https://www.google.com/maps/@22.7299801,120.2847307,20z","https://www.openstreetmap.org/way/30841511","","","","1","left;through","anna","1864","way/30841511@b/343046180","anna","1864","way/30841511@b/343046180","LanePilot 沒有可套用到此路段方向的 approach 或 segment 紀錄。"
"LanePilot base 無對應資料","大學二十六街","30841511","343046180","正向","343046204","22.7300172","120.2845","https://www.google.com/maps/@22.7300172,120.2845,20z","https://www.openstreetmap.org/way/30841511","","","","1","left;through","anna","1864","way/30841511@b/343046180","anna","1864","way/30841511@b/343046180","LanePilot 沒有可套用到此路段方向的 approach 或 segment 紀錄。"
"LanePilot base 無對應資料","大學二十街","93228809","1080697375","反向","1080697375","22.7291986","120.2847206","https://www.google.com/maps/@22.7291986,120.2847206,20z","https://www.openstreetmap.org/way/93228809","","","","1","left;through","anna","1865","way/93228809@b/1080697375","anna","1865","way/93228809@b/1080697375","LanePilot 沒有可套用到此路段方向的 approach 或 segment 紀錄。"
"LanePilot base 無對應資料","大學二十街","93228809","1080697375","正向","1080697163","22.7292002","120.2844752","https://www.google.com/maps/@22.7292002,120.2844752,20z","https://www.openstreetmap.org/way/93228809","","","","1","left;through","anna","1865","way/93228809@b/1080697375","anna","1865","way/93228809@b/1080697375","LanePilot 沒有可套用到此路段方向的 approach 或 segment 紀錄。"
"LanePilot base 無對應資料","大學十七街","1464405420","343046338","反向","343046338","22.7299338","120.2817928","https://www.google.com/maps/@22.7299338,120.2817928,20z","https://www.openstreetmap.org/way/1464405420","","","","1","","rex","9","way/1464405420","","","","LanePilot 沒有可套用到此路段方向的 approach 或 segment 紀錄。"
"LanePilot base 無對應資料","大學十七街","1464405420","343046338","正向","1080697136","22.7289838","120.2823769","https://www.google.com/maps/@22.7289838,120.2823769,20z","https://www.openstreetmap.org/way/1464405420","","","","1","through","rex","9","way/1464405420","rex","9","way/1464405420","LanePilot 沒有可套用到此路段方向的 approach 或 segment 紀錄。"
"LanePilot base 無對應資料","大學十七街","1464405420","1080697136","反向","1080697136","22.7289838","120.2823769","https://www.google.com/maps/@22.7289838,120.2823769,20z","https://www.openstreetmap.org/way/1464405420","","","","1","","rex","9","way/1464405420","","","","LanePilot 沒有可套用到此路段方向的 approach 或 segment 紀錄。"
"LanePilot base 無對應資料","大學十七街","1464405420","1080697136","正向","343046787","22.728209336713107","120.28289740389403","https://www.google.com/maps/@22.728209336713107,120.28289740389403,20z","https://www.openstreetmap.org/way/1464405420","","","","1","through","rex","9","way/1464405420","rex","9","way/1464405420","LanePilot 沒有可套用到此路段方向的 approach 或 segment 紀錄。"
"LanePilot base 無對應資料","大學十七街","1464405420","1080697168","反向","1080697168","22.731481822863664","120.28085790247695","https://www.google.com/maps/@22.731481822863664,120.28085790247695,20z","https://www.openstreetmap.org/way/1464405420","","","","1","","rex","9","way/1464405420","","","","LanePilot 沒有可套用到此路段方向的 approach 或 segment 紀錄。"
"LanePilot base 無對應資料","大學十七街","1464405420","1080697168","正向","12658236905","22.7309973","120.2811502","https://www.google.com/maps/@22.7309973,120.2811502,20z","https://www.openstreetmap.org/way/1464405420","","","","1","through","rex","9","way/1464405420","rex","9","way/1464405420","LanePilot 沒有可套用到此路段方向的 approach 或 segment 紀錄。"
"LanePilot base 無對應資料","大學十七街","1464405420","12658236905","反向","12658236905","22.7309973","120.2811502","https://www.google.com/maps/@22.7309973,120.2811502,20z","https://www.openstreetmap.org/way/1464405420","","","","1","","rex","9","way/1464405420","","","","LanePilot 沒有可套用到此路段方向的 approach 或 segment 紀錄。"
"LanePilot base 無對應資料","大學十七街","1464405420","12658236905","正向","343046338","22.7299338","120.2817928","https://www.google.com/maps/@22.7299338,120.2817928,20z","https://www.openstreetmap.org/way/1464405420","","","","1","through","rex","9","way/1464405420","rex","9","way/1464405420","LanePilot 沒有可套用到此路段方向的 approach 或 segment 紀錄。"
"LanePilot base 無對應資料","大學十六街","93228840","1080697419","反向","1080697419","22.7272284","120.2849142","https://www.google.com/maps/@22.7272284,120.2849142,20z","https://www.openstreetmap.org/way/93228840","","","","1","left;through","rex","202","way/93228840@b/1080697419","rex","202","way/93228840@b/1080697419","LanePilot 沒有可套用到此路段方向的 approach 或 segment 紀錄。"
"LanePilot base 無對應資料","大學十六街","93228840","1080697419","正向","1080697204","22.727227","120.285148","https://www.google.com/maps/@22.727227,120.285148,20z","https://www.openstreetmap.org/way/93228840","","","","1","left;through","rex","202","way/93228840@b/1080697419","rex","202","way/93228840@b/1080697419","LanePilot 沒有可套用到此路段方向的 approach 或 segment 紀錄。"
"LanePilot base 無對應資料","大學十街","297138335","291592362","反向","291592362","22.7256557","120.28558","https://www.google.com/maps/@22.7256557,120.28558,20z","https://www.openstreetmap.org/way/297138335","","","","1","left;through","rex","203","way/297138335@b/291592362","rex","203","way/297138335@b/291592362","LanePilot 沒有可套用到此路段方向的 approach 或 segment 紀錄。"
"LanePilot base 無對應資料","大學十街","297138335","291592362","正向","291592360","22.7255878","120.2853908","https://www.google.com/maps/@22.7255878,120.2853908,20z","https://www.openstreetmap.org/way/297138335","","","","1","left;through","rex","203","way/297138335@b/291592362","rex","203","way/297138335@b/291592362","LanePilot 沒有可套用到此路段方向的 approach 或 segment 紀錄。"
"LanePilot base 無對應資料","大學六十二街","93228825","1080697358","反向","1080697358","22.72996920131409","120.27214033735282","https://www.google.com/maps/@22.72996920131409,120.27214033735282,20z","https://www.openstreetmap.org/way/93228825","","","","1","through","anna","1861","way/93228825@b/1080697358","anna","1861","way/93228825@b/1080697358","LanePilot 沒有可套用到此路段方向的 approach 或 segment 紀錄。"
"LanePilot base 無對應資料","大學六十二街","93228825","1080697358","正向","1080697202","22.7311481","120.2740073","https://www.google.com/maps/@22.7311481,120.2740073,20z","https://www.openstreetmap.org/way/93228825","","","","1","left;through","anna","1861","way/93228825@b/1080697358","anna","1861","way/93228825@b/1080697358","LanePilot 沒有可套用到此路段方向的 approach 或 segment 紀錄。"
"LanePilot base 無對應資料","大學六十街","93228843","1080697102","反向","1080697102","22.729462568698665","120.27251821941903","https://www.google.com/maps/@22.729462568698665,120.27251821941903,20z","https://www.openstreetmap.org/way/93228843","","","","1","through","anna","1862","way/93228843@b/1080697102","anna","1862","way/93228843@b/1080697102","LanePilot 沒有可套用到此路段方向的 approach 或 segment 紀錄。"
"LanePilot base 無對應資料","大學六十街","93228843","1080697102","正向","12658236934","22.7299758","120.2733288","https://www.google.com/maps/@22.7299758,120.2733288,20z","https://www.openstreetmap.org/way/93228843","","","","1","through;right","anna","1862","way/93228843@b/1080697102","anna","1862","way/93228843@b/1080697102","LanePilot 沒有可套用到此路段方向的 approach 或 segment 紀錄。"
"LanePilot base 無對應資料","加仁路","23875921","2401086123","反向","2401086123","22.72814313199547","120.30314139920694","https://www.google.com/maps/@22.72814313199547,120.30314139920694,20z","https://www.openstreetmap.org/way/23875921","","","","1","left;through","anna","3689","way/23875921@b/2401086123","anna","3689","way/23875921@b/2401086123","LanePilot 沒有可套用到此路段方向的 approach 或 segment 紀錄。"
"LanePilot base 無對應資料","加仁路","23875921","2401086123","正向","2379780736","22.7280771","120.3042011","https://www.google.com/maps/@22.7280771,120.3042011,20z","https://www.openstreetmap.org/way/23875921","","","","1","through;right","anna","3689","way/23875921@b/2401086123","anna","3689","way/23875921@b/2401086123","LanePilot 沒有可套用到此路段方向的 approach 或 segment 紀錄。"
"LanePilot base 無對應資料","加仁路","23875921","2403573030","反向","2403573030","22.7281225","120.3017544","https://www.google.com/maps/@22.7281225,120.3017544,20z","https://www.openstreetmap.org/way/23875921","","","","1","left;through","anna","3688","way/23875921@b/2403573030","anna","3688","way/23875921@b/2403573030","LanePilot 沒有可套用到此路段方向的 approach 或 segment 紀錄。"
"LanePilot base 無對應資料","加仁路","23875921","2403573030","正向","2401086123","22.72814313199547","120.30314139920694","https://www.google.com/maps/@22.72814313199547,120.30314139920694,20z","https://www.openstreetmap.org/way/23875921","","","","1","left;through","anna","3688","way/23875921@b/2403573030","anna","3688","way/23875921@b/2403573030","LanePilot 沒有可套用到此路段方向的 approach 或 segment 紀錄。"
"LanePilot base 無對應資料","加昌路","24465736","1398635372","反向","1398635372","22.7130468","120.291165","https://www.google.com/maps/@22.7130468,120.291165,20z","https://www.openstreetmap.org/way/24465736","","","","1","left;through","anna","1572","way/24465736@b/1398635372","anna","1572","way/24465736@b/1398635372","LanePilot 沒有可套用到此路段方向的 approach 或 segment 紀錄。"
"LanePilot base 無對應資料","加昌路","24465736","1398635372","正向","3004962040","22.713197709143273","120.29139150236568","https://www.google.com/maps/@22.713197709143273,120.29139150236568,20z","https://www.openstreetmap.org/way/24465736","","","","1","left;through","anna","1572","way/24465736@b/1398635372","anna","1572","way/24465736@b/1398635372","LanePilot 沒有可套用到此路段方向的 approach 或 segment 紀錄。"
"LanePilot base 無對應資料","加昌路","25724902","257742641","正向","2387399896","22.724863771839942","120.32130733114509","https://www.google.com/maps/@22.724863771839942,120.32130733114509,20z","https://www.openstreetmap.org/way/25724902","","","","3","left;through|through|through","anna","1844","way/25724902@b/257742641","anna","1844","way/25724902@b/257742641","LanePilot 沒有可套用到此路段方向的 approach 或 segment 紀錄。"
"LanePilot base 無對應資料","加昌路","25724902","257742643","正向","257742641","22.7251557","120.3216086","https://www.google.com/maps/@22.7251557,120.3216086,20z","https://www.openstreetmap.org/way/25724902","","","","3","through|through;right|through","anna","1846","way/25724902@b/257742643","anna","1846","way/25724902@b/257742643","LanePilot 沒有可套用到此路段方向的 approach 或 segment 紀錄。"
"LanePilot base 無對應資料","加昌路","122981762","3004962040","正向","265968338","22.7130391","120.2911066","https://www.google.com/maps/@22.7130391,120.2911066,20z","https://www.openstreetmap.org/way/122981762","","","","2","through|through","anna","1573","way/122981762@b/3004962040","anna","1573","way/122981762@b/3004962040","LanePilot 沒有可套用到此路段方向的 approach 或 segment 紀錄。"
"LanePilot base 無對應資料","加昌路332巷","24204690","289126261","反向","289126261","22.7209832","120.3111996","https://www.google.com/maps/@22.7209832,120.3111996,20z","https://www.openstreetmap.org/way/24204690","","","","0","","anna","1707","way/24204690@b/289126261","anna","1707","way/24204690@b/289126261","LanePilot 沒有可套用到此路段方向的 approach 或 segment 紀錄。"
"LanePilot base 無對應資料","加昌路332巷","24204690","289126261","正向","2378753008","22.7208096","120.3112639","https://www.google.com/maps/@22.7208096,120.3112639,20z","https://www.openstreetmap.org/way/24204690","","","","1","left;through","anna","1707","way/24204690@b/289126261","anna","1707","way/24204690@b/289126261","LanePilot 沒有可套用到此路段方向的 approach 或 segment 紀錄。"
"LanePilot base 無對應資料","加昌路352巷","229167572","1401138383","反向","1401138383","22.7211039","120.3111488","https://www.google.com/maps/@22.7211039,120.3111488,20z","https://www.openstreetmap.org/way/229167572","","","","0","","anna","1698","way/229167572@b/1401138383","anna","1698","way/229167572@b/1401138383","LanePilot 沒有可套用到此路段方向的 approach 或 segment 紀錄。"
"LanePilot base 無對應資料","加昌路352巷","229167572","1401138383","正向","289126281","22.720086252076417","120.3108806268178","https://www.google.com/maps/@22.720086252076417,120.3108806268178,20z","https://www.openstreetmap.org/way/229167572","","","","1","left;through","anna","1698","way/229167572@b/1401138383","anna","1698","way/229167572@b/1401138383","LanePilot 沒有可套用到此路段方向的 approach 或 segment 紀錄。"
"LanePilot base 無對應資料","加昌路642巷","126247840","1400036098","反向","1400036098","22.71509552149069","120.29744851157412","https://www.google.com/maps/@22.71509552149069,120.29744851157412,20z","https://www.openstreetmap.org/way/126247840","","","","0","","anna","1632","way/126247840@b/1400036098","anna","1632","way/126247840@b/1400036098","LanePilot 沒有可套用到此路段方向的 approach 或 segment 紀錄。"
"LanePilot base 無對應資料","加昌路642巷","126247840","1400036098","正向","1400036310","22.7157384","120.2971888","https://www.google.com/maps/@22.7157384,120.2971888,20z","https://www.openstreetmap.org/way/126247840","","","","1","left;through","anna","1632","way/126247840@b/1400036098","anna","1632","way/126247840@b/1400036098","LanePilot 沒有可套用到此路段方向的 approach 或 segment 紀錄。"
"LanePilot base 無對應資料","加昌路729巷","229359683","2206232269","反向","2206232269","22.7131948","120.2968836","https://www.google.com/maps/@22.7131948,120.2968836,20z","https://www.openstreetmap.org/way/229359683","","","","0","","anna","1623","way/229359683@b/2206232269","anna","1623","way/229359683@b/2206232269","LanePilot 沒有可套用到此路段方向的 approach 或 segment 紀錄。"
"LanePilot base 無對應資料","加昌路729巷","229359683","2206232269","正向","2206349235","22.714416429615568","120.29556076730815","https://www.google.com/maps/@22.714416429615568,120.29556076730815,20z","https://www.openstreetmap.org/way/229359683","","","","1","through","anna","1623","way/229359683@b/2206232269","anna","1623","way/229359683@b/2206232269","LanePilot 沒有可套用到此路段方向的 approach 或 segment 紀錄。"
"LanePilot base 無對應資料","加昌路729巷15弄","210554020","2379702261","反向","2379702261","22.7139197","120.296385","https://www.google.com/maps/@22.7139197,120.296385,20z","https://www.openstreetmap.org/way/210554020","","","","0","","anna","1622","way/210554020@b/2379702261","anna","1622","way/210554020@b/2379702261","LanePilot 沒有可套用到此路段方向的 approach 或 segment 紀錄。"
"LanePilot base 無對應資料","加昌路729巷15弄","210554020","2379702261","正向","2206349237","22.714506423462357","120.29582260959647","https://www.google.com/maps/@22.714506423462357,120.29582260959647,20z","https://www.openstreetmap.org/way/210554020","","","","1","through","anna","1622","way/210554020@b/2379702261","anna","1622","way/210554020@b/2379702261","LanePilot 沒有可套用到此路段方向的 approach 或 segment 紀錄。"
"LanePilot base 無對應資料","加昌路729巷90弄","229359682","2206232271","反向","2206232271","22.7134619","120.2970716","https://www.google.com/maps/@22.7134619,120.2970716,20z","https://www.openstreetmap.org/way/229359682","","","","0","","anna","1629","way/229359682@b/2206232271","anna","1629","way/229359682@b/2206232271","LanePilot 沒有可套用到此路段方向的 approach 或 segment 紀錄。"
"LanePilot base 無對應資料","加昌路729巷90弄","229359682","2206232271","正向","1400036405","22.71472227118824","120.29643738376144","https://www.google.com/maps/@22.71472227118824,120.29643738376144,20z","https://www.openstreetmap.org/way/229359682","","","","1","through","anna","1629","way/229359682@b/2206232271","anna","1629","way/229359682@b/2206232271","LanePilot 沒有可套用到此路段方向的 approach 或 segment 紀錄。"
"LanePilot base 無對應資料","未命名道路","26978275","295692598","正向","295692660","22.6982613","120.3023682","https://www.google.com/maps/@22.6982613,120.3023682,20z","https://www.openstreetmap.org/way/26978275","","","","1","through","anna","3949","way/26978275@b/295692598","anna","3949","way/26978275@b/295692598","LanePilot 沒有可套用到此路段方向的 approach 或 segment 紀錄。"
"LanePilot base 無對應資料","未命名道路","103678948","1196964843","正向","1196964722","22.7246024","120.3237032","https://www.google.com/maps/@22.7246024,120.3237032,20z","https://www.openstreetmap.org/way/103678948","","","","1","through","anna","4816","way/103678948@b/1196964843","anna","4816","way/103678948@b/1196964843","LanePilot 沒有可套用到此路段方向的 approach 或 segment 紀錄。"
"LanePilot base 無對應資料","未命名道路","103678967","1196964679","正向","1196964902","22.7238032","120.3238048","https://www.google.com/maps/@22.7238032,120.3238048,20z","https://www.openstreetmap.org/way/103678967","","","","1","left;through","anna","4811","way/103678967@b/1196964679","anna","4811","way/103678967@b/1196964679","LanePilot 沒有可套用到此路段方向的 approach 或 segment 紀錄。"
"LanePilot base 無對應資料","未命名道路","103678987","1196964947","正向","265748806","22.7201878","120.3246422","https://www.google.com/maps/@22.7201878,120.3246422,20z","https://www.openstreetmap.org/way/103678987","","","","1","through","anna","3973","way/103678987@b/1196964947","anna","3973","way/103678987@b/1196964947","LanePilot 沒有可套用到此路段方向的 approach 或 segment 紀錄。"
"LanePilot base 無對應資料","未命名道路","103679000","1196964834","正向","1196964726","22.722615","120.3272499","https://www.google.com/maps/@22.722615,120.3272499,20z","https://www.openstreetmap.org/way/103679000","","","","2","left;through|through","anna","3562","way/103679000@b/1196964834","anna","3562","way/103679000@b/1196964834","LanePilot 沒有可套用到此路段方向的 approach 或 segment 紀錄。"
"LanePilot base 無對應資料","未命名道路","103679003","1196964712","正向","1196964902","22.7238032","120.3238048","https://www.google.com/maps/@22.7238032,120.3238048,20z","https://www.openstreetmap.org/way/103679003","","","","1","left;through","anna","4812","way/103679003@b/1196964712","anna","4812","way/103679003@b/1196964712","LanePilot 沒有可套用到此路段方向的 approach 或 segment 紀錄。"
"LanePilot base 無對應資料","未命名道路","122981756","3004962040","正向","1398635245","22.7149806","120.2907459","https://www.google.com/maps/@22.7149806,120.2907459,20z","https://www.openstreetmap.org/way/122981756","","","","2","left;through|through;right","anna","2657","way/122981756@b/3004962040","anna","2657","way/122981756@b/3004962040","LanePilot 沒有可套用到此路段方向的 approach 或 segment 紀錄。"
"LanePilot base 無對應資料","未命名道路","125062058","-3019","反向","-3019","22.6967753","120.3017211","https://www.google.com/maps/@22.6967753,120.3017211,20z","https://www.openstreetmap.org/way/125062058","","","","0","left;through","anna","3948","way/125062058@b/-3019","anna","3948","way/125062058@b/-3019","LanePilot 沒有可套用到此路段方向的 approach 或 segment 紀錄。"
"LanePilot base 無對應資料","未命名道路","125062058","-3019","正向","-665","22.698672432961875","120.30288149690531","https://www.google.com/maps/@22.698672432961875,120.30288149690531,20z","https://www.openstreetmap.org/way/125062058","","","","1","left;through","anna","3948","way/125062058@b/-3019","anna","3948","way/125062058@b/-3019","LanePilot 沒有可套用到此路段方向的 approach 或 segment 紀錄。"
"LanePilot base 無對應資料","未命名道路","126247787","1400036786","正向","1196964527","22.7340511","120.3213154","https://www.google.com/maps/@22.7340511,120.3213154,20z","https://www.openstreetmap.org/way/126247787","","","","2","left;through|through","anna","2909","way/126247787@b/1400036786","anna","2909","way/126247787@b/1400036786","LanePilot 沒有可套用到此路段方向的 approach 或 segment 紀錄。"
"LanePilot base 無對應資料","未命名道路","126247862","1400036046","反向","1400036046","22.71485803908675","120.2968139031436","https://www.google.com/maps/@22.71485803908675,120.2968139031436,20z","https://www.openstreetmap.org/way/126247862","","","","0","","anna","1631","way/126247862@b/1400036046","anna","1631","way/126247862@b/1400036046","LanePilot 沒有可套用到此路段方向的 approach 或 segment 紀錄。"
"LanePilot base 無對應資料","未命名道路","126247862","1400036046","正向","1400036129","22.7155363","120.2966269","https://www.google.com/maps/@22.7155363,120.2966269,20z","https://www.openstreetmap.org/way/126247862","","","","1","through;right","anna","1631","way/126247862@b/1400036046","anna","1631","way/126247862@b/1400036046","LanePilot 沒有可套用到此路段方向的 approach 或 segment 紀錄。"
"LanePilot base 無對應資料","未命名道路","126247865","1400036138","反向","1400036138","22.7161968","120.2985853","https://www.google.com/maps/@22.7161968,120.2985853,20z","https://www.openstreetmap.org/way/126247865","","","","0","","anna","1639","way/126247865@b/1400036138","anna","1639","way/126247865@b/1400036138","LanePilot 沒有可套用到此路段方向的 approach 或 segment 紀錄。"
"LanePilot base 無對應資料","未命名道路","126247865","1400036138","正向","1400036749","22.715591418902765","120.29880633541369","https://www.google.com/maps/@22.715591418902765,120.29880633541369,20z","https://www.openstreetmap.org/way/126247865","","","","1","through","anna","1639","way/126247865@b/1400036138","anna","1639","way/126247865@b/1400036138","LanePilot 沒有可套用到此路段方向的 approach 或 segment 紀錄。"
"LanePilot base 無對應資料","未命名道路","126247909","1400036109","正向","1400036438","22.7340563","120.3217845","https://www.google.com/maps/@22.7340563,120.3217845,20z","https://www.openstreetmap.org/way/126247909","","","","2","through|through","anna","2908","way/126247909@b/1400036109","anna","2908","way/126247909@b/1400036109","LanePilot 沒有可套用到此路段方向的 approach 或 segment 紀錄。"
"LanePilot base 無對應資料","未命名道路","197024777","2073120987","反向","2073120987","22.7327984","120.2861375","https://www.google.com/maps/@22.7327984,120.2861375,20z","https://www.openstreetmap.org/way/197024777","","","","1","left;through","rex","197","way/197024777@b/2073120987","rex","197","way/197024777@b/2073120987","LanePilot 沒有可套用到此路段方向的 approach 或 segment 紀錄。"
"LanePilot base 無對應資料","未命名道路","197024777","2073120987","正向","2073120853","22.7327634","120.2854788","https://www.google.com/maps/@22.7327634,120.2854788,20z","https://www.openstreetmap.org/way/197024777","","","","1","through","rex","197","way/197024777@b/2073120987","rex","197","way/197024777@b/2073120987","LanePilot 沒有可套用到此路段方向的 approach 或 segment 紀錄。"
"LanePilot base 無對應資料","未命名道路","197024837","2073121183","反向","2073121183","22.7326184","120.2854931","https://www.google.com/maps/@22.7326184,120.2854931,20z","https://www.openstreetmap.org/way/197024837","","","","1","through","rex","198","way/197024837@b/2073121183","rex","198","way/197024837@b/2073121183","LanePilot 沒有可套用到此路段方向的 approach 或 segment 紀錄。"
"LanePilot base 無對應資料","未命名道路","197024837","2073121183","正向","2073120931","22.73265","120.286146","https://www.google.com/maps/@22.73265,120.286146,20z","https://www.openstreetmap.org/way/197024837","","","","1","left","rex","198","way/197024837@b/2073121183","rex","198","way/197024837@b/2073121183","LanePilot 沒有可套用到此路段方向的 approach 或 segment 紀錄。"
"LanePilot base 無對應資料","未命名道路","197024840","2073120987","反向","2073120987","22.7327984","120.2861375","https://www.google.com/maps/@22.7327984,120.2861375,20z","https://www.openstreetmap.org/way/197024840","","","","1","left;through","rex","199","way/197024840@b/2073120987","rex","199","way/197024840@b/2073120987","LanePilot 沒有可套用到此路段方向的 approach 或 segment 紀錄。"
"LanePilot base 無對應資料","未命名道路","197024840","2073120987","正向","2073120931","22.73265","120.286146","https://www.google.com/maps/@22.73265,120.286146,20z","https://www.openstreetmap.org/way/197024840","","","","1","right","rex","199","way/197024840@b/2073120987","rex","199","way/197024840@b/2073120987","LanePilot 沒有可套用到此路段方向的 approach 或 segment 紀錄。"
"LanePilot base 無對應資料","未命名道路","217140225","2264426851","正向","2264426844","22.7353594","120.3340264","https://www.google.com/maps/@22.7353594,120.3340264,20z","https://www.openstreetmap.org/way/217140225","","","","1","through","anna","4026","way/217140225@b/2264426851","anna","4026","way/217140225@b/2264426851","LanePilot 沒有可套用到此路段方向的 approach 或 segment 紀錄。"
"LanePilot base 無對應資料","未命名道路","230071783","2385998116","反向","2385998116","22.7361289","120.3249219","https://www.google.com/maps/@22.7361289,120.3249219,20z","https://www.openstreetmap.org/way/230071783","","","","1","through","anna","4553","way/230071783@b/2385998116","anna","4553","way/230071783@b/2385998116","LanePilot 沒有可套用到此路段方向的 approach 或 segment 紀錄。"
"LanePilot base 無對應資料","未命名道路","230071783","2385998116","正向","1196964860","22.736314635562948","120.32551949055673","https://www.google.com/maps/@22.736314635562948,120.32551949055673,20z","https://www.openstreetmap.org/way/230071783","","","","0","","anna","4553","way/230071783@b/2385998116","anna","4553","way/230071783@b/2385998116","LanePilot 沒有可套用到此路段方向的 approach 或 segment 紀錄。"
"LanePilot base 無對應資料","未命名道路","256795148","280507406","正向","265748785","22.7217386","120.3230889","https://www.google.com/maps/@22.7217386,120.3230889,20z","https://www.openstreetmap.org/way/256795148","","","","2","through|through","anna","3960","way/256795148@b/280507406","anna","3960","way/256795148@b/280507406","LanePilot 沒有可套用到此路段方向的 approach 或 segment 紀錄。"
"LanePilot base 無對應資料","未命名道路","256795157","2982310568","正向","5792509225","22.7193881","120.3251278","https://www.google.com/maps/@22.7193881,120.3251278,20z","https://www.openstreetmap.org/way/256795157","","","","1","through","anna","3316","way/256795157@b/2982310568","anna","3316","way/256795157@b/2982310568","LanePilot 沒有可套用到此路段方向的 approach 或 segment 紀錄。"
"LanePilot base 無對應資料","未命名道路","256795157","5792509225","正向","5346067179","22.7196048","120.3251283","https://www.google.com/maps/@22.7196048,120.3251283,20z","https://www.openstreetmap.org/way/256795157","","","","1","through","anna","3314","way/256795157@b/5792509225","anna","3314","way/256795157@b/5792509225","LanePilot 沒有可套用到此路段方向的 approach 或 segment 紀錄。"
"LanePilot base 無對應資料","未命名道路","256795159","2624297538","反向","2624297538","22.723241533785476","120.31837015610085","https://www.google.com/maps/@22.723241533785476,120.31837015610085,20z","https://www.openstreetmap.org/way/256795159","","","","0","","anna","1763","way/256795159@b/2624297538","anna","1763","way/256795159@b/2624297538","LanePilot 沒有可套用到此路段方向的 approach 或 segment 紀錄。"
"LanePilot base 無對應資料","未命名道路","256795159","2624297538","正向","2624297540","22.724179","120.3177146","https://www.google.com/maps/@22.724179,120.3177146,20z","https://www.openstreetmap.org/way/256795159","","","","1","left;through","anna","1763","way/256795159@b/2624297538","anna","1763","way/256795159@b/2624297538","LanePilot 沒有可套用到此路段方向的 approach 或 segment 紀錄。"
"LanePilot base 無對應資料","未命名道路","256795165","4916071634","正向","2624297555","22.7236732","120.3192253","https://www.google.com/maps/@22.7236732,120.3192253,20z","https://www.openstreetmap.org/way/256795165","","","","2","left|through","anna","1805","way/256795165@b/4916071634","anna","1805","way/256795165@b/4916071634","LanePilot 沒有可套用到此路段方向的 approach 或 segment 紀錄。"
"LanePilot base 無對應資料","未命名道路","292145504","2956870898","正向","2956870896","22.718490348170008","120.28465426522413","https://www.google.com/maps/@22.718490348170008,120.28465426522413,20z","https://www.openstreetmap.org/way/292145504","","","","1","left","anna","2766","way/292145504@b/2956870898","anna","2766","way/292145504@b/2956870898","LanePilot 沒有可套用到此路段方向的 approach 或 segment 紀錄。"
"LanePilot base 無對應資料","未命名道路","292145505","2956870897","正向","2956870898","22.7189016","120.2849306","https://www.google.com/maps/@22.7189016,120.2849306,20z","https://www.openstreetmap.org/way/292145505","","","","1","left","anna","2765","way/292145505@b/2956870897","anna","2765","way/292145505@b/2956870897","LanePilot 沒有可套用到此路段方向的 approach 或 segment 紀錄。"
"LanePilot base 無對應資料","未命名道路","294796922","2908694039","反向","2908694039","22.7261414","120.3194084","https://www.google.com/maps/@22.7261414,120.3194084,20z","https://www.openstreetmap.org/way/294796922","","","","0","through","anna","1822","way/294796922@b/2908694039","anna","1822","way/294796922@b/2908694039","LanePilot 沒有可套用到此路段方向的 approach 或 segment 紀錄。"
"LanePilot base 無對應資料","未命名道路","294796922","2908694039","正向","2984202941","22.724510582368833","120.32068212872048","https://www.google.com/maps/@22.724510582368833,120.32068212872048,20z","https://www.openstreetmap.org/way/294796922","","","","1","through","anna","1822","way/294796922@b/2908694039","anna","1822","way/294796922@b/2908694039","LanePilot 沒有可套用到此路段方向的 approach 或 segment 紀錄。"
"LanePilot base 無對應資料","未命名道路","296800657","280507466","正向","3006200131","22.7194309","120.3249452","https://www.google.com/maps/@22.7194309,120.3249452,20z","https://www.openstreetmap.org/way/296800657","","","","1","through","anna","3308","way/296800657@b/280507466","anna","3308","way/296800657@b/280507466","LanePilot 沒有可套用到此路段方向的 approach 或 segment 紀錄。"
"LanePilot base 無對應資料","未命名道路","296800657","3006200131","正向","3006200129","22.7191613","120.3250419","https://www.google.com/maps/@22.7191613,120.3250419,20z","https://www.openstreetmap.org/way/296800657","","","","1","through","anna","3309","way/296800657@b/3006200131","anna","3309","way/296800657@b/3006200131","LanePilot 沒有可套用到此路段方向的 approach 或 segment 紀錄。"
"LanePilot base 無對應資料","未命名道路","296800658","3006200128","正向","3006200131","22.7194309","120.3249452","https://www.google.com/maps/@22.7194309,120.3249452,20z","https://www.openstreetmap.org/way/296800658","","","","1","through","anna","3305","way/296800658@b/3006200128","anna","3305","way/296800658@b/3006200128","LanePilot 沒有可套用到此路段方向的 approach 或 segment 紀錄。"
"LanePilot base 無對應資料","未命名道路","296800658","3006200131","正向","3006200130","22.7191496","120.3249354","https://www.google.com/maps/@22.7191496,120.3249354,20z","https://www.openstreetmap.org/way/296800658","","","","1","through","anna","3306","way/296800658@b/3006200131","anna","3306","way/296800658@b/3006200131","LanePilot 沒有可套用到此路段方向的 approach 或 segment 紀錄。"
"LanePilot base 無對應資料","未命名道路","383563018","265748792","正向","265748806","22.7201878","120.3246422","https://www.google.com/maps/@22.7201878,120.3246422,20z","https://www.openstreetmap.org/way/383563018","","","","2","through|through","anna","3965","way/383563018@b/265748792","anna","3965","way/383563018@b/265748792","LanePilot 沒有可套用到此路段方向的 approach 或 segment 紀錄。"
"LanePilot base 無對應資料","未命名道路","383563018","265748806","正向","280507466","22.7196969","120.3248443","https://www.google.com/maps/@22.7196969,120.3248443,20z","https://www.openstreetmap.org/way/383563018","","","","3","through|through|through","anna","3971","way/383563018@b/265748806","anna","3971","way/383563018@b/265748806","LanePilot 沒有可套用到此路段方向的 approach 或 segment 紀錄。"
"LanePilot base 無對應資料","未命名道路","383563022","313349834","正向","1196964834","22.722683646686484","120.32769751645611","https://www.google.com/maps/@22.722683646686484,120.32769751645611,20z","https://www.openstreetmap.org/way/383563022","","","","2","through|through","anna","4852","way/383563022@b/313349834","anna","4852","way/383563022@b/313349834","LanePilot 沒有可套用到此路段方向的 approach 或 segment 紀錄。"
"LanePilot base 無對應資料","未命名道路","611848238","5792509225","正向","5792509224","22.7196012","120.3250479","https://www.google.com/maps/@22.7196012,120.3250479,20z","https://www.openstreetmap.org/way/611848238","","","","1","through","anna","3312","way/611848238@b/5792509225","anna","3312","way/611848238@b/5792509225","LanePilot 沒有可套用到此路段方向的 approach 或 segment 紀錄。"
"LanePilot base 無對應資料","未命名道路","611848238","5792509226","正向","5792509225","22.7193881","120.3251278","https://www.google.com/maps/@22.7193881,120.3251278,20z","https://www.openstreetmap.org/way/611848238","","","","1","through","anna","3311","way/611848238@b/5792509226","anna","3311","way/611848238@b/5792509226","LanePilot 沒有可套用到此路段方向的 approach 或 segment 紀錄。"
"LanePilot base 無對應資料","未命名道路","776284043","7243024857","反向","7243024857","22.72864730219085","120.29193122384872","https://www.google.com/maps/@22.72864730219085,120.29193122384872,20z","https://www.openstreetmap.org/way/776284043","","","","1","left;through","rex","338","way/776284043@b/7243024857","rex","338","way/776284043@b/7243024857","LanePilot 沒有可套用到此路段方向的 approach 或 segment 紀錄。"
"LanePilot base 無對應資料","未命名道路","776284043","7243024857","正向","7243024859","22.7286216","120.292199","https://www.google.com/maps/@22.7286216,120.292199,20z","https://www.openstreetmap.org/way/776284043","","","","1","left;through","rex","338","way/776284043@b/7243024857","rex","338","way/776284043@b/7243024857","LanePilot 沒有可套用到此路段方向的 approach 或 segment 紀錄。"
"LanePilot base 無對應資料","未命名道路","884582693","1196964902","正向","280507406","22.7223644","120.3230117","https://www.google.com/maps/@22.7223644,120.3230117,20z","https://www.openstreetmap.org/way/884582693","","","","1","through","anna","3962","way/884582693@b/1196964902","anna","3962","way/884582693@b/1196964902","LanePilot 沒有可套用到此路段方向的 approach 或 segment 紀錄。"
"LanePilot base 無對應資料","未命名道路","884582694","1196964902","正向","1196964843","22.7239649","120.3237445","https://www.google.com/maps/@22.7239649,120.3237445,20z","https://www.openstreetmap.org/way/884582694","","","","1","through","anna","4814","way/884582694@b/1196964902","anna","4814","way/884582694@b/1196964902","LanePilot 沒有可套用到此路段方向的 approach 或 segment 紀錄。"
"LanePilot base 無對應資料","未命名道路","884583094","265748785","正向","265748792","22.721083","120.323062","https://www.google.com/maps/@22.721083,120.323062,20z","https://www.openstreetmap.org/way/884583094","","","","2","through|through","anna","3967","way/884583094@b/265748785","anna","3967","way/884583094@b/265748785","LanePilot 沒有可套用到此路段方向的 approach 或 segment 紀錄。"
"LanePilot base 無對應資料","未命名道路","1210348495","11212915656","反向","11212915656","22.72233629279799","120.28383054690693","https://www.google.com/maps/@22.72233629279799,120.28383054690693,20z","https://www.openstreetmap.org/way/1210348495","","","","1","left;through","rex","1138","way/1210348495@b/11212915656","rex","1138","way/1210348495@b/11212915656","LanePilot 沒有可套用到此路段方向的 approach 或 segment 紀錄。"
"LanePilot base 無對應資料","未命名道路","1210348495","11212915656","正向","11212915653","22.7224854","120.2834324","https://www.google.com/maps/@22.7224854,120.2834324,20z","https://www.openstreetmap.org/way/1210348495","","","","1","through","rex","1138","way/1210348495@b/11212915656","rex","1138","way/1210348495@b/11212915656","LanePilot 沒有可套用到此路段方向的 approach 或 segment 紀錄。"
"LanePilot base 無對應資料","未命名道路","1366777618","12658227993","反向","12658227993","22.7318833","120.2916108","https://www.google.com/maps/@22.7318833,120.2916108,20z","https://www.openstreetmap.org/way/1366777618","","","","1","through","rex","316","way/1366777618@b/12658227993","rex","316","way/1366777618@b/12658227993","LanePilot 沒有可套用到此路段方向的 approach 或 segment 紀錄。"
"LanePilot base 無對應資料","未命名道路","1366777618","12658227993","正向","12658227994","22.73179771761087","120.29235600984691","https://www.google.com/maps/@22.73179771761087,120.29235600984691,20z","https://www.openstreetmap.org/way/1366777618","","","","1","left;through","rex","316","way/1366777618@b/12658227993","rex","316","way/1366777618@b/12658227993","LanePilot 沒有可套用到此路段方向的 approach 或 segment 紀錄。"
"LanePilot base 無對應資料","和光街109巷","231787638","2206361940","反向","2206361940","22.7087037","120.2931778","https://www.google.com/maps/@22.7087037,120.2931778,20z","https://www.openstreetmap.org/way/231787638","","","","1","left;through","anna","2077","way/231787638@b/2206361940","anna","2077","way/231787638@b/2206361940","LanePilot 沒有可套用到此路段方向的 approach 或 segment 紀錄。"
"LanePilot base 無對應資料","和光街109巷","231787638","2206361940","正向","1389897877","22.70879899975972","120.29299770529175","https://www.google.com/maps/@22.70879899975972,120.29299770529175,20z","https://www.openstreetmap.org/way/231787638","","","","1","through","anna","2077","way/231787638@b/2206361940","anna","2077","way/231787638@b/2206361940","LanePilot 沒有可套用到此路段方向的 approach 或 segment 紀錄。"
"LanePilot base 無對應資料","南昌街32巷17弄","126081012","1398634183","反向","1398634183","22.7197467","120.2896156","https://www.google.com/maps/@22.7197467,120.2896156,20z","https://www.openstreetmap.org/way/126081012","","","","0","","anna","4078","way/126081012@b/1398634183","anna","4078","way/126081012@b/1398634183","LanePilot 沒有可套用到此路段方向的 approach 或 segment 紀錄。"
"LanePilot base 無對應資料","南昌街32巷17弄","126081012","1398634183","正向","1398635503","22.7195772","120.2893205","https://www.google.com/maps/@22.7195772,120.2893205,20z","https://www.openstreetmap.org/way/126081012","","","","1","left","anna","4078","way/126081012@b/1398634183","anna","4078","way/126081012@b/1398634183","LanePilot 沒有可套用到此路段方向的 approach 或 segment 紀錄。"
"LanePilot base 無對應資料","後昌新路53巷28弄","126080974","1398634248","反向","1398634248","22.7191556","120.2908887","https://www.google.com/maps/@22.7191556,120.2908887,20z","https://www.openstreetmap.org/way/126080974","","","","0","","anna","4077","way/126080974@b/1398634248","anna","4077","way/126080974@b/1398634248","LanePilot 沒有可套用到此路段方向的 approach 或 segment 紀錄。"
"LanePilot base 無對應資料","後昌新路53巷28弄","126080974","1398634248","正向","1398634358","22.7198344","120.2911548","https://www.google.com/maps/@22.7198344,120.2911548,20z","https://www.openstreetmap.org/way/126080974","","","","1","through","anna","4077","way/126080974@b/1398634248","anna","4077","way/126080974@b/1398634248","LanePilot 沒有可套用到此路段方向的 approach 或 segment 紀錄。"
"LanePilot base 無對應資料","後昌路255巷","105892495","1219300761","反向","1219300761","22.7154138","120.3103147","https://www.google.com/maps/@22.7154138,120.3103147,20z","https://www.openstreetmap.org/way/105892495","","","","0","","rex","1501","way/105892495@b/1219300761","rex","1501","way/105892495@b/1219300761","LanePilot 沒有可套用到此路段方向的 approach 或 segment 紀錄。"
"LanePilot base 無對應資料","後昌路255巷","105892495","1219300761","正向","2417585475","22.715646206459283","120.30955284317935","https://www.google.com/maps/@22.715646206459283,120.30955284317935,20z","https://www.openstreetmap.org/way/105892495","","","","1","left;through","rex","1501","way/105892495@b/1219300761","rex","1501","way/105892495@b/1219300761","LanePilot 沒有可套用到此路段方向的 approach 或 segment 紀錄。"
"LanePilot base 無對應資料","後昌路26巷","105892465","1219300750","反向","1219300750","22.7151886","120.3103207","https://www.google.com/maps/@22.7151886,120.3103207,20z","https://www.openstreetmap.org/way/105892465","","","","0","","rex","1500","way/105892465@b/1219300750","rex","1500","way/105892465@b/1219300750","LanePilot 沒有可套用到此路段方向的 approach 或 segment 紀錄。"
"LanePilot base 無對應資料","後昌路26巷","105892465","1219300750","正向","2417585478","22.71545881762205","120.30948938493214","https://www.google.com/maps/@22.71545881762205,120.30948938493214,20z","https://www.openstreetmap.org/way/105892465","","","","1","left;through","rex","1500","way/105892465@b/1219300750","rex","1500","way/105892465@b/1219300750","LanePilot 沒有可套用到此路段方向的 approach 或 segment 紀錄。"
"LanePilot base 無對應資料","後昌路277巷","105892521","1219300597","反向","1219300597","22.7149021","120.3104962","https://www.google.com/maps/@22.7149021,120.3104962,20z","https://www.openstreetmap.org/way/105892521","","","","0","","rex","1499","way/105892521@b/1219300597","rex","1499","way/105892521@b/1219300597","LanePilot 沒有可套用到此路段方向的 approach 或 segment 紀錄。"
"LanePilot base 無對應資料","後昌路277巷","105892521","1219300597","正向","2417585479","22.715211612353436","120.30940573372257","https://www.google.com/maps/@22.715211612353436,120.30940573372257,20z","https://www.openstreetmap.org/way/105892521","","","","1","left;through","rex","1499","way/105892521@b/1219300597","rex","1499","way/105892521@b/1219300597","LanePilot 沒有可套用到此路段方向的 approach 或 segment 紀錄。"
"LanePilot base 無對應資料","後昌路313巷","229282917","2379048062","反向","2379048062","22.7141735","120.3103425","https://www.google.com/maps/@22.7141735,120.3103425,20z","https://www.openstreetmap.org/way/229282917","","","","0","","anna","3667","way/229282917@b/2379048062","anna","3667","way/229282917@b/2379048062","LanePilot 沒有可套用到此路段方向的 approach 或 segment 紀錄。"
"LanePilot base 無對應資料","後昌路313巷","229282917","2379048062","正向","2417585483","22.714507599999997","120.30916165","https://www.google.com/maps/@22.714507599999997,120.30916165,20z","https://www.openstreetmap.org/way/229282917","","","","1","left;through","anna","3667","way/229282917@b/2379048062","anna","3667","way/229282917@b/2379048062","LanePilot 沒有可套用到此路段方向的 approach 或 segment 紀錄。"
"LanePilot base 無對應資料","後昌路325巷","105892513","1219300561","反向","1219300561","22.714280545364282","120.31076863196819","https://www.google.com/maps/@22.714280545364282,120.31076863196819,20z","https://www.openstreetmap.org/way/105892513","","","","0","","anna","3668","way/105892513@b/1219300561","anna","3668","way/105892513@b/1219300561","LanePilot 沒有可套用到此路段方向的 approach 或 segment 紀錄。"
"LanePilot base 無對應資料","後昌路325巷","105892513","1219300561","正向","2417585485","22.714262391007175","120.30907924299493","https://www.google.com/maps/@22.714262391007175,120.30907924299493,20z","https://www.openstreetmap.org/way/105892513","","","","1","left;through","anna","3668","way/105892513@b/1219300561","anna","3668","way/105892513@b/1219300561","LanePilot 沒有可套用到此路段方向的 approach 或 segment 紀錄。"
"LanePilot base 無對應資料","後昌路57巷","229174737","2378023696","反向","2378023696","22.7194269","120.312523","https://www.google.com/maps/@22.7194269,120.312523,20z","https://www.openstreetmap.org/way/229174737","","","","0","","anna","1568","way/229174737@b/2378023696","anna","1568","way/229174737@b/2378023696","LanePilot 沒有可套用到此路段方向的 approach 或 segment 紀錄。"
"LanePilot base 無對應資料","後昌路57巷","229174737","2378023696","正向","2378023708","22.7197794","120.3117053","https://www.google.com/maps/@22.7197794,120.3117053,20z","https://www.openstreetmap.org/way/229174737","","","","1","left;through","anna","1568","way/229174737@b/2378023696","anna","1568","way/229174737@b/2378023696","LanePilot 沒有可套用到此路段方向的 approach 或 segment 紀錄。"
"LanePilot base 無對應資料","後昌路73巷","229174738","2378023687","反向","2378023687","22.7195491","120.311427","https://www.google.com/maps/@22.7195491,120.311427,20z","https://www.openstreetmap.org/way/229174738","","","","0","","anna","1559","way/229174738@b/2378023687","anna","1559","way/229174738@b/2378023687","LanePilot 沒有可套用到此路段方向的 approach 或 segment 紀錄。"
"LanePilot base 無對應資料","後昌路73巷","229174738","2378023687","正向","2378023689","22.7190903","120.3124057","https://www.google.com/maps/@22.7190903,120.3124057,20z","https://www.openstreetmap.org/way/229174738","","","","1","left;through","anna","1559","way/229174738@b/2378023687","anna","1559","way/229174738@b/2378023687","LanePilot 沒有可套用到此路段方向的 approach 或 segment 紀錄。"
"LanePilot base 無對應資料","後昌路901巷","210554011","2206349216","反向","2206349216","22.7129951","120.2934528","https://www.google.com/maps/@22.7129951,120.2934528,20z","https://www.openstreetmap.org/way/210554011","","","","0","","rex","1330","way/210554011@b/2206349216","rex","1330","way/210554011@b/2206349216","LanePilot 沒有可套用到此路段方向的 approach 或 segment 紀錄。"
"LanePilot base 無對應資料","後昌路901巷","210554011","2206349216","正向","2206349219","22.713172632375873","120.29406287499663","https://www.google.com/maps/@22.713172632375873,120.29406287499663,20z","https://www.openstreetmap.org/way/210554011","","","","1","left;through","rex","1330","way/210554011@b/2206349216","rex","1330","way/210554011@b/2206349216","LanePilot 沒有可套用到此路段方向的 approach 或 segment 紀錄。"
"LanePilot base 無對應資料","後昌路913巷","210554006","2206349222","反向","2206349222","22.713273","120.2933567","https://www.google.com/maps/@22.713273,120.2933567,20z","https://www.openstreetmap.org/way/210554006","","","","0","","rex","1329","way/210554006@b/2206349222","rex","1329","way/210554006@b/2206349222","LanePilot 沒有可套用到此路段方向的 approach 或 segment 紀錄。"
"LanePilot base 無對應資料","後昌路913巷","210554006","2206349222","正向","2206349225","22.713452033586456","120.2939658507746","https://www.google.com/maps/@22.713452033586456,120.2939658507746,20z","https://www.openstreetmap.org/way/210554006","","","","1","left;through","rex","1329","way/210554006@b/2206349222","rex","1329","way/210554006@b/2206349222","LanePilot 沒有可套用到此路段方向的 approach 或 segment 紀錄。"
"LanePilot base 無對應資料","後勁橋","230216176","2387399896","反向","2387399896","22.724863771839942","120.32130733114509","https://www.google.com/maps/@22.724863771839942,120.32130733114509,20z","https://www.openstreetmap.org/way/230216176","","","","2","through|through","anna","1841","way/230216176@b/2387399896","anna","1841","way/230216176@b/2387399896","LanePilot 沒有可套用到此路段方向的 approach 或 segment 紀錄。"
"LanePilot base 無對應資料","後勁橋","230216176","2387399896","正向","2387445684","22.724630349999998","120.32089415","https://www.google.com/maps/@22.724630349999998,120.32089415,20z","https://www.openstreetmap.org/way/230216176","","","","2","through|through","anna","1841","way/230216176@b/2387399896","anna","1841","way/230216176@b/2387399896","LanePilot 沒有可套用到此路段方向的 approach 或 segment 紀錄。"
"LanePilot base 無對應資料","軍校路712巷","231787637","2401176452","反向","2401176452","22.7078942","120.2929674","https://www.google.com/maps/@22.7078942,120.2929674,20z","https://www.openstreetmap.org/way/231787637","","","","0","","anna","2701","way/231787637@b/2401176452","anna","2701","way/231787637@b/2401176452","LanePilot 沒有可套用到此路段方向的 approach 或 segment 紀錄。"
"LanePilot base 無對應資料","軍校路712巷","231787637","2401176452","正向","1372607276","22.70790914658945","120.29283603075223","https://www.google.com/maps/@22.70790914658945,120.29283603075223,20z","https://www.openstreetmap.org/way/231787637","","","","1","left;through","anna","2701","way/231787637@b/2401176452","anna","2701","way/231787637@b/2401176452","LanePilot 沒有可套用到此路段方向的 approach 或 segment 紀錄。"
"LanePilot base 無對應資料","軍校路768巷","210554946","2206361957","反向","2206361957","22.7096421","120.2935841","https://www.google.com/maps/@22.7096421,120.2935841,20z","https://www.openstreetmap.org/way/210554946","","","","0","","anna","2066","way/210554946@b/2206361957","anna","2066","way/210554946@b/2206361957","LanePilot 沒有可套用到此路段方向的 approach 或 segment 紀錄。"
"LanePilot base 無對應資料","軍校路768巷","210554946","2206361957","正向","2206361943","22.709009492992763","120.29297477013617","https://www.google.com/maps/@22.709009492992763,120.29297477013617,20z","https://www.openstreetmap.org/way/210554946","","","","1","left;through","anna","2066","way/210554946@b/2206361957","anna","2066","way/210554946@b/2206361957","LanePilot 沒有可套用到此路段方向的 approach 或 segment 紀錄。"
"LanePilot base 無對應資料","軍校路870巷","231785281","2206349198","反向","2206349198","22.7115739","120.2927263","https://www.google.com/maps/@22.7115739,120.2927263,20z","https://www.openstreetmap.org/way/231785281","","","","0","","anna","2024","way/231785281@b/2206349198","anna","2024","way/231785281@b/2206349198","LanePilot 沒有可套用到此路段方向的 approach 或 segment 紀錄。"
"LanePilot base 無對應資料","軍校路870巷","231785281","2206349198","正向","2206349202","22.711792801669027","120.29205817279191","https://www.google.com/maps/@22.711792801669027,120.29205817279191,20z","https://www.openstreetmap.org/way/231785281","","","","1","left;through","anna","2024","way/231785281@b/2206349198","anna","2024","way/231785281@b/2206349198","LanePilot 沒有可套用到此路段方向的 approach 或 segment 紀錄。"
"LanePilot base 無對應資料","軍校路979巷","126080685","2384947102","反向","2384947102","22.7116179","120.2913472","https://www.google.com/maps/@22.7116179,120.2913472,20z","https://www.openstreetmap.org/way/126080685","","","","0","","anna","2023","way/126080685@b/2384947102","anna","2023","way/126080685@b/2384947102","LanePilot 沒有可套用到此路段方向的 approach 或 segment 紀錄。"
"LanePilot base 無對應資料","軍校路979巷","126080685","2384947102","正向","2417585438","22.71231765692691","120.29183714040786","https://www.google.com/maps/@22.71231765692691,120.29183714040786,20z","https://www.openstreetmap.org/way/126080685","","","","1","left;through","anna","2023","way/126080685@b/2384947102","anna","2023","way/126080685@b/2384947102","LanePilot 沒有可套用到此路段方向的 approach 或 segment 紀錄。"
"LanePilot base 無對應資料","益群橋","126382209","1401138221","反向","1401138221","22.72617201046295","120.2960660549873","https://www.google.com/maps/@22.72617201046295,120.2960660549873,20z","https://www.openstreetmap.org/way/126382209","","","","2","through|through","anna","4068","way/126382209@b/1401138221","anna","4068","way/126382209@b/1401138221","LanePilot 沒有可套用到此路段方向的 approach 或 segment 紀錄。"
"LanePilot base 無對應資料","益群橋","126382209","1401138221","正向","1401138200","22.72552512135759","120.29652243297318","https://www.google.com/maps/@22.72552512135759,120.29652243297318,20z","https://www.openstreetmap.org/way/126382209","","","","2","left|through","anna","4068","way/126382209@b/1401138221","anna","4068","way/126382209@b/1401138221","LanePilot 沒有可套用到此路段方向的 approach 或 segment 紀錄。"
"LanePilot base 無對應資料","迴轉道","230071784","2385998116","正向","2385998118","22.7358318","120.3250991","https://www.google.com/maps/@22.7358318,120.3250991,20z","https://www.openstreetmap.org/way/230071784","","","","1","left","anna","4554","way/230071784@b/2385998116","anna","4554","way/230071784@b/2385998116","LanePilot 沒有可套用到此路段方向的 approach 或 segment 紀錄。"
"LanePilot base 無對應資料","高峰街118巷","105892532","1219300420","反向","1219300420","22.7204954","120.3172202","https://www.google.com/maps/@22.7204954,120.3172202,20z","https://www.openstreetmap.org/way/105892532","","","","0","","anna","3618","way/105892532@b/1219300420","anna","3618","way/105892532@b/1219300420","LanePilot 沒有可套用到此路段方向的 approach 或 segment 紀錄。"
"LanePilot base 無對應資料","高峰街118巷","105892532","1219300420","正向","1219300766","22.720177971988548","120.31784993983814","https://www.google.com/maps/@22.720177971988548,120.31784993983814,20z","https://www.openstreetmap.org/way/105892532","","","","1","left;through","anna","3618","way/105892532@b/1219300420","anna","3618","way/105892532@b/1219300420","LanePilot 沒有可套用到此路段方向的 approach 或 segment 紀錄。"
"LanePilot base 無對應資料","高峰街136巷","231222802","261608493","反向","261608493","22.7212944","120.3164256","https://www.google.com/maps/@22.7212944,120.3164256,20z","https://www.openstreetmap.org/way/231222802","","","","0","left;through","anna","3613","way/231222802@b/261608493","anna","3613","way/231222802@b/261608493","LanePilot 沒有可套用到此路段方向的 approach 或 segment 紀錄。"
"LanePilot base 無對應資料","高峰街136巷","231222802","261608493","正向","2396293724","22.721230078993948","120.31771074823448","https://www.google.com/maps/@22.721230078993948,120.31771074823448,20z","https://www.openstreetmap.org/way/231222802","","","","1","left;through","anna","3613","way/231222802@b/261608493","anna","3613","way/231222802@b/261608493","LanePilot 沒有可套用到此路段方向的 approach 或 segment 紀錄。"
"LanePilot base 無對應資料","區東路","23652343","289126281","反向","289126281","22.720086252076417","120.3108806268178","https://www.google.com/maps/@22.720086252076417,120.3108806268178,20z","https://www.openstreetmap.org/way/23652343","","","","2","left;through|through","anna","1550","way/23652343@b/289126281","anna","1550","way/23652343@b/289126281","LanePilot 沒有可套用到此路段方向的 approach 或 segment 紀錄。"
"LanePilot base 無對應資料","區東路","23652343","289126281","正向","2388680853","22.7193159","120.3107421","https://www.google.com/maps/@22.7193159,120.3107421,20z","https://www.openstreetmap.org/way/23652343","","","","2","through;right|through","anna","1550","way/23652343@b/289126281","anna","1550","way/23652343@b/289126281","LanePilot 沒有可套用到此路段方向的 approach 或 segment 紀錄。"
"LanePilot base 無對應資料","區東路","23652343","2388680853","反向","2388680853","22.7193159","120.3107421","https://www.google.com/maps/@22.7193159,120.3107421,20z","https://www.openstreetmap.org/way/23652343","","","","2","left;through|through","anna","1553","way/23652343@b/2388680853","anna","1553","way/23652343@b/2388680853","LanePilot 沒有可套用到此路段方向的 approach 或 segment 紀錄。"
"LanePilot base 無對應資料","區東路","23652343","2388680853","正向","256245260","22.7189992","120.3106363","https://www.google.com/maps/@22.7189992,120.3106363,20z","https://www.openstreetmap.org/way/23652343","","","","2","left;through|through","anna","1553","way/23652343@b/2388680853","anna","1553","way/23652343@b/2388680853","LanePilot 沒有可套用到此路段方向的 approach 或 segment 紀錄。"
"LanePilot base 無對應資料","啟昌街366巷","126080691","1398635146","反向","1398635146","22.7136147","120.2810821","https://www.google.com/maps/@22.7136147,120.2810821,20z","https://www.openstreetmap.org/way/126080691","","","","0","","anna","4074","way/126080691@b/1398635146","anna","4074","way/126080691@b/1398635146","LanePilot 沒有可套用到此路段方向的 approach 或 segment 紀錄。"
"LanePilot base 無對應資料","啟昌街366巷","126080691","1398635146","正向","1398634177","22.7138711","120.2816566","https://www.google.com/maps/@22.7138711,120.2816566,20z","https://www.openstreetmap.org/way/126080691","","","","1","through","anna","4074","way/126080691@b/1398635146","anna","4074","way/126080691@b/1398635146","LanePilot 沒有可套用到此路段方向的 approach 或 segment 紀錄。"
"LanePilot base 無對應資料","啟昌街380巷","126081072","1398634805","反向","1398634805","22.7138891","120.2809261","https://www.google.com/maps/@22.7138891,120.2809261,20z","https://www.openstreetmap.org/way/126081072","","","","0","","anna","4073","way/126081072@b/1398634805","anna","4073","way/126081072@b/1398634805","LanePilot 沒有可套用到此路段方向的 approach 或 segment 紀錄。"
"LanePilot base 無對應資料","啟昌街380巷","126081072","1398634805","正向","1398636110","22.7141536","120.2814849","https://www.google.com/maps/@22.7141536,120.2814849,20z","https://www.openstreetmap.org/way/126081072","","","","1","through","anna","4073","way/126081072@b/1398634805","anna","4073","way/126081072@b/1398634805","LanePilot 沒有可套用到此路段方向的 approach 或 segment 紀錄。"
"LanePilot base 無對應資料","清泰路","217146953","2264471252","反向","2264471252","22.7404856","120.3287542","https://www.google.com/maps/@22.7404856,120.3287542,20z","https://www.openstreetmap.org/way/217146953","","","","1","through","anna","4463","way/217146953@b/2264471252","anna","4463","way/217146953@b/2264471252","LanePilot 沒有可套用到此路段方向的 approach 或 segment 紀錄。"
"LanePilot base 無對應資料","清泰路","217146953","2264471252","正向","7473019236","22.7405886","120.3286685","https://www.google.com/maps/@22.7405886,120.3286685,20z","https://www.openstreetmap.org/way/217146953","","","","1","left;through","anna","4463","way/217146953@b/2264471252","anna","4463","way/217146953@b/2264471252","LanePilot 沒有可套用到此路段方向的 approach 或 segment 紀錄。"
"LanePilot base 無對應資料","惠民機車地下道","27527304","302211616","正向","302211614","22.7300603","120.3249874","https://www.google.com/maps/@22.7300603,120.3249874,20z","https://www.openstreetmap.org/way/27527304","","","","0","","anna","4735","way/27527304@b/302211616","anna","4735","way/27527304@b/302211616","LanePilot 沒有可套用到此路段方向的 approach 或 segment 紀錄。"
"LanePilot base 無對應資料","惠民機車地下道","27527305","302211614","正向","302211659","22.7298749","120.3253556","https://www.google.com/maps/@22.7298749,120.3253556,20z","https://www.openstreetmap.org/way/27527305","","","","0","","anna","4733","way/27527305@b/302211614","anna","4733","way/27527305@b/302211614","LanePilot 沒有可套用到此路段方向的 approach 或 segment 紀錄。"
"LanePilot base 無對應資料","惠民機車地下道","230282052","302211659","正向","302211671","22.728969146583204","120.32642434473219","https://www.google.com/maps/@22.728969146583204,120.32642434473219,20z","https://www.openstreetmap.org/way/230282052","","","","0","","anna","4727","way/230282052@b/302211659","anna","4727","way/230282052@b/302211659","LanePilot 沒有可套用到此路段方向的 approach 或 segment 紀錄。"
"LanePilot base 無對應資料","援中路","23875894","258784649","正向","258784659","22.725775538922232","120.29359799579944","https://www.google.com/maps/@22.725775538922232,120.29359799579944,20z","https://www.openstreetmap.org/way/23875894","","","","2","through|right","rex","1197","way/23875894@b/258784649","rex","1197","way/23875894@b/258784649","LanePilot 沒有可套用到此路段方向的 approach 或 segment 紀錄。"
"LanePilot base 無對應資料","援中路","23875894","258784659","正向","1401138335","22.725433657486352","120.29205583849124","https://www.google.com/maps/@22.725433657486352,120.29205583849124,20z","https://www.openstreetmap.org/way/23875894","","","","2","through|through","rex","1189","way/23875894@b/258784659","rex","1189","way/23875894@b/258784659","LanePilot 沒有可套用到此路段方向的 approach 或 segment 紀錄。"
"LanePilot base 無對應資料","援中路","23875894","260856509","正向","289127253","22.724571086145907","120.28978226955289","https://www.google.com/maps/@22.724571086145907,120.28978226955289,20z","https://www.openstreetmap.org/way/23875894","","","","2","through|through;right","rex","1175","way/23875894@b/260856509","rex","1175","way/23875894@b/260856509","LanePilot 沒有可套用到此路段方向的 approach 或 segment 紀錄。"
"LanePilot base 無對應資料","援中路","23875894","262104086","正向","262841211","22.72329571347405","120.28635044606636","https://www.google.com/maps/@22.72329571347405,120.28635044606636,20z","https://www.openstreetmap.org/way/23875894","","","","2","through|through;right","rex","1157","way/23875894@b/262104086","rex","1157","way/23875894@b/262104086","LanePilot 沒有可套用到此路段方向的 approach 或 segment 紀錄。"
"LanePilot base 無對應資料","援中路","23875894","262840696","正向","343047133","22.722659880179474","120.28467314845473","https://www.google.com/maps/@22.722659880179474,120.28467314845473,20z","https://www.openstreetmap.org/way/23875894","","","","2","through|through;right","rex","1145","way/23875894@b/262840696","rex","1145","way/23875894@b/262840696","LanePilot 沒有可套用到此路段方向的 approach 或 segment 紀錄。"
"LanePilot base 無對應資料","援中路","23875894","262840839","正向","7242697842","22.723202609335164","120.28610653030462","https://www.google.com/maps/@22.723202609335164,120.28610653030462,20z","https://www.openstreetmap.org/way/23875894","","","","2","through|through","rex","1150","way/23875894@b/262840839","rex","1150","way/23875894@b/262840839","LanePilot 沒有可套用到此路段方向的 approach 或 segment 紀錄。"
"LanePilot base 無對應資料","援中路","23875894","262841211","正向","262840839","22.723260552739596","120.28625835408702","https://www.google.com/maps/@22.723260552739596,120.28625835408702,20z","https://www.openstreetmap.org/way/23875894","","","","2","through|through;right","rex","1158","way/23875894@b/262841211","rex","1158","way/23875894@b/262841211","LanePilot 沒有可套用到此路段方向的 approach 或 segment 紀錄。"
"LanePilot base 無對應資料","援中路","23875894","265972835","正向","265972860","22.7214848","120.28150515","https://www.google.com/maps/@22.7214848,120.28150515,20z","https://www.openstreetmap.org/way/23875894","","","","2","through|through;right","rex","1132","way/23875894@b/265972835","rex","1132","way/23875894@b/265972835","LanePilot 沒有可套用到此路段方向的 approach 或 segment 紀錄。"
"LanePilot base 無對應資料","援中路","23875894","265972860","正向","4615786630","22.721234223270955","120.280824708078","https://www.google.com/maps/@22.721234223270955,120.280824708078,20z","https://www.openstreetmap.org/way/23875894","","","","2","left;through|through;right","rex","1125","way/23875894@b/265972860","rex","1125","way/23875894@b/265972860","LanePilot 沒有可套用到此路段方向的 approach 或 segment 紀錄。"
"LanePilot base 無對應資料","援中路","23875894","289127253","正向","1080697376","22.724222453637353","120.28891501422854","https://www.google.com/maps/@22.724222453637353,120.28891501422854,20z","https://www.openstreetmap.org/way/23875894","","","","2","through|through;right","rex","1168","way/23875894@b/289127253","rex","1168","way/23875894@b/289127253","LanePilot 沒有可套用到此路段方向的 approach 或 segment 紀錄。"
"LanePilot base 無對應資料","援中路","23875894","343047133","正向","11212915656","22.72233629279799","120.28383054690693","https://www.google.com/maps/@22.72233629279799,120.28383054690693,20z","https://www.openstreetmap.org/way/23875894","","","","2","through|through;right","rex","1142","way/23875894@b/343047133","rex","1142","way/23875894@b/343047133","LanePilot 沒有可套用到此路段方向的 approach 或 segment 紀錄。"
"LanePilot base 無對應資料","援中路","23875894","588290649","正向","2206324429","22.720135426837984","120.27802691807628","https://www.google.com/maps/@22.720135426837984,120.27802691807628,20z","https://www.openstreetmap.org/way/23875894","","","","3","through|through|through+right","rex","1122","way/23875894@b/588290649","rex","1122","way/23875894@b/588290649","LanePilot 沒有可套用到此路段方向的 approach 或 segment 紀錄。"
"LanePilot base 無對應資料","援中路","23875894","1080697376","正向","262104086","22.72388897989128","120.28791045393649","https://www.google.com/maps/@22.72388897989128,120.28791045393649,20z","https://www.openstreetmap.org/way/23875894","","","","2","through|through;right","rex","1163","way/23875894@b/1080697376","rex","1163","way/23875894@b/1080697376","LanePilot 沒有可套用到此路段方向的 approach 或 segment 紀錄。"
"LanePilot base 無對應資料","援中路","23875894","1401138293","正向","1401138461","22.728007850272633","120.29613807281339","https://www.google.com/maps/@22.728007850272633,120.29613807281339,20z","https://www.openstreetmap.org/way/23875894","","","","2","through|through;right","rex","1215","way/23875894@b/1401138293","rex","1215","way/23875894@b/1401138293","LanePilot 沒有可套用到此路段方向的 approach 或 segment 紀錄。"
"LanePilot base 無對應資料","援中路","23875894","1401138335","正向","256254914","22.72529067354293","120.2914925851845","https://www.google.com/maps/@22.72529067354293,120.2914925851845,20z","https://www.openstreetmap.org/way/23875894","","","","2","left;through|through;right","rex","1182","way/23875894@b/1401138335","rex","1182","way/23875894@b/1401138335","LanePilot 沒有可套用到此路段方向的 approach 或 segment 紀錄。"
"LanePilot base 無對應資料","援中路","23875894","1401138461","正向","4660094182","22.727565625007657","120.29630533828262","https://www.google.com/maps/@22.727565625007657,120.29630533828262,20z","https://www.openstreetmap.org/way/23875894","","","","3","through|through;right|through","rex","1207","way/23875894@b/1401138461","rex","1207","way/23875894@b/1401138461","LanePilot 沒有可套用到此路段方向的 approach 或 segment 紀錄。"
"LanePilot base 無對應資料","援中路","23875894","2206324429","正向","291009992","22.7197267","120.27701065","https://www.google.com/maps/@22.7197267,120.27701065,20z","https://www.openstreetmap.org/way/23875894","","","","2","right|right","rex","1117","way/23875894@b/2206324429","rex","1117","way/23875894@b/2206324429","LanePilot 沒有可套用到此路段方向的 approach 或 segment 紀錄。"
"LanePilot base 無對應資料","援中路","23875894","4660094182","正向","258784649","22.726283095716543","120.29591685545711","https://www.google.com/maps/@22.726283095716543,120.29591685545711,20z","https://www.openstreetmap.org/way/23875894","","","","3","left;through|through|through;right","rex","1206","way/23875894@b/4660094182","rex","1206","way/23875894@b/4660094182","LanePilot 沒有可套用到此路段方向的 approach 或 segment 紀錄。"
"LanePilot base 無對應資料","援中路","23875894","7242697842","正向","262840696","22.723163517744624","120.2860040406488","https://www.google.com/maps/@22.723163517744624,120.2860040406488,20z","https://www.openstreetmap.org/way/23875894","","","","2","through|through","rex","1149","way/23875894@b/7242697842","rex","1149","way/23875894@b/7242697842","LanePilot 沒有可套用到此路段方向的 approach 或 segment 紀錄。"
"LanePilot base 無對應資料","援中路","23875894","11212915656","正向","265972835","22.721863955849322","120.28259888407399","https://www.google.com/maps/@22.721863955849322,120.28259888407399,20z","https://www.openstreetmap.org/way/23875894","","","","2","through|through;right","rex","1144","way/23875894@b/11212915656","rex","1144","way/23875894@b/11212915656","LanePilot 沒有可套用到此路段方向的 approach 或 segment 紀錄。"
"LanePilot base 無對應資料","援中路510巷","126382185","1401138375","反向","1401138375","22.727150619566878","120.2922372802894","https://www.google.com/maps/@22.727150619566878,120.2922372802894,20z","https://www.openstreetmap.org/way/126382185","","","","0","","rex","1183","way/126382185@b/1401138375","rex","1183","way/126382185@b/1401138375","LanePilot 沒有可套用到此路段方向的 approach 或 segment 紀錄。"
"LanePilot base 無對應資料","援中路510巷","126382185","1401138375","正向","1401138335","22.725433657486352","120.29205583849124","https://www.google.com/maps/@22.725433657486352,120.29205583849124,20z","https://www.openstreetmap.org/way/126382185","","","","1","left;through","rex","1183","way/126382185@b/1401138375","rex","1183","way/126382185@b/1401138375","LanePilot 沒有可套用到此路段方向的 approach 或 segment 紀錄。"
"LanePilot base 無對應資料","智昌街528巷","126081035","1398636065","反向","1398636065","22.7173195","120.2796741","https://www.google.com/maps/@22.7173195,120.2796741,20z","https://www.openstreetmap.org/way/126081035","","","","0","","anna","4069","way/126081035@b/1398636065","anna","4069","way/126081035@b/1398636065","LanePilot 沒有可套用到此路段方向的 approach 或 segment 紀錄。"
"LanePilot base 無對應資料","智昌街528巷","126081035","1398636065","正向","1398634187","22.717809","120.2794106","https://www.google.com/maps/@22.717809,120.2794106,20z","https://www.openstreetmap.org/way/126081035","","","","1","through","anna","4069","way/126081035@b/1398636065","anna","4069","way/126081035@b/1398636065","LanePilot 沒有可套用到此路段方向的 approach 或 segment 紀錄。"
"LanePilot base 無對應資料","楠梓新路","217152882","280277411","反向","280277411","22.73064163376096","120.32763545553084","https://www.google.com/maps/@22.73064163376096,120.32763545553084,20z","https://www.openstreetmap.org/way/217152882","","","","1","left;through","anna","4746","way/217152882@b/280277411","anna","4746","way/217152882@b/280277411","LanePilot 沒有可套用到此路段方向的 approach 或 segment 紀錄。"
"LanePilot base 無對應資料","楠梓新路","217152882","280277411","正向","2264502018","22.7308746","120.3276605","https://www.google.com/maps/@22.7308746,120.3276605,20z","https://www.openstreetmap.org/way/217152882","","","","1","left;through","anna","4746","way/217152882@b/280277411","anna","4746","way/217152882@b/280277411","LanePilot 沒有可套用到此路段方向的 approach 或 segment 紀錄。"
"LanePilot base 無對應資料","楠梓新路","217152882","2264502018","反向","2264502018","22.7308746","120.3276605","https://www.google.com/maps/@22.7308746,120.3276605,20z","https://www.openstreetmap.org/way/217152882","","","","1","through;right","anna","4747","way/217152882@b/2264502018","anna","4747","way/217152882@b/2264502018","LanePilot 沒有可套用到此路段方向的 approach 或 segment 紀錄。"
"LanePilot base 無對應資料","楠梓新路","217152882","2264502018","正向","2264502026","22.731842956183364","120.32828280463406","https://www.google.com/maps/@22.731842956183364,120.32828280463406,20z","https://www.openstreetmap.org/way/217152882","","","","1","left;through","anna","4747","way/217152882@b/2264502018","anna","4747","way/217152882@b/2264502018","LanePilot 沒有可套用到此路段方向的 approach 或 segment 紀錄。"
"LanePilot base 無對應資料","楠梓路","205318262","1932046293","反向","1932046293","22.739372168176217","120.32322206266005","https://www.google.com/maps/@22.739372168176217,120.32322206266005,20z","https://www.openstreetmap.org/way/205318262","","","","2","through|through","anna","4531","way/205318262@b/1932046293","anna","4531","way/205318262@b/1932046293","LanePilot 沒有可套用到此路段方向的 approach 或 segment 紀錄。"
"LanePilot base 無對應資料","楠梓路","205318262","1932046293","正向","5884439600","22.739632526404016","120.32301281029045","https://www.google.com/maps/@22.739632526404016,120.32301281029045,20z","https://www.openstreetmap.org/way/205318262","","","","2","through|through","anna","4531","way/205318262@b/1932046293","anna","4531","way/205318262@b/1932046293","LanePilot 沒有可套用到此路段方向的 approach 或 segment 紀錄。"
"LanePilot base 無對應資料","楠梓路","281341693","7472962385","反向","7472962385","22.737061700888297","120.32495620132127","https://www.google.com/maps/@22.737061700888297,120.32495620132127,20z","https://www.openstreetmap.org/way/281341693","","","","2","left;through|through","anna","4547","way/281341693@b/7472962385","anna","4547","way/281341693@b/7472962385","LanePilot 沒有可套用到此路段方向的 approach 或 segment 紀錄。"
"LanePilot base 無對應資料","楠梓路","281341693","7472962385","正向","1196965092","22.73717846739565","120.32486753899182","https://www.google.com/maps/@22.73717846739565,120.32486753899182,20z","https://www.openstreetmap.org/way/281341693","","","","2","through|through","anna","4547","way/281341693@b/7472962385","anna","4547","way/281341693@b/7472962385","LanePilot 沒有可套用到此路段方向的 approach 或 segment 紀錄。"
"LanePilot base 無對應資料","楠梓路","799115397","1196965092","反向","1196965092","22.73717846739565","120.32486753899182","https://www.google.com/maps/@22.73717846739565,120.32486753899182,20z","https://www.openstreetmap.org/way/799115397","","","","2","left;through|through","anna","4539","way/799115397@b/1196965092","anna","4539","way/799115397@b/1196965092","LanePilot 沒有可套用到此路段方向的 approach 或 segment 紀錄。"
"LanePilot base 無對應資料","楠梓路","799115397","2264471182","反向","2264471182","22.737614756068652","120.32453837232931","https://www.google.com/maps/@22.737614756068652,120.32453837232931,20z","https://www.openstreetmap.org/way/799115397","","","","2","left;through|through","anna","4540","way/799115397@b/2264471182","anna","4540","way/799115397@b/2264471182","LanePilot 沒有可套用到此路段方向的 approach 或 segment 紀錄。"
"LanePilot base 無對應資料","楠梓路","799115397","2264471191","反向","2264471191","22.73795467779605","120.32428267579876","https://www.google.com/maps/@22.73795467779605,120.32428267579876,20z","https://www.openstreetmap.org/way/799115397","","","","2","left;through|through","anna","4541","way/799115397@b/2264471191","anna","4541","way/799115397@b/2264471191","LanePilot 沒有可套用到此路段方向的 approach 或 segment 紀錄。"
"LanePilot base 無對應資料","楠梓路","799115397","2264471198","反向","2264471198","22.738288380513342","120.32403164965017","https://www.google.com/maps/@22.738288380513342,120.32403164965017,20z","https://www.openstreetmap.org/way/799115397","","","","2","left;through|through","anna","4542","way/799115397@b/2264471198","anna","4542","way/799115397@b/2264471198","LanePilot 沒有可套用到此路段方向的 approach 或 segment 紀錄。"
"LanePilot base 無對應資料","楠梓路","799115397","2264471207","反向","2264471207","22.738609328525634","120.32379023827036","https://www.google.com/maps/@22.738609328525634,120.32379023827036,20z","https://www.openstreetmap.org/way/799115397","","","","2","left;through|through","anna","4543","way/799115397@b/2264471207","anna","4543","way/799115397@b/2264471207","LanePilot 沒有可套用到此路段方向的 approach 或 segment 紀錄。"
"LanePilot base 無對應資料","楠梓路","799115397","2264471214","反向","2264471214","22.738929096681133","120.323549658274","https://www.google.com/maps/@22.738929096681133,120.323549658274,20z","https://www.openstreetmap.org/way/799115397","","","","2","left;through|through","anna","4544","way/799115397@b/2264471214","anna","4544","way/799115397@b/2264471214","LanePilot 沒有可套用到此路段方向的 approach 或 segment 紀錄。"
"LanePilot base 無對應資料","楠梓路383巷","230071785","2385998118","反向","2385998118","22.7358318","120.3250991","https://www.google.com/maps/@22.7358318,120.3250991,20z","https://www.openstreetmap.org/way/230071785","","","","0","through","anna","4557","way/230071785@b/2385998118","anna","4557","way/230071785@b/2385998118","LanePilot 沒有可套用到此路段方向的 approach 或 segment 紀錄。"
"LanePilot base 無對應資料","楠梓路383巷","230071785","2385998118","正向","1400036034","22.73606905880991","120.32570429478736","https://www.google.com/maps/@22.73606905880991,120.32570429478736,20z","https://www.openstreetmap.org/way/230071785","","","","1","left;through","anna","4557","way/230071785@b/2385998118","anna","4557","way/230071785@b/2385998118","LanePilot 沒有可套用到此路段方向的 approach 或 segment 紀錄。"
"LanePilot base 無對應資料","楠陽路","268219240","2261344230","正向","2261344229","22.723167996433492","120.32864488125861","https://www.google.com/maps/@22.723167996433492,120.32864488125861,20z","https://www.openstreetmap.org/way/268219240","","","","3","through|through|through","anna","4875","way/268219240@b/2261344230","anna","4875","way/268219240@b/2261344230","LanePilot 沒有可套用到此路段方向的 approach 或 segment 紀錄。"
"LanePilot base 無對應資料","經建路","362686116","1451069052","反向","1451069052","22.72301914307929","120.33252134324209","https://www.google.com/maps/@22.72301914307929,120.33252134324209,20z","https://www.openstreetmap.org/way/362686116","","","","2","through|through","anna","4906","way/362686116@b/1451069052","anna","4906","way/362686116@b/1451069052","LanePilot 沒有可套用到此路段方向的 approach 或 segment 紀錄。"
"LanePilot base 無對應資料","經建路","362686116","1451069052","正向","12599114573","22.722434300028944","120.33140320463247","https://www.google.com/maps/@22.722434300028944,120.33140320463247,20z","https://www.openstreetmap.org/way/362686116","","","","2","left|right","anna","4906","way/362686116@b/1451069052","anna","4906","way/362686116@b/1451069052","LanePilot 沒有可套用到此路段方向的 approach 或 segment 紀錄。"
"LanePilot base 無對應資料","慈雲寺旁機車地下道","676539850","6335435840","正向","4425215273","22.7308174","120.3245482","https://www.google.com/maps/@22.7308174,120.3245482,20z","https://www.openstreetmap.org/way/676539850","","","","0","","anna","4731","way/676539850@b/6335435840","anna","4731","way/676539850@b/6335435840","LanePilot 沒有可套用到此路段方向的 approach 或 segment 紀錄。"
"LanePilot base 無對應資料","慈雲寺旁機車地下道","676539851","2261344474","正向","6335435840","22.7304142","120.3250901","https://www.google.com/maps/@22.7304142,120.3250901,20z","https://www.openstreetmap.org/way/676539851","","","","0","","anna","4729","way/676539851@b/2261344474","anna","4729","way/676539851@b/2261344474","LanePilot 沒有可套用到此路段方向的 approach 或 segment 紀錄。"
"LanePilot base 無對應資料","慈雲寺旁機車地下道","676539853","302211677","正向","2261344474","22.7301172","120.325418","https://www.google.com/maps/@22.7301172,120.325418,20z","https://www.openstreetmap.org/way/676539853","","","","0","","anna","4725","way/676539853@b/302211677","anna","4725","way/676539853@b/302211677","LanePilot 沒有可套用到此路段方向的 approach 或 segment 紀錄。"
"LanePilot base 無對應資料","旗楠路","25706466","280277330","正向","8806916643","22.7361544","120.3332742","https://www.google.com/maps/@22.7361544,120.3332742,20z","https://www.openstreetmap.org/way/25706466","","","","0","","anna","4008","way/25706466@b/280277330","anna","4008","way/25706466@b/280277330","LanePilot 沒有可套用到此路段方向的 approach 或 segment 紀錄。"
"LanePilot base 無對應資料","旗楠路","25706466","8806916643","正向","265591751","22.7354584","120.3327115","https://www.google.com/maps/@22.7354584,120.3327115,20z","https://www.openstreetmap.org/way/25706466","","","","1","through;right","anna","4012","way/25706466@b/8806916643","anna","4012","way/25706466@b/8806916643","LanePilot 沒有可套用到此路段方向的 approach 或 segment 紀錄。"
"LanePilot base 無對應資料","旗楠路","951469021","2264471159","正向","8806916643","22.7361544","120.3332742","https://www.google.com/maps/@22.7361544,120.3332742,20z","https://www.openstreetmap.org/way/951469021","","","","1","through","anna","4011","way/951469021@b/2264471159","anna","4011","way/951469021@b/2264471159","LanePilot 沒有可套用到此路段方向的 approach 或 segment 紀錄。"
"LanePilot base 無對應資料","旗楠路524巷","1177767412","4425325537","反向","4425325537","22.7373172","120.3349063","https://www.google.com/maps/@22.7373172,120.3349063,20z","https://www.openstreetmap.org/way/1177767412","","","","1","left","anna","4020","way/1177767412@b/4425325537","anna","4020","way/1177767412@b/4425325537","LanePilot 沒有可套用到此路段方向的 approach 或 segment 紀錄。"
"LanePilot base 無對應資料","旗楠路524巷","1177767412","4425325537","正向","266750975","22.737506400305037","120.33475181744988","https://www.google.com/maps/@22.737506400305037,120.33475181744988,20z","https://www.openstreetmap.org/way/1177767412","","","","1","right","anna","4020","way/1177767412@b/4425325537","anna","4020","way/1177767412@b/4425325537","LanePilot 沒有可套用到此路段方向的 approach 或 segment 紀錄。"
"LanePilot base 無對應資料","榮新街","210541447","2206232291","反向","2206232291","22.714954636026775","120.29707203272072","https://www.google.com/maps/@22.714954636026775,120.29707203272072,20z","https://www.openstreetmap.org/way/210541447","","","","0","","anna","1630","way/210541447@b/2206232291","anna","1630","way/210541447@b/2206232291","LanePilot 沒有可套用到此路段方向的 approach 或 segment 紀錄。"
"LanePilot base 無對應資料","榮新街","210541447","2206232291","正向","2206232274","22.7136385","120.2979674","https://www.google.com/maps/@22.7136385,120.2979674,20z","https://www.openstreetmap.org/way/210541447","","","","1","left;through","anna","1630","way/210541447@b/2206232291","anna","1630","way/210541447@b/2206232291","LanePilot 沒有可套用到此路段方向的 approach 或 segment 紀錄。"
"LanePilot base 無對應資料","德中路241巷","906825641","8420604125","反向","8420604125","22.7242794","120.2756394","https://www.google.com/maps/@22.7242794,120.2756394,20z","https://www.openstreetmap.org/way/906825641","","","","0","","anna","1894","way/906825641@b/8420604125","anna","1894","way/906825641@b/8420604125","LanePilot 沒有可套用到此路段方向的 approach 或 segment 紀錄。"
"LanePilot base 無對應資料","德中路241巷","906825641","8420604125","正向","8420604124","22.724628079320045","120.27613443135294","https://www.google.com/maps/@22.724628079320045,120.27613443135294,20z","https://www.openstreetmap.org/way/906825641","","","","1","left;through","anna","1894","way/906825641@b/8420604125","anna","1894","way/906825641@b/8420604125","LanePilot 沒有可套用到此路段方向的 approach 或 segment 紀錄。"
"LanePilot base 無對應資料","德富街","23875929","1401138301","反向","1401138301","22.7300771","120.2983594","https://www.google.com/maps/@22.7300771,120.2983594,20z","https://www.openstreetmap.org/way/23875929","","","","1","right","rex","193","way/23875929@b/1401138301","rex","193","way/23875929@b/1401138301","LanePilot 沒有可套用到此路段方向的 approach 或 segment 紀錄。"
"LanePilot base 無對應資料","德富街","23875929","1401138301","正向","258785333","22.7294551","120.2978111","https://www.google.com/maps/@22.7294551,120.2978111,20z","https://www.openstreetmap.org/way/23875929","","","","1","left;right","rex","193","way/23875929@b/1401138301","rex","193","way/23875929@b/1401138301","LanePilot 沒有可套用到此路段方向的 approach 或 segment 紀錄。"
"LanePilot base 無對應資料","學專路599巷","105892537","1219300740","反向","1219300740","22.7173592","120.3174047","https://www.google.com/maps/@22.7173592,120.3174047,20z","https://www.openstreetmap.org/way/105892537","","","","0","left;through","anna","3635","way/105892537@b/1219300740","anna","3635","way/105892537@b/1219300740","LanePilot 沒有可套用到此路段方向的 approach 或 segment 紀錄。"
"LanePilot base 無對應資料","學專路599巷","105892537","1219300740","正向","1219300361","22.71734142297965","120.3179947052531","https://www.google.com/maps/@22.71734142297965,120.3179947052531,20z","https://www.openstreetmap.org/way/105892537","","","","1","left;through","anna","3635","way/105892537@b/1219300740","anna","3635","way/105892537@b/1219300740","LanePilot 沒有可套用到此路段方向的 approach 或 segment 紀錄。"
"LanePilot base 無對應資料","學專路735巷","105892490","1219300777","反向","1219300777","22.7199456","120.3174059","https://www.google.com/maps/@22.7199456,120.3174059,20z","https://www.openstreetmap.org/way/105892490","","","","0","","anna","3619","way/105892490@b/1219300777","anna","3619","way/105892490@b/1219300777","LanePilot 沒有可套用到此路段方向的 approach 或 segment 紀錄。"
"LanePilot base 無對應資料","學專路735巷","105892490","1219300777","正向","2417585499","22.71997881675168","120.31787287198466","https://www.google.com/maps/@22.71997881675168,120.31787287198466,20z","https://www.openstreetmap.org/way/105892490","","","","1","left;through","anna","3619","way/105892490@b/1219300777","anna","3619","way/105892490@b/1219300777","LanePilot 沒有可套用到此路段方向的 approach 或 segment 紀錄。"
"LanePilot base 無對應資料","機車專用道(往民族一路/燕巢方向)","24451058","259480540","正向","265748782","22.7218972","120.3221277","https://www.google.com/maps/@22.7218972,120.3221277,20z","https://www.openstreetmap.org/way/24451058","","","","0","","anna","4839","way/24451058@b/259480540","anna","4839","way/24451058@b/259480540","LanePilot 沒有可套用到此路段方向的 approach 或 segment 紀錄。"
"LanePilot base 無對應資料","機車專用道(往民族一路/燕巢方向)","293380617","265748784","正向","8474942711","22.7217502","120.3230026","https://www.google.com/maps/@22.7217502,120.3230026,20z","https://www.openstreetmap.org/way/293380617","","","","0","","anna","4837","way/293380617@b/265748784","anna","4837","way/293380617@b/265748784","LanePilot 沒有可套用到此路段方向的 approach 或 segment 紀錄。"
"LanePilot base 無對應資料","機車專用道(往高雄市區、楠梓方向)","25724915","280507449","正向","280507459","22.7219398","120.3235369","https://www.google.com/maps/@22.7219398,120.3235369,20z","https://www.openstreetmap.org/way/25724915","","","","0","","anna","4822","way/25724915@b/280507449","anna","4822","way/25724915@b/280507449","LanePilot 沒有可套用到此路段方向的 approach 或 segment 紀錄。"
"LanePilot base 無對應資料","機車專用道(往高雄市區、楠梓方向)","103679024","533725078","正向","1196964649","22.7244766","120.3209701","https://www.google.com/maps/@22.7244766,120.3209701,20z","https://www.openstreetmap.org/way/103679024","","","","0","","anna","1813","way/103679024@b/533725078","anna","1813","way/103679024@b/533725078","LanePilot 沒有可套用到此路段方向的 approach 或 segment 紀錄。"
"LanePilot base 無對應資料","機車專用道(往高雄市區、楠梓方向)","230213636","1196965111","正向","1196965025","22.7241239","120.3230874","https://www.google.com/maps/@22.7241239,120.3230874,20z","https://www.openstreetmap.org/way/230213636","","","","0","","anna","1819","way/230213636@b/1196965111","anna","1819","way/230213636@b/1196965111","LanePilot 沒有可套用到此路段方向的 approach 或 segment 紀錄。"
"LanePilot base 無對應資料","機車專用道(往高雄市區、楠梓方向)","230216189","1196964649","正向","1196964566","22.7246076","120.3215451","https://www.google.com/maps/@22.7246076,120.3215451,20z","https://www.openstreetmap.org/way/230216189","","","","0","","anna","1815","way/230216189@b/1196964649","anna","1815","way/230216189@b/1196964649","LanePilot 沒有可套用到此路段方向的 approach 或 segment 紀錄。"
"LanePilot base 無對應資料","機車專用道(往高雄市區、楠梓方向)","230216191","1196964566","正向","1196965111","22.7244026","120.3226275","https://www.google.com/maps/@22.7244026,120.3226275,20z","https://www.openstreetmap.org/way/230216191","","","","0","","anna","1817","way/230216191@b/1196964566","anna","1817","way/230216191@b/1196964566","LanePilot 沒有可套用到此路段方向的 approach 或 segment 紀錄。"
"LanePilot base 無對應資料","機車專用道(往高雄市區方向)","256795149","280507459","正向","265748792","22.721083","120.323062","https://www.google.com/maps/@22.721083,120.323062,20z","https://www.openstreetmap.org/way/256795149","","","","0","","anna","4823","way/256795149@b/280507459","anna","4823","way/256795149@b/280507459","LanePilot 沒有可套用到此路段方向的 approach 或 segment 紀錄。"
"LanePilot base 無對應資料","機車專用道(往高雄車站/燕巢方向)","293380616","265748782","正向","2385340411","22.7218514","120.3222999","https://www.google.com/maps/@22.7218514,120.3222999,20z","https://www.openstreetmap.org/way/293380616","","","","0","","anna","4836","way/293380616@b/265748782","anna","4836","way/293380616@b/265748782","LanePilot 沒有可套用到此路段方向的 approach 或 segment 紀錄。"
"LanePilot base 無對應資料","機車專用道(往楠梓、燕巢方向)","256795147","265748785","正向","2624297480","22.7220797","120.3232876","https://www.google.com/maps/@22.7220797,120.3232876,20z","https://www.openstreetmap.org/way/256795147","","","","0","","anna","4825","way/256795147@b/265748785","anna","4825","way/256795147@b/265748785","LanePilot 沒有可套用到此路段方向的 approach 或 segment 紀錄。"
"LanePilot base 無對應資料","機車專用道(往楠梓、燕巢方向)","256795147","2624297480","正向","2624297481","22.7221898","120.3232061","https://www.google.com/maps/@22.7221898,120.3232061,20z","https://www.openstreetmap.org/way/256795147","","","","0","","anna","4844","way/256795147@b/2624297480","anna","4844","way/256795147@b/2624297480","LanePilot 沒有可套用到此路段方向的 approach 或 segment 紀錄。"
"LanePilot base 無對應資料","機車專用道(往楠梓、燕巢方向)","256795150","280507459","正向","2624297480","22.7220797","120.3232876","https://www.google.com/maps/@22.7220797,120.3232876,20z","https://www.openstreetmap.org/way/256795150","","","","0","","anna","4820","way/256795150@b/280507459","anna","4820","way/256795150@b/280507459","LanePilot 沒有可套用到此路段方向的 approach 或 segment 紀錄。"
"LanePilot base 無對應資料","機車專用道(往楠梓、燕巢方向)","256795151","2624297481","正向","2624297486","22.723031","120.3229204","https://www.google.com/maps/@22.723031,120.3229204,20z","https://www.openstreetmap.org/way/256795151","","","","0","","anna","4842","way/256795151@b/2624297481","anna","4842","way/256795151@b/2624297481","LanePilot 沒有可套用到此路段方向的 approach 或 segment 紀錄。"
"LanePilot base 無對應資料","機車專用道(往楠梓、燕巢方向)","256795152","2624297486","正向","1196964722","22.7246024","120.3237032","https://www.google.com/maps/@22.7246024,120.3237032,20z","https://www.openstreetmap.org/way/256795152","","","","0","","anna","4840","way/256795152@b/2624297486","anna","4840","way/256795152@b/2624297486","LanePilot 沒有可套用到此路段方向的 approach 或 segment 紀錄。"
"LanePilot base 無對應資料","機車專用道(往楠梓、燕巢方向)","912306402","8474942711","正向","265748785","22.7217386","120.3230889","https://www.google.com/maps/@22.7217386,120.3230889,20z","https://www.openstreetmap.org/way/912306402","","","","0","","anna","4827","way/912306402@b/8474942711","anna","4827","way/912306402@b/8474942711","LanePilot 沒有可套用到此路段方向的 approach 或 segment 紀錄。"
"LanePilot base 無對應資料","機車專用道(往楠梓、燕巢方向)","912306403","2385340411","正向","265748784","22.7217942","120.3225209","https://www.google.com/maps/@22.7217942,120.3225209,20z","https://www.openstreetmap.org/way/912306403","","","","0","","anna","4834","way/912306403@b/2385340411","anna","4834","way/912306403@b/2385340411","LanePilot 沒有可套用到此路段方向的 approach 或 segment 紀錄。"
"LanePilot base 無對應資料","機車專用道(往楠梓車站/燕巢方向)","103679020","1196964599","正向","1196964902","22.7238032","120.3238048","https://www.google.com/maps/@22.7238032,120.3238048,20z","https://www.openstreetmap.org/way/103679020","","","","0","","anna","4810","way/103679020@b/1196964599","anna","4810","way/103679020@b/1196964599","LanePilot 沒有可套用到此路段方向的 approach 或 segment 紀錄。"
"LanePilot base 無對應資料","機車專用道(往橋頭/後勁方向)","776417983","1196964599","正向","257742657","22.7239287","120.3238933","https://www.google.com/maps/@22.7239287,120.3238933,20z","https://www.openstreetmap.org/way/776417983","","","","0","","anna","4809","way/776417983@b/1196964599","anna","4809","way/776417983@b/1196964599","LanePilot 沒有可套用到此路段方向的 approach 或 segment 紀錄。"
"LanePilot base 無對應資料","機車專用道(往橋頭/高雄市區/燕巢方向)","24205221","265748808","正向","259480538","22.7232367","120.3193493","https://www.google.com/maps/@22.7232367,120.3193493,20z","https://www.openstreetmap.org/way/24205221","","","","0","","anna","1762","way/24205221@b/265748808","anna","1762","way/24205221@b/265748808","LanePilot 沒有可套用到此路段方向的 approach 或 segment 紀錄。"
"LanePilot base 無對應資料","機車專用道(往橋頭/楠梓車站方向)","23787573","257743123","正向","257742666","22.7226906","120.3272676","https://www.google.com/maps/@22.7226906,120.3272676,20z","https://www.openstreetmap.org/way/23787573","","","","0","","anna","4804","way/23787573@b/257743123","anna","4804","way/23787573@b/257743123","LanePilot 沒有可套用到此路段方向的 approach 或 segment 紀錄。"
"LanePilot base 無對應資料","機車專用道(往橋頭/楠梓車站方向)","23787578","257742665","正向","257742652","22.7226875","120.3268821","https://www.google.com/maps/@22.7226875,120.3268821,20z","https://www.openstreetmap.org/way/23787578","","","","0","","anna","4800","way/23787578@b/257742665","anna","4800","way/23787578@b/257742665","LanePilot 沒有可套用到此路段方向的 approach 或 segment 紀錄。"
"LanePilot base 無對應資料","機車專用道(往橋頭/楠梓車站方向)","256795156","313349834","正向","257742655","22.7231579","120.32554","https://www.google.com/maps/@22.7231579,120.32554,20z","https://www.openstreetmap.org/way/256795156","","","","1","through","anna","3989","way/256795156@b/313349834","anna","3989","way/256795156@b/313349834","LanePilot 沒有可套用到此路段方向的 approach 或 segment 紀錄。"
"LanePilot base 無對應資料","機車專用道(往橋頭/楠梓車站方向)","383563025","257742655","正向","1196964599","22.7233779","120.3248106","https://www.google.com/maps/@22.7233779,120.3248106,20z","https://www.openstreetmap.org/way/383563025","","","","0","","anna","4808","way/383563025@b/257742655","anna","4808","way/383563025@b/257742655","LanePilot 沒有可套用到此路段方向的 approach 或 segment 紀錄。"
"LanePilot base 無對應資料","機車專用道(往橋頭/楠梓車站方向)","1495039671","257742666","正向","257742652","22.7226875","120.3268821","https://www.google.com/maps/@22.7226875,120.3268821,20z","https://www.openstreetmap.org/way/1495039671","","","","0","","anna","4805","way/1495039671@b/257742666","anna","4805","way/1495039671@b/257742666","LanePilot 沒有可套用到此路段方向的 approach 或 segment 紀錄。"
"LanePilot base 無對應資料","機車專用道(往橋頭/楠梓車站方向)","1495039674","257742652","正向","257742655","22.7231579","120.32554","https://www.google.com/maps/@22.7231579,120.32554,20z","https://www.openstreetmap.org/way/1495039674","","","","0","","anna","4807","way/1495039674@b/257742652","anna","4807","way/1495039674@b/257742652","LanePilot 沒有可套用到此路段方向的 approach 或 segment 紀錄。"
"LanePilot base 無對應資料","藍田路","-1464405421","1080697223","反向","1080697223","22.728384561673376","120.28407102002578","https://www.google.com/maps/@22.728384561673376,120.28407102002578,20z","https://www.openstreetmap.org/way/-1464405421","","","","2","through|through","rex","67","way/-1464405421@b/1080697223","rex","67","way/-1464405421@b/1080697223","LanePilot 沒有可套用到此路段方向的 approach 或 segment 紀錄。"
"LanePilot base 無對應資料","藍田路","-1464405421","1080697223","正向","4309157449","22.728369681643365","120.28443477362306","https://www.google.com/maps/@22.728369681643365,120.28443477362306,20z","https://www.openstreetmap.org/way/-1464405421","","","","3","left|through|through","rex","67","way/-1464405421@b/1080697223","rex","67","way/-1464405421@b/1080697223","LanePilot 沒有可套用到此路段方向的 approach 或 segment 紀錄。"
"LanePilot base 無對應資料","藍田路","126382198","1401138200","反向","1401138200","22.72552512135759","120.29652243297318","https://www.google.com/maps/@22.72552512135759,120.29652243297318,20z","https://www.openstreetmap.org/way/126382198","","","","2","through|right","anna","4067","way/126382198@b/1401138200","anna","4067","way/126382198@b/1401138200","LanePilot 沒有可套用到此路段方向的 approach 或 segment 紀錄。"
"LanePilot base 無對應資料","藍田路","126382198","1401138200","正向","1401138362","22.7254911","120.2965754","https://www.google.com/maps/@22.7254911,120.2965754,20z","https://www.openstreetmap.org/way/126382198","","","","2","left|through","anna","4067","way/126382198@b/1401138200","anna","4067","way/126382198@b/1401138200","LanePilot 沒有可套用到此路段方向的 approach 或 segment 紀錄。"
"LanePilot base 無對應資料","藍田路16巷","369245157","3730518466","反向","3730518466","22.7276218","120.2956994","https://www.google.com/maps/@22.7276218,120.2956994,20z","https://www.openstreetmap.org/way/369245157","","","","1","left;through","rex","259","way/369245157@b/3730518466","rex","259","way/369245157@b/3730518466","LanePilot 沒有可套用到此路段方向的 approach 或 segment 紀錄。"
"LanePilot base 無對應資料","藍田路16巷","369245157","3730518466","正向","2400006088","22.726563003588307","120.29554103028259","https://www.google.com/maps/@22.726563003588307,120.29554103028259,20z","https://www.openstreetmap.org/way/369245157","","","","1","left;through","rex","259","way/369245157@b/3730518466","rex","259","way/369245157@b/3730518466","LanePilot 沒有可套用到此路段方向的 approach 或 segment 紀錄。"
"LanePilot base 無對應資料","藍田路8巷","369245154","3730518464","反向","3730518464","22.7271983","120.2959098","https://www.google.com/maps/@22.7271983,120.2959098,20z","https://www.openstreetmap.org/way/369245154","","","","0","","rex","1204","way/369245154@b/3730518464","rex","1204","way/369245154@b/3730518464","LanePilot 沒有可套用到此路段方向的 approach 或 segment 紀錄。"
"LanePilot base 無對應資料","藍田路8巷","369245154","3730518464","正向","2400006089","22.726453616635894","120.29576350120826","https://www.google.com/maps/@22.726453616635894,120.29576350120826,20z","https://www.openstreetmap.org/way/369245154","","","","1","left;through","rex","1204","way/369245154@b/3730518464","rex","1204","way/369245154@b/3730518464","LanePilot 沒有可套用到此路段方向的 approach 或 segment 紀錄。"
"LanePilot base 無對應資料","藍昌路","23653033","1080697284","正向","256254915","22.72425386506458","120.29131746363005","https://www.google.com/maps/@22.72425386506458,120.29131746363005,20z","https://www.openstreetmap.org/way/23653033","","","","2","left;through|through","rex","1228","way/23653033@b/1080697284","rex","1228","way/23653033@b/1080697284","LanePilot 沒有可套用到此路段方向的 approach 或 segment 紀錄。"
"LanePilot base 無對應資料","藍昌路","792750237","7412899836","正向","7412899837","22.72376619847239","120.29125525623496","https://www.google.com/maps/@22.72376619847239,120.29125525623496,20z","https://www.openstreetmap.org/way/792750237","","","","2","through|through","rex","1229","way/792750237@b/7412899836","rex","1229","way/792750237@b/7412899836","LanePilot 沒有可套用到此路段方向的 approach 或 segment 紀錄。"
"LanePilot base 無對應資料","藍昌路12巷","126080888","1398635857","反向","1398635857","22.7137297","120.2906801","https://www.google.com/maps/@22.7137297,120.2906801,20z","https://www.openstreetmap.org/way/126080888","","","","0","","anna","2010","way/126080888@b/1398635857","anna","2010","way/126080888@b/1398635857","LanePilot 沒有可套用到此路段方向的 approach 或 segment 紀錄。"
"LanePilot base 無對應資料","藍昌路12巷","126080888","1398635857","正向","1398635556","22.7141","120.290027","https://www.google.com/maps/@22.7141,120.290027,20z","https://www.openstreetmap.org/way/126080888","","","","1","through;right","anna","2010","way/126080888@b/1398635857","anna","2010","way/126080888@b/1398635857","LanePilot 沒有可套用到此路段方向的 approach 或 segment 紀錄。"
"LanePilot base 無對應資料","藍昌路532巷","1366777621","12658227999","反向","12658227999","22.7328387","120.2930933","https://www.google.com/maps/@22.7328387,120.2930933,20z","https://www.openstreetmap.org/way/1366777621","","","","1","through","rex","313","way/1366777621@b/12658227999","rex","313","way/1366777621@b/12658227999","LanePilot 沒有可套用到此路段方向的 approach 或 segment 紀錄。"
"LanePilot base 無對應資料","藍昌路532巷","1366777621","12658227999","正向","12658228000","22.733022607065664","120.29251425831067","https://www.google.com/maps/@22.733022607065664,120.29251425831067,20z","https://www.openstreetmap.org/way/1366777621","","","","1","left;through","rex","313","way/1366777621@b/12658227999","rex","313","way/1366777621@b/12658227999","LanePilot 沒有可套用到此路段方向的 approach 或 segment 紀錄。"
