{"type": "FeatureCollection", "features": [{"type": "Feature", "properties": {"osm_id": 23652343, "name": "區東路", "highway": "residential", "nodes": [262092587, 11959599195, 1218537336, 2388680853, 13134650829, 256245260]}, "geometry": {"type": "LineString", "coordinates": [[120.3109182, 22.7199922], [120.3108946, 22.7198061], [120.310887, 22.7197754], [120.3107421, 22.7193159], [120.3106787, 22.7191262], [120.3106363, 22.7189992]]}, "id": 23652343}, {"type": "Feature", "properties": {"osm_id": 23652345, "name": "瑞屏路", "highway": "residential", "nodes": [256245267, 289126236, 262087903, 259974986, 262087922, 1401138451, 289126210, 256245270, 256245271, 256245272, 256245273, 2388575171, 256245274, 262087975]}, "geometry": {"type": "LineString", "coordinates": [[120.3125703, 22.7208979], [120.3123449, 22.7214047], [120.3121177, 22.7218936], [120.3119567, 22.7222477], [120.3117217, 22.7227645], [120.3113559, 22.7235691], [120.3111143, 22.7241004], [120.3108548, 22.7246711], [120.3108252, 22.7247362], [120.3108218, 22.7247794], [120.3108419, 22.7248288], [120.3111198, 22.7253662], [120.3112945, 22.7257665], [120.3113575, 22.7258449]]}, "id": 23652345}, {"type": "Feature", "properties": {"osm_id": 23652347, "name": "海專路", "highway": "residential", "oneway": "no", "nodes": [256245284, 262087980]}, "geometry": {"type": "LineString", "coordinates": [[120.3095417, 22.7278922], [120.3101179, 22.7271428]]}, "id": 23652347}, {"type": "Feature", "properties": {"osm_id": 23652349, "name": "德賢路", "highway": "residential", "oneway": "no", "nodes": [1401138361, 3385655000, 1401138291]}, "geometry": {"type": "LineString", "coordinates": [[120.3107201, 22.7293416], [120.3107424, 22.7293416], [120.3111684, 22.7290222]]}, "id": 23652349}, {"type": "Feature", "properties": {"osm_id": 23653033, "name": "右昌大橋", "highway": "tertiary", "oneway": "yes", "bridge": "yes", "layer": "1", "nodes": [1080697284, 12468600334, 256254915]}, "geometry": {"type": "LineString", "coordinates": [[120.2913823, 22.7250597], [120.2912655, 22.7242826], [120.2912621, 22.7242597]]}, "id": 23653033}, {"type": "Feature", "properties": {"osm_id": 23674288, "name": "大學西路", "highway": "residential", "nodes": [2601136103, 7242730798, 7242730799, 7242730800, 7242730801, 12658236913, 265972849, 265972848, 7242882713, 343046404, 7242882714, 7243025011, 343045906, 4613284573, 265972845, 7242882716, 4309157427, 265972844]}, "geometry": {"type": "LineString", "coordinates": [[120.2780815, 22.7296803], [120.2781749, 22.7295765], [120.2781986, 22.7295501], [120.2785685, 22.7291632], [120.2786568, 22.729055], [120.278694, 22.7290088], [120.2789018, 22.7287483], [120.2790887, 22.7284399], [120.2791173, 22.7283901], [120.2791619, 22.7283052], [120.279185, 22.728256], [120.2792099, 22.728203], [120.2793461, 22.7279126], [120.2794051, 22.7277891], [120.279661, 22.7272535], [120.2797329, 22.7270944], [120.2797627, 22.7270326], [120.2798188, 22.7269344]]}, "id": 23674288}, {"type": "Feature", "properties": {"osm_id": 23683288, "name": "大學十一街", "highway": "residential", "nodes": [260130554, 260130530, 7243024961, 7243024972, 1080697152, 343046068, 7242885222, 7242885216, 1080697114]}, "geometry": {"type": "LineString", "coordinates": [[120.28748, 22.7323278], [120.2874782, 22.7322505], [120.2874718, 22.7321758], [120.2874702, 22.7321501], [120.2873679, 22.7303386], [120.2873033, 22.729427], [120.2872087, 22.7282334], [120.2872065, 22.7282063], [120.2872019, 22.7281476]]}, "id": 23683288}, {"type": "Feature", "properties": {"osm_id": 23683289, "name": "大學十街", "highway": "residential", "nodes": [1080697518, 256455741, 5375267638, 7243024806, 7243025024, 7243024796, 289127215]}, "geometry": {"type": "LineString", "coordinates": [[120.2916598, 22.7262654], [120.291533, 22.72628], [120.291464, 22.7262865], [120.2914175, 22.7262852], [120.2898845, 22.7261719], [120.2898473, 22.7261704], [120.2897221, 22.7261653]]}, "id": 23683289}, {"type": "Feature", "properties": {"osm_id": 23683292, "name": "海專路", "highway": "tertiary", "lanes": "2", "oneway": "yes", "maxspeed": "50", "nodes": [12944021029, 262840955]}, "geometry": {"type": "LineString", "coordinates": [[120.3103992, 22.7267512], [120.3104056, 22.7266732]]}, "id": 23683292}, {"type": "Feature", "properties": {"osm_id": 23683293, "name": "後昌路", "highway": "primary", "lanes": "2", "oneway": "yes", "nodes": [256456106, 295692586]}, "geometry": {"type": "LineString", "coordinates": [[120.3023726, 22.7079436], [120.3022695, 22.7079426]]}, "id": 23683293}, {"type": "Feature", "properties": {"osm_id": 23683301, "name": "後昌路", "highway": "tertiary", "oneway": "yes", "maxspeed": "50", "nodes": [256245260, 2388704252, 13134650835, 262085858, 256245259, 262085857, 13134650839, 2417585473, 2417585466, 2417585468, 2417585470, 13134650843, 261608476, 2417585475, 2417585478, 2417585479, 13134650853, 258784507, 1219300373, 13134650855, 2417585483, 2417585485, 2417585487, 13134650859, 12828470052, 13134650863, 1219300693, 12828470053, 256456076, 262835681, 4309157510, 256456080, 2375698003, 262835682, 1219300736, 256456105, 262835684, 5693087367, 9608371288, 12468992693, 12468992692, 256456106]}, "geometry": {"type": "LineString", "coordinates": [[120.3106363, 22.7189992], [120.3105542, 22.7187522], [120.3103867, 22.7183035], [120.3103676, 22.7182523], [120.3102243, 22.7178366], [120.3101872, 22.7177161], [120.3101434, 22.7175843], [120.3100715, 22.7173677], [120.3099618, 22.7170378], [120.3098805, 22.7167935], [120.3096984, 22.7162458], [120.3095749, 22.7158747], [120.3095563, 22.7158187], [120.3095026, 22.7156608], [120.3094388, 22.7154735], [120.3093549, 22.7152269], [120.309249, 22.7149157], [120.3092263, 22.7148491], [120.3091938, 22.7147666], [120.3091231, 22.714562], [120.3091095, 22.7145227], [120.3090248, 22.7142777], [120.3089846, 22.7141615], [120.3086672, 22.7132432], [120.3085402, 22.7128758], [120.3083826, 22.71242], [120.3082888, 22.7121489], [120.3078724, 22.7109346], [120.3072856, 22.7092467], [120.30721, 22.7090354], [120.3071578, 22.7089676], [120.3070797, 22.7089134], [120.3067882, 22.7087317], [120.3057449, 22.7080787], [120.3055916, 22.7080239], [120.3054379, 22.7080091], [120.3051268, 22.7079968], [120.3048763, 22.707992], [120.3031179, 22.7079581], [120.3025958, 22.707948], [120.302543, 22.707947], [120.3023726, 22.7079436]]}, "id": 23683301}, {"type": "Feature", "properties": {"osm_id": 23683308, "name": "後昌路", "highway": "tertiary", "nodes": [256245260, 259974969, 13134650832, 2378023687, 1219300779, 2378023708, 258784517, 2379142990, 2379142989, 1218537146, 262092598, 256245267]}, "geometry": {"type": "LineString", "coordinates": [[120.3106363, 22.7189992], [120.3108479, 22.7190697], [120.3108692, 22.7190873], [120.311427, 22.7195491], [120.3115111, 22.7196178], [120.3117053, 22.7197794], [120.3119259, 22.7199629], [120.3126393, 22.7205518], [120.3126612, 22.7205992], [120.3126579, 22.7206593], [120.3126307, 22.7207288], [120.3125703, 22.7208979]]}, "id": 23683308}, {"type": "Feature", "properties": {"osm_id": 23683309, "name": "益群路", "highway": "residential", "nodes": [2968251748, 2896476582]}, "geometry": {"type": "LineString", "coordinates": [[120.2977708, 22.7233806], [120.2978165, 22.7232993]]}, "id": 23683309}, {"type": "Feature", "properties": {"osm_id": 23683314, "name": "右昌街", "highway": "primary", "lanes": "2", "oneway": "yes", "maxspeed": "60", "nodes": [265968419, 2384947825, 4309157615, 265968422, 265968424, 1398635694, 265968427, 265968430]}, "geometry": {"type": "LineString", "coordinates": [[120.2881018, 22.7160072], [120.2880687, 22.7160529], [120.2880541, 22.7160715], [120.2877682, 22.7164345], [120.2875277, 22.7167241], [120.2872028, 22.7169992], [120.2870298, 22.7171167], [120.2865971, 22.7173801]]}, "id": 23683314}, {"type": "Feature", "properties": {"osm_id": 23683316, "name": "德中路", "highway": "primary", "lanes": "2", "oneway": "yes", "maxspeed": "60", "nodes": [588290650, 7242885121, 291010005, 256456780, 262104109, 4315402324, 4309157393, 2206324434, 1080697360]}, "geometry": {"type": "LineString", "coordinates": [[120.2808579, 22.7208971], [120.2808153, 22.7209293], [120.2807274, 22.7209779], [120.2805591, 22.7210798], [120.2804467, 22.7211512], [120.2801348, 22.7213284], [120.2793431, 22.7218286], [120.2792324, 22.721897], [120.2790039, 22.7220328]]}, "id": 23683316}, {"type": "Feature", "properties": {"osm_id": 23683583, "name": "左楠路", "highway": "tertiary", "oneway": "yes", "maxspeed": "50", "nodes": [256456106, 12468992688, 4586456369, 256463934, 3010545854, 3010545855, 3010545850]}, "geometry": {"type": "LineString", "coordinates": [[120.3023726, 22.7079436], [120.3023708, 22.7080407], [120.3023685, 22.7096838], [120.3023694, 22.710846], [120.3023725, 22.7109253], [120.3023894, 22.711], [120.3024914, 22.7112792]]}, "id": 23683583}, {"type": "Feature", "properties": {"osm_id": 23683584, "name": "後昌路142巷", "highway": "residential", "nodes": [256463968, 256463955, 256463950, 256245259, 2417585471]}, "geometry": {"type": "LineString", "coordinates": [[120.3097037, 22.7179845], [120.3098419, 22.7179443], [120.3100743, 22.717881], [120.3102243, 22.7178366], [120.3103127, 22.717812]]}, "id": 23683584}, {"type": "Feature", "properties": {"osm_id": 23787568, "name": "學專路", "highway": "tertiary", "oneway": "yes", "maxspeed": "50", "nodes": [262092600, 4582185533, 256456424, 1219300588, 256456436, 1219300405, 1219300737, 1219300408, 256456519, 258784404, 258784405, 1219300378, 258784406, 4585528622, 258784412, 1219300697, 258784420, 262085803, 258784436, 265599591, 2398129508, 262085841, 1219300783, 258784474, 258784482, 258784489, 1219300384, 258784491, 265599617, 265599610, 258784492, 258784497, 13134650852, 262995687, 258784507]}, "geometry": {"type": "LineString", "coordinates": [[120.3172644, 22.7226544], [120.3174549, 22.7220273], [120.3175588, 22.7216729], [120.3176732, 22.7212243], [120.3177375, 22.720916], [120.3178176, 22.7201729], [120.3178395, 22.7199733], [120.3178832, 22.7192174], [120.3179218, 22.7191457], [120.3179601, 22.7184696], [120.3179498, 22.7179119], [120.3179509, 22.7173465], [120.3179516, 22.7170031], [120.3179347, 22.7166608], [120.3179207, 22.7163787], [120.3178695, 22.7162348], [120.3177759, 22.71615], [120.3174949, 22.7159837], [120.3168696, 22.7156268], [120.3159002, 22.7150574], [120.315421, 22.7147796], [120.3150143, 22.7145534], [120.3143968, 22.7141936], [120.3140958, 22.713999], [120.3135548, 22.7136748], [120.3133171, 22.7135491], [120.3132368, 22.7135261], [120.3131283, 22.7135247], [120.3128187, 22.7136266], [120.3122173, 22.7138289], [120.3119163, 22.7139295], [120.3099443, 22.714601], [120.3093884, 22.7147949], [120.3093244, 22.7148173], [120.3092263, 22.7148491]]}, "id": 23787568}, {"type": "Feature", "properties": {"osm_id": 23787570, "name": "建楠路", "highway": "tertiary", "oneway": "yes", "nodes": [257742645, 8198448996, 257742648]}, "geometry": {"type": "LineString", "coordinates": [[120.3244512, 22.7270832], [120.3245565, 22.7270168], [120.32518, 22.7269746]]}, "id": 23787570}, {"type": "Feature", "properties": {"osm_id": 23787579, "name": "楠陽路", "highway": "tertiary", "oneway": "yes", "nodes": [1451068197, 1451068494, 12556231072, 2261344269, 1451069580, 2261344271, 2982365551, 1451069067, 1451068651, 2982365555, 1451068359, 8806789888, 12556600792, 12556600783, 12556600789, 302211598, 12599114593, 12598724571, 12598724570]}, "geometry": {"type": "LineString", "coordinates": [[120.3337344, 22.72502], [120.3330473, 22.7251681], [120.3329831, 22.7251748], [120.3329643, 22.7251767], [120.3327163, 22.7252082], [120.3326358, 22.7252131], [120.3324829, 22.7252131], [120.3322995, 22.7251874], [120.3320785, 22.7251394], [120.3319331, 22.7250969], [120.3318099, 22.7250515], [120.3314116, 22.724854], [120.3313683, 22.7248309], [120.3313077, 22.7247987], [120.3312466, 22.7247631], [120.3304049, 22.7242721], [120.3303661, 22.7242494], [120.3303037, 22.724213], [120.3301755, 22.724145]]}, "id": 23787579}, {"type": "Feature", "properties": {"osm_id": 23787637, "name": "朝新路", "highway": "residential", "nodes": [257742649, 12599118907, 2261344258, 2261344249, 2261344238, 257742651]}, "geometry": {"type": "LineString", "coordinates": [[120.3241111, 22.7252726], [120.3242604, 22.7251692], [120.3245964, 22.7249367], [120.3253645, 22.7244032], [120.3262527, 22.7237807], [120.3269561, 22.7232928]]}, "id": 23787637}, {"type": "Feature", "properties": {"osm_id": 23874782, "name": "藍昌路", "highway": "tertiary", "oneway": "yes", "nodes": [256245342, 12468600340, 7412899836]}, "geometry": {"type": "LineString", "coordinates": [[120.2912435, 22.7241226], [120.2912306, 22.72402], [120.2912186, 22.7239245]]}, "id": 23874782}, {"type": "Feature", "properties": {"osm_id": 23874783, "name": "加宏路", "highway": "residential", "oneway": "no", "nodes": [258769484, 10050857415, 10050857416, 1400036533, 258769493, 1400036394, 7244182794, 1400036257]}, "geometry": {"type": "LineString", "coordinates": [[120.2985909, 22.7189506], [120.2984813, 22.7189142], [120.298437, 22.7188995], [120.2981386, 22.7188004], [120.2978777, 22.7187113], [120.2976286, 22.7186263], [120.297201, 22.7184816], [120.2971177, 22.7184534]]}, "id": 23874783}, {"type": "Feature", "properties": {"osm_id": 23875224, "highway": "unclassified", "nodes": [4425214630, 259978276, 4425214628, 259978267, 4425214627, 259978266, 4425214626, 259978277, 259978264, 259978263, 259978247, 258772802]}, "geometry": {"type": "LineString", "coordinates": [[120.323012, 22.7174962], [120.3228209, 22.7173559], [120.3227364, 22.7172382], [120.3226506, 22.7171529], [120.3224896, 22.7170588], [120.3224413, 22.7170057], [120.3224306, 22.7169475], [120.3224413, 22.7168795], [120.3225915, 22.7164613], [120.3229107, 22.7155298], [120.3230408, 22.7151748], [120.3233239, 22.7141317]]}, "id": 23875224}, {"type": "Feature", "properties": {"osm_id": 23875892, "name": "後昌路47巷", "highway": "residential", "nodes": [258784517, 1219300517, 261608541, 258784527, 258784537]}, "geometry": {"type": "LineString", "coordinates": [[120.3119259, 22.7199629], [120.3126344, 22.7197074], [120.3128604, 22.7196259], [120.3132178, 22.7194897], [120.3136008, 22.7193242]]}, "id": 23875892}, {"type": "Feature", "properties": {"osm_id": 23875893, "name": "藍田路", "highway": "tertiary", "oneway": "yes", "nodes": [9849594300, 7391735986, 7391735985, 7391695984, 9851577250, 7242882740, 4315402328, 588290641, 259481979, 4309157538, 1080696860, 7242882733, 4309157483, 262101326]}, "geometry": {"type": "LineString", "coordinates": [[120.274133, 22.7240037], [120.274206, 22.7240433], [120.2743021, 22.7240984], [120.2744469, 22.7241719], [120.2745161, 22.7242075], [120.2757279, 22.7248638], [120.2757568, 22.7248801], [120.2758357, 22.7249245], [120.2759426, 22.724984], [120.2760733, 22.7250541], [120.2765025, 22.725284], [120.27759, 22.7258525], [120.2776275, 22.7258704], [120.2778138, 22.7259667]]}, "id": 23875893}, {"type": "Feature", "properties": {"osm_id": 23875894, "name": "援中路", "highway": "tertiary", "oneway": "-1", "nodes": [291009992, 2206324429, 4315402357, 588290649, 262104109, 4315402340, 7242885118, 4615786630, 7242885173, 265972860, 7242885172, 7243024999, 7242885168, 265972835, 7242885169, 7243024994, 11212915656, 7242885178, 343047133, 7242885177, 7243024989, 7242730677, 262840696, 7242697842, 262840839, 262841211, 7242730674, 7242730682, 7242885290, 262104086, 7243025034, 1080697376, 7243025040, 262104083, 289127253, 7243025028, 262104080, 5287840423, 4309157397, 262104078, 256254914, 260132631, 4309157582, 7242885298, 1401138335, 258784659, 7242885288, 7242885272, 258784649, 1080696973, 7242885270, 7242885275, 1401138369, 1401138210, 1401138416, 1401138235, 4660094183, 1401138434, 1401138275, 4660094182, 1401138516, 1401138351, 1401138461, 1401138263, 1401138463, 1401138293]}, "geometry": {"type": "LineString", "coordinates": [[120.2769694, 22.7197756], [120.2780012, 22.7201906], [120.2802077, 22.7210584], [120.2803033, 22.7210968], [120.2804467, 22.7211512], [120.2806744, 22.7212357], [120.2807267, 22.7212574], [120.2808033, 22.7212856], [120.2813882, 22.7215055], [120.2814825, 22.721541], [120.2815622, 22.7215689], [120.281599, 22.7215818], [120.2824854, 22.7218924], [120.2825751, 22.7219238], [120.282725, 22.721981], [120.2827603, 22.7219945], [120.2838041, 22.7223958], [120.2845572, 22.7226853], [120.2846472, 22.7227181], [120.2847462, 22.7227547], [120.2847863, 22.7227727], [120.2858703, 22.7231809], [120.285978, 22.7232225], [120.2860804, 22.7232616], [120.2862323, 22.7233195], [120.2863242, 22.7233546], [120.2865057, 22.723422], [120.2865319, 22.7234319], [120.2878079, 22.7239113], [120.2878898, 22.7239415], [120.2880521, 22.7239959], [120.2888969, 22.7242688], [120.2890059, 22.7243026], [120.2892379, 22.7243762], [120.2897597, 22.7246116], [120.289993, 22.7247194], [120.2904198, 22.7249168], [120.2908931, 22.7251469], [120.2910806, 22.7252139], [120.2913215, 22.7253022], [120.2914324, 22.7253426], [120.2915395, 22.7253621], [120.291706, 22.7253974], [120.291732, 22.7254029], [120.292046, 22.7254708], [120.2935899, 22.7258139], [120.2936542, 22.7258279], [120.2956, 22.7262331], [120.2958633, 22.726293], [120.2959575, 22.7263494], [120.2960472, 22.7264112], [120.2960676, 22.7264259], [120.2961368, 22.7264739], [120.2962659, 22.7266107], [120.2963416, 22.7267588], [120.2963997, 22.7269843], [120.2964077, 22.727105], [120.2963889, 22.7272307], [120.296348, 22.7273661], [120.2962585, 22.7275463], [120.296184, 22.7276958], [120.29613, 22.7278359], [120.2960867, 22.728003], [120.296051, 22.7282874], [120.2960394, 22.7284922], [120.2960318, 22.7286181]]}, "id": 23875894}, {"type": "Feature", "properties": {"osm_id": 23875901, "name": "壽豐路", "highway": "residential", "oneway": "no", "nodes": [256245319, 258784742, 1401138417, 1401138478, 258784751, 258784774, 258784784, 258784791, 258784804, 2379770332, 258784711, 258784829, 1401138421, 2788516486, 258784837, 2788516478, 258784845, 1401138234, 1401138533, 1401138282, 2909299793]}, "geometry": {"type": "LineString", "coordinates": [[120.2936575, 22.7236148], [120.2938281, 22.7240129], [120.2938913, 22.7241328], [120.2939184, 22.7241618], [120.2942867, 22.7243019], [120.2945389, 22.7243902], [120.2950783, 22.7245755], [120.2955593, 22.7247456], [120.2956527, 22.724765], [120.296052, 22.7248081], [120.2969043, 22.7249007], [120.2973335, 22.7249493], [120.2976393, 22.7249853], [120.2976639, 22.7249882], [120.2979614, 22.7250448], [120.298006, 22.7250583], [120.2981002, 22.7251049], [120.2982854, 22.7252301], [120.2985181, 22.7253815], [120.2988889, 22.7256312], [120.2993695, 22.7259431]]}, "id": 23875901}, {"type": "Feature", "properties": {"osm_id": 23875917, "name": "德賢路220巷", "highway": "residential", "nodes": [2912433395, 1401138446, 1401138479, 1401138339, 1401138493, 258785039, 258785074, 2401086117]}, "geometry": {"type": "LineString", "coordinates": [[120.3060572, 22.7291459], [120.3060462, 22.7287963], [120.30604, 22.7284779], [120.3060353, 22.7282396], [120.3060304, 22.727993], [120.3060427, 22.7276245], [120.3060488, 22.727372], [120.3060945, 22.7265738]]}, "id": 23875917}, {"type": "Feature", "properties": {"osm_id": 23875921, "name": "加仁路", "highway": "residential", "oneway": "no", "nodes": [258784921, 258784928, 1401138296, 1401138228, 2400424979, 258784938, 2400424978, 1401138333, 2400424981, 1401138489, 258784951, 2400424980, 1401138201, 2403573030, 258784976, 1401138521, 2401086123, 258785000, 2379780736, 2378870172, 2909299792]}, "geometry": {"type": "LineString", "coordinates": [[120.299161, 22.7270789], [120.299628, 22.7273461], [120.2997531, 22.7274231], [120.3000849, 22.7276276], [120.3001925, 22.7276948], [120.3002283, 22.7277159], [120.3002804, 22.7277419], [120.3003966, 22.7277968], [120.3005695, 22.7278622], [120.3007283, 22.7279119], [120.3008616, 22.7279459], [120.3010402, 22.7279877], [120.3013237, 22.7280478], [120.3017544, 22.7281225], [120.3021688, 22.7281509], [120.3027496, 22.7281596], [120.3030862, 22.7281521], [120.3031983, 22.7281432], [120.3042011, 22.7280771], [120.3046914, 22.7280503], [120.3047644, 22.7280499]]}, "id": 23875921}, {"type": "Feature", "properties": {"osm_id": 23875925, "name": "翠屏路", "highway": "residential", "nodes": [258785419, 1401138360, 258785104, 258784921, 258784892, 3419944752, 2909299793, 256245309, 12556881687, 1400036389, 262841036, 256455798, 1400036708]}, "geometry": {"type": "LineString", "coordinates": [[120.2989554, 22.7277982], [120.2990464, 22.727744], [120.2990321, 22.7277388], [120.299161, 22.7270789], [120.2992683, 22.7265495], [120.2993469, 22.7260704], [120.2993695, 22.7259431], [120.2996511, 22.7252208], [120.2999594, 22.7245668], [120.299974, 22.7245358], [120.3000165, 22.7244653], [120.3000594, 22.7243932], [120.3000952, 22.724315]]}, "id": 23875925}, {"type": "Feature", "properties": {"osm_id": 23875929, "name": "德富街", "highway": "residential", "nodes": [1401138301, 258785353, 258785333, 258785320, 258785304, 1401138332, 258785280, 2905702846, 2905702845, 2905702847, 2905702879, 1401138318, 2905702843, 258785264, 1401138512, 1401138409, 258785247, 258785233, 2833983444, 258785220, 2833983448, 2833983445, 2833983447, 2833983446, 258785210, 2833983443, 10092610280, 258785200, 258785192, 258785429, 7242885284, 7242885282, 1401138362]}, "geometry": {"type": "LineString", "coordinates": [[120.2983594, 22.7300771], [120.2983394, 22.7300671], [120.2978111, 22.7294551], [120.2975595, 22.7291724], [120.2973977, 22.7289926], [120.297275, 22.7287941], [120.2971816, 22.7285593], [120.2971674, 22.7285031], [120.2971631, 22.7284665], [120.2971617, 22.7284269], [120.2971658, 22.728391], [120.2971714, 22.728355], [120.2971958, 22.7282706], [120.2972263, 22.7281787], [120.2973523, 22.7278994], [120.2974528, 22.7276458], [120.2974955, 22.727529], [120.2975455, 22.7272734], [120.2975379, 22.7269289], [120.2975244, 22.7268447], [120.2975041, 22.726745], [120.2974805, 22.7266452], [120.2974501, 22.7265361], [120.2974027, 22.7264052], [120.2973622, 22.726321], [120.2972439, 22.7261309], [120.2971939, 22.7260609], [120.2971527, 22.7260031], [120.2969123, 22.725751], [120.2967126, 22.7255813], [120.2966923, 22.7255679], [120.2966747, 22.7255564], [120.2965754, 22.7254911]]}, "id": 23875929}, {"type": "Feature", "properties": {"osm_id": 23875933, "name": "德惠路", "highway": "tertiary", "oneway": "yes", "maxspeed": "50", "bridge": "yes", "layer": "1", "nodes": [2401086121, 2913746356, 258785638]}, "geometry": {"type": "LineString", "coordinates": [[120.3031143, 22.7302673], [120.3031124, 22.730165], [120.3031391, 22.7292671]]}, "id": 23875933}, {"type": "Feature", "properties": {"osm_id": 23875934, "name": "德民路", "highway": "tertiary", "lanes": "2", "oneway": "yes", "maxspeed": "60", "nodes": [265968442, 256455983]}, "geometry": {"type": "LineString", "coordinates": [[120.2848675, 22.7182839], [120.285009, 22.71835]]}, "id": 23875934}, {"type": "Feature", "properties": {"osm_id": 23939182, "name": "高楠公路", "highway": "primary", "oneway": "yes", "bridge": "yes", "layer": "1", "nodes": [257742658, 1196964958, 2969769533, 280507483, 2969768231, 280507494, 280507492, 280507493, 1196964704, 259480561]}, "geometry": {"type": "LineString", "coordinates": [[120.3215252, 22.727279], [120.3218931, 22.7260225], [120.3219585, 22.7258395], [120.3220306, 22.7256652], [120.3221936, 22.7253659], [120.3223599, 22.7251221], [120.3225649, 22.7248261], [120.3233523, 22.7239544], [120.3237345, 22.7235214], [120.3239907, 22.72318]]}, "id": 23939182}, {"type": "Feature", "properties": {"osm_id": 23939183, "name": "高楠公路", "highway": "primary", "lanes": "2", "oneway": "yes", "maxspeed": "60", "nodes": [259480561, 1196964790, 1196964617, 280507434, 4425214671, 78928094, 1196964965]}, "geometry": {"type": "LineString", "coordinates": [[120.3239907, 22.72318], [120.3241462, 22.722924], [120.3243487, 22.7225046], [120.324456, 22.7221756], [120.3245807, 22.7215929], [120.3246223, 22.7213913], [120.3246389, 22.7212531]]}, "id": 23939183}, {"type": "Feature", "properties": {"osm_id": 23976945, "name": "加昌路", "highway": "tertiary", "oneway": "yes", "maxspeed": "50", "nodes": [256455958, 2417585497, 9608284757, 2417585494, 1401138223, 262090144, 1401138323, 2417585491, 256245267, 1401138499, 13134650825, 289126281]}, "geometry": {"type": "LineString", "coordinates": [[120.3171828, 22.7228141], [120.316248, 22.7224258], [120.3153657, 22.7220593], [120.3151321, 22.7219622], [120.3148889, 22.7218611], [120.3146343, 22.7217554], [120.3132959, 22.721197], [120.3131408, 22.7211349], [120.3125703, 22.7208979], [120.3114176, 22.7204191], [120.3110211, 22.7202544], [120.3108376, 22.7201781]]}, "id": 23976945}, {"type": "Feature", "properties": {"osm_id": 23976946, "name": "世運大道", "highway": "tertiary", "lanes": "3", "oneway": "yes", "maxspeed": "60", "nodes": [295692590, 7299115836, 7299115825, 7299115821, 7299115828, 7299115817, 7644002338, 7299115813, 3005304542, 7299115796, 7299115800, 4315349262, 259974864]}, "geometry": {"type": "LineString", "coordinates": [[120.3024334, 22.7010041], [120.3022298, 22.7009989], [120.2998511, 22.7009383], [120.2996646, 22.7009335], [120.2994882, 22.700929], [120.2975854, 22.7008801], [120.2974495, 22.7008759], [120.2973574, 22.7008747], [120.2945497, 22.7008095], [120.2942333, 22.7008024], [120.2927604, 22.7007666], [120.292683, 22.7007657], [120.2925307, 22.700763]]}, "id": 23976946}, {"type": "Feature", "properties": {"osm_id": 23976953, "name": "後昌路105巷", "highway": "residential", "nodes": [259974969, 2399970882, 259974971, 2399970881, 259974972, 1219300469, 259974974, 259974976, 1219300642, 1219300434, 259974977, 259974978, 262090137]}, "geometry": {"type": "LineString", "coordinates": [[120.3108479, 22.7190697], [120.3109307, 22.7190163], [120.3110286, 22.7189692], [120.3111444, 22.7189349], [120.3112614, 22.7189111], [120.311711, 22.7188332], [120.3120435, 22.7187759], [120.3122641, 22.7187041], [120.3122891, 22.7186877], [120.3123366, 22.7186565], [120.3123791, 22.7186286], [120.3127884, 22.7184514], [120.3130232, 22.7183401]]}, "id": 23976953}, {"type": "Feature", "properties": {"osm_id": 23977364, "highway": "residential", "bridge": "yes", "nodes": [259978298, 259978297]}, "geometry": {"type": "LineString", "coordinates": [[120.3255304, 22.7092699], [120.3259977, 22.7090867]]}, "id": 23977364}, {"type": "Feature", "properties": {"osm_id": 23992913, "name": "藍田路", "highway": "tertiary", "oneway": "yes", "nodes": [1401138362, 1401138524]}, "geometry": {"type": "LineString", "coordinates": [[120.2965754, 22.7254911], [120.2965649, 22.7255677]]}, "id": 23992913}, {"type": "Feature", "properties": {"osm_id": 23992917, "name": "大學東路", "highway": "residential", "nodes": [256372069, 266739971, 1080697235, 1080697303, 11212915782, 11212915780, 2073120880, 262101293, 262101292, 2073120918, 7243024933, 256245352, 260130552, 260130531, 7243024939, 7243024941, 260130533, 12658227980, 260130541, 260269164, 12658227976, 7243024958, 7243024953, 1080696957, 7243024955, 1080697271, 7242885240, 4309157578, 260130543, 260130551, 4309157514, 7242885243, 7243025023, 7243024793, 289127215, 7243024801, 7243025026, 4079445228, 1080696936, 289127241, 7243025027, 5375267633, 289127253, 289127265]}, "geometry": {"type": "LineString", "coordinates": [[120.2903145, 22.7369247], [120.2903225, 22.736594], [120.2903358, 22.7363816], [120.2903498, 22.7359636], [120.2903668, 22.7356281], [120.2903939, 22.7350955], [120.2904134, 22.7347114], [120.2904275, 22.7344207], [120.2904844, 22.7336341], [120.2905054, 22.7332523], [120.2905441, 22.7326885], [120.2905482, 22.7325969], [120.2905522, 22.7324528], [120.2905482, 22.7323742], [120.2905437, 22.732285], [120.2905424, 22.7322515], [120.2905359, 22.732078], [120.2905202, 22.7318502], [120.2905007, 22.731566], [120.2904486, 22.7311361], [120.2903922, 22.7307492], [120.2903419, 22.7304041], [120.2903335, 22.7302101], [120.2903214, 22.7301268], [120.2903112, 22.7300592], [120.2901462, 22.7290959], [120.2899444, 22.7277134], [120.2899374, 22.7276655], [120.2899209, 22.7275522], [120.2899046, 22.7274633], [120.2898907, 22.7273687], [120.2898872, 22.727345], [120.2897399, 22.7262851], [120.2897344, 22.7262478], [120.2897221, 22.7261653], [120.2897174, 22.7260736], [120.2897159, 22.7260431], [120.2896961, 22.7258231], [120.2897046, 22.7255426], [120.2897419, 22.7248572], [120.2897462, 22.7247974], [120.2897547, 22.7246809], [120.2897597, 22.7246116], [120.2898024, 22.7245294]]}, "id": 23992917}, {"type": "Feature", "properties": {"osm_id": 23992930, "name": "明德路", "highway": "tertiary", "nodes": [262101284, 260131098, 7039981954, 2377834102, 260131099]}, "geometry": {"type": "LineString", "coordinates": [[120.2925729, 22.7338683], [120.2926762, 22.7338578], [120.296119, 22.7333255], [120.2970057, 22.7331676], [120.2975802, 22.7330654]]}, "id": 23992930}, {"type": "Feature", "properties": {"osm_id": 23993036, "name": "壽豐路433巷", "highway": "residential", "nodes": [260132610, 1401138486, 2379770343, 1401138467, 258784791]}, "geometry": {"type": "LineString", "coordinates": [[120.2959963, 22.7236562], [120.2958345, 22.7240658], [120.2957737, 22.7242198], [120.2957203, 22.7243551], [120.2955593, 22.7247456]]}, "id": 23993036}, {"type": "Feature", "properties": {"osm_id": 23993037, "highway": "residential", "nodes": [258784804, 260132616]}, "geometry": {"type": "LineString", "coordinates": [[120.2956527, 22.724765], [120.2955363, 22.7251787]]}, "id": 23993037}, {"type": "Feature", "properties": {"osm_id": 23993038, "name": "藍昌路", "highway": "tertiary", "oneway": "yes", "nodes": [256455755, 262841034]}, "geometry": {"type": "LineString", "coordinates": [[120.2910705, 22.7216084], [120.2910387, 22.7217484]]}, "id": 23993038}, {"type": "Feature", "properties": {"osm_id": 23993042, "name": "右昌大橋", "highway": "tertiary", "oneway": "yes", "bridge": "yes", "layer": "1", "nodes": [260132651, 2380302188, 7242885295, 1080696863]}, "geometry": {"type": "LineString", "coordinates": [[120.2913756, 22.7242711], [120.2914857, 22.7249986], [120.2914899, 22.7250313], [120.2914942, 22.7250615]]}, "id": 23993042}, {"type": "Feature", "properties": {"osm_id": 24003056, "name": "大學三十二街", "highway": "residential", "nodes": [1080697162, 12658227978, 12658227973, 260269164]}, "geometry": {"type": "LineString", "coordinates": [[120.2889143, 22.7312466], [120.2894456, 22.7312083], [120.2897083, 22.7311894], [120.2904486, 22.7311361]]}, "id": 24003056}, {"type": "Feature", "properties": {"osm_id": 24003057, "name": "外環西路", "highway": "residential", "oneway": "yes", "nodes": [7244182800, 1400036079, 260269177, 5212312076, 7244182815, 7244182830, 7244182826, 1400036218, 7244182821, 7244182850, 7244182841, 2206232311, 7244182838, 7244182871, 7244182863, 1218537121, 7244182855, 7244182856, 1400036116]}, "geometry": {"type": "LineString", "coordinates": [[120.3011277, 22.7162011], [120.3011099, 22.7163567], [120.3010611, 22.7164699], [120.3010217, 22.7165655], [120.3010079, 22.7165944], [120.3006795, 22.7173563], [120.3006568, 22.717409], [120.3006168, 22.7175019], [120.3005762, 22.7175961], [120.3002749, 22.7182957], [120.300262, 22.7183256], [120.3002214, 22.7184199], [120.3001989, 22.7184722], [120.2997366, 22.7195458], [120.2997155, 22.719595], [120.2996418, 22.719766], [120.2996162, 22.7198254], [120.2994501, 22.7202112], [120.2993896, 22.7203516]]}, "id": 24003057}, {"type": "Feature", "properties": {"osm_id": 24003059, "name": "外環西路", "highway": "tertiary", "oneway": "yes", "motorcycle": "no", "nodes": [1631504652, 3010545858, 7244167959, 7244167956, 2206324419, 7244182793, 7244167983, 2206324425]}, "geometry": {"type": "LineString", "coordinates": [[120.3028061, 22.712267], [120.3027417, 22.7123918], [120.3026942, 22.7124845], [120.3024086, 22.7131177], [120.3023208, 22.7133207], [120.3016706, 22.7149395], [120.3016494, 22.7149915], [120.3016076, 22.7150929]]}, "id": 24003059}, {"type": "Feature", "properties": {"osm_id": 24003060, "name": "外環西路", "highway": "tertiary", "oneway": "yes", "motorcycle": "no", "nodes": [2968251747, 1400036864]}, "geometry": {"type": "LineString", "coordinates": [[120.2978636, 22.7234137], [120.2979026, 22.7233355]]}, "id": 24003060}, {"type": "Feature", "properties": {"osm_id": 24050860, "name": "援中路", "highway": "tertiary", "oneway": "yes", "nodes": [291010000, 2206324428, 7242885125, 4315402375, 588290646, 256456780, 4315402341, 7243025002, 7242885175, 1080697249, 7242885174, 7243024997, 7242885171, 1080697160, 7242885170, 7243024992, 7242885179, 343047165, 7242885180, 7242730684, 7242730679, 262840697, 262840832, 262840838, 262840698, 7242730678, 7243025038, 7242885291, 260856473, 7243025041, 1080697224, 260856487, 7243025031, 289127265, 260856497, 5287840424, 260856501, 7242885294, 260856505, 260856509, 260856514, 4309157580, 7243025042, 1080696876, 7242885289, 7242885279, 7242885273, 1080697205, 1080696766, 7242885271, 2912438461, 1401138474, 1401138304, 1401138501, 4660094184, 1401138191, 1401138397, 1401138237, 1401138435, 1401138406, 1401138249, 1401138453, 1401138289]}, "geometry": {"type": "LineString", "coordinates": [[120.2770519, 22.7196778], [120.278053, 22.7200804], [120.2802406, 22.7209639], [120.2803172, 22.7209906], [120.2804194, 22.7210291], [120.2805591, 22.7210798], [120.2807439, 22.7211461], [120.2813898, 22.7213783], [120.2814287, 22.7213925], [120.2815278, 22.7214286], [120.281601, 22.7214537], [120.2824903, 22.7217587], [120.2825331, 22.7217734], [120.2826308, 22.7218069], [120.2827721, 22.7218608], [120.2845698, 22.7225501], [120.2846126, 22.7225684], [120.2846992, 22.7226017], [120.2848022, 22.7226368], [120.2859002, 22.7230547], [120.2859204, 22.7230624], [120.286025, 22.7231026], [120.2861245, 22.7231405], [120.2862781, 22.7231992], [120.286367, 22.7232331], [120.2865545, 22.7233052], [120.2877818, 22.7237795], [120.287853, 22.7238063], [120.2879159, 22.7238313], [120.2887786, 22.724124], [120.2889337, 22.7241763], [120.2892716, 22.7242864], [120.2897175, 22.7244905], [120.2898024, 22.7245294], [120.2904759, 22.7248531], [120.2909147, 22.7250654], [120.2910983, 22.7251369], [120.2912246, 22.7251836], [120.2913091, 22.7252133], [120.2914145, 22.725248], [120.291526, 22.725273], [120.2917278, 22.7253193], [120.2920713, 22.7253978], [120.2935804, 22.7257325], [120.2936507, 22.7257453], [120.2956119, 22.7261406], [120.2956473, 22.7261502], [120.2959408, 22.7262149], [120.2960343, 22.7262748], [120.2961339, 22.7263475], [120.2962254, 22.726414], [120.2963411, 22.7265577], [120.2964412, 22.7267369], [120.2964948, 22.7269632], [120.2965059, 22.7271032], [120.2964866, 22.7272725], [120.2964481, 22.7273929], [120.2963588, 22.7275711], [120.2962995, 22.7276951], [120.2962261, 22.7278623], [120.2961917, 22.7279921], [120.2961591, 22.72829], [120.2961358, 22.728557]]}, "id": 24050860}, {"type": "Feature", "properties": {"osm_id": 24150216, "name": "宏毅三路", "highway": "residential", "nodes": [261608486, 2375698067, 261608476, 2417585481]}, "geometry": {"type": "LineString", "coordinates": [[120.3082691, 22.7153668], [120.308322, 22.7153854], [120.3095563, 22.7158187], [120.309655, 22.7157858]]}, "id": 24150216}, {"type": "Feature", "properties": {"osm_id": 24150218, "name": "後勁北路150巷", "highway": "residential", "nodes": [262085716, 261608502, 261608501, 1219300734, 261608500]}, "geometry": {"type": "LineString", "coordinates": [[120.3145117, 22.7187705], [120.3146803, 22.7190627], [120.3147451, 22.7192029], [120.3148455, 22.7194642], [120.3149493, 22.7197043]]}, "id": 24150218}, {"type": "Feature", "properties": {"osm_id": 24150219, "name": "金田街", "highway": "residential", "nodes": [1219300554, 1219300660, 1219300476, 261608491, 1219300501, 268926633, 256456519]}, "geometry": {"type": "LineString", "coordinates": [[120.3159399, 22.7200754], [120.3164909, 22.7197911], [120.3167384, 22.7196662], [120.3171167, 22.7194809], [120.3174823, 22.7193289], [120.3178203, 22.7191585], [120.3179218, 22.7191457]]}, "id": 24150219}, {"type": "Feature", "properties": {"osm_id": 24150220, "name": "後勁西路", "highway": "residential", "nodes": [258784537, 1219300485, 1219300753, 1219300616, 1219300543, 1219300605, 261608510, 262083329, 261608509, 261608513, 2379177591, 1219300528, 1219300607, 4620939354, 1219300377, 262090143, 262092599, 262090144]}, "geometry": {"type": "LineString", "coordinates": [[120.3136008, 22.7193242], [120.3136533, 22.7194389], [120.3136935, 22.7194875], [120.3138556, 22.7196245], [120.3139231, 22.7197141], [120.3139901, 22.7197909], [120.3140479, 22.7198637], [120.314147, 22.7200066], [120.3142694, 22.7202793], [120.3143642, 22.7205952], [120.3143872, 22.7206485], [120.3144506, 22.7207952], [120.3145105, 22.7209667], [120.314518, 22.7209883], [120.3146649, 22.7212773], [120.314718, 22.721425], [120.314706, 22.7215596], [120.3146343, 22.7217554]]}, "id": 24150220}, {"type": "Feature", "properties": {"osm_id": 24150225, "name": "加昌路179巷", "highway": "residential", "nodes": [261608493, 261608494, 1219300453, 2417585494]}, "geometry": {"type": "LineString", "coordinates": [[120.3164256, 22.7212944], [120.3156092, 22.7215754], [120.3152588, 22.7217984], [120.3151321, 22.7219622]]}, "id": 24150225}, {"type": "Feature", "properties": {"osm_id": 24204249, "name": "軍校路", "highway": "tertiary", "lanes": "2", "oneway": "yes", "maxspeed": "50", "nodes": [259974863, 259974862, 2384947098, 259974861, 1372607350, 13056406515, 259974860, 262083221]}, "geometry": {"type": "LineString", "coordinates": [[120.2900811, 22.7136402], [120.2901442, 22.7135972], [120.290289, 22.7135132], [120.2904246, 22.7134596], [120.290651, 22.713386], [120.2910465, 22.7132753], [120.2911416, 22.7132508], [120.2912693, 22.713199]]}, "id": 24204249}, {"type": "Feature", "properties": {"osm_id": 24204252, "name": "加昌路279巷", "highway": "residential", "nodes": [262083323, 262083328, 262083329]}, "geometry": {"type": "LineString", "coordinates": [[120.3133891, 22.7203366], [120.3137751, 22.7201581], [120.314147, 22.7200066]]}, "id": 24204252}, {"type": "Feature", "properties": {"osm_id": 24204253, "name": "學專路", "highway": "tertiary", "oneway": "yes", "maxspeed": "50", "nodes": [1219300373, 1219300602, 13134650851, 1219300643, 1219300561, 1219300729, 1219300399, 1219300429, 1219300769, 1219300366, 1219300640, 1219300719, 1219300527, 1219300564, 1219300659, 2398129507, 1219300742, 1219300536, 1219300398, 1219300715, 1219300764, 1219300562, 4585528623, 1219300631, 1219300361, 1219300537, 1219300584, 256456456, 262083353, 2417585499, 1219300766, 262083360, 2396293724, 262083386, 4582185534, 262092601]}, "geometry": {"type": "LineString", "coordinates": [[120.3091938, 22.7147666], [120.3092955, 22.7147298], [120.3093608, 22.7147077], [120.3099253, 22.7145169], [120.3107548, 22.7142455], [120.3119043, 22.7138693], [120.3121988, 22.7137688], [120.3127899, 22.7135679], [120.3131147, 22.7134711], [120.3132518, 22.7134748], [120.3133446, 22.7135027], [120.3135786, 22.7136125], [120.3141233, 22.7139419], [120.314444, 22.7141354], [120.3150573, 22.7144871], [120.3154594, 22.7147264], [120.3159429, 22.7150081], [120.3169032, 22.7155652], [120.317589, 22.7159416], [120.3178307, 22.7160923], [120.3179536, 22.716197], [120.3179946, 22.7163482], [120.3180167, 22.7166608], [120.3180387, 22.7169733], [120.3180385, 22.7173415], [120.318042, 22.7179102], [120.3180429, 22.7184496], [120.3180098, 22.7191211], [120.3179531, 22.7192706], [120.3179065, 22.719982], [120.3178825, 22.720181], [120.3178066, 22.7209315], [120.3177481, 22.7212368], [120.3176432, 22.7216881], [120.3175392, 22.7220514], [120.3173543, 22.7226934]]}, "id": 24204253}, {"type": "Feature", "properties": {"osm_id": 24204485, "name": "後勁中街", "highway": "residential", "oneway": "no", "nodes": [262085716, 1219300544, 262085718, 1219300592, 2396278117, 262085719, 262085720, 2396278121, 262085721, 262085722, 262085724, 2396278123, 262085726, 1219300763, 262085727, 262085732, 262085733, 262085734, 1219300529, 2399967571, 262085735, 1219300627, 262085736, 2399967570, 262085737, 262085739, 262085741, 262085743, 262085744, 262085745, 262085746, 262085751, 262085803, 1219300398]}, "geometry": {"type": "LineString", "coordinates": [[120.3145117, 22.7187705], [120.3142299, 22.7185515], [120.3140974, 22.7183765], [120.3140574, 22.7183096], [120.3140156, 22.7182463], [120.3140051, 22.7182305], [120.3139463, 22.7181041], [120.3139402, 22.7180656], [120.3139251, 22.71797], [120.31392, 22.7178343], [120.313944, 22.7176924], [120.3140667, 22.717502], [120.3141906, 22.7173859], [120.3142344, 22.7173513], [120.3142853, 22.717308], [120.3144147, 22.7172494], [120.3146129, 22.717179], [120.3148158, 22.7171375], [120.3149881, 22.7171084], [120.3151017, 22.7171063], [120.3152016, 22.7171084], [120.3152743, 22.7171063], [120.3153174, 22.7171042], [120.3153583, 22.7170979], [120.3156528, 22.7169996], [120.3157484, 22.716954], [120.3159193, 22.7167942], [120.3160987, 22.7166999], [120.316369, 22.7165511], [120.3164485, 22.716506], [120.3170926, 22.7162138], [120.317349, 22.7160752], [120.3174949, 22.7159837], [120.317589, 22.7159416]]}, "id": 24204485}, {"type": "Feature", "properties": {"osm_id": 24204487, "name": "後勁東路", "highway": "residential", "oneway": "no", "nodes": [262085847, 1219300402, 262085839, 1219300369, 262085739, 2400381133, 262085838]}, "geometry": {"type": "LineString", "coordinates": [[120.3141475, 22.7151455], [120.3145423, 22.71555], [120.31495, 22.7159757], [120.3153847, 22.7165083], [120.3157484, 22.716954], [120.3163157, 22.7177285], [120.3164873, 22.7179695]]}, "id": 24204487}, {"type": "Feature", "properties": {"osm_id": 24204489, "name": "後勁南路", "highway": "residential", "oneway": "no", "nodes": [1219300659, 262085841, 2398129509, 1219300502, 262085845, 262085847, 4620939355, 4620939356, 262085848, 2379038411, 262085849, 2379038409, 2399967585, 2379038403, 262085864, 262085851, 2399967584, 4620939357, 262085852, 2399967589, 262085855, 1219300530, 1219300612, 262995688, 262085857]}, "geometry": {"type": "LineString", "coordinates": [[120.3150573, 22.7144871], [120.3150143, 22.7145534], [120.3148176, 22.7146823], [120.3147677, 22.714715], [120.3145326, 22.7148691], [120.3141475, 22.7151455], [120.3133661, 22.715724], [120.313309, 22.7157737], [120.3130974, 22.7159541], [120.3129216, 22.71613], [120.3126667, 22.716378], [120.3124018, 22.7166546], [120.3123, 22.7167589], [120.3122517, 22.7168222], [120.3121626, 22.7169792], [120.3120809, 22.7170973], [120.3120106, 22.7171769], [120.3119416, 22.7172379], [120.3118645, 22.7172896], [120.311757, 22.7173446], [120.3116214, 22.7173889], [120.3114377, 22.7174339], [120.3113257, 22.7174618], [120.310277, 22.7176926], [120.3101872, 22.7177161]]}, "id": 24204489}, {"type": "Feature", "properties": {"osm_id": 24204490, "name": "後昌路135巷", "highway": "residential", "nodes": [262085858, 262995691, 262085859, 262085860, 1219300784, 262085861, 262085862, 262085863, 2399967590]}, "geometry": {"type": "LineString", "coordinates": [[120.3103676, 22.7182523], [120.3104539, 22.7182313], [120.3111461, 22.7181119], [120.3114905, 22.7180303], [120.3117368, 22.7179293], [120.3119243, 22.7178524], [120.3125104, 22.7176397], [120.3126789, 22.7175805], [120.3128114, 22.7175723]]}, "id": 24204490}, {"type": "Feature", "properties": {"osm_id": 24204686, "name": "瑞屏路27巷", "highway": "residential", "nodes": [262087905, 262087901]}, "geometry": {"type": "LineString", "coordinates": [[120.3103884, 22.7212532], [120.3110032, 22.7214827]]}, "id": 24204686}, {"type": "Feature", "properties": {"osm_id": 24204687, "name": "瑞屏路28巷", "highway": "residential", "nodes": [262087903, 262087904]}, "geometry": {"type": "LineString", "coordinates": [[120.3121177, 22.7218936], [120.3129151, 22.7221965]]}, "id": 24204687}, {"type": "Feature", "properties": {"osm_id": 24204688, "name": "瑞屏路30巷", "highway": "residential", "nodes": [259974986, 1401138199, 1401138370, 2388575176, 259974995, 1401138386, 259975002]}, "geometry": {"type": "LineString", "coordinates": [[120.3119567, 22.7222477], [120.3127656, 22.722553], [120.3129715, 22.7226307], [120.3131664, 22.7227042], [120.3138918, 22.7229779], [120.3145888, 22.7232408], [120.3148098, 22.7233242]]}, "id": 24204688}, {"type": "Feature", "properties": {"osm_id": 24204690, "name": "加昌路332巷", "highway": "residential", "nodes": [262087901, 1401138383, 289126261, 2378753008, 1401138499]}, "geometry": {"type": "LineString", "coordinates": [[120.3110032, 22.7214827], [120.3111488, 22.7211039], [120.3111996, 22.7209832], [120.3112639, 22.7208096], [120.3114176, 22.7204191]]}, "id": 24204690}, {"type": "Feature", "properties": {"osm_id": 24204694, "highway": "residential", "nodes": [259975002, 259975003, 259975008, 259975009, 259975010, 259975011, 259975012, 256455939]}, "geometry": {"type": "LineString", "coordinates": [[120.3148098, 22.7233242], [120.3150196, 22.7234064], [120.3150353, 22.7235296], [120.3150404, 22.7235929], [120.3150603, 22.7236943], [120.3151036, 22.7237693], [120.3152672, 22.724008], [120.3153713, 22.7241793]]}, "id": 24204694}, {"type": "Feature", "properties": {"osm_id": 24204695, "name": "瑞仁路", "highway": "residential", "nodes": [262087922, 1401138224, 1401138211, 262840947, 1401138491, 262087938, 1401138231, 2401202188, 2401202189, 262087957, 262087966, 262087967, 262087968, 262087969]}, "geometry": {"type": "LineString", "coordinates": [[120.3117217, 22.7227645], [120.3121047, 22.7229098], [120.3127421, 22.7231517], [120.3128162, 22.7231798], [120.3133405, 22.7233933], [120.3136422, 22.7234933], [120.3138391, 22.723568], [120.314237, 22.723719], [120.3143874, 22.7237827], [120.3145257, 22.7238577], [120.3145825, 22.7239306], [120.3146962, 22.7241313], [120.3148095, 22.724408], [120.3148265, 22.7244749]]}, "id": 24204695}, {"type": "Feature", "properties": {"osm_id": 24204697, "name": "德祥路", "highway": "residential", "oneway": "no", "nodes": [1401138291, 3385655002, 1401138256, 3385655001, 1401138418, 1401138402, 1401138297, 1401138255, 262087980]}, "geometry": {"type": "LineString", "coordinates": [[120.3111684, 22.7290222], [120.3118682, 22.7285471], [120.3118963, 22.7285139], [120.3118932, 22.7284815], [120.3115182, 22.7281037], [120.3113185, 22.7279617], [120.3110885, 22.7277981], [120.3106034, 22.7274673], [120.3101179, 22.7271428]]}, "id": 24204697}, {"type": "Feature", "properties": {"osm_id": 24204941, "name": "高峰街", "highway": "residential", "nodes": [262090132, 262090131, 11959599181, 2399956314, 2399956311, 262083339, 1219300727, 262083346, 1219300554, 1219300538, 261608492, 4620939353, 2399973778, 2399973779, 262090129, 1219300717, 2399973776, 261608493, 2399973777, 262083309, 262083872, 262083316, 262083871, 256456424, 262083386]}, "geometry": {"type": "LineString", "coordinates": [[120.3151088, 22.7184528], [120.3154341, 22.7189362], [120.3154582, 22.7190124], [120.3155622, 22.7193405], [120.3155977, 22.7194464], [120.3156163, 22.7195088], [120.3157015, 22.7196981], [120.3157905, 22.7198523], [120.3159399, 22.7200754], [120.316015, 22.7202091], [120.3160929, 22.7203506], [120.3161037, 22.7203701], [120.3161687, 22.7205751], [120.3162014, 22.7207474], [120.3162341, 22.7209048], [120.3162509, 22.7209859], [120.3163415, 22.7211738], [120.3164256, 22.7212944], [120.3165703, 22.7213978], [120.3167104, 22.7214711], [120.3170259, 22.7215676], [120.31725, 22.7216128], [120.3173792, 22.721642], [120.3175588, 22.7216729], [120.3176432, 22.7216881]]}, "id": 24204941}, {"type": "Feature", "properties": {"osm_id": 24204942, "name": "後勁西路", "highway": "residential", "nodes": [258784537, 4585528629, 262090156, 262090140, 1219300757, 262090139, 262090137, 1219300663, 1219300468, 262090142, 262085863, 2399967587, 265599599, 2399967586, 262085864]}, "geometry": {"type": "LineString", "coordinates": [[120.3136008, 22.7193242], [120.3135759, 22.7192524], [120.313567, 22.7192054], [120.3135622, 22.719053], [120.313431, 22.7188054], [120.3133279, 22.7186518], [120.3130232, 22.7183401], [120.3128932, 22.7181106], [120.3128058, 22.7179564], [120.3127983, 22.7179166], [120.3126789, 22.7175805], [120.3126291, 22.7174127], [120.3125724, 22.7172702], [120.3125211, 22.7172141], [120.3121626, 22.7169792]]}, "id": 24204942}, {"type": "Feature", "properties": {"osm_id": 24204944, "name": "後勁西路199巷", "highway": "residential", "nodes": [261608513, 261608514]}, "geometry": {"type": "LineString", "coordinates": [[120.3143642, 22.7205952], [120.313772, 22.7207742]]}, "id": 24204944}, {"type": "Feature", "properties": {"osm_id": 24205218, "name": "外環東路", "highway": "residential", "nodes": [289126281, 11959599189, 262087905, 259974985, 2398001740, 2398001741, 262087912, 259974986]}, "geometry": {"type": "LineString", "coordinates": [[120.3108376, 22.7201781], [120.3108065, 22.7202525], [120.3103884, 22.7212532], [120.3102651, 22.7215451], [120.3102651, 22.7215996], [120.310308, 22.7216292], [120.3108639, 22.7218326], [120.3119567, 22.7222477]]}, "id": 24205218}, {"type": "Feature", "properties": {"osm_id": 24205219, "name": "加昌路", "highway": "tertiary", "lanes": "2", "oneway": "yes", "maxspeed": "50", "motorcycle": "yes", "nodes": [588290619, 13056406510, 259974852, 2206349230, 4129361189, 13056406580, 5211912338, 273103133]}, "geometry": {"type": "LineString", "coordinates": [[120.2914863, 22.7131439], [120.2915983, 22.7131734], [120.2925467, 22.713423], [120.2932381, 22.7136156], [120.2933866, 22.7136598], [120.2935066, 22.7136955], [120.2937457, 22.7137666], [120.2937958, 22.7137815]]}, "id": 24205219}, {"type": "Feature", "properties": {"osm_id": 24206192, "name": "甲昌路", "highway": "tertiary", "lanes": "2", "oneway": "yes", "nodes": [258785847, 3010553462, 7243024930, 7243024923, 3232581882, 7243024921, 265591673, 3010553465, 262101274]}, "geometry": {"type": "LineString", "coordinates": [[120.2937031, 22.736919], [120.2936057, 22.7368113], [120.2935733, 22.7367398], [120.2935605, 22.7367113], [120.2933833, 22.7363196], [120.2931563, 22.735843], [120.2927712, 22.7350345], [120.2927205, 22.734901], [120.292683, 22.734744]]}, "id": 24206192}, {"type": "Feature", "properties": {"osm_id": 24206202, "name": "藍昌路", "highway": "tertiary", "oneway": "yes", "nodes": [1080696863, 260856514, 260132631, 4309151555, 7243024808, 4309157553, 1080697518, 4309157616, 7242885252, 4309157574, 260132634, 260132637, 4309157597, 7243024856, 7243024850, 7243024858, 1080697060, 7243024847, 7243024845, 7243024839, 1080697199, 7243024836, 7243024834, 7243024831, 2081844135, 7243024827, 7243024881, 7243024825, 260269170, 7243024824, 7243024892, 7243024889, 5302825714, 7243024885, 7243024906, 7243024904, 260132640]}, "geometry": {"type": "LineString", "coordinates": [[120.2914942, 22.7250615], [120.291526, 22.725273], [120.2915395, 22.7253621], [120.2915585, 22.7254753], [120.2916428, 22.726138], [120.2916478, 22.7261756], [120.2916598, 22.7262654], [120.2916685, 22.7263311], [120.2917715, 22.7269557], [120.2917787, 22.7270106], [120.2918015, 22.7271811], [120.2918136, 22.7272719], [120.2918298, 22.7273938], [120.2919808, 22.728528], [120.2919846, 22.7285569], [120.2919959, 22.7286418], [120.2920233, 22.7288472], [120.2920374, 22.7289529], [120.2921392, 22.7296892], [120.2921447, 22.7297276], [120.2921524, 22.7297895], [120.2921646, 22.729903], [120.2922129, 22.7302729], [120.2922158, 22.7302946], [120.2922297, 22.7303746], [120.2922354, 22.7304275], [120.2922925, 22.7308696], [120.2922984, 22.730914], [120.2923089, 22.7309928], [120.2923169, 22.7310532], [120.2923698, 22.73145], [120.2923751, 22.7314897], [120.2923884, 22.7315899], [120.2923974, 22.7316577], [120.2924394, 22.7319735], [120.2924423, 22.7319948], [120.2924664, 22.7321763]]}, "id": 24206202}, {"type": "Feature", "properties": {"osm_id": 24206203, "name": "大學三十八街", "highway": "residential", "nodes": [2081844179, 7243024914, 7243024909, 262101294, 262101291, 7243024913, 7243024915, 12658236903, 262101292]}, "geometry": {"type": "LineString", "coordinates": [[120.2944649, 22.7326404], [120.2927222, 22.7332891], [120.292689, 22.733297], [120.2926079, 22.7333317], [120.2925014, 22.7333518], [120.2924116, 22.7333644], [120.2923784, 22.733369], [120.2914767, 22.7334952], [120.2904844, 22.7336341]]}, "id": 24206203}, {"type": "Feature", "properties": {"osm_id": 24206204, "name": "大學五十街", "highway": "residential", "nodes": [262101293, 7243024932, 1080697413, 262101277, 258785817]}, "geometry": {"type": "LineString", "coordinates": [[120.2904275, 22.7344207], [120.2917335, 22.7344055], [120.2918053, 22.7344038], [120.2926308, 22.7343577], [120.2927298, 22.7343435]]}, "id": 24206204}, {"type": "Feature", "properties": {"osm_id": 24206228, "name": "甲田路", "highway": "residential", "nodes": [260130560, 3432563478, 1080696875, 1080697391, 260130558, 260130556, 3432563479, 260130555, 266739969, 266739970, 256372069]}, "geometry": {"type": "LineString", "coordinates": [[120.2931599, 22.7409268], [120.2928697, 22.7407149], [120.2925989, 22.7405512], [120.2923233, 22.7403833], [120.2919357, 22.7402024], [120.2918545, 22.7401489], [120.291798, 22.7400925], [120.2917559, 22.7400258], [120.2911793, 22.7386844], [120.2904017, 22.7371881], [120.2903145, 22.7369247]]}, "id": 24206228}, {"type": "Feature", "properties": {"osm_id": 24260750, "name": "甲昌路", "highway": "tertiary", "lanes": "2", "oneway": "yes", "turn_lanes": "slight_left|slight_right", "nodes": [262101289, 3010553466, 265591674, 7243024920, 3232581883, 7243024929, 7243024922, 3232581885, 3010553461, 258785847]}, "geometry": {"type": "LineString", "coordinates": [[120.2927803, 22.7347391], [120.2928129, 22.7348613], [120.2928807, 22.7350204], [120.2932405, 22.7358061], [120.2934605, 22.7362866], [120.2936199, 22.7366552], [120.2936322, 22.7366835], [120.2936421, 22.7367065], [120.2936751, 22.7367795], [120.2937031, 22.736919]]}, "id": 24260750}, {"type": "Feature", "properties": {"osm_id": 24260751, "name": "藍昌路", "highway": "tertiary", "oneway": "yes", "nodes": [262101274, 262101277, 7243024919, 262101284, 7243024911, 7243024912, 262101291, 7243024897, 7243024900, 7243024896, 256245347]}, "geometry": {"type": "LineString", "coordinates": [[120.292683, 22.734744], [120.2926308, 22.7343577], [120.2925801, 22.7339345], [120.2925729, 22.7338683], [120.2925115, 22.7334295], [120.292507, 22.7333941], [120.2925014, 22.7333518], [120.2924148, 22.7326884], [120.2923721, 22.7323611], [120.2923642, 22.7322944], [120.2923514, 22.7322023]]}, "id": 24260751}, {"type": "Feature", "properties": {"osm_id": 24275089, "name": "中央路", "highway": "tertiary", "oneway": "-1", "nodes": [2377741127, 1218537116, 262835686, 261697061]}, "geometry": {"type": "LineString", "coordinates": [[120.3053579, 22.7187992], [120.3052392, 22.7189035], [120.3050127, 22.7194359], [120.3054293, 22.7195972]]}, "id": 24275089}, {"type": "Feature", "properties": {"osm_id": 24275091, "name": "大學南路", "highway": "tertiary", "lanes": "2", "nodes": [1080697389, 9851577277, 7242882757, 7242882751, 333699066, 256455721, 7242882749, 7242882756, 7242885114, 7242885110, 262101330, 7242885108, 7242885111, 1080697531, 1080696911, 7242730797, 7242730796, 2601136103]}, "geometry": {"type": "LineString", "coordinates": [[120.2731899, 22.7266533], [120.2732599, 22.7266968], [120.2740038, 22.7271584], [120.2740373, 22.7271788], [120.2741138, 22.7272255], [120.2742196, 22.7272898], [120.2743082, 22.7273446], [120.2743374, 22.7273626], [120.2759393, 22.7283528], [120.2759666, 22.7283697], [120.2760579, 22.7284261], [120.2761637, 22.7284906], [120.2761922, 22.728508], [120.2765286, 22.7287131], [120.277347, 22.7292297], [120.2779395, 22.7295932], [120.2779651, 22.7296089], [120.2780815, 22.7296803]]}, "id": 24275091}, {"type": "Feature", "properties": {"osm_id": 24275640, "name": "高雄大學路", "highway": "tertiary", "oneway": "yes", "nodes": [1080696836, 262835712, 256372070, 7242730727, 7243024983, 7242730713, 343046226, 7242730717, 1080697217, 262840684, 262840686, 7242730699, 4660094180, 1080696942]}, "geometry": {"type": "LineString", "coordinates": [[120.284485, 22.7323527], [120.284395, 22.7321828], [120.2843957, 22.7321091], [120.284393, 22.7319994], [120.2844047, 22.730165], [120.2844051, 22.7301057], [120.2844056, 22.7300296], [120.2844038, 22.7299638], [120.2843826, 22.7292013], [120.2843818, 22.7288951], [120.2844245, 22.7285972], [120.2844362, 22.7285429], [120.2844531, 22.7284855], [120.2844734, 22.7284247]]}, "id": 24275640}, {"type": "Feature", "properties": {"osm_id": 24275642, "name": "高雄大學路", "highway": "tertiary", "oneway": "yes", "nodes": [262840698, 262841211]}, "geometry": {"type": "LineString", "coordinates": [[120.286367, 22.7232331], [120.2863242, 22.7233546]]}, "id": 24275642}, {"type": "Feature", "properties": {"osm_id": 24275643, "highway": "residential", "oneway": "yes", "nodes": [262840707, 2080194760, 262840711]}, "geometry": {"type": "LineString", "coordinates": [[120.2844613, 22.7331478], [120.2844634, 22.7330636], [120.2844775, 22.7325198]]}, "id": 24275643}, {"type": "Feature", "properties": {"osm_id": 24275644, "name": "高雄大學路", "highway": "tertiary", "oneway": "yes", "motorcycle": "no", "nodes": [262840838, 262840839, 7242730681, 7243024787, 4309157399, 291592362, 4309157441, 7243004778, 1080697204, 7242730705, 7242730697, 262840842]}, "geometry": {"type": "LineString", "coordinates": [[120.2862781, 22.7231992], [120.2862323, 22.7233195], [120.2861903, 22.7234349], [120.2856295, 22.7254802], [120.2856081, 22.7255601], [120.28558, 22.7256557], [120.285562, 22.7257232], [120.2851771, 22.7271214], [120.285148, 22.727227], [120.2849048, 22.7280577], [120.2848922, 22.7281009], [120.2848232, 22.7282806]]}, "id": 24275644}, {"type": "Feature", "properties": {"osm_id": 24275646, "highway": "residential", "oneway": "yes", "nodes": [262840943, 2080195046, 262840934]}, "geometry": {"type": "LineString", "coordinates": [[120.2847057, 22.7325319], [120.2846594, 22.7330712], [120.2846517, 22.733157]]}, "id": 24275646}, {"type": "Feature", "properties": {"osm_id": 24275647, "name": "高雄大學路", "highway": "tertiary", "oneway": "yes", "motorcycle": "no", "nodes": [262840711, 7242730745, 1080696836, 262840726]}, "geometry": {"type": "LineString", "coordinates": [[120.2844775, 22.7325198], [120.2844811, 22.7324397], [120.284485, 22.7323527], [120.2845005, 22.7321864]]}, "id": 24275647}, {"type": "Feature", "properties": {"osm_id": 24275649, "name": "瑞仁路76巷", "highway": "residential", "nodes": [262840947, 1401138399]}, "geometry": {"type": "LineString", "coordinates": [[120.3128162, 22.7231798], [120.312438, 22.7239685]]}, "id": 24275649}, {"type": "Feature", "properties": {"osm_id": 24275650, "name": "德民路", "highway": "tertiary", "oneway": "yes", "nodes": [895427279, 1400036499, 12599118972, 12599118965, 3666011747, 8189251397, 3666011752, 8189251390, 8189251413, 8189251403, 1400036075, 8189251409, 12599118959, 2386015762, 12599118951, 7477787915, 5481843042, 1400036229]}, "geometry": {"type": "LineString", "coordinates": [[120.3199479, 22.7332803], [120.3197295, 22.7331744], [120.3196492, 22.7331225], [120.3187003, 22.7325092], [120.3186649, 22.7324863], [120.3179543, 22.7320307], [120.3179309, 22.7320157], [120.3177869, 22.7319236], [120.3171496, 22.731516], [120.3171255, 22.7315006], [120.3170216, 22.7314341], [120.3169082, 22.7313608], [120.3160608, 22.7308132], [120.3158641, 22.7306861], [120.3157874, 22.7306381], [120.3144881, 22.7298258], [120.3144358, 22.7297931], [120.3143969, 22.7297688]]}, "id": 24275650}, {"type": "Feature", "properties": {"osm_id": 24275651, "highway": "residential", "nodes": [1398635599, 1400036679, 1400036159]}, "geometry": {"type": "LineString", "coordinates": [[120.2927395, 22.7209382], [120.2927185, 22.721192], [120.2926889, 22.7216212]]}, "id": 24275651}, {"type": "Feature", "properties": {"osm_id": 24288217, "name": "後昌新路", "highway": "tertiary", "oneway": "yes", "nodes": [256455746, 1398634371, 4309157648, 12468600353, 12468600365, 2417585442, 2417585444, 13056406567, 2417585446, 1398634324]}, "geometry": {"type": "LineString", "coordinates": [[120.2909648, 22.7216039], [120.2909828, 22.7215395], [120.2910221, 22.7213985], [120.2910927, 22.7211453], [120.2911002, 22.7211185], [120.2911166, 22.7210596], [120.2912276, 22.7206496], [120.2912638, 22.7205214], [120.29155, 22.719506], [120.2916171, 22.7192655]]}, "id": 24288217}, {"type": "Feature", "properties": {"osm_id": 24288218, "name": "後昌路", "highway": "tertiary", "oneway": "yes", "maxspeed": "50", "nodes": [262995680, 12468992691, 9608371289, 262995681, 4309157507, 262995682, 2375698002, 262995684, 4309157643, 262995685, 262995686, 12828470056, 1219300744, 13134650864, 9044636276, 13134650860, 1219300661, 1219300701, 2379048061, 13134650856, 1219300602, 262995687, 13134650854, 1219300678, 1219300786, 1219300363, 2417585481, 13134650844, 1219300428, 2379038399, 1219300546, 1219300510, 13134650840, 262995688, 2417585471, 262995691, 13134650836, 2417585464, 2841948553, 256245260]}, "geometry": {"type": "LineString", "coordinates": [[120.3023753, 22.7078356], [120.3025438, 22.7078395], [120.3029479, 22.7078487], [120.3055572, 22.7079083], [120.3056823, 22.7079217], [120.3058067, 22.7079859], [120.3068626, 22.7086174], [120.3072041, 22.7088216], [120.3072872, 22.7088818], [120.307358, 22.708982], [120.3074261, 22.7091729], [120.307992, 22.710911], [120.3083838, 22.7121228], [120.3084778, 22.7123878], [120.30864, 22.712845], [120.30877, 22.7132116], [120.3090952, 22.714129], [120.3091348, 22.7142505], [120.3092138, 22.7144925], [120.3092256, 22.7145269], [120.3092955, 22.7147298], [120.3093244, 22.7148173], [120.309347, 22.714882], [120.3094575, 22.715199], [120.3095409, 22.7154469], [120.3096049, 22.715637], [120.309655, 22.7157858], [120.3096743, 22.7158432], [120.3098004, 22.7162178], [120.3099836, 22.7167697], [120.3100647, 22.7170139], [120.3101714, 22.7173391], [120.3102362, 22.717556], [120.310277, 22.7176926], [120.3103127, 22.717812], [120.3104539, 22.7182313], [120.310469, 22.7182756], [120.3106228, 22.7187252], [120.3106727, 22.7188578], [120.3106363, 22.7189992]]}, "id": 24288218}, {"type": "Feature", "properties": {"osm_id": 24436711, "name": "楠梓路", "highway": "tertiary", "oneway": "yes", "nodes": [265591741, 1400036292, 2264502072, 2264502064, 1932046244]}, "geometry": {"type": "LineString", "coordinates": [[120.3254573, 22.7363101], [120.3256499, 22.7360576], [120.3259661, 22.7355817], [120.3264529, 22.7349299], [120.327267, 22.7338624]]}, "id": 24436711}, {"type": "Feature", "properties": {"osm_id": 24436713, "name": "土庫一路", "highway": "unclassified", "oneway": "yes", "nodes": [265591750, 280277447, 265591751, 8806916629, 1400036250, 1400036349, 12650180440, 12954233418]}, "geometry": {"type": "LineString", "coordinates": [[120.3329652, 22.7353114], [120.3328598, 22.7353815], [120.3327115, 22.7354584], [120.3326447, 22.7354825], [120.3324214, 22.7355699], [120.3317059, 22.7358086], [120.3316242, 22.7358359], [120.3314581, 22.7358913]]}, "id": 24436713}, {"type": "Feature", "properties": {"osm_id": 24437400, "name": "宏毅一路", "highway": "residential", "nodes": [4309157681, 13068073863, 13068073866, 5224378344, 13056406641, 5832570725, 4309157656, 1372607253, 4586456371, 2188495519, 2188495513, 2188495502, 265599472, 265599506, 265599525, 265599527, 2402042663, 265599529, 265599532, 265599535, 265599537, 265599539, 265599547, 265599552, 2188495479, 5832570726, 5208250233, 295692588, 265599564]}, "geometry": {"type": "LineString", "coordinates": [[120.2999637, 22.7078949], [120.2999614, 22.7077864], [120.2999606, 22.7077361], [120.2999598, 22.7076858], [120.2999614, 22.7076684], [120.2999677, 22.7076026], [120.2999709, 22.7075693], [120.3000221, 22.7074106], [120.3000443, 22.7073528], [120.3001612, 22.707048], [120.3003017, 22.7066818], [120.3005045, 22.7061533], [120.3005914, 22.7059266], [120.300151, 22.7057764], [120.3003532, 22.7051859], [120.3005066, 22.7047661], [120.3005236, 22.7047346], [120.3006349, 22.7046204], [120.3007904, 22.7044848], [120.3008458, 22.7043887], [120.3008584, 22.7042956], [120.300901, 22.7042425], [120.3010842, 22.7040638], [120.3011922, 22.7040083], [120.3019958, 22.7040501], [120.3021844, 22.704059], [120.3023026, 22.7040645], [120.3023768, 22.7040666], [120.3025028, 22.7040718]]}, "id": 24437400}, {"type": "Feature", "properties": {"osm_id": 24437401, "highway": "residential", "nodes": [2375698002, 2375698003, 2375698005]}, "geometry": {"type": "LineString", "coordinates": [[120.3068626, 22.7086174], [120.3067882, 22.7087317], [120.3067497, 22.7087907]]}, "id": 24437401}, {"type": "Feature", "properties": {"osm_id": 24437403, "name": "宏毅二路北四巷", "highway": "residential", "nodes": [265599571, 265599573, 1219300483, 1219300372, 1219300370, 1219300443]}, "geometry": {"type": "LineString", "coordinates": [[120.303936, 22.7152304], [120.3040689, 22.7156786], [120.3051411, 22.7160249], [120.3063633, 22.7164851], [120.306932, 22.7166978], [120.3075668, 22.7169624]]}, "id": 24437403}, {"type": "Feature", "properties": {"osm_id": 24437404, "highway": "residential", "nodes": [265599584, 1219300741, 265599575, 1219300423, 1219300716, 1218537232, 1219300448, 2375698109, 265599589]}, "geometry": {"type": "LineString", "coordinates": [[120.3098624, 22.71714], [120.3097827, 22.7173245], [120.3096048, 22.7177103], [120.3094256, 22.7181293], [120.3092755, 22.7184802], [120.3091208, 22.718842], [120.3089793, 22.7191837], [120.3089686, 22.7192095], [120.3089414, 22.7192692]]}, "id": 24437404}, {"type": "Feature", "properties": {"osm_id": 24437405, "name": "聖雲街", "highway": "residential", "nodes": [1219300742, 265599591, 2398130725, 1219300450, 2398130726, 262085839, 1219300391, 2399967574, 2399967577, 2399967576, 265599593, 265599614, 1219300427, 265599595, 1219300629, 265599597, 2399967588, 265599599]}, "geometry": {"type": "LineString", "coordinates": [[120.3159429, 22.7150081], [120.3159002, 22.7150574], [120.3154977, 22.7154536], [120.3154132, 22.7155368], [120.3152385, 22.7157023], [120.31495, 22.7159757], [120.3146588, 22.716262], [120.314627, 22.7162872], [120.3145679, 22.7163354], [120.3144884, 22.7163877], [120.3143356, 22.7164726], [120.3140411, 22.7166254], [120.3139231, 22.7167001], [120.3135308, 22.7168875], [120.3133021, 22.717], [120.3130574, 22.7171192], [120.3126859, 22.7172409], [120.3125724, 22.7172702]]}, "id": 24437405}, {"type": "Feature", "properties": {"osm_id": 24437406, "name": "錦屏街", "highway": "residential", "nodes": [4620939355, 1219300481, 265599602, 265599606, 1219300759, 1219300656, 265599608, 1219300521, 265599610, 1219300399]}, "geometry": {"type": "LineString", "coordinates": [[120.3133661, 22.715724], [120.3133012, 22.7156746], [120.3130808, 22.7154701], [120.3129298, 22.715313], [120.3128981, 22.7152624], [120.312741, 22.7149953], [120.3125881, 22.7147665], [120.3125577, 22.7147092], [120.3122173, 22.7138289], [120.3121988, 22.7137688]]}, "id": 24437406}, {"type": "Feature", "properties": {"osm_id": 24437407, "name": "後勁南路94巷", "highway": "residential", "nodes": [4620939356, 1219300598]}, "geometry": {"type": "LineString", "coordinates": [[120.313309, 22.7157737], [120.3137942, 22.7162583]]}, "id": 24437407}, {"type": "Feature", "properties": {"osm_id": 24437408, "name": "後勁南路35巷", "highway": "residential", "nodes": [1219300748, 9044636280, 1219300661, 2417585487]}, "geometry": {"type": "LineString", "coordinates": [[120.3119836, 22.713086], [120.3107525, 22.7135491], [120.3090952, 22.714129], [120.3089846, 22.7141615]]}, "id": 24437408}, {"type": "Feature", "properties": {"osm_id": 24451060, "name": "海專路", "highway": "tertiary", "lanes": "2", "oneway": "yes", "maxspeed": "50", "nodes": [262092601, 265748808]}, "geometry": {"type": "LineString", "coordinates": [[120.3173543, 22.7226934], [120.317269, 22.7228563]]}, "id": 24451060}, {"type": "Feature", "properties": {"osm_id": 24465736, "name": "加昌路", "highway": "residential", "nodes": [265968306, 1398634213, 1398635320, 265968309, 4315390638, 265968338, 1398635372, 13056406517, 13056406520, 265968352]}, "geometry": {"type": "LineString", "coordinates": [[120.2896534, 22.7128981], [120.2900624, 22.7129249], [120.29044, 22.7129604], [120.2907911, 22.7129969], [120.291028, 22.7130275], [120.2911066, 22.7130391], [120.291165, 22.7130468], [120.2912516, 22.7130629], [120.2913187, 22.7130806], [120.2913897, 22.7131066]]}, "id": 24465736}, {"type": "Feature", "properties": {"osm_id": 24465740, "name": "東昌街", "highway": "residential", "oneway": "no", "nodes": [2384936110, 1398634331, 4309151575, 1398635703]}, "geometry": {"type": "LineString", "coordinates": [[120.2890077, 22.7231551], [120.2892428, 22.7226587], [120.2894571, 22.7221999], [120.2894846, 22.7221415]]}, "id": 24465740}, {"type": "Feature", "properties": {"osm_id": 24465741, "name": "藍昌路", "highway": "residential", "oneway": "yes", "nodes": [1398634371, 4309157493, 4309157437, 265968406]}, "geometry": {"type": "LineString", "coordinates": [[120.2909828, 22.7215395], [120.2909523, 22.7213909], [120.2907201, 22.7198458], [120.2906947, 22.7197185]]}, "id": 24465741}, {"type": "Feature", "properties": {"osm_id": 24465742, "name": "裕昌街", "highway": "residential", "nodes": [265968409, 1398635561, 1398634338, 1398634244, 265968414, 2380808013, 1398635740, 1398635382, 265968424, 265968411]}, "geometry": {"type": "LineString", "coordinates": [[120.2905513, 22.7186519], [120.290028, 22.7183183], [120.2896807, 22.7180968], [120.289465, 22.7179593], [120.2888989, 22.7175981], [120.2883717, 22.7172622], [120.2881505, 22.7171212], [120.2877929, 22.7168932], [120.2875277, 22.7167241], [120.2874272, 22.71666]]}, "id": 24465742}, {"type": "Feature", "properties": {"osm_id": 24465744, "name": "後昌路", "highway": "primary", "oneway": "yes", "nodes": [13056406559, 13056406558]}, "geometry": {"type": "LineString", "coordinates": [[120.2921037, 22.7180968], [120.2919746, 22.7181039]]}, "id": 24465744}, {"type": "Feature", "properties": {"osm_id": 24465748, "name": "德中路", "highway": "primary", "lanes": "2", "oneway": "yes", "maxspeed": "60", "nodes": [262101347, 7242882772, 7242882768, 1080697120, 1080697065, 7242882759, 7242882754, 333699066, 7242882755, 7242882744, 4315402342, 1080697141, 4315402383, 7242882736, 4309157460, 1080697457, 588290641, 4309157426, 8420604124, 2206324453, 9853009747, 7242885126, 4309157645, 3006170855, 588290639, 588290637, 588290635, 4615786626]}, "geometry": {"type": "LineString", "coordinates": [[120.2714504, 22.7307812], [120.271488, 22.730742], [120.2729593, 22.7287654], [120.2730123, 22.7286958], [120.2735696, 22.7279513], [120.2740144, 22.727358], [120.2740492, 22.7273117], [120.2741138, 22.7272255], [120.2741996, 22.7271111], [120.2751586, 22.725832], [120.2751843, 22.7257978], [120.2752557, 22.7257026], [120.2752789, 22.7256716], [120.2756481, 22.7251791], [120.2756954, 22.7251141], [120.2757808, 22.7249985], [120.2758357, 22.7249245], [120.2759331, 22.7247963], [120.2760852, 22.7245962], [120.2762894, 22.7243239], [120.2764649, 22.7240991], [120.2766171, 22.7239043], [120.2767105, 22.7237848], [120.277036, 22.7233681], [120.2770791, 22.7233041], [120.2771596, 22.7231435], [120.2772116, 22.7230219], [120.2772661, 22.7229166]]}, "id": 24465748}, {"type": "Feature", "properties": {"osm_id": 24465749, "name": "右昌街", "highway": "primary", "lanes": "2", "oneway": "yes", "maxspeed": "60", "nodes": [588290656, 1398635186, 1398635659]}, "geometry": {"type": "LineString", "coordinates": [[120.2822806, 22.7199083], [120.2823922, 22.7198395], [120.2833547, 22.7192108]]}, "id": 24465749}, {"type": "Feature", "properties": {"osm_id": 24466079, "name": "大學二十七街", "highway": "residential", "nodes": [265972836, 4079445221, 265972853, 265972855, 265972857, 265972858, 265972859, 4079445220, 4615786612, 7243024998, 5375267627, 265972860, 1080697249]}, "geometry": {"type": "LineString", "coordinates": [[120.2813223, 22.7247795], [120.2810367, 22.7242271], [120.2809808, 22.724092], [120.2808923, 22.7236756], [120.2808566, 22.7233569], [120.2808654, 22.7232329], [120.2808853, 22.7230952], [120.2809596, 22.7227978], [120.2809889, 22.7227273], [120.2814405, 22.721642], [120.2814562, 22.7216079], [120.2814825, 22.721541], [120.2815278, 22.7214286]]}, "id": 24466079}, {"type": "Feature", "properties": {"osm_id": 24533084, "name": "旗楠路", "highway": "primary", "lanes": "2", "oneway": "yes", "maxspeed": "60", "nodes": [266750977, 1451069281, 2264426894, 2264426898, 10941309890, 266750999]}, "geometry": {"type": "LineString", "coordinates": [[120.334998, 22.7376086], [120.3356499, 22.7383874], [120.3358972, 22.7386701], [120.3362875, 22.7391189], [120.3364793, 22.7393587], [120.3367507, 22.739698]]}, "id": 24533084}, {"type": "Feature", "properties": {"osm_id": 24745081, "name": "後勁東路", "highway": "residential", "nodes": [268926633, 1219300549, 1219300470, 268926634, 268926635]}, "geometry": {"type": "LineString", "coordinates": [[120.3178203, 22.7191585], [120.3175313, 22.7187173], [120.3171527, 22.7182219], [120.3170615, 22.7180223], [120.3170439, 22.717918]]}, "id": 24745081}, {"type": "Feature", "properties": {"osm_id": 25303524, "name": "鳳仁路", "highway": "secondary", "lanes": "3", "oneway": "yes", "motorcycle": "no", "nodes": [1451068543, 2261344227, 1451068315, 12599114561, 1451068719, 1451068898, 12599114556, 1451069354, 1451068066, 12954233394, 12598764119, 4971940858, 1451069439, 12598764132, 1451068901, 12598764128, 1451069090, 12954233389, 295683190, 11478764374, 12954233380, 273103075, 11478682665, 10642686303, 2210833508, 12969294983, 12969294978, 11929087516, 1451068903, 12969294970, 12969294987]}, "geometry": {"type": "LineString", "coordinates": [[120.3326349, 22.720416], [120.3328139, 22.720255], [120.3347112, 22.7174983], [120.3348436, 22.7173059], [120.3354502, 22.7164244], [120.3362569, 22.7152524], [120.3362857, 22.7152105], [120.3368457, 22.7143968], [120.3371794, 22.7139118], [120.3377573, 22.7130777], [120.3377848, 22.713038], [120.3378721, 22.7129119], [120.3379277, 22.7128317], [120.3399203, 22.7095933], [120.3400247, 22.7094235], [120.3400508, 22.7093812], [120.3406695, 22.7083795], [120.3407113, 22.7083117], [120.3420303, 22.7061745], [120.3420944, 22.7060706], [120.3421758, 22.7059562], [120.3422499, 22.7058414], [120.3423379, 22.7056995], [120.3426882, 22.7051466], [120.3437937, 22.7033938], [120.3439145, 22.7032024], [120.344036, 22.7030002], [120.3446015, 22.7020588], [120.3451034, 22.7012234], [120.3451248, 22.7011878], [120.345201, 22.7010609]]}, "id": 25303524}, {"type": "Feature", "properties": {"osm_id": 25706464, "name": "旗楠路", "highway": "primary", "oneway": "yes", "motorcycle": "no", "nodes": [280277330, 8806916633, 8806916620, 280277447, 1451069359, 1400036165, 1400036862]}, "geometry": {"type": "LineString", "coordinates": [[120.3340505, 22.7368619], [120.3329055, 22.7354383], [120.3328895, 22.7354184], [120.3328598, 22.7353815], [120.3328124, 22.7353223], [120.3327506, 22.735245], [120.3326825, 22.73516]]}, "id": 25706464}, {"type": "Feature", "properties": {"osm_id": 25706465, "name": "旗楠路", "highway": "primary", "oneway": "yes", "nodes": [1932046238, 7947276848, 2261377024, 7947276862, 280277366, 2388052208, 2985497854, 280277345, 11013305178, 11013305176, 2985906111, 1196965148]}, "geometry": {"type": "LineString", "coordinates": [[120.3310795, 22.7333564], [120.3305089, 22.7327338], [120.3301627, 22.7323587], [120.3300554, 22.7322418], [120.3300129, 22.7321957], [120.3298522, 22.7320304], [120.3296532, 22.7318603], [120.3294495, 22.7316714], [120.3293145, 22.7315763], [120.3291167, 22.7314433], [120.3288655, 22.731302], [120.32857, 22.7311485]]}, "id": 25706465}, {"type": "Feature", "properties": {"osm_id": 25706466, "name": "旗楠路", "highway": "primary", "oneway": "yes", "motorcycle": "yes", "nodes": [280277330, 2985499532, 280277334, 8806916642, 8806916643, 8806916632, 8806916619, 265591751, 1400036531, 1400036869, 1400036190, 8806916627, 3009902048, 8198448992, 3009902050, 10254965366, 1932046238]}, "geometry": {"type": "LineString", "coordinates": [[120.3340505, 22.7368619], [120.3338441, 22.7366861], [120.3337395, 22.7365887], [120.3334789, 22.7363105], [120.3332742, 22.7361544], [120.3327806, 22.7355364], [120.3327612, 22.7355082], [120.3327115, 22.7354584], [120.3326595, 22.7353696], [120.3326275, 22.735312], [120.3325906, 22.7352261], [120.3325567, 22.7351696], [120.3320925, 22.7346203], [120.3319747, 22.734494], [120.3318571, 22.7343728], [120.3310828, 22.7335231], [120.3310795, 22.7333564]]}, "id": 25706466}, {"type": "Feature", "properties": {"osm_id": 25706467, "name": "旗楠路", "highway": "primary", "oneway": "yes", "nodes": [295683209, 265591745]}, "geometry": {"type": "LineString", "coordinates": [[120.3276296, 22.73059], [120.328504, 22.7310385]]}, "id": 25706467}, {"type": "Feature", "properties": {"osm_id": 25724899, "name": "楠梓新路", "highway": "primary", "lanes": "1", "oneway": "no", "maxspeed": "40", "motorcycle": "yes", "nodes": [257742649, 280507546, 1196964722]}, "geometry": {"type": "LineString", "coordinates": [[120.3241111, 22.7252726], [120.3237867, 22.7247405], [120.3237032, 22.7246024]]}, "id": 25724899}, {"type": "Feature", "properties": {"osm_id": 25724900, "name": "楠梓新路", "highway": "primary", "nodes": [257742648, 2261344356, 2261344323, 11013479601, 2261344294, 12599118908, 257742649]}, "geometry": {"type": "LineString", "coordinates": [[120.32518, 22.7269746], [120.3250329, 22.7267206], [120.3246492, 22.7261233], [120.3245561, 22.7259769], [120.3242883, 22.7255464], [120.3241779, 22.7253759], [120.3241111, 22.7252726]]}, "id": 25724900}, {"type": "Feature", "properties": {"osm_id": 25724902, "name": "加昌路", "highway": "residential", "lanes": "2", "oneway": "yes", "nodes": [280507521, 1196964483, 2261344338, 257742643, 2969719129, 257742642, 533725101, 2969719131, 280507432, 2969719234, 2969719132, 2969719233, 533725102, 257742641, 2387399896]}, "geometry": {"type": "LineString", "coordinates": [[120.3214105, 22.7274405], [120.3213855, 22.7271438], [120.3216208, 22.7262844], [120.3217815, 22.725778], [120.3217961, 22.7257244], [120.3218246, 22.7256062], [120.3218357, 22.7255208], [120.321834, 22.7254795], [120.3218157, 22.7254176], [120.3217974, 22.7253651], [120.321775, 22.7253201], [120.3217526, 22.7252807], [120.3217222, 22.7252413], [120.3216086, 22.7251557], [120.3212741, 22.7249518]]}, "id": 25724902}, {"type": "Feature", "properties": {"osm_id": 25724906, "name": "高楠公路", "highway": "primary", "lanes": "3", "oneway": "yes", "nodes": [1196964918, 280507636]}, "geometry": {"type": "LineString", "coordinates": [[120.3216431, 22.7273165], [120.3215735, 22.7276632]]}, "id": 25724906}, {"type": "Feature", "properties": {"osm_id": 25724911, "name": "興楠路", "highway": "tertiary", "oneway": "yes", "nodes": [759519743, 302211441, 12556231022, 12598724597, 2264426822]}, "geometry": {"type": "LineString", "coordinates": [[120.3405296, 22.7319149], [120.3403554, 22.73194], [120.3403094, 22.7319328], [120.3394817, 22.731804], [120.339334, 22.731781]]}, "id": 25724911}, {"type": "Feature", "properties": {"osm_id": 25724912, "name": "中山高速公路", "highway": "motorway", "oneway": "yes", "maxspeed": "110", "bridge": "yes", "layer": "1", "nodes": [280507641, 1451069694]}, "geometry": {"type": "LineString", "coordinates": [[120.3343741, 22.737381], [120.3343677, 22.7367017]]}, "id": 25724912}, {"type": "Feature", "properties": {"osm_id": 25724914, "name": "中山高速公路", "highway": "motorway", "lanes": "3", "oneway": "yes", "maxspeed": "110", "nodes": [280507640, 59867130, 302211601]}, "geometry": {"type": "LineString", "coordinates": [[120.3343248, 22.7356301], [120.3341689, 22.7322601], [120.3341267, 22.7311258]]}, "id": 25724914}, {"type": "Feature", "properties": {"osm_id": 26391699, "name": "內環東路", "highway": "unclassified", "oneway": "no", "nodes": [1218537138, 1218537122, 1218537239, 1218537164, 1218537149, 1218537192, 1218537217]}, "geometry": {"type": "LineString", "coordinates": [[120.3102857, 22.7262387], [120.3104257, 22.7259485], [120.3106587, 22.7254654], [120.3105899, 22.7253046], [120.3104908, 22.7250802], [120.310641, 22.7246816], [120.3109123, 22.724024]]}, "id": 26391699}, {"type": "Feature", "properties": {"osm_id": 26391700, "name": "中央路", "highway": "tertiary", "oneway": "yes", "nodes": [289126110, 289126083, 289126130, 289126090, 289126151, 289126100, 1218537273, 289125905]}, "geometry": {"type": "LineString", "coordinates": [[120.3044277, 22.7218621], [120.3043791, 22.7218359], [120.3043342, 22.7217977], [120.3043063, 22.7217619], [120.3042777, 22.7216997], [120.3042684, 22.7216248], [120.3042775, 22.7215691], [120.3042941, 22.7215273]]}, "id": 26391700}, {"type": "Feature", "properties": {"osm_id": 26391703, "name": "中央路", "highway": "tertiary", "lanes": "2", "oneway": "no", "nodes": [2432032115, 2432025253, 1218537312, 1218537354]}, "geometry": {"type": "LineString", "coordinates": [[120.3038363, 22.7232327], [120.3037362, 22.7234577], [120.3034325, 22.7241585], [120.3033525, 22.7243349]]}, "id": 26391703}, {"type": "Feature", "properties": {"osm_id": 26391706, "name": "開發路", "highway": "tertiary", "lanes": "2", "oneway": "no", "nodes": [1218537236, 1218537313, 1218537244]}, "geometry": {"type": "LineString", "coordinates": [[120.306876, 22.7224967], [120.3080816, 22.7229415], [120.3092992, 22.7233933]]}, "id": 26391706}, {"type": "Feature", "properties": {"osm_id": 26391709, "name": "瑞昌街", "highway": "residential", "nodes": [1401138218, 289126236, 289126261]}, "geometry": {"type": "LineString", "coordinates": [[120.3131185, 22.7217029], [120.3123449, 22.7214047], [120.3111996, 22.7209832]]}, "id": 26391709}, {"type": "Feature", "properties": {"osm_id": 26552495, "name": "中正路", "highway": "residential", "nodes": [291010346, 1397382566, 1397382977]}, "geometry": {"type": "LineString", "coordinates": [[120.2612739, 22.7238932], [120.2611228, 22.7240312], [120.2610948, 22.7240532]]}, "id": 26552495}, {"type": "Feature", "properties": {"osm_id": 26977335, "name": "楠梓新路", "highway": "primary", "oneway": "yes", "nodes": [257742648, 302211504]}, "geometry": {"type": "LineString", "coordinates": [[120.32518, 22.7269746], [120.3253105, 22.7270397]]}, "id": 26977335}, {"type": "Feature", "properties": {"osm_id": 26977345, "name": "建楠路120巷", "highway": "residential", "nodes": [295682987, 302211502, 2261344391, 2261344427]}, "geometry": {"type": "LineString", "coordinates": [[120.3273413, 22.7268811], [120.3273631, 22.7269429], [120.3275585, 22.7273157], [120.3278506, 22.7278766]]}, "id": 26977345}, {"type": "Feature", "properties": {"osm_id": 26978274, "name": "左楠路", "highway": "primary", "oneway": "yes", "maxspeed": "60", "nodes": [295692586, 295692587]}, "geometry": {"type": "LineString", "coordinates": [[120.3022695, 22.7079426], [120.3022716, 22.7078322]]}, "id": 26978274}, {"type": "Feature", "properties": {"osm_id": 26978276, "name": "左楠路", "highway": "primary", "oneway": "yes", "maxspeed": "60", "nodes": [258769881, 2225667975, 2225667984, 2399424077, 7299115844, 7299115843, 453417799]}, "geometry": {"type": "LineString", "coordinates": [[120.3027913, 22.6990249], [120.3027037, 22.6992756], [120.3026734, 22.6994806], [120.3026397, 22.6997498], [120.3026271, 22.7006992], [120.3026262, 22.7007277], [120.3026195, 22.700893]]}, "id": 26978276}, {"type": "Feature", "properties": {"osm_id": 27527294, "name": "建楠路", "highway": "tertiary", "oneway": "yes", "nodes": [12598724579, 12556630815, 2261344401]}, "geometry": {"type": "LineString", "coordinates": [[120.3292474, 22.726852], [120.3292758, 22.7268927], [120.3296225, 22.7274299]]}, "id": 27527294}, {"type": "Feature", "properties": {"osm_id": 27527295, "name": "鳳楠路", "highway": "residential", "oneway": "yes", "nodes": [302211366, 12598724577]}, "geometry": {"type": "LineString", "coordinates": [[120.3291279, 22.7268523], [120.3291276, 22.7267865]]}, "id": 27527295}, {"type": "Feature", "properties": {"osm_id": 27527298, "name": "建楠路", "highway": "tertiary", "oneway": "yes", "nodes": [302211366, 12556630807, 2261344360, 2401078509, 2261344371, 2261344372, 302211502, 2261344375, 2261344379, 11013518360, 302211504]}, "geometry": {"type": "LineString", "coordinates": [[120.3291279, 22.7268523], [120.3289818, 22.726859], [120.3287424, 22.7268699], [120.3285621, 22.72688], [120.3281483, 22.7269035], [120.3279967, 22.7269074], [120.3273631, 22.7269429], [120.3270673, 22.7269502], [120.3265089, 22.7269659], [120.3259121, 22.7270014], [120.3253105, 22.7270397]]}, "id": 27527298}, {"type": "Feature", "properties": {"osm_id": 27527299, "name": "中山高速公路", "highway": "motorway", "oneway": "yes", "maxspeed": "110", "nodes": [302211600, 59867131, 1451068439, 1451069423, 1451068874]}, "geometry": {"type": "LineString", "coordinates": [[120.334042, 22.7298209], [120.3339846, 22.7290607], [120.3338667, 22.7281673], [120.3335213, 22.7261826], [120.3333154, 22.7252157]]}, "id": 27527299}, {"type": "Feature", "properties": {"osm_id": 27527302, "name": "中山高速公路", "highway": "motorway", "oneway": "yes", "maxspeed": "110", "bridge": "yes", "layer": "1", "nodes": [302211601, 302211600]}, "geometry": {"type": "LineString", "coordinates": [[120.3341267, 22.7311258], [120.334042, 22.7298209]]}, "id": 27527302}, {"type": "Feature", "properties": {"osm_id": 27527304, "name": "惠民機車地下道", "highway": "unclassified", "oneway": "yes", "maxspeed": "20", "motorcycle": "yes", "nodes": [302211616, 2984757044, 302211615, 4425215264, 302211614]}, "geometry": {"type": "LineString", "coordinates": [[120.324039, 22.7307406], [120.3241518, 22.7306164], [120.3243039, 22.730487], [120.3247835, 22.7301715], [120.3249874, 22.7300603]]}, "id": 27527304}, {"type": "Feature", "properties": {"osm_id": 27527305, "name": "惠民機車地下道", "highway": "unclassified", "oneway": "yes", "maxspeed": "20", "layer": "-1", "motorcycle": "yes", "nodes": [302211614, 302211659]}, "geometry": {"type": "LineString", "coordinates": [[120.3249874, 22.7300603], [120.3253556, 22.7298749]]}, "id": 27527305}, {"type": "Feature", "properties": {"osm_id": 27527306, "name": "惠民捷道機車專用", "highway": "unclassified", "nodes": [2261344271, 2261344280, 4425215236, 2261344291, 2261344368, 2261344378, 2261344384, 2261344385, 4425215253]}, "geometry": {"type": "LineString", "coordinates": [[120.3326358, 22.7252131], [120.3326471, 22.7253525], [120.3326525, 22.7254342], [120.3326324, 22.7255306], [120.3315924, 22.726938], [120.3315018, 22.7270224], [120.3313637, 22.7271103], [120.3312598, 22.7271364], [120.3304552, 22.7272758]]}, "id": 27527306}, {"type": "Feature", "properties": {"osm_id": 27527308, "highway": "unclassified", "nodes": [302211616, 1196964698]}, "geometry": {"type": "LineString", "coordinates": [[120.324039, 22.7307406], [120.3236902, 22.7306482]]}, "id": 27527308}, {"type": "Feature", "properties": {"osm_id": 27749776, "name": "智群路", "highway": "residential", "nodes": [1400036116, 1400036454]}, "geometry": {"type": "LineString", "coordinates": [[120.2993896, 22.7203516], [120.2993161, 22.7203287]]}, "id": 27749776}, {"type": "Feature", "properties": {"osm_id": 27989543, "name": "中山高速公路", "highway": "motorway", "oneway": "yes", "maxspeed": "110", "bridge": "yes", "layer": "1", "nodes": [307352113, 307352116]}, "geometry": {"type": "LineString", "coordinates": [[120.3323743, 22.721348], [120.3322292, 22.7207171]]}, "id": 27989543}, {"type": "Feature", "properties": {"osm_id": 27989544, "name": "中山高速公路", "highway": "motorway", "lanes": "2", "oneway": "yes", "maxspeed": "110", "nodes": [307352116, 7716138138]}, "geometry": {"type": "LineString", "coordinates": [[120.3322292, 22.7207171], [120.3314017, 22.7173036]]}, "id": 27989544}, {"type": "Feature", "properties": {"osm_id": 28526260, "name": "翠華路", "highway": "primary", "lanes": "2", "oneway": "yes", "maxspeed": "60", "motorcycle": "no", "nodes": [295692598, 295692602, 295692606, 295692610, 295692614, 295692629, 7644002637, 2225667909, 295692635, 2225667878, 4643446180, 295692641, 295692653, 295692656, 2225667845, 1389952546, 7253300509, 7253300507, 1389952802, 2417777853]}, "geometry": {"type": "LineString", "coordinates": [[120.3025171, 22.6994391], [120.3027249, 22.6988685], [120.3028276, 22.6986525], [120.3030174, 22.698238], [120.3031114, 22.697993], [120.303216, 22.6975783], [120.3032509, 22.6972796], [120.3032627, 22.6971786], [120.3032878, 22.6966048], [120.3032396, 22.6963218], [120.3031675, 22.6960715], [120.3030094, 22.6955229], [120.3028869, 22.6950942], [120.3027867, 22.6946287], [120.3027437, 22.6943372], [120.3027216, 22.6939179], [120.3027229, 22.6937566], [120.3027232, 22.6937153], [120.302724, 22.6936113], [120.3027247, 22.693539]]}, "id": 28526260}, {"type": "Feature", "properties": {"osm_id": 28526279, "name": "高楠路橋-高雄市區/楠梓", "highway": "primary_link", "lanes": "1", "oneway": "yes", "bridge": "yes", "layer": "1", "motorcycle": "no", "nodes": [1196964999, 1196964734, 1196965006, 1196964972, 2982310597, 2982310598, 1196965026, 1196964679]}, "geometry": {"type": "LineString", "coordinates": [[120.3261643, 22.7227923], [120.3260334, 22.7228767], [120.3255316, 22.7230651], [120.3245597, 22.7234024], [120.324407, 22.7234568], [120.3243123, 22.7234999], [120.3242541, 22.7235286], [120.3240597, 22.7236459]]}, "id": 28526279}, {"type": "Feature", "properties": {"osm_id": 30074952, "name": "楠梓交流道", "highway": "motorway_link", "lanes": "2", "oneway": "yes", "nodes": [331257820, 331257842, 1451069557, 2395987006, 2395918090, 1451069673]}, "geometry": {"type": "LineString", "coordinates": [[120.3320954, 22.7212315], [120.3318302, 22.7200244], [120.3315788, 22.7188137], [120.33149, 22.7183107], [120.3314654, 22.7181496], [120.3314066, 22.717824]]}, "id": 30074952}, {"type": "Feature", "properties": {"osm_id": 30074954, "name": "朝新路", "highway": "residential", "oneway": "yes", "nodes": [331257857, 12599118901, 280507619, 280507620, 2261344228, 2982310604, 280507621, 257742651]}, "geometry": {"type": "LineString", "coordinates": [[120.3284525, 22.7231486], [120.3282594, 22.7231419], [120.3280549, 22.7231349], [120.3278001, 22.7231448], [120.3275761, 22.7231621], [120.3273441, 22.723198], [120.3271027, 22.7232722], [120.3269561, 22.7232928]]}, "id": 30074954}, {"type": "Feature", "properties": {"osm_id": 30074958, "highway": "tertiary", "oneway": "yes", "motorcycle": "no", "nodes": [1196964845, 1196964868, 2982365562, 2385340406, 2982365563, 2385340407, 2982365561, 1196964498, 2385340408, 1196964812, 1196965105]}, "geometry": {"type": "LineString", "coordinates": [[120.3184422, 22.7231696], [120.3189515, 22.7233066], [120.3190178, 22.7233203], [120.3190889, 22.7233303], [120.3191512, 22.7233331], [120.3192145, 22.7233322], [120.3193124, 22.7233231], [120.3194092, 22.7233076], [120.3195654, 22.723272], [120.3197118, 22.7232328], [120.320058, 22.7231072]]}, "id": 30074958}, {"type": "Feature", "properties": {"osm_id": 30841511, "name": "大學二十六街", "highway": "residential", "nodes": [1080697060, 1080696959, 7243024848, 7243024854, 11088693388, 1080697271, 1080697138, 1080697225, 343046068, 1080696834, 1080697296, 7243024981, 12465769093, 343046154, 343046180, 343046204, 343046226, 7242730710, 7243024982, 1080696810, 343046249, 343046271, 343046291, 2206324461, 343046470, 343046338, 343046357, 343046376, 343046448, 7243025010, 7242882712, 343046404, 7242882715, 7243025012, 1080696926, 1080697532, 1080697099, 1080696819, 7242882745, 4315402331, 1080697254, 1080697141, 7242882742, 7242882746, 2206232333, 9851577263, 7647993835]}, "geometry": {"type": "LineString", "coordinates": [[120.2920233, 22.7288472], [120.2918958, 22.7288672], [120.2918256, 22.7288764], [120.2917626, 22.7288846], [120.2910909, 22.7289724], [120.2901462, 22.7290959], [120.2887569, 22.7292575], [120.2880365, 22.7293415], [120.2873033, 22.729427], [120.2863296, 22.7296443], [120.2853881, 22.7298515], [120.2849265, 22.7299414], [120.2848683, 22.7299527], [120.2848411, 22.729958], [120.2847307, 22.7299801], [120.2845, 22.7300172], [120.2844056, 22.7300296], [120.2842784, 22.7300459], [120.2842266, 22.7300526], [120.2840973, 22.7300692], [120.2834769, 22.730072], [120.2831166, 22.7300596], [120.2826978, 22.730031], [120.2824438, 22.730021], [120.282247, 22.7300132], [120.2817928, 22.7299338], [120.2815433, 22.7298279], [120.2812424, 22.7296742], [120.2803331, 22.7290581], [120.2792827, 22.7283828], [120.2792495, 22.7283615], [120.2791619, 22.7283052], [120.2790972, 22.7282577], [120.2790495, 22.7282227], [120.2782457, 22.7276321], [120.2771925, 22.7269655], [120.276767, 22.726688], [120.2759082, 22.726128], [120.2754589, 22.725835], [120.2754394, 22.7258223], [120.2753564, 22.7257685], [120.2752557, 22.7257026], [120.2751732, 22.7256488], [120.2751493, 22.7256332], [120.2743032, 22.7250814], [120.2741411, 22.7249776], [120.2740704, 22.7249366]]}, "id": 30841511}, {"type": "Feature", "properties": {"osm_id": 30841517, "name": "大學二十三街", "highway": "residential", "nodes": [1080696734, 11212915701, 1080697155, 1080697232, 343046448, 7242730790, 7242730785, 343046428, 1080697145]}, "geometry": {"type": "LineString", "coordinates": [[120.2814007, 22.7276533], [120.2813225, 22.7277569], [120.2810999, 22.7280453], [120.2807311, 22.7285501], [120.2803331, 22.7290581], [120.2793905, 22.7303486], [120.2793742, 22.730371], [120.2793231, 22.7304409], [120.2792589, 22.730525]]}, "id": 30841517}, {"type": "Feature", "properties": {"osm_id": 30841523, "name": "大學二十一路", "highway": "residential", "lanes": "2", "nodes": [9851577227, 9851577246, 9851577249, 2206232330, 9853009738, 2206232328, 4425488985, 2206232329, 4615786624, 2206232331, 4425488986, 4425490189, 2206232332, 4615786628]}, "geometry": {"type": "LineString", "coordinates": [[120.2760555, 22.7212111], [120.2760827, 22.7212256], [120.2760994, 22.7212345], [120.2761353, 22.7212537], [120.2766648, 22.7212285], [120.2767982, 22.7212222], [120.2772702, 22.7212234], [120.2775037, 22.721249], [120.277795, 22.7213109], [120.2781432, 22.7214228], [120.2784404, 22.7215589], [120.2786657, 22.7216906], [120.2788696, 22.7218555], [120.2789491, 22.7219354]]}, "id": 30841523}, {"type": "Feature", "properties": {"osm_id": 30841524, "name": "大學十七街", "highway": "residential", "nodes": [343046787, 4309157555, 7242885208, 343046824, 343046847, 1080697256, 343046868, 343046899, 343046955, 343047021, 343047037, 343047060, 343047096, 2206324451, 11212915652, 7243024988, 7242885176, 343047133, 343047165]}, "geometry": {"type": "LineString", "coordinates": [[120.2829152, 22.7281555], [120.2829821, 22.7280533], [120.2830001, 22.7280219], [120.283123, 22.727808], [120.2833061, 22.7273749], [120.2833897, 22.7271441], [120.2834025, 22.7271167], [120.283497, 22.7267991], [120.2835476, 22.7264007], [120.2835854, 22.725929], [120.2836201, 22.7256749], [120.2836829, 22.7253936], [120.2838209, 22.7249559], [120.2842307, 22.7237504], [120.2842489, 22.7237051], [120.2846034, 22.7228227], [120.2846283, 22.7227728], [120.2846472, 22.7227181], [120.2846992, 22.7226017]]}, "id": 30841524}, {"type": "Feature", "properties": {"osm_id": 30841526, "name": "藍昌路293巷", "highway": "residential", "nodes": [1372607336, 343047197, 343047223, 343047253]}, "geometry": {"type": "LineString", "coordinates": [[120.2910896, 22.722118], [120.2909926, 22.722131], [120.2906039, 22.7221728], [120.2896347, 22.7218101]]}, "id": 30841526}, {"type": "Feature", "properties": {"osm_id": 30841527, "name": "藍昌路349巷", "highway": "residential", "nodes": [256455750, 12468600359, 1398635753, 4079446815, 1398635784, 1398634331]}, "geometry": {"type": "LineString", "coordinates": [[120.2911206, 22.7231471], [120.29097, 22.7231651], [120.2906137, 22.7232076], [120.2904919, 22.7232179], [120.2904426, 22.7232133], [120.2892428, 22.7226587]]}, "id": 30841527}, {"type": "Feature", "properties": {"osm_id": 38367687, "name": "世運大道", "highway": "tertiary", "lanes": "3", "oneway": "yes", "maxspeed": "60", "nodes": [265599378, 4315349236, 7299115801, 7299115797, 3005304548, 7299115814, 7644002313, 7299115818, 7299115829, 7299115822, 7299115826, 7299115841, 7299115839, 2399424078]}, "geometry": {"type": "LineString", "coordinates": [[120.2925261, 22.7006499], [120.2926865, 22.7006534], [120.2927531, 22.7006548], [120.2942326, 22.7006875], [120.2945581, 22.7006942], [120.2973574, 22.700762], [120.2974487, 22.7007633], [120.2975888, 22.7007674], [120.2994918, 22.7008132], [120.2996679, 22.7008175], [120.299852, 22.7008219], [120.3021955, 22.7008783], [120.3022293, 22.7008803], [120.3024375, 22.7008879]]}, "id": 38367687}, {"type": "Feature", "properties": {"osm_id": 40671142, "name": "中山高速公路", "highway": "motorway", "lanes": "3", "oneway": "yes", "maxspeed": "110", "nodes": [493976626, 2388130691, 2388130692, 2388503509]}, "geometry": {"type": "LineString", "coordinates": [[120.3345447, 22.7375489], [120.3345903, 22.739591], [120.3346326, 22.7406256], [120.3346887, 22.7423923]]}, "id": 40671142}, {"type": "Feature", "properties": {"osm_id": 40671143, "name": "中山高速公路", "highway": "motorway", "oneway": "yes", "maxspeed": "110", "bridge": "yes", "layer": "1", "nodes": [493976627, 1451069233]}, "geometry": {"type": "LineString", "coordinates": [[120.3344738, 22.7356276], [120.334488, 22.7359288]]}, "id": 40671143}, {"type": "Feature", "properties": {"osm_id": 40671144, "name": "中山高速公路", "highway": "motorway", "lanes": "3", "oneway": "yes", "maxspeed": "110", "nodes": [493976629, 493976628, 493976627]}, "geometry": {"type": "LineString", "coordinates": [[120.3342914, 22.7311134], [120.3343371, 22.7322551], [120.3344738, 22.7356276]]}, "id": 40671144}, {"type": "Feature", "properties": {"osm_id": 40671145, "name": "中山高速公路", "highway": "motorway", "oneway": "yes", "maxspeed": "110", "bridge": "yes", "layer": "1", "nodes": [493976630, 493976629]}, "geometry": {"type": "LineString", "coordinates": [[120.3342132, 22.7298267], [120.3342914, 22.7311134]]}, "id": 40671145}, {"type": "Feature", "properties": {"osm_id": 40671146, "name": "中山高速公路", "highway": "motorway", "oneway": "yes", "maxspeed": "110", "nodes": [493976633, 4149792720]}, "geometry": {"type": "LineString", "coordinates": [[120.3324869, 22.7211448], [120.3329509, 22.7230678]]}, "id": 40671146}, {"type": "Feature", "properties": {"osm_id": 40671147, "name": "中山高速公路", "highway": "motorway", "oneway": "yes", "maxspeed": "110", "bridge": "yes", "layer": "1", "nodes": [493976634, 493976633]}, "geometry": {"type": "LineString", "coordinates": [[120.3323458, 22.7205237], [120.3324869, 22.7211448]]}, "id": 40671147}, {"type": "Feature", "properties": {"osm_id": 40671150, "name": "中山高速公路", "highway": "motorway", "lanes": "4", "oneway": "yes", "maxspeed": "100", "nodes": [493976639, 2397952299, 2222785436, 2397952307, 493976638, 2982340694]}, "geometry": {"type": "LineString", "coordinates": [[120.3277175, 22.6997297], [120.3278356, 22.7008989], [120.3279991, 22.7019381], [120.3281626, 22.7028726], [120.3283641, 22.7038364], [120.3287191, 22.7052964]]}, "id": 40671150}, {"type": "Feature", "properties": {"osm_id": 41389873, "highway": "unclassified", "nodes": [1932046359, 1932046356, 506237994, 4424333549, 506237988, 506237989, 4424333550, 506237990, 11564375796, 506237991, 506237992, 3307316415, 506237993]}, "geometry": {"type": "LineString", "coordinates": [[120.3231387, 22.7442533], [120.3230475, 22.7442232], [120.3230352, 22.7442192], [120.3208872, 22.7462525], [120.320664, 22.7464918], [120.3204594, 22.7465988], [120.3200761, 22.746662], [120.3189621, 22.7469233], [120.3180983, 22.7471436], [120.3179102, 22.7471915], [120.3177743, 22.7472061], [120.3177234, 22.7472093], [120.3174338, 22.7472217]]}, "id": 41389873}, {"type": "Feature", "properties": {"osm_id": 42680534, "highway": "unclassified", "oneway": "yes", "nodes": [533725078, 1196964706]}, "geometry": {"type": "LineString", "coordinates": [[120.3202887, 22.7243961], [120.320397, 22.7242366]]}, "id": 42680534}, {"type": "Feature", "properties": {"osm_id": 46146074, "name": "興中橋", "highway": "primary", "oneway": "yes", "bridge": "yes", "layer": "1", "nodes": [256456786, 3076323059, 588290650]}, "geometry": {"type": "LineString", "coordinates": [[120.2823595, 22.7199851], [120.281774, 22.7203231], [120.2808579, 22.7208971]]}, "id": 46146074}, {"type": "Feature", "properties": {"osm_id": 46146076, "name": "興中橋", "highway": "primary", "oneway": "yes", "bridge": "yes", "layer": "1", "nodes": [588290652, 588290656]}, "geometry": {"type": "LineString", "coordinates": [[120.2807386, 22.7208484], [120.2822806, 22.7199083]]}, "id": 46146076}, {"type": "Feature", "properties": {"osm_id": 60675157, "name": "旗楠路", "highway": "primary", "oneway": "yes", "nodes": [12650171884, 12650171897, 266751048, 11065382803, 2388443570, 2983244020]}, "geometry": {"type": "LineString", "coordinates": [[120.3395658, 22.7426745], [120.3396487, 22.7427595], [120.3403705, 22.7434994], [120.3404724, 22.7436101], [120.3407312, 22.7438915], [120.340806, 22.743956]]}, "id": 60675157}, {"type": "Feature", "properties": {"osm_id": 60675170, "name": "旗楠路", "highway": "primary", "lanes": "2", "oneway": "yes", "maxspeed": "60", "nodes": [12650171883, 12650171900, 2264426922, 2264426909]}, "geometry": {"type": "LineString", "coordinates": [[120.33948, 22.7427301], [120.3392897, 22.742538], [120.3389129, 22.7421577], [120.3378633, 22.7411085]]}, "id": 60675170}, {"type": "Feature", "properties": {"osm_id": 65451653, "name": "左楠路", "highway": "tertiary", "oneway": "yes", "maxspeed": "50", "nodes": [799202642, 799202632, 7374641391, 5212312071, 10180880395, 7244167950, 7244167964, 3010545857, 3010545858, 3010545859, 3010545860]}, "geometry": {"type": "LineString", "coordinates": [[120.3043782, 22.717728], [120.3043449, 22.7175802], [120.3042954, 22.7174314], [120.304267, 22.717328], [120.3038171, 22.7158721], [120.3029396, 22.7130324], [120.3027705, 22.7124854], [120.30276, 22.7124513], [120.3027417, 22.7123918], [120.3027064, 22.7122832], [120.3026786, 22.7121831]]}, "id": 65451653}, {"type": "Feature", "properties": {"osm_id": 75852429, "name": "德民路", "highway": "tertiary", "oneway": "yes", "motorcycle": "no", "nodes": [895427266, 12599118985, 1196964663, 1196964527, 1400036551]}, "geometry": {"type": "LineString", "coordinates": [[120.3199716, 22.7332049], [120.3201099, 22.7332733], [120.3210035, 22.7337151], [120.3213976, 22.7339268], [120.3217439, 22.7341128]]}, "id": 75852429}, {"type": "Feature", "properties": {"osm_id": 75852430, "name": "德民路", "highway": "tertiary", "oneway": "yes", "motorcycle": "no", "nodes": [1400036112, 1196964624, 1400036484, 12599119009, 12599118987, 895427279]}, "geometry": {"type": "LineString", "coordinates": [[120.3217142, 22.7341876], [120.3213572, 22.7339873], [120.3209567, 22.7337906], [120.3201444, 22.7333797], [120.3200864, 22.7333504], [120.3199479, 22.7332803]]}, "id": 75852430}, {"type": "Feature", "properties": {"osm_id": 85272556, "name": "寶溪南街", "highway": "residential", "nodes": [988779707, 1932046404, 988779597, 988779658, 988779637, 12469016063, 988779686]}, "geometry": {"type": "LineString", "coordinates": [[120.3260594, 22.7481044], [120.3265067, 22.7479583], [120.3280981, 22.7473728], [120.3285039, 22.7472371], [120.3294833, 22.7467469], [120.3301403, 22.7464032], [120.3302767, 22.7463319]]}, "id": 85272556}, {"type": "Feature", "properties": {"osm_id": 85272557, "name": "卓越路", "highway": "residential", "nodes": [1209084031, 4676657630, 2264444101, 8198448999, 1932046529]}, "geometry": {"type": "LineString", "coordinates": [[120.3338085, 22.751745], [120.3335837, 22.7517406], [120.3329484, 22.7517291], [120.3326642, 22.751724], [120.3314978, 22.751703]]}, "id": 85272557}, {"type": "Feature", "properties": {"osm_id": 85272558, "name": "清豐路", "highway": "residential", "oneway": "yes", "nodes": [2985504664, 7472962175, 2985512598]}, "geometry": {"type": "LineString", "coordinates": [[120.331566, 22.745709], [120.3315063, 22.7456016], [120.3314489, 22.7454984]]}, "id": 85272558}, {"type": "Feature", "properties": {"osm_id": 85272559, "name": "土庫路", "highway": "residential", "lanes": "4", "nodes": [7472962181, 12469016040]}, "geometry": {"type": "LineString", "coordinates": [[120.3292517, 22.741217], [120.3293271, 22.7411034]]}, "id": 85272559}, {"type": "Feature", "properties": {"osm_id": 85272561, "name": "寶溪北街", "highway": "residential", "nodes": [988779677, 988779611, 5965331469, 1209084709, 11065364215, 11065364214, 1209083263, 12198764449, 2264443985, 12954233450, 12954233446, 12954233440, 12954233441, 12954233449, 988779598, 2983244007, 2983244008, 988779581, 2983244011, 2983244006, 2983244010, 988779639, 4041807536, 2983244009, 988779619, 5965331460, 4458005422, 988779696]}, "geometry": {"type": "LineString", "coordinates": [[120.3256563, 22.7487206], [120.3260483, 22.7485692], [120.3261394, 22.748538], [120.3274817, 22.7480777], [120.327992, 22.7478926], [120.3283835, 22.7477507], [120.3288189, 22.7475928], [120.3292434, 22.7473976], [120.3293278, 22.7473588], [120.3303966, 22.7468067], [120.3304129, 22.7467982], [120.3304956, 22.7467556], [120.330591, 22.7467073], [120.3307213, 22.7466443], [120.3321221, 22.7459676], [120.3322455, 22.7459229], [120.3323553, 22.7458961], [120.3324428, 22.7458842], [120.332528, 22.7458734], [120.3326063, 22.745881], [120.3326998, 22.7458943], [120.3327889, 22.7459187], [120.3328756, 22.7459545], [120.3329631, 22.7460005], [120.3330788, 22.7460624], [120.3336629, 22.7463923], [120.3337201, 22.7464389], [120.3337517, 22.7464973]]}, "id": 85272561}, {"type": "Feature", "properties": {"osm_id": 85272562, "name": "清豐六路", "highway": "unclassified", "nodes": [1932046404, 988779596, 1932046367, 1932046359]}, "geometry": {"type": "LineString", "coordinates": [[120.3265067, 22.7479583], [120.3246415, 22.7461352], [120.3241682, 22.7455424], [120.3231387, 22.7442533]]}, "id": 85272562}, {"type": "Feature", "properties": {"osm_id": 85272563, "name": "創新路", "highway": "residential", "lanes": "2", "oneway": "yes", "maxspeed": "50", "turn_lanes": "left;through|through;right", "nodes": [988779683, 1209080546, 1209084465, 2264444051, 2264444036, 1932046443, 988779700, 2264444008, 2264443986, 12954233429, 12954233433, 12954233428, 2264443981, 988779654, 12954233447, 12954233440]}, "geometry": {"type": "LineString", "coordinates": [[120.3314206, 22.751701], [120.331448, 22.7507253], [120.3314702, 22.7499938], [120.3314897, 22.7493005], [120.3315152, 22.7489933], [120.331511, 22.7488397], [120.3314684, 22.7486503], [120.3313211, 22.7483622], [120.3308603, 22.7474762], [120.3308445, 22.7474449], [120.3308119, 22.7473805], [120.3307651, 22.7472907], [120.3307041, 22.7471739], [120.3305529, 22.7468706], [120.3305363, 22.7468373], [120.3304956, 22.7467556]]}, "id": 85272563}, {"type": "Feature", "properties": {"osm_id": 85272564, "name": "芎林路", "highway": "residential", "lanes": "2", "oneway": "yes", "nodes": [988779623, 5965331465, 5965331458, 5965331459, 5965331457, 1209081583, 1209082374, 2264444044, 988779611]}, "geometry": {"type": "LineString", "coordinates": [[120.3261026, 22.7515759], [120.3260706, 22.751571], [120.3260426, 22.7515535], [120.3260308, 22.7515333], [120.3260242, 22.7514975], [120.3260322, 22.7506469], [120.3260323, 22.749934], [120.3260442, 22.7492064], [120.3260483, 22.7485692]]}, "id": 85272564}, {"type": "Feature", "properties": {"osm_id": 93228799, "name": "大學十九街", "highway": "residential", "nodes": [1080697219, 1080697390, 1080697108, 1080697291, 1080696963, 1080696714, 2206324458, 1080697220]}, "geometry": {"type": "LineString", "coordinates": [[120.2832699, 22.7247434], [120.282709, 22.7260356], [120.2826743, 22.7261381], [120.282665, 22.7267235], [120.2826882, 22.7267918], [120.2828318, 22.7269392], [120.2828371, 22.7270547], [120.2828434, 22.7271913]]}, "id": 93228799}, {"type": "Feature", "properties": {"osm_id": 93228808, "highway": "residential", "nodes": [1080696819, 1080697270]}, "geometry": {"type": "LineString", "coordinates": [[120.2759082, 22.726128], [120.2753545, 22.7268736]]}, "id": 93228808}, {"type": "Feature", "properties": {"osm_id": 93228809, "name": "大學二十街", "highway": "residential", "nodes": [1080696711, 1080697375, 1080697163, 1080697217, 7242730709, 1080696871, 1080697136, 4309157585, 1080696988, 7242885138, 1080697165]}, "geometry": {"type": "LineString", "coordinates": [[120.2848199, 22.7291981], [120.2847206, 22.7291986], [120.2844752, 22.7292002], [120.2843826, 22.7292013], [120.2842798, 22.7291909], [120.2835301, 22.729115], [120.2823769, 22.7289838], [120.2819953, 22.7289659], [120.2817203, 22.7289554], [120.2816201, 22.7289718], [120.2814255, 22.7290837]]}, "id": 93228809}, {"type": "Feature", "properties": {"osm_id": 93228812, "name": "大學五十八街", "highway": "residential", "nodes": [2414133732, 9851577276, 7242882766, 7242882764, 1080697120, 1080697514, 7242882763, 7242882765, 12658236927, 12658236932, 12658236929, 1080697487, 12658236938, 12658236921, 1080697233]}, "geometry": {"type": "LineString", "coordinates": [[120.2723978, 22.7283065], [120.2724744, 22.7283547], [120.2729038, 22.7286253], [120.2729448, 22.7286528], [120.2730123, 22.7286958], [120.2731208, 22.7287615], [120.2732213, 22.7288195], [120.2732625, 22.7288451], [120.2734659, 22.7289713], [120.2737483, 22.7291465], [120.2743599, 22.7295259], [120.2749351, 22.7298827], [120.2755737, 22.7302922], [120.2757815, 22.7304255], [120.2769598, 22.7311811]]}, "id": 93228812}, {"type": "Feature", "properties": {"osm_id": 93228813, "name": "大學七街", "highway": "residential", "nodes": [1080696707, 1080697527, 7243024950, 7243024951, 1080697162, 1080697441, 1080697138, 12658227971, 1080697480, 7242885232, 7242885228, 1080697210, 1080697175, 7242885238, 7242885239, 1080697159, 7243025013, 7243024792, 1080696753, 7243024794, 7243025015, 12658227967, 11212915676, 1080697097, 7243025032, 5375267631, 1080697376, 1080697224]}, "geometry": {"type": "LineString", "coordinates": [[120.288962, 22.7324188], [120.2889582, 22.7323584], [120.2889542, 22.7322565], [120.2889529, 22.7322248], [120.2889143, 22.7312466], [120.2888373, 22.730211], [120.2887569, 22.7292575], [120.2887476, 22.7291172], [120.2887102, 22.7285558], [120.2886622, 22.7280017], [120.2886521, 22.7279042], [120.2886487, 22.7278462], [120.2886361, 22.7277262], [120.2886345, 22.7276531], [120.2886319, 22.7275807], [120.2886285, 22.7271458], [120.2886839, 22.7262143], [120.288685, 22.7261734], [120.2886871, 22.7261005], [120.2886913, 22.7260165], [120.2886927, 22.7259887], [120.2887035, 22.7257856], [120.2887276, 22.7253318], [120.2887384, 22.7251284], [120.2888421, 22.7244067], [120.2888642, 22.7243512], [120.2888969, 22.7242688], [120.2889337, 22.7241763]]}, "id": 93228813}, {"type": "Feature", "properties": {"osm_id": 93228817, "name": "大學二十二街", "highway": "residential", "nodes": [1080697232, 1080696732, 343045906, 343045932]}, "geometry": {"type": "LineString", "coordinates": [[120.2807311, 22.7285501], [120.2800386, 22.7281427], [120.2793461, 22.7279126], [120.2774128, 22.7266838]]}, "id": 93228817}, {"type": "Feature", "properties": {"osm_id": 93228819, "name": "大學西路272巷", "highway": "residential", "nodes": [1080697149, 1080696692, 1080697085, 1080697473, 1080697248, 1080696889, 1080697209, 1080696777, 1080697095]}, "geometry": {"type": "LineString", "coordinates": [[120.2808204, 22.7269061], [120.2807723, 22.7268301], [120.2806908, 22.7267271], [120.2806455, 22.7266464], [120.2806274, 22.7265712], [120.2806395, 22.7264793], [120.2806516, 22.7263736], [120.2806304, 22.7262344], [120.2805231, 22.7259786]]}, "id": 93228819}, {"type": "Feature", "properties": {"osm_id": 93228820, "name": "大學五十六街", "highway": "residential", "nodes": [4668515918, 7242882762, 12658236926, 1080696768, 12658236924, 12658236920, 1080697432, 12658236918, 1080696911]}, "geometry": {"type": "LineString", "coordinates": [[120.2736746, 22.7280192], [120.273745, 22.7280631], [120.2744507, 22.7285003], [120.275512, 22.7291577], [120.2760227, 22.7294708], [120.2767057, 22.7298895], [120.2767878, 22.7299399], [120.277112, 22.7295282], [120.277347, 22.7292297]]}, "id": 93228820}, {"type": "Feature", "properties": {"osm_id": 93228825, "name": "大學六十二街", "highway": "residential", "nodes": [1080697358, 7242882769, 7035611961, 7035611964, 1080697202]}, "geometry": {"type": "LineString", "coordinates": [[120.2721925, 22.7300027], [120.2722577, 22.7300439], [120.2730276, 22.7305298], [120.2734754, 22.7308124], [120.2740073, 22.7311481]]}, "id": 93228825}, {"type": "Feature", "properties": {"osm_id": 93228832, "name": "大學九街", "highway": "residential", "nodes": [1080697480, 12658227969, 1080697439, 1080697023, 1080696829, 1080697285]}, "geometry": {"type": "LineString", "coordinates": [[120.2887102, 22.7285558], [120.2881409, 22.7286101], [120.2878405, 22.7286387], [120.2877975, 22.7280466], [120.2877874, 22.7279188], [120.2877746, 22.7271693]]}, "id": 93228832}, {"type": "Feature", "properties": {"osm_id": 93228833, "highway": "unclassified", "nodes": [1080697144, 4082390191, 1080697227, 1080696821, 4425153475, 1080696775, 1080697247, 256372069]}, "geometry": {"type": "LineString", "coordinates": [[120.2913448, 22.7414674], [120.2913423, 22.7414286], [120.2904821, 22.7388844], [120.2898351, 22.7368455], [120.2898378, 22.7368152], [120.2898626, 22.7367855], [120.2901777, 22.736932], [120.2903145, 22.7369247]]}, "id": 93228833}, {"type": "Feature", "properties": {"osm_id": 93228834, "highway": "residential", "nodes": [343046249, 1080696871]}, "geometry": {"type": "LineString", "coordinates": [[120.2834769, 22.730072], [120.2835301, 22.729115]]}, "id": 93228834}, {"type": "Feature", "properties": {"osm_id": 93228839, "name": "大學二十街", "highway": "residential", "nodes": [7242885138, 1080697379, 4613284582, 1080696850, 1080697283, 1080697155]}, "geometry": {"type": "LineString", "coordinates": [[120.2816201, 22.7289718], [120.2816089, 22.7289005], [120.2815438, 22.728521], [120.2815248, 22.7284769], [120.2814906, 22.7284315], [120.2810999, 22.7280453]]}, "id": 93228839}, {"type": "Feature", "properties": {"osm_id": 93228840, "name": "大學十六街", "highway": "residential", "nodes": [1080697504, 1080697220, 4079445227, 1080697273, 1080697256, 1080697040, 4585345373, 7243004774, 4309157613, 1080697454, 1080697419, 1080697204, 1080697000, 13049704171, 7243004773, 1080697231, 1080697510, 1080697285, 1080697159]}, "geometry": {"type": "LineString", "coordinates": [[120.2819393, 22.727455], [120.2828434, 22.7271913], [120.2829824, 22.7271574], [120.2831306, 22.7271386], [120.2833897, 22.7271441], [120.283999, 22.7271886], [120.2843585, 22.72721], [120.2846288, 22.7272241], [120.2846687, 22.7272262], [120.2848001, 22.7272268], [120.2849142, 22.7272284], [120.285148, 22.727227], [120.2852498, 22.7272268], [120.285306, 22.7272261], [120.2853702, 22.7272253], [120.2863593, 22.7272127], [120.2872918, 22.7271842], [120.2877746, 22.7271693], [120.2886285, 22.7271458]]}, "id": 93228840}, {"type": "Feature", "properties": {"osm_id": 93228843, "name": "大學六十街", "highway": "residential", "nodes": [1080697102, 7242882770, 12658236934, 12658236945, 1080697034, 12658236944, 12658236937, 12658236941, 7242885183, 1080696704]}, "geometry": {"type": "LineString", "coordinates": [[120.2725709, 22.7294964], [120.2726379, 22.7295388], [120.2733288, 22.7299758], [120.2737761, 22.7302587], [120.2743843, 22.7306433], [120.2748608, 22.7309446], [120.2750373, 22.7310562], [120.275094, 22.7310921], [120.2763414, 22.7318809], [120.2764141, 22.7319269]]}, "id": 93228843}, {"type": "Feature", "properties": {"osm_id": 93228845, "name": "大學西路", "highway": "unclassified", "bridge": "yes", "layer": "1", "nodes": [1080697242, 1080697203]}, "geometry": {"type": "LineString", "coordinates": [[120.275262, 22.7334959], [120.2751069, 22.7337165]]}, "id": 93228845}, {"type": "Feature", "properties": {"osm_id": 93228846, "name": "大學十五街", "highway": "residential", "nodes": [1080696909, 1080697335, 7242885194, 1080697063, 1080697464, 1080697245, 2206324472, 2206324469, 2206324466, 1080696878, 2206324462, 7242885131, 1080697207, 1080696810]}, "geometry": {"type": "LineString", "coordinates": [[120.2826314, 22.7321207], [120.2826333, 22.7320503], [120.2826641, 22.7319408], [120.2826938, 22.7318349], [120.2827739, 22.7316486], [120.282988, 22.7313724], [120.2830223, 22.7313443], [120.2832938, 22.7311214], [120.2835992, 22.7308706], [120.2836374, 22.7308393], [120.2838202, 22.7306985], [120.2838738, 22.7306572], [120.2841127, 22.7304732], [120.2840973, 22.7300692]]}, "id": 93228846}, {"type": "Feature", "properties": {"osm_id": 93228848, "name": "大學二十八街", "highway": "residential", "nodes": [2081844108, 4079446799, 1401138265, 4079446800, 1401138352, 2081844102, 7243024843, 5300658722, 1080697199, 1080697512, 7243024838, 7243024844, 1080697200, 7243024952, 1080696957, 7243024954, 1080697441, 1080696927, 1080697152]}, "geometry": {"type": "LineString", "coordinates": [[120.2957586, 22.7299965], [120.2954287, 22.7294991], [120.2954064, 22.7294757], [120.2953713, 22.7294688], [120.2947611, 22.7295324], [120.2940834, 22.7296194], [120.2922212, 22.7297808], [120.2921932, 22.7297838], [120.2921524, 22.7297895], [120.2920273, 22.7298088], [120.2919556, 22.7298179], [120.2919271, 22.7298217], [120.2910595, 22.7299975], [120.2904091, 22.7301112], [120.2903214, 22.7301268], [120.290218, 22.7301339], [120.2888373, 22.730211], [120.2881121, 22.7302756], [120.2873679, 22.7303386]]}, "id": 93228848}, {"type": "Feature", "properties": {"osm_id": 93228851, "name": "大學二十五路", "highway": "residential", "nodes": [1080696772, 1080697148, 1080696690, 1080697307, 343046653, 1080697149, 7242882723, 4309157573, 1080697129, 1080696887]}, "geometry": {"type": "LineString", "coordinates": [[120.2829132, 22.7246058], [120.2824264, 22.7257785], [120.2823268, 22.7259294], [120.2820944, 22.7260968], [120.2815325, 22.7264089], [120.2808204, 22.7269061], [120.2806362, 22.7270555], [120.2806104, 22.7270764], [120.2805263, 22.7271246], [120.2804476, 22.7272082]]}, "id": 93228851}, {"type": "Feature", "properties": {"osm_id": 93228853, "name": "大學十八街", "highway": "residential", "nodes": [1080696860, 1080697190, 1080696751, 1080697387, 12658227938, 12658227943, 7242885115]}, "geometry": {"type": "LineString", "coordinates": [[120.2765025, 22.725284], [120.2768854, 22.7246968], [120.276929, 22.7246792], [120.2778489, 22.7251919], [120.2785783, 22.7254288], [120.2787351, 22.725487], [120.2790732, 22.7256126]]}, "id": 93228853}, {"type": "Feature", "properties": {"osm_id": 93228856, "name": "大學南路", "highway": "tertiary", "oneway": "yes", "maxspeed": "50", "nodes": [260130552, 1080697257, 7243024936, 2073121171, 7243024945, 7243024942, 1080696707, 7243024943, 7243024969, 7243024965, 260130554, 7243024963, 7243024974, 7243024959, 1080697252, 7243024960, 7242730721, 7242730730, 7242730720, 262840705, 262840908, 262840726]}, "geometry": {"type": "LineString", "coordinates": [[120.2905522, 22.7324528], [120.2904474, 22.7324891], [120.2904273, 22.732488], [120.2898846, 22.7324766], [120.2890784, 22.7324253], [120.2890525, 22.7324239], [120.288962, 22.7324188], [120.2888778, 22.7324143], [120.2875947, 22.7323339], [120.2875459, 22.7323313], [120.28748, 22.7323278], [120.2873502, 22.7323227], [120.2864238, 22.7322822], [120.2863849, 22.7322807], [120.2862922, 22.7322771], [120.2862003, 22.7322735], [120.2850134, 22.732205], [120.2849744, 22.7322036], [120.2849379, 22.7322022], [120.2848278, 22.7321979], [120.284721, 22.7321942], [120.2845005, 22.7321864]]}, "id": 93228856}, {"type": "Feature", "properties": {"osm_id": 93228858, "name": "大學二十九路", "highway": "residential", "nodes": [1080696934, 262101326]}, "geometry": {"type": "LineString", "coordinates": [[120.277775, 22.7260511], [120.2778138, 22.7259667]]}, "id": 93228858}, {"type": "Feature", "properties": {"osm_id": 93228859, "name": "大學十三街", "highway": "residential", "nodes": [1080697252, 1080696894, 7243024968, 1080697357, 1080697030, 1080696964, 1080697393, 1080696885, 7242885136, 1080697377, 1080697296]}, "geometry": {"type": "LineString", "coordinates": [[120.2862922, 22.7322771], [120.2862958, 22.7322061], [120.2863039, 22.732129], [120.2863066, 22.7320869], [120.2863008, 22.7319266], [120.2862699, 22.7317627], [120.2862274, 22.7316344], [120.2860497, 22.7312104], [120.2858004, 22.7306985], [120.2855413, 22.7301662], [120.2853881, 22.7298515]]}, "id": 93228859}, {"type": "Feature", "properties": {"osm_id": 93228861, "name": "甲昌路華興巷", "highway": "unclassified", "nodes": [3232581949, 1080696713, 1080696938, 1080697374, 1080697166, 1080696917]}, "geometry": {"type": "LineString", "coordinates": [[120.2933282, 22.7389179], [120.2931, 22.7390385], [120.2929498, 22.7387144], [120.292707, 22.7382462], [120.2920055, 22.7369566], [120.2918618, 22.7366765]]}, "id": 93228861}, {"type": "Feature", "properties": {"osm_id": 93228865, "name": "大學三十六街", "highway": "residential", "nodes": [1080697531, 1080697508, 1080697171, 4315402323, 1080697011, 12658236910, 1080697270, 7242882750, 1080696851]}, "geometry": {"type": "LineString", "coordinates": [[120.2765286, 22.7287131], [120.2771048, 22.7281739], [120.2766417, 22.7276917], [120.276552, 22.7276075], [120.2762136, 22.7273827], [120.275829, 22.7271548], [120.2753545, 22.7268736], [120.2748745, 22.7265813], [120.2747883, 22.7265288]]}, "id": 93228865}, {"type": "Feature", "properties": {"osm_id": 93228869, "name": "大學六街", "highway": "residential", "nodes": [1080697107, 2206324447, 4615786607, 265972858, 1080697211]}, "geometry": {"type": "LineString", "coordinates": [[120.2794687, 22.7233973], [120.2798219, 22.7233533], [120.2804721, 22.7232761], [120.2808654, 22.7232329], [120.281928, 22.7234604]]}, "id": 93228869}, {"type": "Feature", "properties": {"osm_id": 93228873, "highway": "residential", "nodes": [1080697099, 1080697011]}, "geometry": {"type": "LineString", "coordinates": [[120.276767, 22.726688], [120.2762136, 22.7273827]]}, "id": 93228873}, {"type": "Feature", "properties": {"osm_id": 93228874, "name": "藍田路745巷", "highway": "residential", "nodes": [1080697110, 1080697223, 11212915725, 1080697425, 1080697123, 1080697337, 1080697040]}, "geometry": {"type": "LineString", "coordinates": [[120.2840734, 22.7284358], [120.28407, 22.7283333], [120.2840674, 22.7282464], [120.2840577, 22.7274459], [120.2840442, 22.7273626], [120.2840185, 22.7272706], [120.283999, 22.7271886]]}, "id": 93228874}, {"type": "Feature", "properties": {"osm_id": 93228875, "name": "大學二十六街218巷", "highway": "residential", "nodes": [1080696927, 1080697225]}, "geometry": {"type": "LineString", "coordinates": [[120.2881121, 22.7302756], [120.2880365, 22.7293415]]}, "id": 93228875}, {"type": "Feature", "properties": {"osm_id": 93228877, "name": "大學五十二街", "highway": "residential", "nodes": [1080697183, 1080697259, 1080697303]}, "geometry": {"type": "LineString", "coordinates": [[120.292724, 22.7360163], [120.2917452, 22.7360018], [120.2903498, 22.7359636]]}, "id": 93228877}, {"type": "Feature", "properties": {"osm_id": 94402822, "name": "德惠路", "highway": "tertiary", "oneway": "yes", "maxspeed": "50", "bridge": "yes", "layer": "1", "nodes": [260131179, 260131180]}, "geometry": {"type": "LineString", "coordinates": [[120.3032411, 22.7292671], [120.3032397, 22.7302675]]}, "id": 94402822}, {"type": "Feature", "properties": {"osm_id": 94402836, "name": "德惠路", "highway": "tertiary", "lanes": "2", "oneway": "yes", "nodes": [258785638, 2905702806, 258785585, 2986090647, 2401086123, 4589310019, 258785531, 4425362018, 5312828177, 2417949595, 2401086119, 258785457]}, "geometry": {"type": "LineString", "coordinates": [[120.3031391, 22.7292671], [120.3031394, 22.7291939], [120.3031367, 22.729102], [120.3031398, 22.7288053], [120.3030862, 22.7281521], [120.3030202, 22.7277955], [120.3029127, 22.7273483], [120.3028453, 22.7271693], [120.3028067, 22.7270487], [120.3027743, 22.7269281], [120.3027462, 22.7266647], [120.3027515, 22.7261996]]}, "id": 94402836}, {"type": "Feature", "properties": {"osm_id": 103678948, "highway": "primary_link", "oneway": "yes", "nodes": [1196964843, 1196965151, 1196965039, 1196964800, 1196965067, 2385340415, 1196964722]}, "geometry": {"type": "LineString", "coordinates": [[120.3237445, 22.7239649], [120.3236981, 22.7240844], [120.3236767, 22.7241364], [120.3236578, 22.7242316], [120.3236465, 22.7244012], [120.3236517, 22.7244348], [120.3237032, 22.7246024]]}, "id": 103678948}, {"type": "Feature", "properties": {"osm_id": 103678949, "name": "朝新路", "highway": "residential", "oneway": "yes", "nodes": [257742665, 2982310608, 2982310609, 2385248729, 2982310606, 2385248730, 2982310605, 1196964765, 2982310607, 2385248731, 257742666]}, "geometry": {"type": "LineString", "coordinates": [[120.3271146, 22.7231307], [120.3271841, 22.7230519], [120.3272136, 22.7230137], [120.3272412, 22.7229738], [120.327252, 22.7229534], [120.327261, 22.7229282], [120.3272694, 22.7229063], [120.3272748, 22.7228808], [120.327276, 22.7228283], [120.3272733, 22.7227567], [120.3272676, 22.7226906]]}, "id": 103678949}, {"type": "Feature", "properties": {"osm_id": 103678951, "name": "健民街27巷", "highway": "residential", "nodes": [1196964492, 1196964582]}, "geometry": {"type": "LineString", "coordinates": [[120.321604, 22.7311089], [120.3223189, 22.7304181]]}, "id": 103678951}, {"type": "Feature", "properties": {"osm_id": 103678953, "name": "高楠公路1870巷57弄", "highway": "residential", "oneway": "no", "nodes": [1196964864, 1196965037, 1196964883, 1196965158, 1196964762, 1400036199, 1196964527, 1196964624, 1400036132]}, "geometry": {"type": "LineString", "coordinates": [[120.3225638, 22.7319627], [120.3223456, 22.7323588], [120.3221876, 22.7326273], [120.3218822, 22.7331465], [120.3217382, 22.7333621], [120.3214404, 22.7338645], [120.3213976, 22.7339268], [120.3213572, 22.7339873], [120.3213154, 22.7340511]]}, "id": 103678953}, {"type": "Feature", "properties": {"osm_id": 103678959, "highway": "residential", "oneway": "yes", "nodes": [259480554, 2969768223, 2969768222, 2969768224, 259480555, 2969768225, 2969768221, 2969768226, 2969768229, 2969768227, 259480556, 259480557, 259480559, 2972429459]}, "geometry": {"type": "LineString", "coordinates": [[120.3225406, 22.7246035], [120.3226222, 22.7246174], [120.3226657, 22.7246339], [120.3227142, 22.7246566], [120.3227478, 22.7246892], [120.322785, 22.7247398], [120.3228009, 22.7247758], [120.3228054, 22.7248084], [120.3228064, 22.7248243], [120.3228069, 22.724839], [120.3227932, 22.7248929], [120.3227496, 22.7249724], [120.3224088, 22.7254669], [120.3223135, 22.7255328]]}, "id": 103678959}, {"type": "Feature", "properties": {"osm_id": 103678962, "highway": "primary_link", "oneway": "yes", "bridge": "yes", "layer": "1", "motorcycle": "no", "nodes": [1196965027, 2982310571, 2982748341, 1196964756, 2982748340, 2982310572, 2982748343, 1196965112, 2982748342, 2982310573, 2982748344, 1196964823, 2982250961, 1196964510, 2982250960, 2982250968, 1196964880, 2982250959, 1196964579, 4425214645, 4425214646, 4425214647, 4425214649, 4425214652, 4425214656, 4425214658, 4425214660, 4425214662, 4425214666, 4425214670, 4425214672, 1196965023, 4425214674, 1196965107]}, "geometry": {"type": "LineString", "coordinates": [[120.3245656, 22.7209527], [120.3245032, 22.720873], [120.3244654, 22.7208321], [120.3244346, 22.7208022], [120.3244007, 22.7207809], [120.3243632, 22.7207634], [120.3243283, 22.7207468], [120.3242843, 22.7207321], [120.3242528, 22.7207198], [120.3242127, 22.7207127], [120.3241681, 22.7207056], [120.3241238, 22.7207006], [120.3240564, 22.7207022], [120.3239774, 22.7207135], [120.323896, 22.7207368], [120.3238602, 22.7207518], [120.3238206, 22.7207693], [120.3237519, 22.7208186], [120.3236961, 22.7208727], [120.3236607, 22.720933], [120.3236286, 22.7209961], [120.3236111, 22.7210604], [120.3236031, 22.721142], [120.3236058, 22.7212163], [120.3236178, 22.7212793], [120.3236473, 22.7213499], [120.3236795, 22.7214117], [120.3237305, 22.7214649], [120.3237922, 22.7215169], [120.3238901, 22.7215762], [120.3239866, 22.7216109], [120.3241234, 22.7216319], [120.3244989, 22.7216715], [120.3248915, 22.7217769]]}, "id": 103678962}, {"type": "Feature", "properties": {"osm_id": 103678963, "name": "楠陽高架橋", "highway": "tertiary", "lanes": "2", "oneway": "yes", "bridge": "yes", "layer": "2", "motorcycle": "no", "nodes": [1196965105, 1196964747, 1196965021, 1196964677, 1196964960, 1196964615, 2973908572, 1196964903, 4425214675, 1196965107]}, "geometry": {"type": "LineString", "coordinates": [[120.320058, 22.7231072], [120.3211211, 22.7225497], [120.3217662, 22.7222483], [120.3224993, 22.7219622], [120.3226568, 22.7219431], [120.323139, 22.7218162], [120.3234904, 22.7217643], [120.323874, 22.7217309], [120.32446, 22.7217395], [120.3248915, 22.7217769]]}, "id": 103678963}, {"type": "Feature", "properties": {"osm_id": 103678964, "name": "楠楊高架橋", "highway": "tertiary", "oneway": "yes", "bridge": "yes", "layer": "2", "motorcycle": "no", "nodes": [1196964789, 2982310613, 1196964633, 1196964920, 4425214681, 1196964549, 1196964486, 4425214676, 2973908571, 1196964807, 3380585429, 2982251001, 1196965091, 1196964740, 1196965010, 1196964669, 1196964956]}, "geometry": {"type": "LineString", "coordinates": [[120.3270933, 22.7224898], [120.3267647, 22.7223821], [120.3265434, 22.722303], [120.3260043, 22.7221248], [120.3254437, 22.7219739], [120.3249393, 22.7218953], [120.3243171, 22.7218459], [120.3240009, 22.7218405], [120.3236599, 22.7218539], [120.3234777, 22.72187], [120.3232363, 22.7219022], [120.322897, 22.7219838], [120.3226234, 22.7220432], [120.3222975, 22.7221521], [120.321805, 22.7223603], [120.3211875, 22.7226393], [120.3201205, 22.7232025]]}, "id": 103678964}, {"type": "Feature", "properties": {"osm_id": 103678966, "name": "健民街46巷", "highway": "residential", "oneway": "no", "nodes": [1196965101, 1196964668]}, "geometry": {"type": "LineString", "coordinates": [[120.3231298, 22.7301533], [120.3226189, 22.7306771]]}, "id": 103678966}, {"type": "Feature", "properties": {"osm_id": 103678967, "highway": "primary_link", "oneway": "yes", "nodes": [1196964679, 313349844, 1196964902]}, "geometry": {"type": "LineString", "coordinates": [[120.3240597, 22.7236459], [120.3238924, 22.7237469], [120.3238048, 22.7238032]]}, "id": 103678967}, {"type": "Feature", "properties": {"osm_id": 103678969, "name": "高楠公路", "highway": "primary", "lanes": "3", "oneway": "yes", "nodes": [1400036566, 1400036499, 258785797]}, "geometry": {"type": "LineString", "coordinates": [[120.3197058, 22.7332563], [120.3197295, 22.7331744], [120.3197566, 22.7330906]]}, "id": 103678969}, {"type": "Feature", "properties": {"osm_id": 103678971, "name": "健民街", "highway": "residential", "oneway": "no", "nodes": [1196964718, 1196964827, 1196964668, 1196964582, 1196965090, 1196964994]}, "geometry": {"type": "LineString", "coordinates": [[120.3233122, 22.7312756], [120.3229172, 22.7309346], [120.3226189, 22.7306771], [120.3223189, 22.7304181], [120.3220251, 22.7301645], [120.3217077, 22.7298905]]}, "id": 103678971}, {"type": "Feature", "properties": {"osm_id": 103678974, "name": "青埔街", "highway": "residential", "oneway": "no", "nodes": [1196964784, 2387162608, 1196964835, 1196964754, 2385998139, 1196964853, 1196964477, 2386005107, 1196964890, 1196965080, 1196964521, 1196964832, 2261344472, 1196964994, 2261344475, 1196964619]}, "geometry": {"type": "LineString", "coordinates": [[120.3237792, 22.7275249], [120.3236961, 22.7276362], [120.3233975, 22.7277776], [120.3232284, 22.7278782], [120.3230465, 22.7280443], [120.3230324, 22.7280572], [120.3229331, 22.7283771], [120.3227847, 22.7286273], [120.322668, 22.7288333], [120.3226336, 22.7288994], [120.3224041, 22.7291703], [120.3222549, 22.7293556], [120.3219182, 22.7296847], [120.3217077, 22.7298905], [120.3216526, 22.7299436], [120.3210416, 22.7305266]]}, "id": 103678974}, {"type": "Feature", "properties": {"osm_id": 103678975, "name": "健民街10巷", "highway": "residential", "nodes": [1196964919, 1196965090]}, "geometry": {"type": "LineString", "coordinates": [[120.3225587, 22.7296422], [120.3220251, 22.7301645]]}, "id": 103678975}, {"type": "Feature", "properties": {"osm_id": 103678977, "name": "楠梓路", "highway": "tertiary", "oneway": "yes", "nodes": [265591745, 1196965148]}, "geometry": {"type": "LineString", "coordinates": [[120.328504, 22.7310385], [120.32857, 22.7311485]]}, "id": 103678977}, {"type": "Feature", "properties": {"osm_id": 103678978, "name": "高楠公路1868巷", "highway": "residential", "oneway": "no", "nodes": [1196964786, 1196964977, 1196964864, 1196964694, 1196964744, 1196964492, 1196964548, 2386005112]}, "geometry": {"type": "LineString", "coordinates": [[120.323106, 22.7322034], [120.3227642, 22.7320907], [120.3225638, 22.7319627], [120.3222059, 22.7316463], [120.3219085, 22.7313881], [120.321604, 22.7311089], [120.3212987, 22.7308542], [120.3210162, 22.7306181]]}, "id": 103678978}, {"type": "Feature", "properties": {"osm_id": 103678981, "name": "加昌路", "highway": "tertiary", "lanes": "2", "oneway": "yes", "maxspeed": "50", "motorcycle": "yes", "nodes": [262092600, 262092601]}, "geometry": {"type": "LineString", "coordinates": [[120.3172644, 22.7226544], [120.3173543, 22.7226934]]}, "id": 103678981}, {"type": "Feature", "properties": {"osm_id": 103678985, "highway": "primary_link", "oneway": "yes", "bridge": "yes", "layer": "1", "motorcycle": "no", "nodes": [1196964677, 1196964914, 1196964545, 1196964847, 2982250945, 2982250943, 2982250944, 1196965156, 4425214667, 4425214661, 4425214657, 4425214654, 4425214650, 4425214648, 1196964996, 4425214644, 2982250966, 2982250963, 1196964947]}, "geometry": {"type": "LineString", "coordinates": [[120.3224993, 22.7219622], [120.3226478, 22.7218766], [120.3228615, 22.7217999], [120.3230655, 22.7217183], [120.3231136, 22.7216935], [120.3231608, 22.7216635], [120.3232048, 22.721635], [120.3232437, 22.7216005], [120.3233288, 22.7215336], [120.3233959, 22.7214445], [120.3234428, 22.7213455], [120.3234763, 22.7212676], [120.3235125, 22.7211748], [120.3235327, 22.7210833], [120.3235501, 22.7209979], [120.323589, 22.7209064], [120.3236558, 22.7208239], [120.3236884, 22.7207946], [120.3237592, 22.7207375]]}, "id": 103678985}, {"type": "Feature", "properties": {"osm_id": 103678987, "highway": "primary_link", "oneway": "yes", "nodes": [1196964947, 2982250965, 2982250964, 1196964583, 1196964886, 2973908568, 1196964519, 2973908570, 2973908569, 265748806]}, "geometry": {"type": "LineString", "coordinates": [[120.3237592, 22.7207375], [120.3238154, 22.7207052], [120.3238797, 22.7206767], [120.3240582, 22.7206067], [120.3242969, 22.7205234], [120.3243907, 22.7204714], [120.3244711, 22.7204148], [120.3245215, 22.7203651], [120.3245636, 22.7203075], [120.3246422, 22.7201878]]}, "id": 103678987}, {"type": "Feature", "properties": {"osm_id": 103678989, "name": "高楠公路1870巷", "highway": "residential", "oneway": "no", "nodes": [1196965037, 1196965128, 1196964915, 1196964522]}, "geometry": {"type": "LineString", "coordinates": [[120.3223456, 22.7323588], [120.3218761, 22.7319157], [120.3216286, 22.7316737], [120.3210428, 22.7311618]]}, "id": 103678989}, {"type": "Feature", "properties": {"osm_id": 103678990, "name": "高楠公路1872巷60弄", "highway": "residential", "oneway": "no", "nodes": [1196965028, 1196965168, 1196964575, 1196964878, 1196964883]}, "geometry": {"type": "LineString", "coordinates": [[120.3210311, 22.732481], [120.321356, 22.7324518], [120.3216939, 22.7324681], [120.3218876, 22.7324901], [120.3221876, 22.7326273]]}, "id": 103678990}, {"type": "Feature", "properties": {"osm_id": 103678991, "highway": "primary_link", "oneway": "yes", "nodes": [1196964965, 1196964683, 1196965027]}, "geometry": {"type": "LineString", "coordinates": [[120.3246389, 22.7212531], [120.3246094, 22.7210784], [120.3245656, 22.7209527]]}, "id": 103678991}, {"type": "Feature", "properties": {"osm_id": 103678993, "name": "高楠公路1870巷29弄", "highway": "residential", "oneway": "no", "nodes": [1196965128, 1196964767, 1196964575, 1196964849, 1196965158]}, "geometry": {"type": "LineString", "coordinates": [[120.3218761, 22.7319157], [120.3217053, 22.7320703], [120.3216939, 22.7324681], [120.3216998, 22.7330465], [120.3218822, 22.7331465]]}, "id": 103678993}, {"type": "Feature", "properties": {"osm_id": 103678994, "name": "高楠公路", "highway": "primary", "oneway": "yes", "bridge": "yes", "layer": "1", "nodes": [1196965018, 1196964561]}, "geometry": {"type": "LineString", "coordinates": [[120.3191551, 22.7352213], [120.3192709, 22.7348026]]}, "id": 103678994}, {"type": "Feature", "properties": {"osm_id": 103678997, "name": "楠陽路", "highway": "tertiary", "oneway": "yes", "motorcycle": "no", "nodes": [1196964956, 13057548164, 2982365564, 13057548169, 2624297555, 13057548170, 13057548171, 1196964687]}, "geometry": {"type": "LineString", "coordinates": [[120.3201205, 22.7232025], [120.3198556, 22.7233453], [120.3193456, 22.7236325], [120.3192877, 22.7236603], [120.3192253, 22.7236732], [120.3191435, 22.723677], [120.3190617, 22.7236621], [120.3188825, 22.7236125]]}, "id": 103678997}, {"type": "Feature", "properties": {"osm_id": 103678999, "highway": "residential", "oneway": "no", "nodes": [1196964619, 2386005112]}, "geometry": {"type": "LineString", "coordinates": [[120.3210416, 22.7305266], [120.3210162, 22.7306181]]}, "id": 103678999}, {"type": "Feature", "properties": {"osm_id": 103679000, "highway": "primary_link", "lanes": "2", "oneway": "yes", "nodes": [1196964834, 13698337439, 1196964726]}, "geometry": {"type": "LineString", "coordinates": [[120.327671, 22.7227366], [120.3274119, 22.7226618], [120.3272499, 22.722615]]}, "id": 103679000}, {"type": "Feature", "properties": {"osm_id": 103679001, "name": "楠陽路", "highway": "tertiary", "oneway": "yes", "nodes": [2210767365, 12599119020, 331257893, 331257910, 331257929, 12598724569, 12598724568]}, "geometry": {"type": "LineString", "coordinates": [[120.3279576, 22.7227316], [120.3281199, 22.7228121], [120.3286565, 22.7230831], [120.3290884, 22.7233299], [120.3300926, 22.7239039], [120.330271, 22.7240059], [120.3303923, 22.7240752]]}, "id": 103679001}, {"type": "Feature", "properties": {"osm_id": 103679003, "highway": "primary_link", "oneway": "yes", "motorcycle": "no", "nodes": [1196964712, 1196964772, 2982310584, 1196965047, 2982310585, 1196964702, 2982310586, 1196964981, 2982310589, 1196964648, 2982310590, 1196964931, 2982310591, 1196964564, 1196964872, 2982310594, 2982310592, 2982310593, 1196964902]}, "geometry": {"type": "LineString", "coordinates": [[120.3247175, 22.722838], [120.3247001, 22.7229271], [120.324684, 22.7230025], [120.3246599, 22.7230619], [120.324621, 22.7231349], [120.3245715, 22.7231909], [120.3245079, 22.7232508], [120.3244355, 22.7233002], [120.3243498, 22.7233493], [120.3242464, 22.7233955], [120.3241649, 22.7234268], [120.3240907, 22.7234669], [120.3240403, 22.7234998], [120.3239968, 22.7235362], [120.3238792, 22.7236584], [120.3238489, 22.7236953], [120.3238326, 22.7237211], [120.3238152, 22.7237658], [120.3238048, 22.7238032]]}, "id": 103679003}, {"type": "Feature", "properties": {"osm_id": 103679005, "highway": "primary_link", "oneway": "yes", "motorcycle": "no", "nodes": [1196964780, 1196965050, 4425214685, 1196965062, 4425215191, 1196964712]}, "geometry": {"type": "LineString", "coordinates": [[120.3246997, 22.7216943], [120.3246961, 22.7220636], [120.3246478, 22.7223358], [120.3246371, 22.722452], [120.3246572, 22.7226116], [120.3247175, 22.722838]]}, "id": 103679005}, {"type": "Feature", "properties": {"osm_id": 103679006, "highway": "residential", "bridge": "yes", "layer": "1", "nodes": [1196964720, 1196964786]}, "geometry": {"type": "LineString", "coordinates": [[120.3234762, 22.7323072], [120.323106, 22.7322034]]}, "id": 103679006}, {"type": "Feature", "properties": {"osm_id": 103679008, "name": "縱貫公路", "highway": "primary", "oneway": "yes", "bridge": "yes", "layer": "1", "nodes": [1196964560, 2973908555, 1196964862, 1196964489, 1196964578]}, "geometry": {"type": "LineString", "coordinates": [[120.3240772, 22.7232363], [120.3239783, 22.7233574], [120.3238399, 22.7235361], [120.3235766, 22.7238471], [120.3235079, 22.7239395]]}, "id": 103679008}, {"type": "Feature", "properties": {"osm_id": 103679009, "name": "高楠路橋-台南", "highway": "primary_link", "lanes": "2", "oneway": "yes", "bridge": "yes", "layer": "1", "motorcycle": "no", "nodes": [1196964726, 4425215190, 1196965069, 2982310600, 2385248743, 2982310601, 1196964999]}, "geometry": {"type": "LineString", "coordinates": [[120.3272499, 22.722615], [120.3271409, 22.7225993], [120.3270373, 22.7225939], [120.326943, 22.7225984], [120.3268485, 22.7226085], [120.3266755, 22.7226382], [120.3261643, 22.7227923]]}, "id": 103679009}, {"type": "Feature", "properties": {"osm_id": 103679014, "name": "健民街64巷", "highway": "residential", "oneway": "no", "nodes": [302211635, 1196964827]}, "geometry": {"type": "LineString", "coordinates": [[120.3234241, 22.7304342], [120.3229172, 22.7309346]]}, "id": 103679014}, {"type": "Feature", "properties": {"osm_id": 103679015, "name": "高楠公路", "highway": "primary", "oneway": "yes", "bridge": "yes", "layer": "1", "nodes": [1196964494, 1196965103]}, "geometry": {"type": "LineString", "coordinates": [[120.3195229, 22.7347515], [120.3193998, 22.7351905]]}, "id": 103679015}, {"type": "Feature", "properties": {"osm_id": 103679016, "highway": "primary_link", "oneway": "yes", "bridge": "yes", "layer": "1", "motorcycle": "no", "nodes": [1196965122, 1196965113, 2982250988, 1196964759, 2982250987, 1196965030, 2982250986, 1196964684, 2982250989, 1196964970, 1196964486]}, "geometry": {"type": "LineString", "coordinates": [[120.325658, 22.7225999], [120.3256457, 22.7225104], [120.3256284, 22.7224288], [120.3255999, 22.722359], [120.3255402, 22.7222737], [120.3254638, 22.7222092], [120.3253662, 22.7221426], [120.3252572, 22.722093], [120.3251056, 22.7220503], [120.3249451, 22.7219995], [120.3243171, 22.7218459]]}, "id": 103679016}, {"type": "Feature", "properties": {"osm_id": 103679018, "name": "惠豐街", "highway": "residential", "oneway": "no", "nodes": [258785765, 12599118956, 12599118955, 12599118957, 4583510095, 4583510094, 1196964869, 12599118944, 2387148105, 12599118945, 12599118936, 2387148106, 12599118937, 4593942220, 4593942218, 3164172207, 2261344426, 2261344403, 1196964814, 2261344366, 4583510093, 1196964499, 2387148097]}, "geometry": {"type": "LineString", "coordinates": [[120.3159107, 22.7306251], [120.315969, 22.7305538], [120.3160267, 22.7304859], [120.3160443, 22.7304652], [120.3160684, 22.7304368], [120.3161515, 22.7303091], [120.3162242, 22.7302388], [120.3165884, 22.7299687], [120.3166348, 22.7299343], [120.3167111, 22.7298776], [120.3177866, 22.7290786], [120.3178314, 22.7290453], [120.3178942, 22.7289986], [120.318157, 22.7288034], [120.3184459, 22.7285887], [120.3185419, 22.7285174], [120.3194149, 22.7278135], [120.3200138, 22.7273929], [120.3203217, 22.7271841], [120.3207574, 22.7268951], [120.3208029, 22.7268574], [120.3207962, 22.7268155], [120.3205946, 22.7265788]]}, "id": 103679018}, {"type": "Feature", "properties": {"osm_id": 103679021, "name": "加昌路", "highway": "tertiary", "oneway": "yes", "motorcycle": "yes", "nodes": [259480547, 1196964706, 2386080598]}, "geometry": {"type": "LineString", "coordinates": [[120.3198787, 22.7239301], [120.320397, 22.7242366], [120.3209495, 22.7245447]]}, "id": 103679021}, {"type": "Feature", "properties": {"osm_id": 104822966, "name": "芎蕉一街", "highway": "residential", "nodes": [1209082846, 1209081919, 11065364218, 1209082280, 2264444042, 1209084709]}, "geometry": {"type": "LineString", "coordinates": [[120.3273677, 22.7516112], [120.3273953, 22.7506677], [120.3274072, 22.7502998], [120.3274187, 22.7499432], [120.3274517, 22.7492383], [120.3274817, 22.7480777]]}, "id": 104822966}, {"type": "Feature", "properties": {"osm_id": 104823049, "name": "芎林二街", "highway": "residential", "nodes": [1209082374, 5965331467, 1209082280, 1209080056, 4041807556, 2264444076, 1209084465, 1932046475, 2264444078, 2264444074]}, "geometry": {"type": "LineString", "coordinates": [[120.3260323, 22.749934], [120.3261232, 22.7499346], [120.3274187, 22.7499432], [120.328774, 22.7499485], [120.3294662, 22.7499679], [120.3300301, 22.7499767], [120.3314702, 22.7499938], [120.3315462, 22.7499945], [120.3333219, 22.7500231], [120.3334372, 22.7496721]]}, "id": 104823049}, {"type": "Feature", "properties": {"osm_id": 104823064, "name": "芎林一街", "highway": "residential", "nodes": [1209081583, 5965331466, 11065364269, 1209081919, 11065364267, 1209079905, 11065364265, 11065364263, 2264444084, 1209080546, 1932046518, 2264444086]}, "geometry": {"type": "LineString", "coordinates": [[120.3260322, 22.7506469], [120.3261181, 22.7506482], [120.3269574, 22.750661], [120.3273953, 22.7506677], [120.327943, 22.7506718], [120.3287455, 22.7506778], [120.3291306, 22.7506849], [120.3294806, 22.7506914], [120.3300135, 22.7507013], [120.331448, 22.7507253], [120.3315252, 22.7507256], [120.3329721, 22.7507489]]}, "id": 104823064}, {"type": "Feature", "properties": {"osm_id": 104823069, "name": "卓越路", "highway": "unclassified", "oneway": "no", "nodes": [10931809461, 13617979294, 1209080158, 1209082434, 4440866163, 1209081651, 4440866161, 1209083734, 1209082868, 1209084720, 1209084031]}, "geometry": {"type": "LineString", "coordinates": [[120.3320754, 22.7580363], [120.3323239, 22.7574344], [120.3325532, 22.7571184], [120.3328834, 22.7562353], [120.3333232, 22.7547752], [120.333719, 22.7532458], [120.3336853, 22.7530512], [120.3336847, 22.7528818], [120.3337133, 22.7525285], [120.3337597, 22.7521438], [120.3338085, 22.751745]]}, "id": 104823069}, {"type": "Feature", "properties": {"osm_id": 105823220, "name": "經一路", "highway": "unclassified", "oneway": "no", "nodes": [1218537344, 1218537203, 1218537313, 1218537177, 1218537317]}, "geometry": {"type": "LineString", "coordinates": [[120.307539, 22.724191], [120.3077736, 22.723649], [120.3080816, 22.7229415], [120.3083818, 22.7222518], [120.308625, 22.7216842]]}, "id": 105823220}, {"type": "Feature", "properties": {"osm_id": 105823221, "highway": "residential", "nodes": [1218537164, 1218537281]}, "geometry": {"type": "LineString", "coordinates": [[120.3105899, 22.7253046], [120.3108914, 22.7254885]]}, "id": 105823221}, {"type": "Feature", "properties": {"osm_id": 105823222, "name": "西三街", "highway": "unclassified", "oneway": "no", "nodes": [1218537140, 1218537320, 1218537168]}, "geometry": {"type": "LineString", "coordinates": [[120.3027504, 22.7194906], [120.3015561, 22.7190337], [120.3003731, 22.7185814]]}, "id": 105823222}, {"type": "Feature", "properties": {"osm_id": 105823223, "name": "中央路", "highway": "tertiary", "oneway": "yes", "nodes": [1218537325, 1218537259, 261697060, 261697061]}, "geometry": {"type": "LineString", "coordinates": [[120.3060777, 22.7190525], [120.3060951, 22.7191854], [120.3058494, 22.7197534], [120.3054293, 22.7195972]]}, "id": 105823223}, {"type": "Feature", "properties": {"osm_id": 105823224, "name": "東五街", "highway": "unclassified", "oneway": "no", "nodes": [1218537169, 1218537203, 1218537209]}, "geometry": {"type": "LineString", "coordinates": [[120.3065718, 22.7231935], [120.3077736, 22.723649], [120.3090049, 22.7240925]]}, "id": 105823224}, {"type": "Feature", "properties": {"osm_id": 105823227, "name": "經五路", "highway": "unclassified", "oneway": "no", "nodes": [1218537271, 1218537321, 1218537194, 2432032116, 2990848863, 1218537334, 1218537226, 2432032117]}, "geometry": {"type": "LineString", "coordinates": [[120.3010279, 22.7234644], [120.3011092, 22.7232776], [120.3013489, 22.7227245], [120.3014227, 22.7225542], [120.3015015, 22.7223724], [120.3016696, 22.7219846], [120.3019139, 22.7214194], [120.3022098, 22.7207381]]}, "id": 105823227}, {"type": "Feature", "properties": {"osm_id": 105823229, "name": "內環南路", "highway": "unclassified", "oneway": "no", "nodes": [1218537318, 1218537123, 1218537293, 1218537186]}, "geometry": {"type": "LineString", "coordinates": [[120.3106308, 22.7202312], [120.3094537, 22.7197893], [120.3082542, 22.7193397], [120.3071224, 22.7189141]]}, "id": 105823229}, {"type": "Feature", "properties": {"osm_id": 105823230, "name": "中一街", "highway": "unclassified", "oneway": "no", "nodes": [1218537144, 1218537181, 1218537129]}, "geometry": {"type": "LineString", "coordinates": [[120.3029077, 22.7191278], [120.3040465, 22.7195566], [120.3052505, 22.7200099]]}, "id": 105823230}, {"type": "Feature", "properties": {"osm_id": 105823231, "name": "經三路", "highway": "unclassified", "oneway": "no", "nodes": [1218537156, 1218537286, 1218537295, 1218537103]}, "geometry": {"type": "LineString", "coordinates": [[120.3043646, 22.7251713], [120.3046126, 22.7246086], [120.305026, 22.7236727], [120.3057319, 22.7220692]]}, "id": 105823231}, {"type": "Feature", "properties": {"osm_id": 105823235, "name": "新東二街", "highway": "unclassified", "nodes": [1218537231, 1218537126, 1218537153, 1218537182]}, "geometry": {"type": "LineString", "coordinates": [[120.3100389, 22.7216364], [120.310828, 22.7219287], [120.3117545, 22.7222717], [120.3115494, 22.7227446]]}, "id": 105823235}, {"type": "Feature", "properties": {"osm_id": 105823236, "name": "西五街", "highway": "unclassified", "oneway": "no", "nodes": [1218537111, 1218537226, 1218537240, 1218537205]}, "geometry": {"type": "LineString", "coordinates": [[120.3042362, 22.7223039], [120.3019139, 22.7214194], [120.3007082, 22.7209602], [120.2995318, 22.7205122]]}, "id": 105823236}, {"type": "Feature", "properties": {"osm_id": 105823240, "name": "經六路", "highway": "unclassified", "oneway": "no", "nodes": [1218537171, 1218537227, 1218537120, 1218537150, 1218537240, 1218537338]}, "geometry": {"type": "LineString", "coordinates": [[120.2994596, 22.7237972], [120.2998764, 22.7228502], [120.3001289, 22.7222764], [120.3004569, 22.7215313], [120.3007082, 22.7209602], [120.3010065, 22.7202825]]}, "id": 105823240}, {"type": "Feature", "properties": {"osm_id": 105823241, "name": "新開發路", "highway": "tertiary", "oneway": "no", "nodes": [1218537244, 1218537329, 1218537217]}, "geometry": {"type": "LineString", "coordinates": [[120.3092992, 22.7233933], [120.3100973, 22.7237043], [120.3109123, 22.724024]]}, "id": 105823241}, {"type": "Feature", "properties": {"osm_id": 105823242, "highway": "unclassified", "oneway": "no", "nodes": [1218537274, 1218537299]}, "geometry": {"type": "LineString", "coordinates": [[120.3025004, 22.7229743], [120.3020964, 22.7238622]]}, "id": 105823242}, {"type": "Feature", "properties": {"osm_id": 105823243, "name": "東七街", "highway": "unclassified", "nodes": [4582683630, 1218537264, 1218537289]}, "geometry": {"type": "LineString", "coordinates": [[120.3085411, 22.7251958], [120.3072938, 22.7247514], [120.3060826, 22.7243139]]}, "id": 105823243}, {"type": "Feature", "properties": {"osm_id": 105823244, "name": "內環南路", "highway": "unclassified", "nodes": [1218537238, 1218537102, 1218537189, 1218537230]}, "geometry": {"type": "LineString", "coordinates": [[120.3011911, 22.7166934], [120.3023874, 22.7171448], [120.3035732, 22.7175923], [120.3047038, 22.7180191]]}, "id": 105823244}, {"type": "Feature", "properties": {"osm_id": 105823245, "name": "東六街", "highway": "unclassified", "oneway": "no", "nodes": [1218537344, 1218537263]}, "geometry": {"type": "LineString", "coordinates": [[120.307539, 22.724191], [120.308768, 22.7246486]]}, "id": 105823245}, {"type": "Feature", "properties": {"osm_id": 105823246, "name": "東二街", "highway": "unclassified", "oneway": "no", "nodes": [1218537212, 1218537210, 1218537154]}, "geometry": {"type": "LineString", "coordinates": [[120.3077302, 22.7205399], [120.3089429, 22.7209628], [120.3101411, 22.7213937]]}, "id": 105823246}, {"type": "Feature", "properties": {"osm_id": 105823247, "name": "新建南路", "highway": "unclassified", "oneway": "no", "nodes": [1218537126, 1218537298, 1218537329]}, "geometry": {"type": "LineString", "coordinates": [[120.310828, 22.7219287], [120.3106278, 22.7224152], [120.3100973, 22.7237043]]}, "id": 105823247}, {"type": "Feature", "properties": {"osm_id": 105823249, "name": "經二路", "highway": "unclassified", "oneway": "no", "nodes": [1218537290, 1218537212, 1218537355, 1218537293, 1218537176, 2417585462]}, "geometry": {"type": "LineString", "coordinates": [[120.3075725, 22.7209011], [120.3077302, 22.7205399], [120.3079775, 22.7199734], [120.3082542, 22.7193397], [120.3083072, 22.7192183], [120.3083897, 22.7190597]]}, "id": 105823249}, {"type": "Feature", "properties": {"osm_id": 105823250, "name": "內環北路", "highway": "unclassified", "oneway": "no", "nodes": [1218537138, 1218537216, 1218537196, 1218537100, 1218537222, 1218537208, 1218537156, 2876350355]}, "geometry": {"type": "LineString", "coordinates": [[120.3102857, 22.7262387], [120.3093486, 22.7258263], [120.3084051, 22.7255192], [120.3070157, 22.7253874], [120.3056722, 22.7252782], [120.3046385, 22.7251975], [120.3043646, 22.7251713], [120.3030151, 22.7250537]]}, "id": 105823250}, {"type": "Feature", "properties": {"osm_id": 105823252, "name": "西二街", "highway": "unclassified", "oneway": "no", "nodes": [1218537097, 1218537202]}, "geometry": {"type": "LineString", "coordinates": [[120.3030692, 22.7187551], [120.3018738, 22.7183117]]}, "id": 105823252}, {"type": "Feature", "properties": {"osm_id": 105823253, "name": "新經一路", "highway": "unclassified", "oneway": "no", "nodes": [1218537196, 4582683630, 4582683631]}, "geometry": {"type": "LineString", "coordinates": [[120.3084051, 22.7255192], [120.3085411, 22.7251958], [120.3086058, 22.7250417]]}, "id": 105823253}, {"type": "Feature", "properties": {"osm_id": 105823254, "name": "中二街", "highway": "unclassified", "oneway": "no", "nodes": [2432025253, 1218537274, 2432032116]}, "geometry": {"type": "LineString", "coordinates": [[120.3037362, 22.7234577], [120.3025004, 22.7229743], [120.3014227, 22.7225542]]}, "id": 105823254}, {"type": "Feature", "properties": {"osm_id": 105823255, "name": "開發路", "highway": "tertiary", "lanes": "2", "oneway": "no", "nodes": [1218537112, 1218537121, 5212312079, 1218537151, 289125861, 7244182861, 1218537338]}, "geometry": {"type": "LineString", "coordinates": [[120.2995676, 22.7197379], [120.2996418, 22.719766], [120.2996956, 22.7197863], [120.2997557, 22.7198089], [120.2998292, 22.7198368], [120.299882, 22.7198568], [120.3010065, 22.7202825]]}, "id": 105823255}, {"type": "Feature", "properties": {"osm_id": 105823257, "name": "西六街", "highway": "unclassified", "oneway": "no", "nodes": [1218537302, 1218537150, 2990848859, 1218537334]}, "geometry": {"type": "LineString", "coordinates": [[120.2992772, 22.7210904], [120.3004569, 22.7215313], [120.3014676, 22.7219091], [120.3016696, 22.7219846]]}, "id": 105823257}, {"type": "Feature", "properties": {"osm_id": 105823259, "name": "新建北路", "highway": "unclassified", "oneway": "no", "nodes": [1218537216, 4582683632, 1218537292]}, "geometry": {"type": "LineString", "coordinates": [[120.3093486, 22.7258263], [120.3095372, 22.7253808], [120.3097007, 22.7249883]]}, "id": 105823259}, {"type": "Feature", "properties": {"osm_id": 105823260, "name": "中二街", "highway": "unclassified", "oneway": "no", "nodes": [2432032115, 1218537295, 1218537098]}, "geometry": {"type": "LineString", "coordinates": [[120.3038363, 22.7232327], [120.305026, 22.7236727], [120.3061762, 22.7240995]]}, "id": 105823260}, {"type": "Feature", "properties": {"osm_id": 105823261, "name": "經四路", "highway": "unclassified", "oneway": "no", "nodes": [1218537230, 1218537181, 1218537109]}, "geometry": {"type": "LineString", "coordinates": [[120.3047038, 22.7180191], [120.3040465, 22.7195566], [120.3033557, 22.721172]]}, "id": 105823261}, {"type": "Feature", "properties": {"osm_id": 105823262, "name": "中三街", "highway": "unclassified", "oneway": "no", "nodes": [1218537354, 1218537299, 1218537271]}, "geometry": {"type": "LineString", "coordinates": [[120.3033525, 22.7243349], [120.3020964, 22.7238622], [120.3010279, 22.7234644]]}, "id": 105823262}, {"type": "Feature", "properties": {"osm_id": 105823263, "name": "東四街", "highway": "unclassified", "oneway": "no", "nodes": [1218537348, 1218537177, 1218537108]}, "geometry": {"type": "LineString", "coordinates": [[120.3071761, 22.7218093], [120.3083818, 22.7222518], [120.309593, 22.7226954]]}, "id": 105823263}, {"type": "Feature", "properties": {"osm_id": 105823264, "name": "西四街", "highway": "unclassified", "oneway": "no", "nodes": [1218537132, 1218537180, 1218537340]}, "geometry": {"type": "LineString", "coordinates": [[120.302514, 22.7200362], [120.3013171, 22.7195767], [120.300138, 22.7191242]]}, "id": 105823264}, {"type": "Feature", "properties": {"osm_id": 105823265, "name": "西一街", "highway": "unclassified", "oneway": "no", "nodes": [1218537128, 1218537343, 1218537276]}, "geometry": {"type": "LineString", "coordinates": [[120.3033208, 22.7181746], [120.3021244, 22.7177423], [120.3009244, 22.7173088]]}, "id": 105823265}, {"type": "Feature", "properties": {"osm_id": 105823268, "name": "西七街", "highway": "unclassified", "oneway": "no", "nodes": [1218537220, 1218537120, 1218537194]}, "geometry": {"type": "LineString", "coordinates": [[120.2989462, 22.7218419], [120.3001289, 22.7222764], [120.3013489, 22.7227245]]}, "id": 105823268}, {"type": "Feature", "properties": {"osm_id": 105823269, "name": "東三街", "highway": "unclassified", "oneway": "no", "nodes": [1218537317, 1218537145]}, "geometry": {"type": "LineString", "coordinates": [[120.308625, 22.7216842], [120.3098308, 22.7221304]]}, "id": 105823269}, {"type": "Feature", "properties": {"osm_id": 105823270, "name": "西八街", "highway": "unclassified", "oneway": "no", "nodes": [1218537134, 1218537227, 1218537321]}, "geometry": {"type": "LineString", "coordinates": [[120.2986843, 22.7224366], [120.2998764, 22.7228502], [120.3011092, 22.7232776]]}, "id": 105823270}, {"type": "Feature", "properties": {"osm_id": 105823271, "highway": "residential", "nodes": [1218537122, 1218537311]}, "geometry": {"type": "LineString", "coordinates": [[120.3104257, 22.7259485], [120.310656, 22.7261134]]}, "id": 105823271}, {"type": "Feature", "properties": {"osm_id": 105823272, "name": "內環西路", "highway": "unclassified", "oneway": "no", "nodes": [289125846, 1218537134, 1218537220, 1218537302, 1218537205, 7244182862, 289125861, 1218537340, 1218537168, 1218537291, 1218537276, 1218537238]}, "geometry": {"type": "LineString", "coordinates": [[120.2983557, 22.7231828], [120.2986843, 22.7224366], [120.2989462, 22.7218419], [120.2992772, 22.7210904], [120.2995318, 22.7205122], [120.2997954, 22.7199136], [120.2998292, 22.7198368], [120.300138, 22.7191242], [120.3003731, 22.7185814], [120.3006821, 22.7178681], [120.3009244, 22.7173088], [120.3011911, 22.7166934]]}, "id": 105823272}, {"type": "Feature", "properties": {"osm_id": 105823275, "name": "中三街", "highway": "unclassified", "oneway": "no", "nodes": [1218537286, 1218537312]}, "geometry": {"type": "LineString", "coordinates": [[120.3046126, 22.7246086], [120.3034325, 22.7241585]]}, "id": 105823275}, {"type": "Feature", "properties": {"osm_id": 105823276, "highway": "tertiary", "oneway": "yes", "nodes": [1218537325, 1218537347, 2377564336, 1218537319, 1218537246, 2377564340, 1218537218, 2377564339, 2377741127]}, "geometry": {"type": "LineString", "coordinates": [[120.3060777, 22.7190525], [120.3060416, 22.7190746], [120.3059898, 22.7190855], [120.3059443, 22.7190834], [120.3054757, 22.7189274], [120.3054294, 22.7189046], [120.3053873, 22.7188744], [120.3053616, 22.7188399], [120.3053579, 22.7187992]]}, "id": 105823276}, {"type": "Feature", "properties": {"osm_id": 105823278, "name": "東一街", "highway": "unclassified", "oneway": "no", "nodes": [1218537355, 1218537358, 1218537113]}, "geometry": {"type": "LineString", "coordinates": [[120.3079775, 22.7199734], [120.3091897, 22.7203959], [120.3103802, 22.7208261]]}, "id": 105823278}, {"type": "Feature", "properties": {"osm_id": 105823279, "name": "中央路", "highway": "tertiary", "lanes": "2", "oneway": "no", "nodes": [1218537129, 289126120]}, "geometry": {"type": "LineString", "coordinates": [[120.3052505, 22.7200099], [120.3046467, 22.7214041]]}, "id": 105823279}, {"type": "Feature", "properties": {"osm_id": 105892446, "highway": "residential", "nodes": [1219300723, 1219300648, 1219300424, 1219300478]}, "geometry": {"type": "LineString", "coordinates": [[120.3050937, 22.7177188], [120.3052349, 22.7173865], [120.3053841, 22.7170354], [120.3055382, 22.7166726]]}, "id": 105892446}, {"type": "Feature", "properties": {"osm_id": 105892447, "name": "高峰街105巷", "highway": "residential", "nodes": [1219300401, 1219300371, 1219300464, 262090129]}, "geometry": {"type": "LineString", "coordinates": [[120.3153867, 22.7211358], [120.3157377, 22.7209957], [120.3158862, 22.7209476], [120.3162341, 22.7209048]]}, "id": 105892447}, {"type": "Feature", "properties": {"osm_id": 105892448, "name": "後勁西路61巷", "highway": "residential", "nodes": [1219300480, 4585528633, 1219300385, 1219300463, 1219300376, 4585528631, 1219300468]}, "geometry": {"type": "LineString", "coordinates": [[120.3115975, 22.7183756], [120.3118818, 22.7182964], [120.3119194, 22.7182893], [120.3121879, 22.7182385], [120.3123553, 22.718202], [120.3124599, 22.7181559], [120.3128058, 22.7179564]]}, "id": 105892448}, {"type": "Feature", "properties": {"osm_id": 105892449, "name": "宏毅二路南八巷", "highway": "residential", "nodes": [1219300400, 4252111220, 1219300767, 1219300414, 1219300746]}, "geometry": {"type": "LineString", "coordinates": [[120.3080086, 22.7116555], [120.3078357, 22.7115893], [120.3071714, 22.711335], [120.3064449, 22.711057], [120.3058576, 22.7108326]]}, "id": 105892449}, {"type": "Feature", "properties": {"osm_id": 105892451, "name": "宏毅二路", "highway": "residential", "nodes": [8566486299, 1219300762, 1219300444, 1219300711, 1219300465, 1219300789, 1219300492, 1219300388, 1219300767, 1219300781, 1219300709, 1219300425]}, "geometry": {"type": "LineString", "coordinates": [[120.3058966, 22.7142621], [120.306024, 22.7139975], [120.3061929, 22.7136057], [120.3063325, 22.7132818], [120.3064972, 22.7128995], [120.3066833, 22.7124677], [120.3068376, 22.7121097], [120.3069969, 22.7117398], [120.3071714, 22.711335], [120.3073378, 22.7109489], [120.307487, 22.7106025], [120.3075693, 22.7104116]]}, "id": 105892451}, {"type": "Feature", "properties": {"osm_id": 105892452, "name": "宏毅二路南十巷", "highway": "residential", "nodes": [1219300709, 1219300379, 1219300624]}, "geometry": {"type": "LineString", "coordinates": [[120.307487, 22.7106025], [120.3067608, 22.7103207], [120.3061796, 22.7100956]]}, "id": 105892452}, {"type": "Feature", "properties": {"osm_id": 105892453, "name": "加昌路279巷22弄", "highway": "residential", "nodes": [1219300543, 1219300590, 261608549]}, "geometry": {"type": "LineString", "coordinates": [[120.3139231, 22.7197141], [120.313499, 22.7198637], [120.3131286, 22.7200209]]}, "id": 105892453}, {"type": "Feature", "properties": {"osm_id": 105892454, "name": "宏毅二路北八巷", "highway": "residential", "nodes": [1219300780, 1219300452, 1219300474, 1219300723, 1219300540]}, "geometry": {"type": "LineString", "coordinates": [[120.3069292, 22.7184108], [120.3062755, 22.7181643], [120.3057213, 22.7179554], [120.3050937, 22.7177188], [120.3047839, 22.7176128]]}, "id": 105892454}, {"type": "Feature", "properties": {"osm_id": 105892455, "name": "宏毅三路7巷", "highway": "residential", "nodes": [1219300466, 1219300438, 1219300473, 1219300490, 1219300445, 1219300716]}, "geometry": {"type": "LineString", "coordinates": [[120.3072326, 22.7177217], [120.307651, 22.7178771], [120.3079371, 22.7179833], [120.3082279, 22.7180912], [120.3086079, 22.7182323], [120.3092755, 22.7184802]]}, "id": 105892455}, {"type": "Feature", "properties": {"osm_id": 105892456, "name": "後勁中街108巷", "highway": "residential", "nodes": [258784556, 2399967566, 1219300430, 2399967567, 1219300523, 2399967568, 1219300487, 1219300627]}, "geometry": {"type": "LineString", "coordinates": [[120.3155328, 22.7182118], [120.3155173, 22.7181161], [120.3154855, 22.7180428], [120.3153628, 22.7178689], [120.3153198, 22.7177927], [120.3152947, 22.7176321], [120.3152843, 22.7174721], [120.3152743, 22.7171063]]}, "id": 105892456}, {"type": "Feature", "properties": {"osm_id": 105892457, "name": "宏毅三路3巷", "highway": "residential", "nodes": [1219300745, 2375698085, 2375698086, 2375698087, 1219300432, 1219300460]}, "geometry": {"type": "LineString", "coordinates": [[120.3079004, 22.7162045], [120.3083133, 22.7163575], [120.308614, 22.7164688], [120.3089021, 22.7165756], [120.3092596, 22.716708], [120.309803, 22.7169094]]}, "id": 105892457}, {"type": "Feature", "properties": {"osm_id": 105892458, "name": "聖雲街124巷", "highway": "residential", "nodes": [265599595, 262085724]}, "geometry": {"type": "LineString", "coordinates": [[120.3135308, 22.7168875], [120.313944, 22.7176924]]}, "id": 105892458}, {"type": "Feature", "properties": {"osm_id": 105892460, "highway": "residential", "nodes": [1219300392, 1219300700, 1219300473, 1219300623, 1219300494]}, "geometry": {"type": "LineString", "coordinates": [[120.3076358, 22.7186772], [120.307782, 22.7183405], [120.3079371, 22.7179833], [120.3080908, 22.7176291], [120.3082685, 22.7172199]]}, "id": 105892460}, {"type": "Feature", "properties": {"osm_id": 105892461, "name": "後勁東路175巷", "highway": "residential", "nodes": [1219300549, 1219300511]}, "geometry": {"type": "LineString", "coordinates": [[120.3175313, 22.7187173], [120.316501, 22.7191567]]}, "id": 105892461}, {"type": "Feature", "properties": {"osm_id": 105892462, "name": "宏毅三路6巷", "highway": "residential", "nodes": [1219300456, 1219300552, 1219300623, 1219300426, 1219300576, 1219300423]}, "geometry": {"type": "LineString", "coordinates": [[120.3073891, 22.7173661], [120.3078032, 22.7175213], [120.3080908, 22.7176291], [120.3083891, 22.7177409], [120.3087588, 22.7178794], [120.3094256, 22.7181293]]}, "id": 105892462}, {"type": "Feature", "properties": {"osm_id": 105892463, "name": "宏毅二路南三巷", "highway": "residential", "nodes": [1219300578, 2375698033, 1219300415, 2375698038, 1219300711, 1219300565, 1219300495, 1219300380]}, "geometry": {"type": "LineString", "coordinates": [[120.3037578, 22.7123217], [120.3043615, 22.7125472], [120.3050038, 22.7127866], [120.3055895, 22.7130049], [120.3063325, 22.7132818], [120.3069615, 22.7135165], [120.307554, 22.7137374], [120.3087993, 22.7142017]]}, "id": 105892463}, {"type": "Feature", "properties": {"osm_id": 105892464, "name": "後勁中街54巷4弄", "highway": "residential", "nodes": [1219300553, 268926638]}, "geometry": {"type": "LineString", "coordinates": [[120.3172882, 22.7166216], [120.3166729, 22.7168937]]}, "id": 105892464}, {"type": "Feature", "properties": {"osm_id": 105892465, "name": "後昌路26巷", "highway": "residential", "nodes": [1219300750, 1219300786, 2417585478]}, "geometry": {"type": "LineString", "coordinates": [[120.3103207, 22.7151886], [120.3095409, 22.7154469], [120.3094388, 22.7154735]]}, "id": 105892465}, {"type": "Feature", "properties": {"osm_id": 105892468, "name": "後勁中街22巷", "highway": "residential", "nodes": [1219300740, 1219300609, 1219300553, 262085746]}, "geometry": {"type": "LineString", "coordinates": [[120.3174047, 22.7173592], [120.317377, 22.7168493], [120.3172882, 22.7166216], [120.3170926, 22.7162138]]}, "id": 105892468}, {"type": "Feature", "properties": {"osm_id": 105892469, "name": "宏毅三路8巷", "highway": "residential", "nodes": [1218537232, 1219300749, 1219300500, 1219300700, 1219300739, 1219300488]}, "geometry": {"type": "LineString", "coordinates": [[120.3091208, 22.718842], [120.308454, 22.7185922], [120.3080644, 22.7184463], [120.307782, 22.7183405], [120.3074983, 22.7182342], [120.3070765, 22.7180763]]}, "id": 105892469}, {"type": "Feature", "properties": {"osm_id": 105892470, "name": "宏毅二路南六巷", "highway": "residential", "nodes": [1219300413, 1219300532, 1219300492, 1219300411, 2375698019, 1219300498]}, "geometry": {"type": "LineString", "coordinates": [[120.3080605, 22.7125717], [120.3074888, 22.7123557], [120.3068376, 22.7121097], [120.3055173, 22.7116113], [120.3048329, 22.7113526], [120.3042961, 22.7111498]]}, "id": 105892470}, {"type": "Feature", "properties": {"osm_id": 105892471, "name": "高峰街59巷", "highway": "residential", "nodes": [1219300758, 1219300386, 1219300475, 1219300447]}, "geometry": {"type": "LineString", "coordinates": [[120.3157346, 22.7199932], [120.3156344, 22.7200458], [120.3154986, 22.7201303], [120.3153928, 22.7201741]]}, "id": 105892471}, {"type": "Feature", "properties": {"osm_id": 105892472, "name": "後勁南路135巷", "highway": "residential", "nodes": [1219300612, 262085860, 1219300480, 1219300469]}, "geometry": {"type": "LineString", "coordinates": [[120.3113257, 22.7174618], [120.3114905, 22.7180303], [120.3115975, 22.7183756], [120.311711, 22.7188332]]}, "id": 105892472}, {"type": "Feature", "properties": {"osm_id": 105892473, "name": "後勁西路56巷", "highway": "residential", "nodes": [1219300663, 1219300383, 1219300782, 1219300713, 262085724]}, "geometry": {"type": "LineString", "coordinates": [[120.3128932, 22.7181106], [120.3132935, 22.7178421], [120.3135885, 22.7177026], [120.3138331, 22.7176697], [120.313944, 22.7176924]]}, "id": 105892473}, {"type": "Feature", "properties": {"osm_id": 105892474, "name": "後昌路227巷", "highway": "residential", "nodes": [1219300754, 1219300516, 1219300428, 2417585470]}, "geometry": {"type": "LineString", "coordinates": [[120.3108385, 22.7164121], [120.3108076, 22.7162784], [120.3098004, 22.7162178], [120.3096984, 22.7162458]]}, "id": 105892474}, {"type": "Feature", "properties": {"osm_id": 105892475, "highway": "residential", "nodes": [1219300621, 1219300526, 1219300432, 1219300515, 1219300396, 1219300576, 1219300445, 1219300749, 1219300499, 2375698107, 2375698108, 2417585459]}, "geometry": {"type": "LineString", "coordinates": [[120.3094772, 22.7161991], [120.3094104, 22.7163553], [120.3092596, 22.716708], [120.3091084, 22.7170714], [120.308936, 22.7174649], [120.3087588, 22.7178794], [120.3086079, 22.7182323], [120.308454, 22.7185922], [120.3083089, 22.7189309], [120.3082976, 22.7189586], [120.3082746, 22.7190134], [120.3082033, 22.7191789]]}, "id": 105892475}, {"type": "Feature", "properties": {"osm_id": 105892476, "name": "聖雲街36巷10弄", "highway": "residential", "nodes": [1219300795, 1219300756, 1219300685, 11622033977]}, "geometry": {"type": "LineString", "coordinates": [[120.3157147, 22.7157674], [120.3160324, 22.7154427], [120.3163164, 22.7156084], [120.3166494, 22.7158277]]}, "id": 105892476}, {"type": "Feature", "properties": {"osm_id": 105892477, "highway": "residential", "nodes": [1219300374, 1219300479, 1219300433, 1219300578, 1219300459, 1219300731, 1219300484, 1219300498, 1219300587]}, "geometry": {"type": "LineString", "coordinates": [[120.3032923, 22.7133349], [120.3034347, 22.7130248], [120.3036215, 22.7126182], [120.3037578, 22.7123217], [120.3039144, 22.7119806], [120.3039374, 22.7119306], [120.3041277, 22.7115163], [120.3042961, 22.7111498], [120.304441, 22.7107879]]}, "id": 105892477}, {"type": "Feature", "properties": {"osm_id": 105892478, "highway": "residential", "nodes": [1219300698, 1219300417]}, "geometry": {"type": "LineString", "coordinates": [[120.3156773, 22.7198568], [120.3152269, 22.7199949]]}, "id": 105892478}, {"type": "Feature", "properties": {"osm_id": 105892479, "name": "宏毅二路南九巷", "highway": "residential", "nodes": [1219300381, 1219300518, 1219300781, 2375698018]}, "geometry": {"type": "LineString", "coordinates": [[120.3060162, 22.7104695], [120.3066052, 22.7106833], [120.3073378, 22.7109489], [120.307817, 22.7111354]]}, "id": 105892479}, {"type": "Feature", "properties": {"osm_id": 105892480, "name": "後勁北路111巷24弄", "highway": "residential", "nodes": [1219300523, 1219300774, 2399967569, 1219300436, 1219300743, 1219300735]}, "geometry": {"type": "LineString", "coordinates": [[120.3153198, 22.7177927], [120.3148904, 22.7178626], [120.3148473, 22.7178752], [120.3148019, 22.717915], [120.3147701, 22.7179296], [120.314416, 22.7179967]]}, "id": 105892480}, {"type": "Feature", "properties": {"osm_id": 105892481, "name": "後勁西路210巷", "highway": "residential", "nodes": [1219300607, 2379177600, 1219300506]}, "geometry": {"type": "LineString", "coordinates": [[120.3145105, 22.7209667], [120.3148697, 22.7208306], [120.31528, 22.7206619]]}, "id": 105892481}, {"type": "Feature", "properties": {"osm_id": 105892482, "name": "金田街48巷", "highway": "residential", "nodes": [1219300420, 1219300390, 1219300476]}, "geometry": {"type": "LineString", "coordinates": [[120.3172202, 22.7204954], [120.3169669, 22.7200374], [120.3167384, 22.7196662]]}, "id": 105892482}, {"type": "Feature", "properties": {"osm_id": 105892483, "name": "後勁東路21巷", "highway": "residential", "nodes": [1219300402, 1219300675, 1219300598]}, "geometry": {"type": "LineString", "coordinates": [[120.3145423, 22.71555], [120.3140251, 22.715975], [120.3137942, 22.7162583]]}, "id": 105892483}, {"type": "Feature", "properties": {"osm_id": 105892484, "name": "後勁南路7巷38弄", "highway": "residential", "nodes": [265599630, 1219300451, 1219300783, 1219300564]}, "geometry": {"type": "LineString", "coordinates": [[120.3132041, 22.7144329], [120.3139966, 22.7142739], [120.3143968, 22.7141936], [120.314444, 22.7141354]]}, "id": 105892484}, {"type": "Feature", "properties": {"osm_id": 105892485, "name": "後勁南路35巷12弄", "highway": "residential", "nodes": [265599683, 1219300759]}, "geometry": {"type": "LineString", "coordinates": [[120.3136482, 22.7148536], [120.3128981, 22.7152624]]}, "id": 105892485}, {"type": "Feature", "properties": {"osm_id": 105892486, "highway": "residential", "nodes": [1219300727, 1219300625, 1219300644]}, "geometry": {"type": "LineString", "coordinates": [[120.3157015, 22.7196981], [120.3161559, 22.7194975], [120.3165739, 22.7193087]]}, "id": 105892486}, {"type": "Feature", "properties": {"osm_id": 105892487, "name": "加昌路127巷12弄", "highway": "residential", "nodes": [261608494, 1219300382]}, "geometry": {"type": "LineString", "coordinates": [[120.3156092, 22.7215754], [120.3164994, 22.7219204]]}, "id": 105892487}, {"type": "Feature", "properties": {"osm_id": 105892488, "name": "後勁東路155巷", "highway": "residential", "nodes": [1219300470, 1219300497]}, "geometry": {"type": "LineString", "coordinates": [[120.3171527, 22.7182219], [120.31623, 22.718531]]}, "id": 105892488}, {"type": "Feature", "properties": {"osm_id": 105892489, "name": "宏毅二路南二巷", "highway": "residential", "nodes": [1219300462, 1219300393, 1219300541, 1219300444, 2375698045, 1219300440, 2375698037, 1219300433]}, "geometry": {"type": "LineString", "coordinates": [[120.3086405, 22.7145465], [120.3074072, 22.7140727], [120.306811, 22.7138436], [120.3061929, 22.7136057], [120.3054521, 22.7133217], [120.304868, 22.7130973], [120.3042347, 22.7128539], [120.3036215, 22.7126182]]}, "id": 105892489}, {"type": "Feature", "properties": {"osm_id": 105892490, "name": "學專路735巷", "highway": "residential", "nodes": [1219300390, 1219300770, 1219300777, 1219300737, 2417585499]}, "geometry": {"type": "LineString", "coordinates": [[120.3169669, 22.7200374], [120.3171597, 22.7199352], [120.3174059, 22.7199456], [120.3178395, 22.7199733], [120.3179065, 22.719982]]}, "id": 105892490}, {"type": "Feature", "properties": {"osm_id": 105892491, "highway": "residential", "nodes": [1219300554, 1219300758, 1219300698, 1219300394, 1219300727]}, "geometry": {"type": "LineString", "coordinates": [[120.3159399, 22.7200754], [120.3157346, 22.7199932], [120.3156773, 22.7198568], [120.3156796, 22.7197435], [120.3157015, 22.7196981]]}, "id": 105892491}, {"type": "Feature", "properties": {"osm_id": 105892492, "name": "後勁西路111巷", "highway": "residential", "nodes": [1219300757, 1219300696]}, "geometry": {"type": "LineString", "coordinates": [[120.313431, 22.7188054], [120.3124326, 22.7191831]]}, "id": 105892492}, {"type": "Feature", "properties": {"osm_id": 105892493, "highway": "residential", "nodes": [1219300616, 2399967563]}, "geometry": {"type": "LineString", "coordinates": [[120.3138556, 22.7196245], [120.3140911, 22.7194871]]}, "id": 105892493}, {"type": "Feature", "properties": {"osm_id": 105892494, "highway": "residential", "nodes": [1219300362, 1219300541, 1219300565, 1219300505, 1219300718, 1219300532, 1219300760, 4252111220]}, "geometry": {"type": "LineString", "coordinates": [[120.3066381, 22.7142285], [120.306811, 22.7138436], [120.3069615, 22.7135165], [120.3071325, 22.7131402], [120.3073287, 22.7127081], [120.3074888, 22.7123557], [120.3076587, 22.7119816], [120.3078357, 22.7115893]]}, "id": 105892494}, {"type": "Feature", "properties": {"osm_id": 105892495, "name": "後昌路255巷", "highway": "residential", "nodes": [1219300761, 1219300363, 2417585475]}, "geometry": {"type": "LineString", "coordinates": [[120.3103147, 22.7154138], [120.3096049, 22.715637], [120.3095026, 22.7156608]]}, "id": 105892495}, {"type": "Feature", "properties": {"osm_id": 105892496, "name": "宏毅二路南十一巷", "highway": "residential", "nodes": [1219300449, 1219300368, 1219300790]}, "geometry": {"type": "LineString", "coordinates": [[120.306348, 22.70971], [120.3069347, 22.7099153], [120.3074821, 22.7101362]]}, "id": 105892496}, {"type": "Feature", "properties": {"osm_id": 105892497, "name": "後勁中街187巷", "highway": "residential", "nodes": [262085718, 262090139]}, "geometry": {"type": "LineString", "coordinates": [[120.3140974, 22.7183765], [120.3133279, 22.7186518]]}, "id": 105892497}, {"type": "Feature", "properties": {"osm_id": 105892498, "name": "後勁北路111巷", "highway": "residential", "nodes": [1219300743, 1219300519, 1219300486]}, "geometry": {"type": "LineString", "coordinates": [[120.3147701, 22.7179296], [120.3148876, 22.7181386], [120.3151309, 22.7184402]]}, "id": 105892498}, {"type": "Feature", "properties": {"osm_id": 105892499, "name": "聖雲街110巷", "highway": "residential", "nodes": [1219300763, 2396278127, 1219300427]}, "geometry": {"type": "LineString", "coordinates": [[120.3142344, 22.7173513], [120.3141863, 22.7172506], [120.3139231, 22.7167001]]}, "id": 105892499}, {"type": "Feature", "properties": {"osm_id": 105892500, "name": "錦屏街68巷", "highway": "residential", "nodes": [1219300656, 1219300507, 265599662]}, "geometry": {"type": "LineString", "coordinates": [[120.312741, 22.7149953], [120.3130773, 22.7149019], [120.3134391, 22.7147438]]}, "id": 105892500}, {"type": "Feature", "properties": {"osm_id": 105892501, "name": "宏毅三路4巷", "highway": "residential", "nodes": [1219300768, 2375698089, 2375698090, 2375698092, 1219300515, 1219300741]}, "geometry": {"type": "LineString", "coordinates": [[120.3077475, 22.7165606], [120.3081635, 22.7167168], [120.3084714, 22.7168323], [120.3087553, 22.7169389], [120.3091084, 22.7170714], [120.3097827, 22.7173245]]}, "id": 105892501}, {"type": "Feature", "properties": {"osm_id": 105892502, "highway": "residential", "nodes": [1219300739, 1219300438, 1219300552, 1219300407]}, "geometry": {"type": "LineString", "coordinates": [[120.3074983, 22.7182342], [120.307651, 22.7178771], [120.3078032, 22.7175213], [120.3079778, 22.7171132]]}, "id": 105892502}, {"type": "Feature", "properties": {"osm_id": 105892504, "name": "後勁南路7巷", "highway": "residential", "nodes": [1219300641, 1219300451, 1219300535, 1219300502]}, "geometry": {"type": "LineString", "coordinates": [[120.3137076, 22.7140983], [120.3139966, 22.7142739], [120.3145498, 22.71461], [120.3147677, 22.714715]]}, "id": 105892504}, {"type": "Feature", "properties": {"osm_id": 105892505, "name": "加昌路127巷", "highway": "residential", "nodes": [262083309, 1219300382, 1219300560, 2417585497]}, "geometry": {"type": "LineString", "coordinates": [[120.3167104, 22.7214711], [120.3164994, 22.7219204], [120.316335, 22.7222501], [120.316248, 22.7224258]]}, "id": 105892505}, {"type": "Feature", "properties": {"osm_id": 105892506, "name": "後勁中街132巷", "highway": "residential", "nodes": [262085733, 1219300406]}, "geometry": {"type": "LineString", "coordinates": [[120.3146129, 22.717179], [120.3146813, 22.7175157]]}, "id": 105892506}, {"type": "Feature", "properties": {"osm_id": 105892507, "name": "後昌路67巷", "highway": "residential", "nodes": [1219300568, 1219300779]}, "geometry": {"type": "LineString", "coordinates": [[120.3124501, 22.7192433], [120.3115111, 22.7196178]]}, "id": 105892507}, {"type": "Feature", "properties": {"osm_id": 105892508, "name": "金田街17巷", "highway": "residential", "nodes": [1219300501, 1219300658]}, "geometry": {"type": "LineString", "coordinates": [[120.3174823, 22.7193289], [120.3172987, 22.7190159]]}, "id": 105892508}, {"type": "Feature", "properties": {"osm_id": 105892509, "name": "宏毅二路南五巷", "highway": "residential", "nodes": [1219300484, 2375698025, 1219300458, 1219300789, 1219300718, 1219300622]}, "geometry": {"type": "LineString", "coordinates": [[120.3041277, 22.7115163], [120.3046698, 22.7117183], [120.3053585, 22.7119747], [120.3066833, 22.7124677], [120.3073287, 22.7127081], [120.3079076, 22.7129236]]}, "id": 105892509}, {"type": "Feature", "properties": {"osm_id": 105892510, "highway": "residential", "nodes": [1219300385, 1219300784]}, "geometry": {"type": "LineString", "coordinates": [[120.3119194, 22.7182893], [120.3117368, 22.7179293]]}, "id": 105892510}, {"type": "Feature", "properties": {"osm_id": 105892511, "name": "後勁中街200巷", "highway": "residential", "nodes": [1219300699, 1219300592]}, "geometry": {"type": "LineString", "coordinates": [[120.3144245, 22.7182279], [120.3140574, 22.7183096]]}, "id": 105892511}, {"type": "Feature", "properties": {"osm_id": 105892512, "name": "宏毅三路", "highway": "residential", "nodes": [1219300380, 1219300462, 1219300595, 261608486, 2375698070, 1219300419, 1219300745, 1219300768, 1219300443, 1219300456, 1219300466, 1219300488, 1219300780]}, "geometry": {"type": "LineString", "coordinates": [[120.3087993, 22.7142017], [120.3086405, 22.7145465], [120.3084734, 22.7149179], [120.3082691, 22.7153668], [120.3082073, 22.7155072], [120.3080516, 22.715861], [120.3079004, 22.7162045], [120.3077475, 22.7165606], [120.3075668, 22.7169624], [120.3073891, 22.7173661], [120.3072326, 22.7177217], [120.3070765, 22.7180763], [120.3069292, 22.7184108]]}, "id": 105892512}, {"type": "Feature", "properties": {"osm_id": 105892513, "name": "後昌路325巷", "highway": "residential", "nodes": [1219300561, 1219300522, 1219300701, 2417585485]}, "geometry": {"type": "LineString", "coordinates": [[120.3107548, 22.7142455], [120.3105245, 22.713847], [120.3091348, 22.7142505], [120.3090248, 22.7142777]]}, "id": 105892513}, {"type": "Feature", "properties": {"osm_id": 105892515, "name": "聖雲街36巷26弄", "highway": "residential", "nodes": [1219300513, 1219300685]}, "geometry": {"type": "LineString", "coordinates": [[120.3159685, 22.7159724], [120.3163164, 22.7156084]]}, "id": 105892515}, {"type": "Feature", "properties": {"osm_id": 105892516, "name": "聖雲街36巷40弄", "highway": "residential", "nodes": [1219300536, 258784436, 11622033977, 1219300791]}, "geometry": {"type": "LineString", "coordinates": [[120.3169032, 22.7155652], [120.3168696, 22.7156268], [120.3166494, 22.7158277], [120.3161761, 22.7161452]]}, "id": 105892516}, {"type": "Feature", "properties": {"osm_id": 105892517, "name": "後勁西路200巷", "highway": "residential", "nodes": [1219300528, 1219300493]}, "geometry": {"type": "LineString", "coordinates": [[120.3144506, 22.7207952], [120.3152318, 22.7204948]]}, "id": 105892517}, {"type": "Feature", "properties": {"osm_id": 105892518, "name": "宏毅二路南一巷", "highway": "residential", "nodes": [1219300479, 2375698043, 1219300461, 2375698050, 1219300762, 1219300362, 1219300772, 1219300595]}, "geometry": {"type": "LineString", "coordinates": [[120.3034347, 22.7130248], [120.3040634, 22.7132614], [120.304693, 22.7134979], [120.305282, 22.7137192], [120.306024, 22.7139975], [120.3066381, 22.7142285], [120.3072421, 22.7144553], [120.3084734, 22.7149179]]}, "id": 105892518}, {"type": "Feature", "properties": {"osm_id": 105892519, "name": "後勁中街214巷", "highway": "residential", "nodes": [1219300544, 1219300751, 1219300680]}, "geometry": {"type": "LineString", "coordinates": [[120.3142299, 22.7185515], [120.3144538, 22.7184409], [120.3145052, 22.7184019]]}, "id": 105892519}, {"type": "Feature", "properties": {"osm_id": 105892520, "name": "高峰街109巷", "highway": "residential", "nodes": [1219300377, 2379177596, 1219300491, 261608495, 1219300717]}, "geometry": {"type": "LineString", "coordinates": [[120.3146649, 22.7212773], [120.3149195, 22.7212273], [120.3149643, 22.7213436], [120.3154248, 22.7212715], [120.3162509, 22.7209859]]}, "id": 105892520}, {"type": "Feature", "properties": {"osm_id": 105892521, "name": "後昌路277巷", "highway": "residential", "nodes": [1219300597, 1219300678, 2417585479]}, "geometry": {"type": "LineString", "coordinates": [[120.3104962, 22.7149021], [120.3094575, 22.715199], [120.3093549, 22.7152269]]}, "id": 105892521}, {"type": "Feature", "properties": {"osm_id": 105892522, "highway": "residential", "nodes": [1219300639, 1219300414, 1219300518, 1219300379, 1219300368]}, "geometry": {"type": "LineString", "coordinates": [[120.3062665, 22.7114729], [120.3064449, 22.711057], [120.3066052, 22.7106833], [120.3067608, 22.7103207], [120.3069347, 22.7099153]]}, "id": 105892522}, {"type": "Feature", "properties": {"osm_id": 105892523, "name": "宏毅二路南四巷", "highway": "residential", "nodes": [1219300457, 1219300794, 1219300505, 1219300465, 2375698036, 1219300545, 2375698029, 1219300731]}, "geometry": {"type": "LineString", "coordinates": [[120.3086475, 22.7137138], [120.3077173, 22.7133615], [120.3071325, 22.7131402], [120.3064972, 22.7128995], [120.3057557, 22.7126189], [120.3051733, 22.7123986], [120.304483, 22.7121373], [120.3039374, 22.7119306]]}, "id": 105892523}, {"type": "Feature", "properties": {"osm_id": 105892525, "name": "高峰街67巷", "highway": "residential", "nodes": [1219300538, 1219300504]}, "geometry": {"type": "LineString", "coordinates": [[120.316015, 22.7202091], [120.3155918, 22.7203401]]}, "id": 105892525}, {"type": "Feature", "properties": {"osm_id": 105892526, "name": "聖雲街76巷", "highway": "residential", "nodes": [1219300725, 1219300454, 1219300391]}, "geometry": {"type": "LineString", "coordinates": [[120.3149077, 22.7167335], [120.3148245, 22.7165243], [120.3146588, 22.716262]]}, "id": 105892526}, {"type": "Feature", "properties": {"osm_id": 105892528, "name": "後勁南路203巷", "highway": "residential", "nodes": [1219300530, 1219300496]}, "geometry": {"type": "LineString", "coordinates": [[120.3114377, 22.7174339], [120.3113573, 22.7170948]]}, "id": 105892528}, {"type": "Feature", "properties": {"osm_id": 105892530, "highway": "residential", "nodes": [1219300452, 1219300610, 1219300508, 1219300539, 1219300370]}, "geometry": {"type": "LineString", "coordinates": [[120.3062755, 22.7181643], [120.3064227, 22.7178314], [120.3065786, 22.7174789], [120.3067366, 22.7171217], [120.306932, 22.7166978]]}, "id": 105892530}, {"type": "Feature", "properties": {"osm_id": 105892531, "name": "宏毅三路2巷", "highway": "residential", "nodes": [1219300419, 2375698079, 2375698082, 2375698084, 1219300526]}, "geometry": {"type": "LineString", "coordinates": [[120.3080516, 22.715861], [120.3084586, 22.7160091], [120.3087646, 22.7161204], [120.3090426, 22.7162215], [120.3094104, 22.7163553]]}, "id": 105892531}, {"type": "Feature", "properties": {"osm_id": 105892532, "name": "高峰街118巷", "highway": "residential", "nodes": [1219300717, 2399973780, 1219300638, 2399973781, 1219300420, 1219300365, 1219300405, 1219300766]}, "geometry": {"type": "LineString", "coordinates": [[120.3162509, 22.7209859], [120.3163602, 22.7209498], [120.3164769, 22.7208981], [120.3168599, 22.7207043], [120.3172202, 22.7204954], [120.3177714, 22.7201739], [120.3178176, 22.7201729], [120.3178825, 22.720181]]}, "id": 105892532}, {"type": "Feature", "properties": {"osm_id": 105892533, "highway": "residential", "nodes": [1219300625, 11959599182, 1219300364]}, "geometry": {"type": "LineString", "coordinates": [[120.3161559, 22.7194975], [120.3159342, 22.7188854], [120.3158697, 22.7187074]]}, "id": 105892533}, {"type": "Feature", "properties": {"osm_id": 105892534, "name": "後昌路189巷13弄", "highway": "residential", "nodes": [1219300437, 2379038398, 2379038401, 1219300792]}, "geometry": {"type": "LineString", "coordinates": [[120.3108259, 22.7172247], [120.310776, 22.7170563], [120.3107261, 22.7168513], [120.3107, 22.7167108]]}, "id": 105892534}, {"type": "Feature", "properties": {"osm_id": 105892535, "name": "後昌路57巷", "highway": "residential", "nodes": [1219300642, 2378023689, 1219300696, 1219300568, 2378023696, 1219300517]}, "geometry": {"type": "LineString", "coordinates": [[120.3122891, 22.7186877], [120.3124057, 22.7190903], [120.3124326, 22.7191831], [120.3124501, 22.7192433], [120.312523, 22.7194269], [120.3126344, 22.7197074]]}, "id": 105892535}, {"type": "Feature", "properties": {"osm_id": 105892536, "name": "聖雲街148巷", "highway": "residential", "nodes": [1219300782, 1219300629]}, "geometry": {"type": "LineString", "coordinates": [[120.3135885, 22.7177026], [120.3133021, 22.717]]}, "id": 105892536}, {"type": "Feature", "properties": {"osm_id": 105892537, "name": "學專路599巷", "highway": "residential", "nodes": [268926636, 1219300740, 1219300378, 1219300361]}, "geometry": {"type": "LineString", "coordinates": [[120.3169612, 22.7174514], [120.3174047, 22.7173592], [120.3179509, 22.7173465], [120.3180385, 22.7173415]]}, "id": 105892537}, {"type": "Feature", "properties": {"osm_id": 105892538, "name": "金田街22巷", "highway": "residential", "nodes": [1219300777, 261608491]}, "geometry": {"type": "LineString", "coordinates": [[120.3174059, 22.7199456], [120.3171167, 22.7194809]]}, "id": 105892538}, {"type": "Feature", "properties": {"osm_id": 105892539, "highway": "residential", "nodes": [1219300551, 2375698101, 1219300474, 1219300676, 1219300421, 1219300397, 1219300372, 1219300542, 1219300403, 1219300563, 1219300442, 1219300772, 1219300393, 1219300495, 1219300794, 1219300622, 1219300413, 1219300514, 2375698030, 1219300693, 1219300744]}, "geometry": {"type": "LineString", "coordinates": [[120.3056641, 22.7180816], [120.3057043, 22.7179944], [120.3057213, 22.7179554], [120.3058658, 22.7176228], [120.3060186, 22.717271], [120.3061749, 22.7169112], [120.3063633, 22.7164851], [120.3065272, 22.7160813], [120.3066787, 22.7157519], [120.3068251, 22.7154149], [120.3070449, 22.714909], [120.3072421, 22.7144553], [120.3074072, 22.7140727], [120.307554, 22.7137374], [120.3077173, 22.7133615], [120.3079076, 22.7129236], [120.3080605, 22.7125717], [120.3082268, 22.7121892], [120.3082405, 22.7121803], [120.3082888, 22.7121489], [120.3083838, 22.7121228]]}, "id": 105892539}, {"type": "Feature", "properties": {"osm_id": 122981731, "name": "三山街", "highway": "residential", "oneway": "no", "nodes": [1372607229, 1372607242, 1372607211, 1372607304, 1372607258, 1372607334, 2402509119, 1372607313, 1372607185, 2402509111, 1372607358, 1398635541, 1372607197, 2402509113, 1372607274, 1398634373, 1372607238, 2402509112, 1372607323, 1372607294]}, "geometry": {"type": "LineString", "coordinates": [[120.28897, 22.7113142], [120.2887935, 22.7112377], [120.2886301, 22.7112252], [120.2884633, 22.7112346], [120.2882829, 22.7112848], [120.288157, 22.7113822], [120.2880883, 22.7114383], [120.2880299, 22.7114814], [120.2878868, 22.7115629], [120.2872776, 22.7118147], [120.2870445, 22.7118954], [120.2868316, 22.7119721], [120.2867151, 22.7120083], [120.2865273, 22.7120405], [120.2863211, 22.7120494], [120.2862147, 22.7120644], [120.2861398, 22.7120773], [120.2860675, 22.7121044], [120.2860236, 22.7121254], [120.2858991, 22.7122228]]}, "id": 122981731}, {"type": "Feature", "properties": {"osm_id": 122981735, "name": "右昌街", "highway": "residential", "nodes": [1389897877, 262083246]}, "geometry": {"type": "LineString", "coordinates": [[120.2930314, 22.708801], [120.2929611, 22.7088393]]}, "id": 122981735}, {"type": "Feature", "properties": {"osm_id": 122981736, "name": "右昌街", "highway": "tertiary", "oneway": "yes", "nodes": [3004962044, 4315390640, 588290612, 588290627, 1398634574, 588290603, 588290606, 588290608]}, "geometry": {"type": "LineString", "coordinates": [[120.2899151, 22.713919], [120.2898648, 22.7139591], [120.2898471, 22.713975], [120.2894825, 22.7143382], [120.2892242, 22.7145954], [120.2892179, 22.7146006], [120.288556, 22.715214], [120.2884749, 22.7153211]]}, "id": 122981736}, {"type": "Feature", "properties": {"osm_id": 122981740, "name": "新昌街", "highway": "residential", "nodes": [2188495553, 2206349188, 1372607236, 2206349182, 2206349179]}, "geometry": {"type": "LineString", "coordinates": [[120.2981001, 22.711681], [120.2988304, 22.7112021], [120.2990611, 22.7110508], [120.299026, 22.7107796], [120.2989785, 22.7104764]]}, "id": 122981740}, {"type": "Feature", "properties": {"osm_id": 122981742, "name": "後昌路", "highway": "primary", "oneway": "yes", "nodes": [265968447, 1372607153]}, "geometry": {"type": "LineString", "coordinates": [[120.2879981, 22.7159254], [120.2881442, 22.7159367]]}, "id": 122981742}, {"type": "Feature", "properties": {"osm_id": 122981751, "name": "軍校路", "highway": "tertiary", "oneway": "yes", "maxspeed": "50", "nodes": [265968352, 4315390641, 262083226, 13056406505, 1398634099, 13056406501, 1372607213, 2417585436, 1398635718, 13056402597, 2417585434, 262083227, 13056402589, 1398634251, 262083231, 13056402583, 1398635092, 262083240, 13056402579, 2417585432, 262083246]}, "geometry": {"type": "LineString", "coordinates": [[120.2913897, 22.7131066], [120.2914898, 22.7129271], [120.2917699, 22.7123804], [120.2917754, 22.7123698], [120.2918064, 22.7123005], [120.2918941, 22.7121012], [120.291927, 22.7120256], [120.2920278, 22.7117827], [120.2921428, 22.7115033], [120.2921707, 22.7114331], [120.2922774, 22.7111644], [120.2924785, 22.7106581], [120.2926185, 22.7103218], [120.2926311, 22.7102917], [120.2927344, 22.7100054], [120.2927541, 22.7099336], [120.2928357, 22.7096355], [120.2929084, 22.7093576], [120.2929338, 22.7090635], [120.2929481, 22.7089592], [120.2929611, 22.7088393]]}, "id": 122981751}, {"type": "Feature", "properties": {"osm_id": 122981752, "name": "後昌路", "highway": "primary", "lanes": "2", "oneway": "yes", "maxspeed": "50", "nodes": [13056406560, 13056406556, 1398634356, 13056406534, 273103152]}, "geometry": {"type": "LineString", "coordinates": [[120.2920085, 22.718013], [120.2920507, 22.717906], [120.2922179, 22.7174822], [120.2925993, 22.7165227], [120.2926461, 22.71641]]}, "id": 122981752}, {"type": "Feature", "properties": {"osm_id": 122981760, "name": "後昌路", "highway": "primary", "oneway": "yes", "nodes": [265968419, 265968447]}, "geometry": {"type": "LineString", "coordinates": [[120.2881018, 22.7160072], [120.2879981, 22.7159254]]}, "id": 122981760}, {"type": "Feature", "properties": {"osm_id": 122981762, "name": "加昌路", "highway": "residential", "oneway": "yes", "nodes": [262083221, 265968338]}, "geometry": {"type": "LineString", "coordinates": [[120.2912693, 22.713199], [120.2911066, 22.7130391]]}, "id": 122981762}, {"type": "Feature", "properties": {"osm_id": 122981766, "name": "右昌街", "highway": "tertiary", "oneway": "yes", "nodes": [265968447, 588290610, 2384947822, 265968456]}, "geometry": {"type": "LineString", "coordinates": [[120.2879981, 22.7159254], [120.2881209, 22.7157247], [120.2883366, 22.7153395], [120.2883756, 22.715264]]}, "id": 122981766}, {"type": "Feature", "properties": {"osm_id": 125934999, "name": "德中路165巷", "highway": "unclassified", "nodes": [291010346, 1397382490, 13534440903, 1397382568, 1397383170, 1397382196, 1397382446, 1397383017, 3076323075, 1397382831, 1397382198, 1397382713, 1397382066, 1397382144, 1397382649, 1397382016, 1397382525, 1397382383, 1397382893, 1397382287, 1397382772, 8512750885]}, "geometry": {"type": "LineString", "coordinates": [[120.2612739, 22.7238932], [120.2614268, 22.7240392], [120.2616935, 22.7243784], [120.2618586, 22.7245884], [120.2629771, 22.7262756], [120.2634974, 22.7269881], [120.2637201, 22.7272974], [120.2639159, 22.7275299], [120.264337, 22.7279431], [120.2646901, 22.7282618], [120.2651524, 22.7286605], [120.2659463, 22.7293211], [120.2662923, 22.7295215], [120.2665605, 22.7296105], [120.2668448, 22.729707], [120.2679499, 22.7306248], [120.2691569, 22.7316069], [120.2692642, 22.7317207], [120.2693822, 22.7317405], [120.2695217, 22.731696], [120.2696987, 22.7316193], [120.2701494, 22.7312895]]}, "id": 125934999}, {"type": "Feature", "properties": {"osm_id": 125935008, "name": "軍工橋", "highway": "unclassified", "bridge": "yes", "layer": "1", "nodes": [1397382382, 1397382773]}, "geometry": {"type": "LineString", "coordinates": [[120.2586018, 22.7220765], [120.2589839, 22.7212402]]}, "id": 125935008}, {"type": "Feature", "properties": {"osm_id": 125935024, "highway": "unclassified", "nodes": [1397382773, 291010227]}, "geometry": {"type": "LineString", "coordinates": [[120.2589839, 22.7212402], [120.2590509, 22.7211639]]}, "id": 125935024}, {"type": "Feature", "properties": {"osm_id": 125935054, "name": "通安大橋", "highway": "residential", "bridge": "yes", "layer": "1", "nodes": [1397382977, 1397382164]}, "geometry": {"type": "LineString", "coordinates": [[120.2610948, 22.7240532], [120.2605651, 22.7244458]]}, "id": 125935054}, {"type": "Feature", "properties": {"osm_id": 125935079, "name": "援港路", "highway": "unclassified", "nodes": [1397382439, 13534440914, 9849594285, 9851577280, 7390303836, 7391695965, 9849594286, 7390303866]}, "geometry": {"type": "LineString", "coordinates": [[120.2629045, 22.7228392], [120.2644505, 22.72411], [120.27114, 22.7296087], [120.2711705, 22.7296338], [120.2712407, 22.7296915], [120.2713325, 22.7297661], [120.2714429, 22.7298557], [120.2715291, 22.7299257]]}, "id": 125935079}, {"type": "Feature", "properties": {"osm_id": 125935084, "highway": "unclassified", "nodes": [1397382435, 291010177, 291010181, 291010182, 291010192, 291010195, 291010215, 291010222, 291010227, 291010236, 291010245, 291010266, 291010273, 291010302, 4425488987, 4425488988, 4425490190, 291010316, 291010329, 4425490191, 1397382541, 291010346]}, "geometry": {"type": "LineString", "coordinates": [[120.2566098, 22.7175163], [120.2565317, 22.717854], [120.2564915, 22.7180297], [120.2564955, 22.7181299], [120.2565653, 22.7182362], [120.2580686, 22.7199669], [120.2586561, 22.720771], [120.2587741, 22.7209392], [120.2590509, 22.7211639], [120.2591549, 22.7210827], [120.2592676, 22.7210728], [120.2593534, 22.7210951], [120.2594339, 22.7211693], [120.2594554, 22.7212781], [120.2594339, 22.7214563], [120.2594339, 22.7215602], [120.2594902, 22.7216814], [120.2595573, 22.721768], [120.2601661, 22.7225795], [120.2607938, 22.7233588], [120.2611666, 22.7237472], [120.2612739, 22.7238932]]}, "id": 125935084}, {"type": "Feature", "properties": {"osm_id": 126080662, "name": "後昌路1169巷", "highway": "residential", "nodes": [1398634692, 1398635045, 5257606651, 1398634156]}, "geometry": {"type": "LineString", "coordinates": [[120.2912425, 22.71703], [120.2908762, 22.7171828], [120.2907982, 22.7173108], [120.2907762, 22.7173469]]}, "id": 126080662}, {"type": "Feature", "properties": {"osm_id": 126080670, "name": "民昌街20巷", "highway": "residential", "nodes": [1398634152, 1398635403]}, "geometry": {"type": "LineString", "coordinates": [[120.2891107, 22.7172941], [120.2897005, 22.717635]]}, "id": 126080670}, {"type": "Feature", "properties": {"osm_id": 126080676, "name": "右昌街489巷", "highway": "residential", "nodes": [1398635637, 1398635701, 1398635848, 2380808027, 2380808025, 1398634575, 2380808022, 1398636031]}, "geometry": {"type": "LineString", "coordinates": [[120.2863318, 22.7159389], [120.2863981, 22.7159965], [120.2864976, 22.7160724], [120.2866447, 22.7161801], [120.2868128, 22.7162792], [120.2871374, 22.7164795], [120.2871958, 22.7165032], [120.2872835, 22.7165172]]}, "id": 126080676}, {"type": "Feature", "properties": {"osm_id": 126080684, "name": "高昌街", "highway": "residential", "oneway": "no", "nodes": [1398634274, 1398634321, 1398635702, 1398635390, 1398634338]}, "geometry": {"type": "LineString", "coordinates": [[120.2884482, 22.7198349], [120.2889002, 22.719199], [120.2891726, 22.7188148], [120.2894383, 22.7184394], [120.2896807, 22.7180968]]}, "id": 126080684}, {"type": "Feature", "properties": {"osm_id": 126080688, "name": "右昌街487巷", "highway": "residential", "oneway": "no", "nodes": [265968411, 1398636031, 1398636106, 1398634960, 1398635184]}, "geometry": {"type": "LineString", "coordinates": [[120.2874272, 22.71666], [120.2872835, 22.7165172], [120.2870158, 22.7162514], [120.2862107, 22.7154516], [120.2860672, 22.715309]]}, "id": 126080688}, {"type": "Feature", "properties": {"osm_id": 126080692, "name": "藍昌路100巷", "highway": "residential", "nodes": [1398635799, 1398634500, 1398635981]}, "geometry": {"type": "LineString", "coordinates": [[120.29018, 22.7158901], [120.2905481, 22.7158146], [120.2905314, 22.7156731]]}, "id": 126080692}, {"type": "Feature", "properties": {"osm_id": 126080694, "name": "藍昌路214巷", "highway": "residential", "nodes": [1398636069, 1398634248]}, "geometry": {"type": "LineString", "coordinates": [[120.2906236, 22.7191894], [120.2908887, 22.7191556]]}, "id": 126080694}, {"type": "Feature", "properties": {"osm_id": 126080702, "name": "藍昌路214巷2弄", "highway": "residential", "nodes": [1398634885, 1398635883, 1398635889]}, "geometry": {"type": "LineString", "coordinates": [[120.2909767, 22.7186393], [120.2909176, 22.7180816], [120.2909, 22.7179158]]}, "id": 126080702}, {"type": "Feature", "properties": {"osm_id": 126080711, "name": "中泰街120巷", "highway": "residential", "nodes": [1398634273, 1398635334, 1398635738]}, "geometry": {"type": "LineString", "coordinates": [[120.2863311, 22.7163551], [120.28623, 22.7164665], [120.2860349, 22.716667]]}, "id": 126080711}, {"type": "Feature", "properties": {"osm_id": 126080712, "highway": "residential", "nodes": [1398636016, 1398635592]}, "geometry": {"type": "LineString", "coordinates": [[120.2918815, 22.7161188], [120.2921249, 22.7162156]]}, "id": 126080712}, {"type": "Feature", "properties": {"osm_id": 126080718, "name": "民昌街10巷", "highway": "residential", "nodes": [1398634224, 1398635525]}, "geometry": {"type": "LineString", "coordinates": [[120.289223, 22.717133], [120.2895539, 22.7173152]]}, "id": 126080718}, {"type": "Feature", "properties": {"osm_id": 126080719, "name": "久昌街", "highway": "residential", "oneway": "no", "nodes": [256456052, 1398635002, 1398634618, 1398634998, 1398634851, 1398635887, 2400201638, 1398635540, 1398635557, 1398635149, 1398636051, 1398635367, 1398634895, 1398635326]}, "geometry": {"type": "LineString", "coordinates": [[120.2808137, 22.7159535], [120.2812319, 22.7151759], [120.2814007, 22.7148817], [120.2815086, 22.7146919], [120.2815823, 22.7145638], [120.2816646, 22.7144279], [120.281849, 22.7140934], [120.2820882, 22.7136861], [120.2822934, 22.7133319], [120.2823668, 22.7132052], [120.2825161, 22.7129385], [120.2829282, 22.7121881], [120.283397, 22.7113754], [120.283791, 22.7106536]]}, "id": 126080719}, {"type": "Feature", "properties": {"osm_id": 126080721, "name": "啟昌街", "highway": "residential", "oneway": "no", "nodes": [1398635498, 1398634394, 10960958189, 1398634992, 1398634211, 1398636087, 1398634342, 1398635778, 1398635863, 1398634910, 1398634805, 1398635146, 1398634300, 1398636035, 1398634817, 1398634097, 1398635804, 1398635715, 1398634510, 1398634136, 1398634981, 8647751126, 8647751127, 8647751128]}, "geometry": {"type": "LineString", "coordinates": [[120.2784486, 22.718312], [120.2787506, 22.7177605], [120.2789641, 22.7173739], [120.2791343, 22.7170707], [120.279545, 22.7162979], [120.2799747, 22.7155409], [120.280234, 22.715093], [120.2804248, 22.7147705], [120.2805895, 22.7144852], [120.2807736, 22.7141589], [120.2809261, 22.7138891], [120.2810821, 22.7136147], [120.2812616, 22.7132882], [120.2814833, 22.7128914], [120.2816544, 22.7125801], [120.2816738, 22.7125457], [120.2825578, 22.7109597], [120.2829815, 22.710238], [120.2834295, 22.7095169], [120.2838336, 22.7087846], [120.2840488, 22.7084235], [120.2842968, 22.7080771], [120.2845282, 22.7079128], [120.2848659, 22.7077479]]}, "id": 126080721}, {"type": "Feature", "properties": {"osm_id": 126080726, "name": "仁昌街", "highway": "residential", "oneway": "no", "nodes": [1398635186, 1398634117, 1398634887, 1398634530, 9044636363, 1398634842]}, "geometry": {"type": "LineString", "coordinates": [[120.2823922, 22.7198395], [120.2824681, 22.7199111], [120.2825476, 22.7199714], [120.2827074, 22.7200754], [120.2834745, 22.720408], [120.2842604, 22.7207493]]}, "id": 126080726}, {"type": "Feature", "properties": {"osm_id": 126080745, "name": "萬昌街", "highway": "residential", "nodes": [1398634286, 1398635718, 5211912391, 1398635838, 1398635132, 2384947101, 1398634162, 2384947104, 1398634096, 2384947105, 1398635441, 1398635317, 1398635000, 1398635771, 1372607316]}, "geometry": {"type": "LineString", "coordinates": [[120.2922012, 22.7115232], [120.2921428, 22.7115033], [120.292095, 22.7114922], [120.2915812, 22.7113725], [120.2913857, 22.7113263], [120.291339, 22.7113172], [120.2912754, 22.7113136], [120.291212, 22.7113187], [120.2911108, 22.7113385], [120.2909776, 22.7113746], [120.2908645, 22.7114179], [120.2904638, 22.711602], [120.290094, 22.7117855], [120.2898935, 22.7118849], [120.2893093, 22.7122041]]}, "id": 126080745}, {"type": "Feature", "properties": {"osm_id": 126080748, "name": "吉昌街", "highway": "residential", "nodes": [1398635805, 1398635085, 4586442328, 4309157476, 1398635897, 1398634688, 1398634450, 1398635949, 1372607333, 1398634094, 1398634285, 1398634191, 1398635302, 1398634935, 5144956953, 5212310615, 1398635587, 1398635717]}, "geometry": {"type": "LineString", "coordinates": [[120.2889277, 22.7164284], [120.288968, 22.7163676], [120.2891327, 22.7161341], [120.2892176, 22.7160137], [120.2893257, 22.7159112], [120.2900977, 22.7152779], [120.2903713, 22.7152235], [120.2905566, 22.7152153], [120.2906672, 22.715225], [120.2908227, 22.715267], [120.2908875, 22.7152845], [120.2915553, 22.7155087], [120.2918783, 22.7156172], [120.2923081, 22.7157615], [120.292764, 22.7159147], [120.292791, 22.7159238], [120.292848, 22.7159429], [120.292947, 22.7159761]]}, "id": 126080748}, {"type": "Feature", "properties": {"osm_id": 126080750, "name": "三山街598巷", "highway": "residential", "nodes": [1398635608, 1398636072]}, "geometry": {"type": "LineString", "coordinates": [[120.2820673, 22.7193419], [120.2814137, 22.7187026]]}, "id": 126080750}, {"type": "Feature", "properties": {"osm_id": 126080752, "name": "右昌街751巷", "highway": "residential", "nodes": [1398634271, 1398635697, 1398635978]}, "geometry": {"type": "LineString", "coordinates": [[120.2827417, 22.7183676], [120.2835313, 22.7188225], [120.2836838, 22.7190069]]}, "id": 126080752}, {"type": "Feature", "properties": {"osm_id": 126080754, "name": "高昌街9巷", "highway": "residential", "nodes": [1398635390, 1398635315]}, "geometry": {"type": "LineString", "coordinates": [[120.2894383, 22.7184394], [120.2890597, 22.7182117]]}, "id": 126080754}, {"type": "Feature", "properties": {"osm_id": 126080758, "name": "廣昌街", "highway": "residential", "nodes": [1398634872, 1398636021, 1398634265, 1398635464, 1398634172, 1398635266, 1398635118, 4585333836, 1398634607, 1398635859, 1398634407, 1398634375, 1398635693, 2402405214, 1398635268, 1398635955, 1398634112, 2402405222, 1398635844, 2402509063, 2402509061, 1398634886, 13250473900, 1398634283]}, "geometry": {"type": "LineString", "coordinates": [[120.2869146, 22.7050392], [120.2869191, 22.7053956], [120.287014, 22.705704], [120.2871134, 22.7060291], [120.2872025, 22.7062899], [120.2872804, 22.706564], [120.2873077, 22.7067116], [120.2873122, 22.7067313], [120.2873215, 22.7068384], [120.2873422, 22.7070693], [120.2873483, 22.7073278], [120.2873517, 22.7074742], [120.2873139, 22.7075632], [120.2872723, 22.7076361], [120.287213, 22.7076908], [120.2871177, 22.7077494], [120.2868142, 22.7079359], [120.2865662, 22.7080958], [120.28653, 22.7081199], [120.2862226, 22.7082905], [120.2861236, 22.7083426], [120.2859419, 22.7084228], [120.285911, 22.708437], [120.285598, 22.7085811]]}, "id": 126080758}, {"type": "Feature", "properties": {"osm_id": 126080759, "name": "南昌街32巷17弄", "highway": "residential", "nodes": [1398634596, 1398635503, 1398636047]}, "geometry": {"type": "LineString", "coordinates": [[120.2892698, 22.7196723], [120.2893205, 22.7195772], [120.2894605, 22.7193666]]}, "id": 126080759}, {"type": "Feature", "properties": {"osm_id": 126080763, "name": "美昌街", "highway": "residential", "oneway": "no", "nodes": [1398634437, 1398634249, 1398634180, 1398635807, 1398635958, 1398634357, 1398636044, 1398634746]}, "geometry": {"type": "LineString", "coordinates": [[120.2816527, 22.7163946], [120.2812497, 22.7171299], [120.2810291, 22.717528], [120.2808242, 22.7179063], [120.2807555, 22.7180315], [120.2805454, 22.7184149], [120.2802318, 22.7190119], [120.2800174, 22.7193783]]}, "id": 126080763}, {"type": "Feature", "properties": {"osm_id": 126080772, "name": "中泰街119巷", "highway": "residential", "nodes": [1398634144, 4586446592, 1398635738]}, "geometry": {"type": "LineString", "coordinates": [[120.2850041, 22.7175028], [120.2857493, 22.7168986], [120.2860349, 22.716667]]}, "id": 126080772}, {"type": "Feature", "properties": {"osm_id": 126080775, "highway": "residential", "nodes": [1398634253, 1398635015, 1398636106]}, "geometry": {"type": "LineString", "coordinates": [[120.2875696, 22.715528], [120.2873139, 22.7158619], [120.2870158, 22.7162514]]}, "id": 126080775}, {"type": "Feature", "properties": {"osm_id": 126080776, "highway": "residential", "nodes": [1398635694, 1398634377, 1398634796]}, "geometry": {"type": "LineString", "coordinates": [[120.2872028, 22.7169992], [120.2872349, 22.7171133], [120.2871319, 22.7176447]]}, "id": 126080776}, {"type": "Feature", "properties": {"osm_id": 126080777, "name": "藍昌路367巷", "highway": "residential", "nodes": [2384936074, 1398634102, 2409813957, 1372607277, 2384936097, 2384936102, 2384936110, 1398635231, 2384936109, 1398634197, 2420027348]}, "geometry": {"type": "LineString", "coordinates": [[120.2846468, 22.7213567], [120.2848861, 22.7214616], [120.2851581, 22.721573], [120.2861059, 22.7219612], [120.286998, 22.7223266], [120.2881901, 22.7228197], [120.2890077, 22.7231551], [120.2905284, 22.7237899], [120.2905708, 22.7237899], [120.2911773, 22.7235966], [120.2912886, 22.7235632]]}, "id": 126080777}, {"type": "Feature", "properties": {"osm_id": 126080782, "name": "中昌街97巷", "highway": "residential", "nodes": [1398635772, 1398634453]}, "geometry": {"type": "LineString", "coordinates": [[120.2879273, 22.7195634], [120.2881552, 22.7192523]]}, "id": 126080782}, {"type": "Feature", "properties": {"osm_id": 126080785, "name": "藍昌路119巷", "highway": "residential", "nodes": [1398635897, 1398634422, 1398634380, 1398635041, 1398636085, 1398636089]}, "geometry": {"type": "LineString", "coordinates": [[120.2893257, 22.7159112], [120.2894684, 22.7160726], [120.2896721, 22.7163029], [120.2897556, 22.7163972], [120.2900803, 22.7166134], [120.2902851, 22.7166719]]}, "id": 126080785}, {"type": "Feature", "properties": {"osm_id": 126080787, "name": "藍昌路63巷", "highway": "residential", "nodes": [1398634422, 1398635930]}, "geometry": {"type": "LineString", "coordinates": [[120.2894684, 22.7160726], [120.2901332, 22.7155414]]}, "id": 126080787}, {"type": "Feature", "properties": {"osm_id": 126080790, "name": "南昌街217巷", "highway": "residential", "nodes": [1398634153, 1398635408]}, "geometry": {"type": "LineString", "coordinates": [[120.287415, 22.7177713], [120.2876276, 22.7174309]]}, "id": 126080790}, {"type": "Feature", "properties": {"osm_id": 126080795, "name": "中昌街997巷", "highway": "residential", "nodes": [1398634545, 1398635899, 2380807994, 1398635720, 8649676954, 1398635803]}, "geometry": {"type": "LineString", "coordinates": [[120.2868706, 22.7189507], [120.2872008, 22.7184731], [120.2872971, 22.7183339], [120.2873228, 22.7182968], [120.2875431, 22.7179783], [120.2876073, 22.7178855]]}, "id": 126080795}, {"type": "Feature", "properties": {"osm_id": 126080801, "name": "智昌街", "highway": "residential", "oneway": "no", "nodes": [1398634992, 1398634769, 1398636065, 1398634513, 1398635807, 1398634345]}, "geometry": {"type": "LineString", "coordinates": [[120.2791343, 22.7170707], [120.2794644, 22.7172203], [120.2796741, 22.7173195], [120.2799763, 22.7174711], [120.2808242, 22.7179063], [120.2816189, 22.7183121]]}, "id": 126080801}, {"type": "Feature", "properties": {"osm_id": 126080803, "name": "南昌街175巷", "highway": "residential", "nodes": [1398635542, 1398634304]}, "geometry": {"type": "LineString", "coordinates": [[120.2880667, 22.7181582], [120.2881841, 22.7179908]]}, "id": 126080803}, {"type": "Feature", "properties": {"osm_id": 126080807, "name": "中昌街997巷31弄", "highway": "residential", "oneway": "no", "nodes": [1398635899, 1398634369]}, "geometry": {"type": "LineString", "coordinates": [[120.2872008, 22.7184731], [120.2875053, 22.718639]]}, "id": 126080807}, {"type": "Feature", "properties": {"osm_id": 126080817, "name": "民昌街17巷", "highway": "residential", "nodes": [1398634565, 2379749911, 1398634224]}, "geometry": {"type": "LineString", "coordinates": [[120.2887432, 22.7168708], [120.2890283, 22.7170272], [120.289223, 22.717133]]}, "id": 126080817}, {"type": "Feature", "properties": {"osm_id": 126080821, "name": "中泰街76巷", "highway": "residential", "nodes": [1398634757, 1398635893, 1398635572, 1398634722, 1398635911, 1398634674, 2380808036, 1398634095, 1398635184]}, "geometry": {"type": "LineString", "coordinates": [[120.2832863, 22.7182155], [120.2837644, 22.7176194], [120.2843892, 22.7169675], [120.284898, 22.7164485], [120.2852028, 22.7161217], [120.2854177, 22.7158982], [120.2855763, 22.7157554], [120.2857264, 22.7156182], [120.2860672, 22.715309]]}, "id": 126080821}, {"type": "Feature", "properties": {"osm_id": 126080822, "name": "裕昌街318巷", "highway": "residential", "nodes": [1398635382, 1398634237]}, "geometry": {"type": "LineString", "coordinates": [[120.2877929, 22.7168932], [120.2872514, 22.7176742]]}, "id": 126080822}, {"type": "Feature", "properties": {"osm_id": 126080825, "name": "藍昌路214巷", "highway": "residential", "nodes": [1398635509, 1398634885, 1398635233]}, "geometry": {"type": "LineString", "coordinates": [[120.2912737, 22.7184825], [120.2909767, 22.7186393], [120.2905751, 22.7188287]]}, "id": 126080825}, {"type": "Feature", "properties": {"osm_id": 126080829, "name": "泰昌街85巷", "highway": "residential", "nodes": [1398634111, 1398634312, 1398634515]}, "geometry": {"type": "LineString", "coordinates": [[120.2839794, 22.7160272], [120.2836887, 22.71583], [120.2834062, 22.7156547]]}, "id": 126080829}, {"type": "Feature", "properties": {"osm_id": 126080834, "highway": "residential", "nodes": [1398635289, 1398634214]}, "geometry": {"type": "LineString", "coordinates": [[120.2820114, 22.7165849], [120.2824694, 22.7158181]]}, "id": 126080834}, {"type": "Feature", "properties": {"osm_id": 126080840, "name": "南昌街32巷", "highway": "residential", "nodes": [1398634246, 1398634183, 1398635982]}, "geometry": {"type": "LineString", "coordinates": [[120.2892665, 22.7202614], [120.2896156, 22.7197467], [120.2899394, 22.7192701]]}, "id": 126080840}, {"type": "Feature", "properties": {"osm_id": 126080842, "name": "美昌街165巷", "highway": "residential", "nodes": [1398635070, 4581717154, 1398634746]}, "geometry": {"type": "LineString", "coordinates": [[120.2780132, 22.7185908], [120.2783212, 22.7187118], [120.2800174, 22.7193783]]}, "id": 126080842}, {"type": "Feature", "properties": {"osm_id": 126080844, "name": "泰昌街48巷", "highway": "residential", "nodes": [1398634256, 1398635673, 1398634706]}, "geometry": {"type": "LineString", "coordinates": [[120.2843959, 22.7155119], [120.2846496, 22.7156808], [120.2846205, 22.7157363]]}, "id": 126080844}, {"type": "Feature", "properties": {"osm_id": 126080847, "highway": "residential", "nodes": [1398634273, 1398635701]}, "geometry": {"type": "LineString", "coordinates": [[120.2863311, 22.7163551], [120.2863981, 22.7159965]]}, "id": 126080847}, {"type": "Feature", "properties": {"osm_id": 126080850, "name": "民昌街69巷", "highway": "residential", "nodes": [1398634875, 1398634243]}, "geometry": {"type": "LineString", "coordinates": [[120.288229, 22.7177741], [120.2886162, 22.7180037]]}, "id": 126080850}, {"type": "Feature", "properties": {"osm_id": 126080871, "highway": "residential", "nodes": [1398634146, 4586442322, 1398634253]}, "geometry": {"type": "LineString", "coordinates": [[120.2880596, 22.7148998], [120.2878002, 22.7152174], [120.2875696, 22.715528]]}, "id": 126080871}, {"type": "Feature", "properties": {"osm_id": 126080877, "name": "吉昌街18巷61弄", "highway": "residential", "nodes": [1398634157, 1398634220, 2379713971, 1398634864]}, "geometry": {"type": "LineString", "coordinates": [[120.2908937, 22.7165067], [120.2914364, 22.7167044], [120.2916542, 22.7167837], [120.2918576, 22.7168578]]}, "id": 126080877}, {"type": "Feature", "properties": {"osm_id": 126080891, "name": "藍昌路233巷", "highway": "residential", "nodes": [1398635530, 1398636069]}, "geometry": {"type": "LineString", "coordinates": [[120.2902051, 22.7192334], [120.2906236, 22.7191894]]}, "id": 126080891}, {"type": "Feature", "properties": {"osm_id": 126080895, "name": "民昌街120巷", "highway": "residential", "nodes": [8649676957, 1398634691]}, "geometry": {"type": "LineString", "coordinates": [[120.2883728, 22.7192232], [120.2879484, 22.7189619]]}, "id": 126080895}, {"type": "Feature", "properties": {"osm_id": 126080897, "name": "福興街", "highway": "residential", "oneway": "no", "nodes": [1398635778, 1398635002]}, "geometry": {"type": "LineString", "coordinates": [[120.2804248, 22.7147705], [120.2812319, 22.7151759]]}, "id": 126080897}, {"type": "Feature", "properties": {"osm_id": 126080900, "highway": "residential", "nodes": [1398634960, 1398634126]}, "geometry": {"type": "LineString", "coordinates": [[120.2862107, 22.7154516], [120.2866005, 22.7151208]]}, "id": 126080900}, {"type": "Feature", "properties": {"osm_id": 126080902, "name": "泰昌街26巷", "highway": "residential", "nodes": [1398634866, 1398634095]}, "geometry": {"type": "LineString", "coordinates": [[120.2849645, 22.7148946], [120.2857264, 22.7156182]]}, "id": 126080902}, {"type": "Feature", "properties": {"osm_id": 126080910, "name": "後昌路1140巷", "highway": "residential", "nodes": [1398635509, 1398635158, 5257606654, 1398634091]}, "geometry": {"type": "LineString", "coordinates": [[120.2912737, 22.7184825], [120.2913463, 22.7182411], [120.2914555, 22.7178786], [120.2914736, 22.7178183]]}, "id": 126080910}, {"type": "Feature", "properties": {"osm_id": 126080915, "highway": "residential", "nodes": [1398634254, 1398635433, 2417585439]}, "geometry": {"type": "LineString", "coordinates": [[120.2886005, 22.7199143], [120.2883216, 22.7203619], [120.2882797, 22.7204265]]}, "id": 126080915}, {"type": "Feature", "properties": {"osm_id": 126080920, "name": "藍昌路14巷", "highway": "residential", "nodes": [1398634404, 1398635910]}, "geometry": {"type": "LineString", "coordinates": [[120.291365, 22.7155617], [120.2914357, 22.7161195]]}, "id": 126080920}, {"type": "Feature", "properties": {"osm_id": 126080921, "name": "中昌街981巷", "highway": "residential", "nodes": [1398634365, 1398634765]}, "geometry": {"type": "LineString", "coordinates": [[120.2873066, 22.7192132], [120.2874925, 22.7189397]]}, "id": 126080921}, {"type": "Feature", "properties": {"osm_id": 126080926, "name": "南昌街189巷", "highway": "residential", "nodes": [1398636074, 1398635014]}, "geometry": {"type": "LineString", "coordinates": [[120.2878487, 22.7180288], [120.2880797, 22.7177043]]}, "id": 126080926}, {"type": "Feature", "properties": {"osm_id": 126080944, "name": "中泰街43巷", "highway": "residential", "nodes": [1398634312, 1398634231, 1398634084]}, "geometry": {"type": "LineString", "coordinates": [[120.2836887, 22.71583], [120.2838772, 22.7156044], [120.2844237, 22.7149374]]}, "id": 126080944}, {"type": "Feature", "properties": {"osm_id": 126080956, "name": "右昌街567巷", "highway": "residential", "nodes": [1398634095, 1398634221, 1398634273]}, "geometry": {"type": "LineString", "coordinates": [[120.2857264, 22.7156182], [120.2860664, 22.7160225], [120.2863311, 22.7163551]]}, "id": 126080956}, {"type": "Feature", "properties": {"osm_id": 126080959, "name": "南昌街231巷", "highway": "residential", "nodes": [1398634421, 1398635122]}, "geometry": {"type": "LineString", "coordinates": [[120.2870799, 22.7176485], [120.2868808, 22.7173991]]}, "id": 126080959}, {"type": "Feature", "properties": {"osm_id": 126080964, "name": "藍昌路163巷", "highway": "residential", "nodes": [1398635824, 1398634532, 1398636013]}, "geometry": {"type": "LineString", "coordinates": [[120.2904118, 22.7176144], [120.2902171, 22.7176418], [120.2900958, 22.7175702]]}, "id": 126080964}, {"type": "Feature", "properties": {"osm_id": 126080965, "name": "興文街", "highway": "residential", "nodes": [1398634101, 1398634253, 265968447]}, "geometry": {"type": "LineString", "coordinates": [[120.2868259, 22.7147653], [120.2875696, 22.715528], [120.2879981, 22.7159254]]}, "id": 126080965}, {"type": "Feature", "properties": {"osm_id": 126080966, "name": "南昌街160巷", "highway": "residential", "nodes": [1398635809, 1398636074]}, "geometry": {"type": "LineString", "coordinates": [[120.2876696, 22.718279], [120.2878487, 22.7180288]]}, "id": 126080966}, {"type": "Feature", "properties": {"osm_id": 126080969, "name": "通昌街", "highway": "residential", "oneway": "no", "nodes": [1398635709, 1398634757, 1398634100, 4586446594, 1398635767, 2409813945, 1398635885, 1398634249, 10960958181, 1398636086, 1398635667, 10960958183, 10960958185, 1398634211]}, "geometry": {"type": "LineString", "coordinates": [[120.2841733, 22.7187014], [120.2832863, 22.7182155], [120.2829677, 22.718041], [120.2827287, 22.7179101], [120.2825007, 22.7177852], [120.2824725, 22.7177697], [120.2821324, 22.7175835], [120.2812497, 22.7171299], [120.280833, 22.7169157], [120.2803957, 22.7166877], [120.2800001, 22.7165073], [120.2798681, 22.7164471], [120.2797937, 22.7164145], [120.279545, 22.7162979]]}, "id": 126080969}, {"type": "Feature", "properties": {"osm_id": 126080970, "name": "盛昌街", "highway": "residential", "oneway": "no", "nodes": [1398635715, 1398634391, 1398635326]}, "geometry": {"type": "LineString", "coordinates": [[120.2829815, 22.710238], [120.2833817, 22.7104406], [120.283791, 22.7106536]]}, "id": 126080970}, {"type": "Feature", "properties": {"osm_id": 126080974, "name": "後昌新路53巷28弄", "highway": "residential", "nodes": [1398634248, 1398635650, 1398634358]}, "geometry": {"type": "LineString", "coordinates": [[120.2908887, 22.7191556], [120.2909214, 22.7193889], [120.2911548, 22.7198344]]}, "id": 126080974}, {"type": "Feature", "properties": {"osm_id": 126080981, "name": "中泰街", "highway": "residential", "nodes": [265968430, 265968437]}, "geometry": {"type": "LineString", "coordinates": [[120.2865971, 22.7173801], [120.2865393, 22.7172953]]}, "id": 126080981}, {"type": "Feature", "properties": {"osm_id": 126080984, "name": "南昌街201巷", "highway": "residential", "nodes": [1398635740, 1398635803]}, "geometry": {"type": "LineString", "coordinates": [[120.2881505, 22.7171212], [120.2876073, 22.7178855]]}, "id": 126080984}, {"type": "Feature", "properties": {"osm_id": 126080988, "highway": "residential", "nodes": [2401585701, 2401585705, 2401585704, 2401585702, 2401585703, 1400036067, 5208247516, 1398635647, 1398634356, 5208247515, 1398634275, 1398636058]}, "geometry": {"type": "LineString", "coordinates": [[120.2928841, 22.7173941], [120.2927691, 22.7174697], [120.2926537, 22.7175217], [120.2925813, 22.7175489], [120.2925357, 22.7175588], [120.2924901, 22.7175588], [120.2923593, 22.7175245], [120.2923252, 22.7175156], [120.2922179, 22.7174822], [120.2921708, 22.7174674], [120.2916718, 22.7173099], [120.291666, 22.7173047]]}, "id": 126080988}, {"type": "Feature", "properties": {"osm_id": 126080990, "name": "中昌街", "highway": "residential", "oneway": "no", "nodes": [1398634938, 1398634137, 1398635831, 1398634898, 1398634545, 1398635675, 1398634365, 1398635040, 1398635772, 1398634274, 1398634254, 1398634246, 1398635876]}, "geometry": {"type": "LineString", "coordinates": [[120.2853434, 22.7187156], [120.2854522, 22.718649], [120.2859076, 22.718371], [120.286156, 22.7185206], [120.2868706, 22.7189507], [120.2871868, 22.719141], [120.2873066, 22.7192132], [120.2876375, 22.7194124], [120.2879273, 22.7195634], [120.2884482, 22.7198349], [120.2886005, 22.7199143], [120.2892665, 22.7202614], [120.2901507, 22.7207223]]}, "id": 126080990}, {"type": "Feature", "properties": {"osm_id": 126081003, "name": "南昌街", "highway": "residential", "oneway": "no", "nodes": [265968406, 1398634694, 2379749915, 1398635982, 1398635702, 1398634502, 1398635542, 1398636074, 1398635803, 1398634153, 1398634237, 1398635751, 1398634796, 1398634421, 1398635481, 1398634329, 1398635468, 1398634898]}, "geometry": {"type": "LineString", "coordinates": [[120.2906947, 22.7197185], [120.2905975, 22.7196608], [120.2903514, 22.7195147], [120.2899394, 22.7192701], [120.2891726, 22.7188148], [120.2883792, 22.7183438], [120.2880667, 22.7181582], [120.2878487, 22.7180288], [120.2876073, 22.7178855], [120.287415, 22.7177713], [120.2872514, 22.7176742], [120.2871951, 22.7176402], [120.2871319, 22.7176447], [120.2870799, 22.7176485], [120.2866658, 22.7180397], [120.2864981, 22.7181982], [120.2864324, 22.7182603], [120.286156, 22.7185206]]}, "id": 126081003}, {"type": "Feature", "properties": {"osm_id": 126081006, "name": "南昌街360巷", "highway": "residential", "nodes": [1398634329, 1398636082]}, "geometry": {"type": "LineString", "coordinates": [[120.2864981, 22.7181982], [120.2868455, 22.7183928]]}, "id": 126081006}, {"type": "Feature", "properties": {"osm_id": 126081010, "name": "高昌街62巷", "highway": "residential", "nodes": [1398634321, 1398635757]}, "geometry": {"type": "LineString", "coordinates": [[120.2889002, 22.719199], [120.2892391, 22.7193876]]}, "id": 126081010}, {"type": "Feature", "properties": {"osm_id": 126081012, "name": "南昌街32巷17弄", "highway": "residential", "nodes": [1398634183, 1398635503]}, "geometry": {"type": "LineString", "coordinates": [[120.2896156, 22.7197467], [120.2893205, 22.7195772]]}, "id": 126081012}, {"type": "Feature", "properties": {"osm_id": 126081013, "name": "新泰街", "highway": "residential", "oneway": "no", "nodes": [1398634266, 1398634196, 1398634932, 1398635540, 1398634300, 1398634290]}, "geometry": {"type": "LineString", "coordinates": [[120.2840311, 22.7146692], [120.2832072, 22.7142398], [120.2824925, 22.7138808], [120.2820882, 22.7136861], [120.2812616, 22.7132882], [120.2810382, 22.7131797]]}, "id": 126081013}, {"type": "Feature", "properties": {"osm_id": 126081016, "name": "惠昌街", "highway": "residential", "oneway": "no", "nodes": [1398634568, 1398634226, 1398635608, 1398635618, 1398634271, 1398634100]}, "geometry": {"type": "LineString", "coordinates": [[120.281593, 22.720027], [120.2818492, 22.7196569], [120.2820673, 22.7193419], [120.2824585, 22.7187718], [120.2827417, 22.7183676], [120.2829677, 22.718041]]}, "id": 126081016}, {"type": "Feature", "properties": {"osm_id": 126081021, "name": "寶昌街", "highway": "residential", "oneway": "no", "nodes": [1398635887, 13271617166, 1398634666, 13271617164, 1398634439]}, "geometry": {"type": "LineString", "coordinates": [[120.2816646, 22.7144279], [120.2824065, 22.714808], [120.2827218, 22.7149757], [120.2831833, 22.7152236], [120.2835534, 22.7154176]]}, "id": 126081021}, {"type": "Feature", "properties": {"osm_id": 126081022, "name": "仁昌街", "highway": "residential", "oneway": "no", "nodes": [1398635313, 2409813951]}, "geometry": {"type": "LineString", "coordinates": [[120.2847695, 22.7199838], [120.2845461, 22.7203194]]}, "id": 126081022}, {"type": "Feature", "properties": {"osm_id": 126081028, "name": "民昌街108巷", "highway": "residential", "nodes": [1398635956, 2380808006]}, "geometry": {"type": "LineString", "coordinates": [[120.2885464, 22.7190026], [120.2881087, 22.7187318]]}, "id": 126081028}, {"type": "Feature", "properties": {"osm_id": 126081031, "name": "吉昌街32巷", "highway": "residential", "nodes": [1398635302, 1398635297, 1398634220]}, "geometry": {"type": "LineString", "coordinates": [[120.2918783, 22.7156172], [120.2916449, 22.7161913], [120.2914364, 22.7167044]]}, "id": 126081031}, {"type": "Feature", "properties": {"osm_id": 126081033, "highway": "residential", "nodes": [1398635411, 1398634634]}, "geometry": {"type": "LineString", "coordinates": [[120.2919684, 22.7159316], [120.2922067, 22.7160083]]}, "id": 126081033}, {"type": "Feature", "properties": {"osm_id": 126081039, "name": "吉昌街18巷", "highway": "residential", "nodes": [1398634091, 1398635191]}, "geometry": {"type": "LineString", "coordinates": [[120.2914736, 22.7178183], [120.2914957, 22.7177383]]}, "id": 126081039}, {"type": "Feature", "properties": {"osm_id": 126081046, "name": "晉昌街", "highway": "residential", "oneway": "no", "nodes": [1398634145, 9044636363, 2409813950, 1398634301, 1398635739]}, "geometry": {"type": "LineString", "coordinates": [[120.2832474, 22.7207982], [120.2834745, 22.720408], [120.2837704, 22.7198995], [120.2839533, 22.7196261], [120.2839971, 22.7195561]]}, "id": 126081046}, {"type": "Feature", "properties": {"osm_id": 126081047, "name": "三山街609巷", "highway": "residential", "nodes": [1398636072, 1398635958]}, "geometry": {"type": "LineString", "coordinates": [[120.2814137, 22.7187026], [120.2807555, 22.7180315]]}, "id": 126081047}, {"type": "Feature", "properties": {"osm_id": 126081050, "name": "北昌街", "highway": "residential", "oneway": "no", "nodes": [1398634226, 1398634217, 1398635940, 1398636080, 1398636044, 1398634314, 1398635498, 1398634708]}, "geometry": {"type": "LineString", "coordinates": [[120.2818492, 22.7196569], [120.2814329, 22.7194923], [120.2810458, 22.7193392], [120.2806044, 22.7191646], [120.2802318, 22.7190119], [120.2793398, 22.7186677], [120.2784486, 22.718312], [120.2782165, 22.7182202]]}, "id": 126081050}, {"type": "Feature", "properties": {"osm_id": 126081051, "name": "景昌街", "highway": "residential", "nodes": [1398635661, 1398634666, 1398635018, 1398634196]}, "geometry": {"type": "LineString", "coordinates": [[120.2822509, 22.7157003], [120.2827218, 22.7149757], [120.2830182, 22.7145488], [120.2832072, 22.7142398]]}, "id": 126081051}, {"type": "Feature", "properties": {"osm_id": 126081059, "name": "興泰街28巷", "highway": "residential", "nodes": [1398634353, 1398634722]}, "geometry": {"type": "LineString", "coordinates": [[120.2852623, 22.7167134], [120.284898, 22.7164485]]}, "id": 126081059}, {"type": "Feature", "properties": {"osm_id": 126081060, "name": "裕昌街49巷7弄", "highway": "residential", "nodes": [1398634178, 1398635484, 2379749910, 1398634209, 1398635561]}, "geometry": {"type": "LineString", "coordinates": [[120.2896258, 22.7177384], [120.2900926, 22.7180005], [120.2901503, 22.7180431], [120.2901527, 22.718129], [120.290028, 22.7183183]]}, "id": 126081060}, {"type": "Feature", "properties": {"osm_id": 126081062, "name": "中昌街987巷", "highway": "residential", "nodes": [1398635675, 2380808000]}, "geometry": {"type": "LineString", "coordinates": [[120.2871868, 22.719141], [120.2875035, 22.7187025]]}, "id": 126081062}, {"type": "Feature", "properties": {"osm_id": 126081066, "name": "後昌路1140巷9弄", "highway": "residential", "nodes": [1398635883, 1398634082, 1398635158]}, "geometry": {"type": "LineString", "coordinates": [[120.2909176, 22.7180816], [120.2911733, 22.7182092], [120.2913463, 22.7182411]]}, "id": 126081066}, {"type": "Feature", "properties": {"osm_id": 126081069, "name": "藍昌路14巷", "highway": "residential", "nodes": [1398634191, 1398634404, 1398635527]}, "geometry": {"type": "LineString", "coordinates": [[120.2915553, 22.7155087], [120.291365, 22.7155617], [120.2909758, 22.7156799]]}, "id": 126081069}, {"type": "Feature", "properties": {"osm_id": 126081075, "name": "民昌街31巷", "highway": "residential", "nodes": [1398634174, 1398635842]}, "geometry": {"type": "LineString", "coordinates": [[120.2890616, 22.7173645], [120.2886133, 22.7171052]]}, "id": 126081075}, {"type": "Feature", "properties": {"osm_id": 126081078, "highway": "residential", "nodes": [1398634708, 1398635680, 1372607160, 1398635544, 1398635098, 1398634290, 1398635996]}, "geometry": {"type": "LineString", "coordinates": [[120.2782165, 22.7182202], [120.2788945, 22.7170126], [120.2797549, 22.7154308], [120.2801757, 22.7147287], [120.2805339, 22.714089], [120.2810382, 22.7131797], [120.28142, 22.7124746]]}, "id": 126081078}, {"type": "Feature", "properties": {"osm_id": 126247780, "name": "德民新橋機車道", "highway": "unclassified", "oneway": "yes", "motorcycle": "yes", "nodes": [265591768, 4425325529, 1400036239, 1400036048]}, "geometry": {"type": "LineString", "coordinates": [[120.3275539, 22.7366283], [120.3275093, 22.7365879], [120.3274114, 22.7365743], [120.3270681, 22.7365656]]}, "id": 126247780}, {"type": "Feature", "properties": {"osm_id": 126247781, "name": "壽民路95巷", "highway": "residential", "nodes": [1400036594, 1400036077]}, "geometry": {"type": "LineString", "coordinates": [[120.2956648, 22.7202611], [120.295302, 22.7201582]]}, "id": 126247781}, {"type": "Feature", "properties": {"osm_id": 126247782, "highway": "residential", "nodes": [1400036220, 1400036822]}, "geometry": {"type": "LineString", "coordinates": [[120.2941203, 22.7158075], [120.2943306, 22.7153559]]}, "id": 126247782}, {"type": "Feature", "properties": {"osm_id": 126247783, "name": "德民路", "highway": "residential", "oneway": "yes", "maxspeed": "60", "nodes": [2876350351, 13305979120, 1400036337, 3853782600, 3010545861, 1400036500, 1400036139, 13305979121, 12556881689, 1400036389, 12556881685, 1401138359, 1400036083, 1400036284, 2968251749]}, "geometry": {"type": "LineString", "coordinates": [[120.3029961, 22.7254313], [120.3029461, 22.7254261], [120.302896, 22.7254209], [120.3020373, 22.7253396], [120.3014822, 22.7252912], [120.3013689, 22.7252686], [120.3011557, 22.7251754], [120.3002482, 22.7246841], [120.3000833, 22.7245949], [120.299974, 22.7245358], [120.2998672, 22.7244725], [120.2992819, 22.7241257], [120.2988515, 22.7238984], [120.2980194, 22.7234691], [120.2979407, 22.7234411]]}, "id": 126247783}, {"type": "Feature", "properties": {"osm_id": 126247785, "name": "壽民路30巷", "highway": "residential", "nodes": [1400036356, 1400036360, 1400036187]}, "geometry": {"type": "LineString", "coordinates": [[120.2971245, 22.7217954], [120.2969767, 22.7221381], [120.296888, 22.7223436]]}, "id": 126247785}, {"type": "Feature", "properties": {"osm_id": 126247786, "highway": "residential", "nodes": [1400036231, 1400036736, 1400036314, 1400036832]}, "geometry": {"type": "LineString", "coordinates": [[120.2952037, 22.7213982], [120.2955902, 22.7215316], [120.2959822, 22.7216669], [120.2963709, 22.7218011]]}, "id": 126247786}, {"type": "Feature", "properties": {"osm_id": 126247787, "highway": "unclassified", "oneway": "yes", "motorcycle": "yes", "nodes": [1400036786, 1400036132]}, "geometry": {"type": "LineString", "coordinates": [[120.3216862, 22.7342415], [120.3213154, 22.7340511]]}, "id": 126247787}, {"type": "Feature", "properties": {"osm_id": 126247788, "name": "壽民路88巷", "highway": "residential", "nodes": [1400036054, 1400036217]}, "geometry": {"type": "LineString", "coordinates": [[120.2945913, 22.720283], [120.2952942, 22.7204838]]}, "id": 126247788}, {"type": "Feature", "properties": {"osm_id": 126247789, "highway": "residential", "nodes": [1400036224, 1400036422, 1400036824]}, "geometry": {"type": "LineString", "coordinates": [[120.2986266, 22.7167903], [120.2984652, 22.717222], [120.2984279, 22.717322]]}, "id": 126247789}, {"type": "Feature", "properties": {"osm_id": 126247791, "name": "壽民路54巷", "highway": "residential", "oneway": "no", "nodes": [256455775, 1400036223, 1400036314, 1400036596]}, "geometry": {"type": "LineString", "coordinates": [[120.2956702, 22.7223994], [120.2957606, 22.7221872], [120.2959822, 22.7216669], [120.296092, 22.7214093]]}, "id": 126247791}, {"type": "Feature", "properties": {"osm_id": 126247792, "name": "後昌新路70巷3弄", "highway": "residential", "nodes": [1400036368, 3706158401, 3706158399, 2923562876, 3706158400, 1400036859, 1400036463, 1398635599, 3706158398, 1400036777, 1400036320, 3706158396, 3706158397, 1400036841, 1400036131, 13056406569, 1400036615, 2417585444]}, "geometry": {"type": "LineString", "coordinates": [[120.2939257, 22.7217908], [120.2938613, 22.7217167], [120.2934389, 22.721231], [120.2934189, 22.7212068], [120.2933665, 22.7211443], [120.2933372, 22.7211244], [120.2929121, 22.7209581], [120.2927395, 22.7209382], [120.2925069, 22.7209098], [120.2924468, 22.7208885], [120.2920463, 22.7206455], [120.2920047, 22.7206299], [120.2918013, 22.7206001], [120.2917613, 22.7206015], [120.2914516, 22.7206796], [120.2913738, 22.7206744], [120.2913343, 22.7206718], [120.2912276, 22.7206496]]}, "id": 126247792}, {"type": "Feature", "properties": {"osm_id": 126247793, "name": "秀群路499巷", "highway": "residential", "lanes": "2", "oneway": "no", "nodes": [1400036218, 1400036092, 1400036721, 1400036844, 5212312125, 7244182831, 10050857411, 10050857407, 1400036186, 10050857410, 10050857412, 10050857406, 1400036224]}, "geometry": {"type": "LineString", "coordinates": [[120.3006168, 22.7175019], [120.3005562, 22.7174786], [120.3004891, 22.7174542], [120.3004132, 22.7174264], [120.3003491, 22.717403], [120.3003313, 22.7173965], [120.299478, 22.7170857], [120.2994316, 22.7170687], [120.2993603, 22.7170405], [120.299242, 22.7170022], [120.2992071, 22.7169902], [120.2986992, 22.7168153], [120.2986266, 22.7167903]]}, "id": 126247793}, {"type": "Feature", "properties": {"osm_id": 126247795, "name": "加宏路15巷", "highway": "residential", "nodes": [1400036533, 1400036038, 1400036121]}, "geometry": {"type": "LineString", "coordinates": [[120.2981386, 22.7188004], [120.2983893, 22.7180995], [120.29832, 22.7180036]]}, "id": 126247795}, {"type": "Feature", "properties": {"osm_id": 126247796, "name": "樂群路15巷", "highway": "residential", "nodes": [1400036129, 1400036197, 1400036816, 1400036310, 1400036036, 2379654830, 1400036676]}, "geometry": {"type": "LineString", "coordinates": [[120.2966269, 22.7155363], [120.2968411, 22.7156133], [120.2969395, 22.7156487], [120.2971888, 22.7157384], [120.2972674, 22.7157667], [120.2974019, 22.7158207], [120.2980476, 22.7160467]]}, "id": 126247796}, {"type": "Feature", "properties": {"osm_id": 126247797, "name": "後昌新路166巷", "highway": "residential", "nodes": [1400036679, 12468600355, 1400036252, 2417585442]}, "geometry": {"type": "LineString", "coordinates": [[120.2927185, 22.721192], [120.29131, 22.7210926], [120.2912188, 22.7210862], [120.2911166, 22.7210596]]}, "id": 126247797}, {"type": "Feature", "properties": {"osm_id": 126247798, "highway": "unclassified", "nodes": [1400036704, 1400036132]}, "geometry": {"type": "LineString", "coordinates": [[120.3218142, 22.734352], [120.3213154, 22.7340511]]}, "id": 126247798}, {"type": "Feature", "properties": {"osm_id": 126247799, "highway": "unclassified", "nodes": [8474942708, 4425325510, 4425325512, 4425325513, 4425215409, 4425325516, 4425215411]}, "geometry": {"type": "LineString", "coordinates": [[120.3223507, 22.7343318], [120.32245, 22.7343899], [120.3229328, 22.7346657], [120.3235041, 22.7349997], [120.3239869, 22.7352489], [120.324404, 22.7355278], [120.3246652, 22.7356492]]}, "id": 126247799}, {"type": "Feature", "properties": {"osm_id": 126247801, "name": "壽民路30巷1弄", "highway": "residential", "nodes": [1400036360, 1400036808]}, "geometry": {"type": "LineString", "coordinates": [[120.2969767, 22.7221381], [120.2974309, 22.7223]]}, "id": 126247801}, {"type": "Feature", "properties": {"osm_id": 126247802, "name": "壽民路68巷", "highway": "residential", "nodes": [1400036861, 1400036047, 1400036736, 1400036136]}, "geometry": {"type": "LineString", "coordinates": [[120.2952874, 22.7222663], [120.2953753, 22.7220531], [120.2955902, 22.7215316], [120.2956981, 22.7212698]]}, "id": 126247802}, {"type": "Feature", "properties": {"osm_id": 126247803, "highway": "residential", "nodes": [1400036816, 1400036157, 4127587383, 1400036757]}, "geometry": {"type": "LineString", "coordinates": [[120.2969395, 22.7156487], [120.2967775, 22.7160832], [120.2967813, 22.71611], [120.2968303, 22.7161803]]}, "id": 126247803}, {"type": "Feature", "properties": {"osm_id": 126247804, "name": "樂群路91巷", "highway": "residential", "nodes": [1400036243, 1400036578, 1400036840]}, "geometry": {"type": "LineString", "coordinates": [[120.2966075, 22.716763], [120.2972119, 22.7169612], [120.2976402, 22.7171016]]}, "id": 126247804}, {"type": "Feature", "properties": {"osm_id": 126247806, "name": "後昌新路70巷1弄", "highway": "residential", "nodes": [1400036104, 1400036144, 1400036794]}, "geometry": {"type": "LineString", "coordinates": [[120.2920507, 22.7202039], [120.2919318, 22.7200849], [120.2920632, 22.7196281]]}, "id": 126247806}, {"type": "Feature", "properties": {"osm_id": 126247808, "name": "樂群路91巷1弄", "highway": "residential", "nodes": [1400036283, 1400036578]}, "geometry": {"type": "LineString", "coordinates": [[120.2970832, 22.717316], [120.2972119, 22.7169612]]}, "id": 126247808}, {"type": "Feature", "properties": {"osm_id": 126247809, "name": "宏昌街112巷", "highway": "residential", "nodes": [1400036836, 1400036184]}, "geometry": {"type": "LineString", "coordinates": [[120.2936913, 22.7178293], [120.2932803, 22.7176871]]}, "id": 126247809}, {"type": "Feature", "properties": {"osm_id": 126247810, "name": "德民路", "highway": "residential", "bridge": "yes", "layer": "1", "nodes": [1400036066, 1400036857]}, "geometry": {"type": "LineString", "coordinates": [[120.313949, 22.7292672], [120.3144715, 22.7296245]]}, "id": 126247810}, {"type": "Feature", "properties": {"osm_id": 126247812, "name": "加昌路642巷17弄", "highway": "residential", "nodes": [1400036197, 1400036530]}, "geometry": {"type": "LineString", "coordinates": [[120.2968411, 22.7156133], [120.2969444, 22.7153034]]}, "id": 126247812}, {"type": "Feature", "properties": {"osm_id": 126247813, "name": "德民路", "highway": "tertiary", "lanes": "2", "oneway": "yes", "maxspeed": "60", "nodes": [1400036743, 1400036827, 12556881629, 4425355588, 12556881626, 1400036392, 1400036037, 1400036532, 1400036838, 1400036088, 12944021031, 12556881646, 2876350357]}, "geometry": {"type": "LineString", "coordinates": [[120.3138376, 22.7293878], [120.313463, 22.7290405], [120.3131107, 22.7287021], [120.3130342, 22.7286286], [120.3129545, 22.7285559], [120.3126469, 22.7282755], [120.3121993, 22.7278545], [120.3117752, 22.7275097], [120.311434, 22.7272787], [120.3110117, 22.7270032], [120.3106634, 22.7268087], [120.3106036, 22.7267753], [120.310463, 22.7267022]]}, "id": 126247813}, {"type": "Feature", "properties": {"osm_id": 126247815, "name": "壽民路40巷", "highway": "residential", "nodes": [1400036179, 1400036832, 1400036771, 1400036703, 1400036845]}, "geometry": {"type": "LineString", "coordinates": [[120.2964713, 22.7215511], [120.2963709, 22.7218011], [120.2962401, 22.7221273], [120.2961601, 22.7223264], [120.2960743, 22.7225405]]}, "id": 126247815}, {"type": "Feature", "properties": {"osm_id": 126247816, "name": "樂群路98巷", "highway": "residential", "nodes": [1400036169, 1400036738, 1400036422]}, "geometry": {"type": "LineString", "coordinates": [[120.2975669, 22.7172912], [120.2982298, 22.7171393], [120.2984652, 22.717222]]}, "id": 126247816}, {"type": "Feature", "properties": {"osm_id": 126247817, "highway": "residential", "nodes": [1400036251, 1400036096]}, "geometry": {"type": "LineString", "coordinates": [[120.2952964, 22.7206187], [120.2956525, 22.7206095]]}, "id": 126247817}, {"type": "Feature", "properties": {"osm_id": 126247818, "name": "壽民路92巷", "highway": "residential", "nodes": [1400036375, 1400036077]}, "geometry": {"type": "LineString", "coordinates": [[120.2948143, 22.7199729], [120.295302, 22.7201582]]}, "id": 126247818}, {"type": "Feature", "properties": {"osm_id": 126247820, "name": "壽民路99巷", "highway": "residential", "nodes": [1400036247, 1400036498]}, "geometry": {"type": "LineString", "coordinates": [[120.2957361, 22.7199717], [120.2952713, 22.7198313]]}, "id": 126247820}, {"type": "Feature", "properties": {"osm_id": 126247821, "name": "壽民路101巷", "highway": "residential", "nodes": [1400036221, 1400036782, 1400036574]}, "geometry": {"type": "LineString", "coordinates": [[120.2958702, 22.7196327], [120.2955085, 22.7195136], [120.2952001, 22.719412]]}, "id": 126247821}, {"type": "Feature", "properties": {"osm_id": 126247822, "name": "信昌街", "highway": "residential", "oneway": "no", "nodes": [258769559, 1400036031]}, "geometry": {"type": "LineString", "coordinates": [[120.2931963, 22.7166411], [120.2930409, 22.7170152]]}, "id": 126247822}, {"type": "Feature", "properties": {"osm_id": 126247823, "name": "秀群路", "highway": "residential", "nodes": [304709043, 2206324427]}, "geometry": {"type": "LineString", "coordinates": [[120.299778, 22.7160037], [120.2998272, 22.7158857]]}, "id": 126247823}, {"type": "Feature", "properties": {"osm_id": 126247825, "name": "德民新橋機車道", "highway": "unclassified", "oneway": "yes", "motorcycle": "yes", "nodes": [1400036398, 1400036089, 1400036230]}, "geometry": {"type": "LineString", "coordinates": [[120.3271604, 22.7363553], [120.3274487, 22.7363636], [120.3275685, 22.7363905]]}, "id": 126247825}, {"type": "Feature", "properties": {"osm_id": 126247826, "name": "壽民路105巷", "highway": "residential", "nodes": [2380161164, 1400036064]}, "geometry": {"type": "LineString", "coordinates": [[120.295268, 22.7186949], [120.2958188, 22.7188899]]}, "id": 126247826}, {"type": "Feature", "properties": {"osm_id": 126247827, "name": "壽民路16巷", "highway": "residential", "nodes": [1400036062, 1400036449]}, "geometry": {"type": "LineString", "coordinates": [[120.2978643, 22.722072], [120.2976011, 22.7227035]]}, "id": 126247827}, {"type": "Feature", "properties": {"osm_id": 126247828, "name": "加宏路233巷27弄", "highway": "residential", "nodes": [1400036856, 1400036244]}, "geometry": {"type": "LineString", "coordinates": [[120.2934083, 22.7154942], [120.2936481, 22.7155997]]}, "id": 126247828}, {"type": "Feature", "properties": {"osm_id": 126247829, "highway": "residential", "nodes": [1400036032, 1400036290, 1400036769, 1400036431]}, "geometry": {"type": "LineString", "coordinates": [[120.2962618, 22.7186653], [120.296031, 22.7185672], [120.2958326, 22.7190859], [120.2960621, 22.719167]]}, "id": 126247829}, {"type": "Feature", "properties": {"osm_id": 126247830, "name": "德民路", "highway": "residential", "oneway": "yes", "nodes": [256455755, 1400036718, 1400036565, 1400036159]}, "geometry": {"type": "LineString", "coordinates": [[120.2910705, 22.7216084], [120.2912049, 22.7215735], [120.2920107, 22.7216056], [120.2926889, 22.7216212]]}, "id": 126247830}, {"type": "Feature", "properties": {"osm_id": 126247831, "name": "秀群路870巷", "highway": "residential", "nodes": [1400036035, 1400036226]}, "geometry": {"type": "LineString", "coordinates": [[120.2983632, 22.7195371], [120.2990498, 22.7198013]]}, "id": 126247831}, {"type": "Feature", "properties": {"osm_id": 126247834, "highway": "residential", "nodes": [1398634541, 5144956949, 1400036248, 1400036657]}, "geometry": {"type": "LineString", "coordinates": [[120.2947465, 22.7155362], [120.294787, 22.7155455], [120.2956013, 22.7157616], [120.2959702, 22.7158865]]}, "id": 126247834}, {"type": "Feature", "properties": {"osm_id": 126247840, "name": "加昌路642巷", "highway": "residential", "nodes": [1400036098, 1400036310]}, "geometry": {"type": "LineString", "coordinates": [[120.2974198, 22.71516], [120.2971888, 22.7157384]]}, "id": 126247840}, {"type": "Feature", "properties": {"osm_id": 126247841, "name": "樂群路247巷", "highway": "residential", "nodes": [1400036096, 2447883075, 1400036548]}, "geometry": {"type": "LineString", "coordinates": [[120.2956525, 22.7206095], [120.2959196, 22.720702], [120.2962068, 22.720807]]}, "id": 126247841}, {"type": "Feature", "properties": {"osm_id": 126247842, "name": "樂群路127巷", "highway": "residential", "nodes": [1400036456, 2379654833, 2379654831, 2379654840, 1400036855]}, "geometry": {"type": "LineString", "coordinates": [[120.2963343, 22.7174772], [120.2966705, 22.7175931], [120.2969399, 22.7176854], [120.2970756, 22.7177319], [120.2973592, 22.717829]]}, "id": 126247842}, {"type": "Feature", "properties": {"osm_id": 126247846, "name": "德民新橋機車道", "highway": "unclassified", "oneway": "yes", "bridge": "yes", "layer": "1", "motorcycle": "yes", "nodes": [1400036048, 1400036317, 2985349948, 1400036099, 1400036414, 4425325522, 1400036501, 2985349955, 1400036085, 1400036654, 1400036140, 1400036786]}, "geometry": {"type": "LineString", "coordinates": [[120.3270681, 22.7365656], [120.3266282, 22.7365248], [120.3263701, 22.7364885], [120.3260756, 22.7364357], [120.3256653, 22.7363256], [120.3252723, 22.7361723], [120.324984, 22.7360498], [120.3247654, 22.7359447], [120.3245857, 22.7358643], [120.3241203, 22.7356144], [120.3229522, 22.7349304], [120.3216862, 22.7342415]]}, "id": 126247846}, {"type": "Feature", "properties": {"osm_id": 126247848, "name": "加宏路233巷", "highway": "residential", "nodes": [1400036264, 1400036244]}, "geometry": {"type": "LineString", "coordinates": [[120.2938488, 22.7151461], [120.2936481, 22.7155997]]}, "id": 126247848}, {"type": "Feature", "properties": {"osm_id": 126247850, "name": "德民路", "highway": "tertiary", "oneway": "yes", "nodes": [258785755, 5481843041, 7477787914, 12599118960, 12599118950, 258785765, 8189259918, 8189251410, 258785774, 8189251404, 8189251391, 3666011751, 8189251398, 8189259956, 8189259957, 8189259958, 3666011746, 12599118964, 12599119011, 12599118974, 258785797]}, "geometry": {"type": "LineString", "coordinates": [[120.3144388, 22.7297007], [120.3144794, 22.7297261], [120.3145222, 22.729753], [120.3157708, 22.7305373], [120.3158301, 22.7305745], [120.3159107, 22.7306251], [120.3169144, 22.7312664], [120.3169589, 22.7312948], [120.3170703, 22.731366], [120.3171746, 22.7314319], [120.3178416, 22.7318536], [120.3179862, 22.731945], [120.3180066, 22.7319581], [120.3183114, 22.7321537], [120.3183544, 22.7321813], [120.3183614, 22.7321858], [120.3187234, 22.7324181], [120.3187461, 22.7324329], [120.3196207, 22.7330022], [120.3196791, 22.7330401], [120.3197566, 22.7330906]]}, "id": 126247850}, {"type": "Feature", "properties": {"osm_id": 126247853, "name": "加宏路100巷", "highway": "residential", "nodes": [1400036150, 1400036720, 1400036096, 1400036594, 1400036202, 1400036247, 1400036631, 1400036221, 1400036466, 1400036308, 1400036431, 1400036032, 5144956960, 1400036074]}, "geometry": {"type": "LineString", "coordinates": [[120.2956255, 22.7212446], [120.2956392, 22.7209867], [120.2956525, 22.7206095], [120.2956648, 22.7202611], [120.2956783, 22.7202064], [120.2957361, 22.7199717], [120.295787, 22.719843], [120.2958702, 22.7196327], [120.2959259, 22.7194928], [120.295982, 22.7193517], [120.2960621, 22.719167], [120.2962618, 22.7186653], [120.2964368, 22.7182525], [120.2964356, 22.7182181]]}, "id": 126247853}, {"type": "Feature", "properties": {"osm_id": 126247856, "name": "宏昌街136巷", "highway": "residential", "nodes": [1400036031, 1400036707]}, "geometry": {"type": "LineString", "coordinates": [[120.2930409, 22.7170152], [120.2939139, 22.7173415]]}, "id": 126247856}, {"type": "Feature", "properties": {"osm_id": 126247857, "name": "樂群路191巷", "highway": "residential", "nodes": [1400036431, 2379654848, 1400036842]}, "geometry": {"type": "LineString", "coordinates": [[120.2960621, 22.719167], [120.2964604, 22.719306], [120.2967515, 22.7194003]]}, "id": 126247857}, {"type": "Feature", "properties": {"osm_id": 126247858, "name": "壽民路103巷", "highway": "residential", "nodes": [1400036308, 1400036477, 2380161166]}, "geometry": {"type": "LineString", "coordinates": [[120.295982, 22.7193517], [120.2956285, 22.7192352], [120.2951755, 22.7190859]]}, "id": 126247858}, {"type": "Feature", "properties": {"osm_id": 126247859, "name": "加宏路22巷", "highway": "residential", "nodes": [258769493, 1400036544]}, "geometry": {"type": "LineString", "coordinates": [[120.2978777, 22.7187113], [120.2976678, 22.7192339]]}, "id": 126247859}, {"type": "Feature", "properties": {"osm_id": 126247860, "highway": "residential", "nodes": [1400036847, 1400036335, 5144956954, 1400036264, 1400036822, 5144956951, 1398634541]}, "geometry": {"type": "LineString", "coordinates": [[120.293301, 22.7149077], [120.293393, 22.7149477], [120.2934535, 22.714974], [120.2938488, 22.7151461], [120.2943306, 22.7153559], [120.2946972, 22.7155148], [120.2947465, 22.7155362]]}, "id": 126247860}, {"type": "Feature", "properties": {"osm_id": 126247861, "highway": "residential", "nodes": [1400036782, 1400036477]}, "geometry": {"type": "LineString", "coordinates": [[120.2955085, 22.7195136], [120.2956285, 22.7192352]]}, "id": 126247861}, {"type": "Feature", "properties": {"osm_id": 126247862, "highway": "residential", "nodes": [1400036046, 2927603696, 1400036145, 1400036129, 1400036237, 1400036837, 2384916844, 2384916845, 5144956943, 1400036482]}, "geometry": {"type": "LineString", "coordinates": [[120.2967828, 22.7149279], [120.2967553, 22.7150299], [120.2967048, 22.715225], [120.2966269, 22.7155363], [120.2964336, 22.7161174], [120.2958808, 22.7172656], [120.2958401, 22.7173179], [120.2956932, 22.7174566], [120.295549, 22.7176904], [120.2955115, 22.717747]]}, "id": 126247862}, {"type": "Feature", "properties": {"osm_id": 126247863, "name": "土庫一路", "highway": "tertiary", "oneway": "yes", "motorcycle": "no", "nodes": [1400036078, 12954233409, 1400036278, 12650180442, 12954233420, 12650180438, 2985497856, 8806916636, 8806916626, 1400036869, 1400036165, 1400036403]}, "geometry": {"type": "LineString", "coordinates": [[120.3297858, 22.7361328], [120.3299304, 22.7360969], [120.3311642, 22.7357907], [120.3311913, 22.735784], [120.3314021, 22.7357317], [120.3315635, 22.7356791], [120.3324173, 22.735401], [120.3324929, 22.7353767], [120.332578, 22.7353453], [120.3326275, 22.735312], [120.3327506, 22.735245], [120.3328435, 22.7351766]]}, "id": 126247863}, {"type": "Feature", "properties": {"osm_id": 126247864, "name": "德民路", "highway": "residential", "bridge": "yes", "layer": "1", "nodes": [1400036646, 1400036151]}, "geometry": {"type": "LineString", "coordinates": [[120.314359, 22.7298398], [120.3137778, 22.7294525]]}, "id": 126247864}, {"type": "Feature", "properties": {"osm_id": 126247865, "highway": "residential", "nodes": [1400036294, 1400036138, 1400036749]}, "geometry": {"type": "LineString", "coordinates": [[120.2983827, 22.7167077], [120.2985853, 22.7161968], [120.2987823, 22.71565]]}, "id": 126247865}, {"type": "Feature", "properties": {"osm_id": 126247866, "name": "樂群路73巷", "highway": "residential", "nodes": [1400036172, 1400036415, 1400036740]}, "geometry": {"type": "LineString", "coordinates": [[120.2967273, 22.7164496], [120.2973253, 22.7166485], [120.2977609, 22.7167889]]}, "id": 126247866}, {"type": "Feature", "properties": {"osm_id": 126247868, "name": "樂群路219巷", "highway": "residential", "nodes": [1400036631, 2447883073, 1400036189]}, "geometry": {"type": "LineString", "coordinates": [[120.295787, 22.719843], [120.2961974, 22.719985], [120.2964864, 22.7200849]]}, "id": 126247868}, {"type": "Feature", "properties": {"osm_id": 126247869, "highway": "residential", "nodes": [1400036812, 1400036047, 1400036223, 1400036703, 1400036152]}, "geometry": {"type": "LineString", "coordinates": [[120.2949883, 22.7219183], [120.2953753, 22.7220531], [120.2957606, 22.7221872], [120.2961601, 22.7223264], [120.2967328, 22.7225258]]}, "id": 126247869}, {"type": "Feature", "properties": {"osm_id": 126247870, "name": "加宏路233巷5弄", "highway": "residential", "nodes": [1400036775, 1400036120]}, "geometry": {"type": "LineString", "coordinates": [[120.2931302, 22.7161851], [120.2933578, 22.7162673]]}, "id": 126247870}, {"type": "Feature", "properties": {"osm_id": 126247871, "highway": "unclassified", "nodes": [1400036263, 1400036704]}, "geometry": {"type": "LineString", "coordinates": [[120.3219708, 22.7341118], [120.3218142, 22.734352]]}, "id": 126247871}, {"type": "Feature", "properties": {"osm_id": 126247872, "name": "德民新橋", "highway": "tertiary", "oneway": "yes", "bridge": "yes", "layer": "1", "motorcycle": "no", "nodes": [1400036044, 4425325528, 1400036338, 2985349945, 1400036111, 2985349947, 895427281, 2985349952, 1400036163, 1400036546, 2985349956, 1400036814, 1400036688, 1400036573, 1400036112]}, "geometry": {"type": "LineString", "coordinates": [[120.3275645, 22.7365312], [120.3274154, 22.736531], [120.3270619, 22.7365151], [120.3268603, 22.7365064], [120.3266338, 22.7364819], [120.3263789, 22.7364411], [120.3261092, 22.7363895], [120.3258374, 22.7363269], [120.3255674, 22.7362378], [120.3250551, 22.7360263], [120.3247828, 22.7359026], [120.3245294, 22.7357826], [120.3238508, 22.7353943], [120.3228181, 22.7348018], [120.3217142, 22.7341876]]}, "id": 126247872}, {"type": "Feature", "properties": {"osm_id": 126247873, "name": "壽民路82巷", "highway": "residential", "nodes": [1400036282, 1400036160, 1400036231, 1400036478, 1400036812, 3164180313]}, "geometry": {"type": "LineString", "coordinates": [[120.2953032, 22.7211327], [120.2952806, 22.7212149], [120.2952037, 22.7213982], [120.2951737, 22.7214668], [120.2949883, 22.7219183], [120.2949, 22.7221313]]}, "id": 126247873}, {"type": "Feature", "properties": {"osm_id": 126247874, "name": "德民路", "highway": "residential", "oneway": "yes", "nodes": [1400036857, 5481843040, 7477787913, 3164174102, 12599118952, 12599118956, 6496529111, 8189259919, 8189251411, 1400036276, 8189251405, 8189251392, 3666011750, 8189251399, 8189259949, 3666011745, 12599118967, 7048711974, 12599119012, 12599118975, 3164174107, 1400036214]}, "geometry": {"type": "LineString", "coordinates": [[120.3144715, 22.7296245], [120.3145207, 22.729655], [120.3145568, 22.7296774], [120.3158292, 22.7304671], [120.3158806, 22.730499], [120.315969, 22.7305538], [120.3162251, 22.7307211], [120.316968, 22.7312062], [120.3170072, 22.7312318], [120.3171155, 22.7313025], [120.3172193, 22.7313694], [120.3178849, 22.7317984], [120.3180285, 22.731891], [120.3180465, 22.7319026], [120.3184004, 22.7321312], [120.3187657, 22.732367], [120.3187801, 22.7323763], [120.3191851, 22.7326378], [120.3196559, 22.7329417], [120.3197036, 22.7329725], [120.3197753, 22.7330188], [120.3199891, 22.7331373]]}, "id": 126247874}, {"type": "Feature", "properties": {"osm_id": 126247876, "name": "土庫一路", "highway": "unclassified", "oneway": "yes", "nodes": [1400036230, 12954233414, 12954233402, 1400036830, 12954233408, 1400036750, 12650180441, 12954233421]}, "geometry": {"type": "LineString", "coordinates": [[120.3275685, 22.7363905], [120.3276747, 22.7363742], [120.3296471, 22.7360715], [120.3297632, 22.7360537], [120.3298867, 22.7360229], [120.3311345, 22.7357119], [120.3311652, 22.7357042], [120.3313782, 22.7356511]]}, "id": 126247876}, {"type": "Feature", "properties": {"osm_id": 126247878, "name": "加昌路", "highway": "tertiary", "lanes": "2", "oneway": "yes", "maxspeed": "50", "nodes": [1398635826, 13056406597, 3004986155, 1400036061, 13056406588, 5144956955, 1400036497]}, "geometry": {"type": "LineString", "coordinates": [[120.2952729, 22.7143967], [120.2950676, 22.7143275], [120.2945463, 22.7141686], [120.2942589, 22.7140802], [120.2939339, 22.7139871], [120.2938879, 22.7139722], [120.2938231, 22.7139525]]}, "id": 126247878}, {"type": "Feature", "properties": {"osm_id": 126247880, "name": "德民路", "highway": "tertiary", "oneway": "yes", "bridge": "yes", "layer": "1", "nodes": [258785735, 258785755]}, "geometry": {"type": "LineString", "coordinates": [[120.3138883, 22.7293175], [120.3144388, 22.7297007]]}, "id": 126247880}, {"type": "Feature", "properties": {"osm_id": 126247882, "name": "加宏路233巷15弄", "highway": "residential", "nodes": [1400036595, 1400036424]}, "geometry": {"type": "LineString", "coordinates": [[120.2932998, 22.7158869], [120.2934926, 22.7159582]]}, "id": 126247882}, {"type": "Feature", "properties": {"osm_id": 126247884, "highway": "residential", "nodes": [1400036505, 1400036445, 2401585696, 2401585697, 1400036657]}, "geometry": {"type": "LineString", "coordinates": [[120.2954268, 22.7167807], [120.2956392, 22.7164759], [120.2959936, 22.7159684], [120.2959982, 22.7159339], [120.2959702, 22.7158865]]}, "id": 126247884}, {"type": "Feature", "properties": {"osm_id": 126247885, "name": "德民新橋", "highway": "tertiary", "oneway": "yes", "bridge": "yes", "layer": "1", "motorcycle": "no", "nodes": [1400036551, 1400036219, 1400036149, 1400036849, 2985349957, 1400036093, 1400036446, 2985349951, 895427269, 2985349953, 1400036055, 2985349946, 1400036249, 1400036385]}, "geometry": {"type": "LineString", "coordinates": [[120.3217439, 22.7341128], [120.3230311, 22.7348384], [120.3241297, 22.7354722], [120.3245213, 22.7356911], [120.3247976, 22.7358259], [120.3250953, 22.7359583], [120.3256076, 22.7361797], [120.3258718, 22.7362675], [120.3261119, 22.7363182], [120.326364, 22.7363714], [120.3266027, 22.7364098], [120.3268673, 22.736433], [120.3270726, 22.7364535], [120.3275673, 22.7364675]]}, "id": 126247885}, {"type": "Feature", "properties": {"osm_id": 126247886, "name": "壽民路", "highway": "residential", "nodes": [1400036706, 7244182805, 1400036737, 1400036757, 1400036172, 1400036243, 1400036208, 1400036456, 258769513, 1400036128, 13250437467, 1400036753, 1400036183, 1400036835, 2380161164, 1400036234, 1400036043, 2380161166, 1400036301, 1400036094, 1400036574, 1400036103, 1400036401, 1400036498, 1400036077, 1400036217, 1400036251, 1400036056, 1400036282, 1400036150, 1400036136, 1400036801]}, "geometry": {"type": "LineString", "coordinates": [[120.2978606, 22.7165309], [120.2977295, 22.7164852], [120.2974232, 22.7163786], [120.2968303, 22.7161803], [120.2967273, 22.7164496], [120.2966075, 22.716763], [120.2964771, 22.717104], [120.2963343, 22.7174772], [120.2960922, 22.718112], [120.2958246, 22.7182144], [120.2956047, 22.7183378], [120.2955751, 22.7183544], [120.2954436, 22.7184632], [120.2952953, 22.7186592], [120.295268, 22.7186949], [120.2951975, 22.7188706], [120.2951672, 22.7190261], [120.2951755, 22.7190859], [120.2951672, 22.7191785], [120.295184, 22.7193434], [120.2952001, 22.719412], [120.2952127, 22.7194763], [120.2952312, 22.7195704], [120.2952713, 22.7198313], [120.295302, 22.7201582], [120.2952942, 22.7204838], [120.2952964, 22.7206187], [120.2952965, 22.7208429], [120.2953032, 22.7211327], [120.2956255, 22.7212446], [120.2956981, 22.7212698], [120.2959886, 22.7213706]]}, "id": 126247886}, {"type": "Feature", "properties": {"osm_id": 126247888, "name": "樂群路179巷", "highway": "residential", "nodes": [1400036170, 5144956967, 5144956958, 5144956962, 1400036032]}, "geometry": {"type": "LineString", "coordinates": [[120.2969306, 22.7189378], [120.2968864, 22.7189198], [120.2966068, 22.7188059], [120.2965862, 22.7187975], [120.2962618, 22.7186653]]}, "id": 126247888}, {"type": "Feature", "properties": {"osm_id": 126247891, "name": "土庫一路", "highway": "tertiary", "oneway": "yes", "motorcycle": "no", "nodes": [1400036212, 1451069359, 1400036531, 8806916628, 8806916637, 1400036196, 1400036792, 12650180439, 12954233419, 12650180443, 12954233410, 1400036850, 12954233405, 11622033017, 12954233416, 1400036044]}, "geometry": {"type": "LineString", "coordinates": [[120.3329089, 22.7352491], [120.3328124, 22.7353223], [120.3326595, 22.7353696], [120.3326019, 22.7353968], [120.3325305, 22.7354191], [120.3324785, 22.7354366], [120.3316695, 22.7357078], [120.3315855, 22.735736], [120.3314228, 22.7357906], [120.3312108, 22.7358434], [120.3299666, 22.7361584], [120.3298048, 22.7361993], [120.3296845, 22.7362171], [120.3284055, 22.7364066], [120.3276902, 22.7365126], [120.3275645, 22.7365312]]}, "id": 126247891}, {"type": "Feature", "properties": {"osm_id": 126247892, "name": "秀群路457巷", "highway": "residential", "nodes": [1400036260, 1400036138]}, "geometry": {"type": "LineString", "coordinates": [[120.2995716, 22.716516], [120.2985853, 22.7161968]]}, "id": 126247892}, {"type": "Feature", "properties": {"osm_id": 126247893, "name": "後昌新路70巷", "highway": "residential", "nodes": [2417585446, 1400036667, 1400036794]}, "geometry": {"type": "LineString", "coordinates": [[120.29155, 22.719506], [120.2916597, 22.7195341], [120.2920632, 22.7196281]]}, "id": 126247893}, {"type": "Feature", "properties": {"osm_id": 126247894, "name": "樂群路205巷", "highway": "residential", "nodes": [1400036466, 2447883072, 1400036123]}, "geometry": {"type": "LineString", "coordinates": [[120.2959259, 22.7194928], [120.2963354, 22.7196288], [120.2966257, 22.7197253]]}, "id": 126247894}, {"type": "Feature", "properties": {"osm_id": 126247897, "name": "樂群路233巷", "highway": "residential", "nodes": [1400036202, 2447883074, 1400036383]}, "geometry": {"type": "LineString", "coordinates": [[120.2956783, 22.7202064], [120.2960611, 22.7203367], [120.2963508, 22.7204352]]}, "id": 126247897}, {"type": "Feature", "properties": {"osm_id": 126247898, "name": "德民新橋機車道", "highway": "unclassified", "oneway": "yes", "bridge": "yes", "layer": "1", "motorcycle": "yes", "nodes": [1400036438, 4425325509, 4425325511, 1400036161, 4425325514, 1400036569, 4425325517, 1400036216, 1400036719, 1400036039, 4425325519, 4425325521, 2985349954, 4425325523, 1400036296, 1400036818, 2985349949, 1400036146, 2985349950, 1400036398]}, "geometry": {"type": "LineString", "coordinates": [[120.3217845, 22.7340563], [120.3223219, 22.7343843], [120.3226129, 22.7345389], [120.3229924, 22.7347505], [120.3234846, 22.7350387], [120.3240613, 22.7353701], [120.3244247, 22.7355841], [120.3246997, 22.7357177], [120.3250601, 22.7358838], [120.3254624, 22.7360705], [120.3255687, 22.7361036], [120.325682, 22.7361451], [120.3258115, 22.7361741], [120.3260368, 22.7361995], [120.326191, 22.7362255], [120.326427, 22.7362749], [120.3267757, 22.7363195], [120.3269045, 22.7363318], [120.3270332, 22.736343], [120.3271604, 22.7363553]]}, "id": 126247898}, {"type": "Feature", "properties": {"osm_id": 126247899, "name": "德民路", "highway": "residential", "oneway": "yes", "nodes": [1400036566, 12599118973, 12599118966, 1400036053, 8189251396, 3666011749, 1400036434, 8189251393, 8189251412, 8189251402, 2375928277, 1400036843, 8189251408, 2913992342, 12599118958, 3164174103, 12599118949, 2913992339, 1400036784, 2147742599, 7477787916, 2824213717, 1400036646]}, "geometry": {"type": "LineString", "coordinates": [[120.3197058, 22.7332563], [120.3196208, 22.7332008], [120.3186614, 22.732574], [120.318614, 22.7325431], [120.3179118, 22.7320898], [120.317886, 22.7320731], [120.3177613, 22.7319926], [120.3177422, 22.7319807], [120.3171053, 22.7315842], [120.3170779, 22.7315672], [120.3169731, 22.7315019], [120.3169626, 22.7314953], [120.316856, 22.7314288], [120.316398, 22.7311432], [120.3160035, 22.730895], [120.3158025, 22.7307685], [120.3157297, 22.7307243], [120.3156887, 22.7306994], [120.3146647, 22.7300382], [120.3146204, 22.7300101], [120.3144531, 22.7298998], [120.3143952, 22.7298616], [120.314359, 22.7298398]]}, "id": 126247899}, {"type": "Feature", "properties": {"osm_id": 126247900, "name": "德民路", "highway": "tertiary", "oneway": "yes", "bridge": "yes", "layer": "1", "nodes": [1400036229, 1400036176, 1400036743]}, "geometry": {"type": "LineString", "coordinates": [[120.3143969, 22.7297688], [120.3141606, 22.7296219], [120.3138376, 22.7293878]]}, "id": 126247900}, {"type": "Feature", "properties": {"osm_id": 126247901, "name": "樂群路261巷", "highway": "residential", "nodes": [1400036720, 2379654834, 1400036110]}, "geometry": {"type": "LineString", "coordinates": [[120.2956392, 22.7209867], [120.2957911, 22.7210337], [120.2960832, 22.7211263]]}, "id": 126247901}, {"type": "Feature", "properties": {"osm_id": 126247903, "name": "秀群路539巷", "highway": "residential", "nodes": [2206232311, 2206232309, 2206232308, 2206232306, 5212312119, 7244182853, 2206232303, 1400036863]}, "geometry": {"type": "LineString", "coordinates": [[120.3002214, 22.7184199], [120.300155, 22.7183957], [120.3000884, 22.7183716], [120.3000115, 22.7183436], [120.2999736, 22.7183298], [120.2999326, 22.7183149], [120.2993669, 22.7181096], [120.2989856, 22.7179708]]}, "id": 126247903}, {"type": "Feature", "properties": {"osm_id": 126247904, "name": "加宏路156巷", "highway": "residential", "nodes": [1400036705, 3706172144, 2921578784, 1400036559, 3706172136, 3706172135, 1400036154, 2923562895, 1400036418, 1400036101, 1400036058, 1398634930]}, "geometry": {"type": "LineString", "coordinates": [[120.2949046, 22.717371], [120.294872, 22.7174125], [120.2943329, 22.7181774], [120.2934621, 22.7182248], [120.2934273, 22.7182421], [120.2933709, 22.7183337], [120.2933361, 22.7183485], [120.2927701, 22.7184227], [120.2927112, 22.718437], [120.2926211, 22.7188238], [120.2926549, 22.7191847], [120.2928403, 22.7195717]]}, "id": 126247904}, {"type": "Feature", "properties": {"osm_id": 126247905, "name": "加昌路700巷", "highway": "residential", "nodes": [258769544, 1400036367, 1400036106, 1400036233, 1400036248]}, "geometry": {"type": "LineString", "coordinates": [[120.2947019, 22.7172435], [120.2949802, 22.7168859], [120.2951623, 22.7166016], [120.2953221, 22.7163364], [120.2956013, 22.7157616]]}, "id": 126247905}, {"type": "Feature", "properties": {"osm_id": 126247906, "name": "宏昌街", "highway": "residential", "oneway": "no", "nodes": [258769552, 1400036707, 1400036836, 2401585699, 1398634169, 2401585698, 2401585700, 1398635458, 1398634262, 2401601719, 5208247509, 13056406559]}, "geometry": {"type": "LineString", "coordinates": [[120.2940869, 22.7169793], [120.2939139, 22.7173415], [120.2936913, 22.7178293], [120.2936305, 22.7179499], [120.2936072, 22.7179844], [120.2935698, 22.7180102], [120.2928927, 22.7181653], [120.2928086, 22.7181825], [120.292564, 22.718174], [120.2921912, 22.7181115], [120.29214, 22.7181029], [120.2921037, 22.7180968]]}, "id": 126247906}, {"type": "Feature", "properties": {"osm_id": 126247907, "name": "樂群路", "highway": "residential", "nodes": [1400036815, 1400036073]}, "geometry": {"type": "LineString", "coordinates": [[120.2983191, 22.7153518], [120.2982716, 22.7154666]]}, "id": 126247907}, {"type": "Feature", "properties": {"osm_id": 126247908, "highway": "residential", "nodes": [1400036036, 1400036228]}, "geometry": {"type": "LineString", "coordinates": [[120.2972674, 22.7157667], [120.2971786, 22.7160013]]}, "id": 126247908}, {"type": "Feature", "properties": {"osm_id": 126247909, "highway": "unclassified", "oneway": "yes", "motorcycle": "yes", "nodes": [1400036109, 1400036438]}, "geometry": {"type": "LineString", "coordinates": [[120.321518, 22.7338934], [120.3217845, 22.7340563]]}, "id": 126247909}, {"type": "Feature", "properties": {"osm_id": 126247910, "name": "壽民路86巷", "highway": "residential", "nodes": [1400036180, 1400036056]}, "geometry": {"type": "LineString", "coordinates": [[120.294494, 22.7205915], [120.2952965, 22.7208429]]}, "id": 126247910}, {"type": "Feature", "properties": {"osm_id": 126382153, "name": "惠民路171巷9弄", "highway": "residential", "nodes": [256245315, 1401138245, 1401138445, 1401138419, 1401138258]}, "geometry": {"type": "LineString", "coordinates": [[120.2945518, 22.7233493], [120.2945808, 22.7231139], [120.2944093, 22.7230695], [120.29422, 22.7228233], [120.294384, 22.72271]]}, "id": 126382153}, {"type": "Feature", "properties": {"osm_id": 126382154, "name": "德民路496巷", "highway": "residential", "nodes": [1401138244, 1400036083, 1401138329, 1401138187, 1401138442]}, "geometry": {"type": "LineString", "coordinates": [[120.2985014, 22.7242766], [120.2988515, 22.7238984], [120.2988906, 22.7238377], [120.2989348, 22.7237733], [120.2989743, 22.7237221]]}, "id": 126382154}, {"type": "Feature", "properties": {"osm_id": 126382155, "name": "德信街105巷", "highway": "residential", "nodes": [1401138357, 3320369640, 1401138196]}, "geometry": {"type": "LineString", "coordinates": [[120.3021643, 22.7273578], [120.3021575, 22.7274121], [120.3021141, 22.7277588]]}, "id": 126382155}, {"type": "Feature", "properties": {"osm_id": 126382156, "name": "加仁路87巷", "highway": "residential", "nodes": [1401138394, 1401138525, 1401138201]}, "geometry": {"type": "LineString", "coordinates": [[120.3005228, 22.7283736], [120.3012581, 22.7283168], [120.3013237, 22.7280478]]}, "id": 126382156}, {"type": "Feature", "properties": {"osm_id": 126382157, "name": "加仁路41巷", "highway": "residential", "nodes": [1401138333, 1401138246]}, "geometry": {"type": "LineString", "coordinates": [[120.3003966, 22.7277968], [120.3002343, 22.7281464]]}, "id": 126382157}, {"type": "Feature", "properties": {"osm_id": 126382158, "name": "瑞仁路79巷", "highway": "residential", "nodes": [262087938, 259974995]}, "geometry": {"type": "LineString", "coordinates": [[120.3136422, 22.7234933], [120.3138918, 22.7229779]]}, "id": 126382158}, {"type": "Feature", "properties": {"osm_id": 126382159, "name": "德信街31巷", "highway": "residential", "nodes": [1401138296, 1401138528, 1401138364]}, "geometry": {"type": "LineString", "coordinates": [[120.2997531, 22.7274231], [120.2999466, 22.7270106], [120.3000138, 22.7268578]]}, "id": 126382159}, {"type": "Feature", "properties": {"osm_id": 126382160, "name": "益群路76巷", "highway": "residential", "nodes": [1401138374, 1401138216]}, "geometry": {"type": "LineString", "coordinates": [[120.2967335, 22.7252095], [120.2971476, 22.7253984]]}, "id": 126382160}, {"type": "Feature", "properties": {"osm_id": 126382161, "name": "加仁路59巷", "highway": "residential", "nodes": [1401138489, 1401138394]}, "geometry": {"type": "LineString", "coordinates": [[120.3007283, 22.7279119], [120.3005228, 22.7283736]]}, "id": 126382161}, {"type": "Feature", "properties": {"osm_id": 126382162, "name": "瑞仁路14巷", "highway": "residential", "nodes": [262087966, 1401138213, 1401138270]}, "geometry": {"type": "LineString", "coordinates": [[120.3145825, 22.7239306], [120.3137934, 22.7242038], [120.3135711, 22.7241322]]}, "id": 126382162}, {"type": "Feature", "properties": {"osm_id": 126382164, "name": "德賢路137巷", "highway": "residential", "nodes": [1401138239, 1401138438]}, "geometry": {"type": "LineString", "coordinates": [[120.3072012, 22.7269341], [120.3074144, 22.7262751]]}, "id": 126382164}, {"type": "Feature", "properties": {"osm_id": 126382165, "name": "壽豐路433巷3弄", "highway": "residential", "nodes": [1401138286, 1401138467]}, "geometry": {"type": "LineString", "coordinates": [[120.2963952, 22.7245836], [120.2957203, 22.7243551]]}, "id": 126382165}, {"type": "Feature", "properties": {"osm_id": 126382166, "name": "德民路474巷", "highway": "residential", "nodes": [1401138523, 1401138424, 1401138503, 1401138359, 3004986158, 3004986157, 3004986156]}, "geometry": {"type": "LineString", "coordinates": [[120.2988647, 22.7248519], [120.2990161, 22.7245885], [120.2991534, 22.7243494], [120.2992819, 22.7241257], [120.2993177, 22.7240615], [120.2993589, 22.7239967], [120.2993936, 22.7239439]]}, "id": 126382166}, {"type": "Feature", "properties": {"osm_id": 126382167, "name": "德維街", "highway": "residential", "oneway": "no", "nodes": [1401138255, 1401138480, 1401138229]}, "geometry": {"type": "LineString", "coordinates": [[120.3106034, 22.7274673], [120.3100235, 22.7281708], [120.3095426, 22.7288043]]}, "id": 126382167}, {"type": "Feature", "properties": {"osm_id": 126382168, "name": "德信街43巷", "highway": "residential", "nodes": [1401138228, 1401138283, 1401138426]}, "geometry": {"type": "LineString", "coordinates": [[120.3000849, 22.7276276], [120.3003069, 22.7271847], [120.3003924, 22.7270143]]}, "id": 126382168}, {"type": "Feature", "properties": {"osm_id": 126382170, "name": "德孝街", "highway": "residential", "oneway": "no", "nodes": [1401138361, 1401138413, 1401138229, 1401138529, 3385654999, 2908694038, 1401138515]}, "geometry": {"type": "LineString", "coordinates": [[120.3107201, 22.7293416], [120.3100468, 22.7290319], [120.3095426, 22.7288043], [120.309178, 22.7286107], [120.3091667, 22.7286006], [120.3089349, 22.7282536], [120.3086984, 22.7279133]]}, "id": 126382170}, {"type": "Feature", "properties": {"osm_id": 126382172, "name": "瑞屏路112巷", "highway": "residential", "nodes": [256245270, 1401138302, 1401138344, 1401138405, 2388575173, 2388575172, 2388575170, 2388575171]}, "geometry": {"type": "LineString", "coordinates": [[120.3108548, 22.7246711], [120.3112454, 22.7248062], [120.3114515, 22.7248789], [120.3113383, 22.7251289], [120.3112635, 22.7252797], [120.3112494, 22.7253061], [120.3112235, 22.7253257], [120.3111198, 22.7253662]]}, "id": 126382172}, {"type": "Feature", "properties": {"osm_id": 126382173, "name": "德祥路152巷", "highway": "residential", "nodes": [262087984, 256245287]}, "geometry": {"type": "LineString", "coordinates": [[120.308656, 22.7265696], [120.3083229, 22.7273255]]}, "id": 126382173}, {"type": "Feature", "properties": {"osm_id": 126382174, "name": "德賢路151巷", "highway": "residential", "nodes": [256245290, 1401138428]}, "geometry": {"type": "LineString", "coordinates": [[120.30683, 22.7268046], [120.3070174, 22.7262256]]}, "id": 126382174}, {"type": "Feature", "properties": {"osm_id": 126382175, "name": "惠民路215巷", "highway": "residential", "nodes": [1401138469, 1401138300]}, "geometry": {"type": "LineString", "coordinates": [[120.2939072, 22.7235235], [120.2936819, 22.7228408]]}, "id": 126382175}, {"type": "Feature", "properties": {"osm_id": 126382177, "name": "德賢路248巷", "highway": "residential", "nodes": [1401138242, 1401138441, 1401138299, 258785012]}, "geometry": {"type": "LineString", "coordinates": [[120.3053889, 22.7264504], [120.3054254, 22.7272024], [120.3054477, 22.7276615], [120.3054698, 22.7280202]]}, "id": 126382177}, {"type": "Feature", "properties": {"osm_id": 126382178, "name": "壽豐路568巷", "highway": "residential", "nodes": [1401138478, 3046154526]}, "geometry": {"type": "LineString", "coordinates": [[120.2939184, 22.7241618], [120.2937411, 22.7245232]]}, "id": 126382178}, {"type": "Feature", "properties": {"osm_id": 126382181, "highway": "residential", "nodes": [1401138429, 258785419]}, "geometry": {"type": "LineString", "coordinates": [[120.2986606, 22.7278116], [120.2989554, 22.7277982]]}, "id": 126382181}, {"type": "Feature", "properties": {"osm_id": 126382184, "name": "德富街286巷", "highway": "residential", "nodes": [1401138476, 1401138425, 258785333]}, "geometry": {"type": "LineString", "coordinates": [[120.2979462, 22.7278867], [120.2978251, 22.7293131], [120.2978111, 22.7294551]]}, "id": 126382184}, {"type": "Feature", "properties": {"osm_id": 126382185, "name": "援中路510巷", "highway": "residential", "nodes": [1401138375, 1401138450, 1401138354, 1401138335, 7243025042]}, "geometry": {"type": "LineString", "coordinates": [[120.2922283, 22.7271054], [120.2922038, 22.7269465], [120.2920211, 22.7255724], [120.292046, 22.7254708], [120.2920713, 22.7253978]]}, "id": 126382185}, {"type": "Feature", "properties": {"osm_id": 126382186, "name": "德祥路22巷", "highway": "residential", "nodes": [1401138458, 3385654997, 1401138418]}, "geometry": {"type": "LineString", "coordinates": [[120.3108599, 22.7287723], [120.3112264, 22.7283978], [120.3115182, 22.7281037]]}, "id": 126382186}, {"type": "Feature", "properties": {"osm_id": 126382187, "name": "瑞屏路82巷7弄", "highway": "residential", "nodes": [1401138302, 1401138264]}, "geometry": {"type": "LineString", "coordinates": [[120.3112454, 22.7248062], [120.3115015, 22.724242]]}, "id": 126382187}, {"type": "Feature", "properties": {"osm_id": 126382188, "name": "德祥路118巷", "highway": "residential", "nodes": [1401138189, 3326617333, 3326617331, 1401138411]}, "geometry": {"type": "LineString", "coordinates": [[120.3093377, 22.7267442], [120.3091236, 22.72713], [120.3090439, 22.7272737], [120.3088859, 22.7275584]]}, "id": 126382188}, {"type": "Feature", "properties": {"osm_id": 126382189, "name": "惠民路292巷", "highway": "residential", "nodes": [1401138251, 1401138455]}, "geometry": {"type": "LineString", "coordinates": [[120.292609, 22.7239639], [120.2928283, 22.7245376]]}, "id": 126382189}, {"type": "Feature", "properties": {"osm_id": 126382190, "highway": "residential", "nodes": [256245311, 1401138208, 1401138481, 1400036100, 262840998, 2896477628, 1401138320]}, "geometry": {"type": "LineString", "coordinates": [[120.2955344, 22.7235126], [120.2956986, 22.7231605], [120.2957793, 22.7229775], [120.2958943, 22.7227166], [120.2959251, 22.7226468], [120.2959519, 22.722586], [120.2959856, 22.7225096]]}, "id": 126382190}, {"type": "Feature", "properties": {"osm_id": 126382192, "name": "德民路356巷60弄", "highway": "residential", "nodes": [1401138190, 1401138470, 258785012]}, "geometry": {"type": "LineString", "coordinates": [[120.3054938, 22.7287161], [120.3054781, 22.728272], [120.3054698, 22.7280202]]}, "id": 126382192}, {"type": "Feature", "properties": {"osm_id": 126382193, "name": "加昌路250巷", "highway": "residential", "nodes": [1401138199, 262087904, 1401138188, 1401138218, 1401138323]}, "geometry": {"type": "LineString", "coordinates": [[120.3127656, 22.722553], [120.3129151, 22.7221965], [120.3130407, 22.7218972], [120.3131185, 22.7217029], [120.3132959, 22.721197]]}, "id": 126382193}, {"type": "Feature", "properties": {"osm_id": 126382196, "name": "德祥路44巷", "highway": "residential", "nodes": [1401138297, 1401138310]}, "geometry": {"type": "LineString", "coordinates": [[120.3110885, 22.7277981], [120.3104962, 22.7284872]]}, "id": 126382196}, {"type": "Feature", "properties": {"osm_id": 126382197, "name": "德民路400巷30弄", "highway": "residential", "nodes": [1401138412, 1401138253]}, "geometry": {"type": "LineString", "coordinates": [[120.3001625, 22.7265147], [120.3008629, 22.7268669]]}, "id": 126382197}, {"type": "Feature", "properties": {"osm_id": 126382198, "name": "藍田路", "highway": "tertiary", "oneway": "yes", "nodes": [1401138200, 1401138362]}, "geometry": {"type": "LineString", "coordinates": [[120.2964749, 22.7255195], [120.2965754, 22.7254911]]}, "id": 126382198}, {"type": "Feature", "properties": {"osm_id": 126382199, "highway": "residential", "nodes": [258785104, 258785409]}, "geometry": {"type": "LineString", "coordinates": [[120.2990321, 22.7277388], [120.2985044, 22.7277223]]}, "id": 126382199}, {"type": "Feature", "properties": {"osm_id": 126382201, "name": "益群路3巷", "highway": "residential", "nodes": [1401138367, 1401138208]}, "geometry": {"type": "LineString", "coordinates": [[120.2975145, 22.7238261], [120.2956986, 22.7231605]]}, "id": 126382201}, {"type": "Feature", "properties": {"osm_id": 126382203, "name": "德豐街", "highway": "residential", "oneway": "no", "nodes": [2905702829, 258785192, 1401138216, 258785176, 3152370820, 1401138365, 258785168, 1401138500, 1401138396, 1401138343, 258785152, 3152370821, 258785144, 258785136, 258785128, 258785409, 1401138306, 258785400, 1401138203, 258785391, 1401138403, 258785381, 1401138471, 258785371, 258785361, 1401138301]}, "geometry": {"type": "LineString", "coordinates": [[120.2968854, 22.725821], [120.2969123, 22.725751], [120.2971476, 22.7253984], [120.2971964, 22.7253476], [120.297234, 22.7253291], [120.2973158, 22.7253278], [120.2975331, 22.7253686], [120.2978455, 22.7254614], [120.2981164, 22.7255579], [120.298316, 22.7256542], [120.2984195, 22.7257249], [120.2984624, 22.7257694], [120.2984919, 22.7258733], [120.298549, 22.7262092], [120.2985791, 22.7264444], [120.2985044, 22.7277223], [120.2984812, 22.728119], [120.2984144, 22.7292825], [120.2984539, 22.7294244], [120.2985434, 22.7295573], [120.2986356, 22.7296738], [120.2986497, 22.729796], [120.2986259, 22.7299018], [120.2985802, 22.7299592], [120.2983851, 22.7300762], [120.2983594, 22.7300771]]}, "id": 126382203}, {"type": "Feature", "properties": {"osm_id": 126382204, "name": "海專路235巷10弄", "highway": "residential", "nodes": [1401138460, 1401138363]}, "geometry": {"type": "LineString", "coordinates": [[120.3125407, 22.7244048], [120.3128412, 22.7245278]]}, "id": 126382204}, {"type": "Feature", "properties": {"osm_id": 126382205, "name": "海專路205巷", "highway": "residential", "nodes": [1401138231, 1401138430, 1401138270, 1401138247, 1401138448, 1401138284, 1401138484, 1401138456]}, "geometry": {"type": "LineString", "coordinates": [[120.3138391, 22.723568], [120.3137373, 22.7237666], [120.3135711, 22.7241322], [120.3134943, 22.7243044], [120.3134509, 22.7244813], [120.3134385, 22.7246592], [120.3134451, 22.7247738], [120.3134586, 22.724841]]}, "id": 126382205}, {"type": "Feature", "properties": {"osm_id": 126382206, "name": "惠民路301巷", "highway": "residential", "nodes": [1401138452, 1401138251]}, "geometry": {"type": "LineString", "coordinates": [[120.2924557, 22.7234885], [120.292609, 22.7239639]]}, "id": 126382206}, {"type": "Feature", "properties": {"osm_id": 126382207, "name": "德民路356巷60弄", "highway": "residential", "nodes": [1401138384, 1401138190, 2378870169, 1401138446]}, "geometry": {"type": "LineString", "coordinates": [[120.3048114, 22.7286169], [120.3054938, 22.7287161], [120.3057361, 22.7287516], [120.3060462, 22.7287963]]}, "id": 126382207}, {"type": "Feature", "properties": {"osm_id": 126382209, "name": "益群橋", "highway": "tertiary", "oneway": "yes", "bridge": "yes", "layer": "1", "nodes": [1401138221, 12040072230, 12040072231, 12040072232, 12040072233, 12040072234, 1401138200]}, "geometry": {"type": "LineString", "coordinates": [[120.296027, 22.7261366], [120.2961159, 22.7260468], [120.296189, 22.7259616], [120.2962813, 22.7258456], [120.2963433, 22.7257535], [120.2963914, 22.7256762], [120.2964749, 22.7255195]]}, "id": 126382209}, {"type": "Feature", "properties": {"osm_id": 126382212, "name": "德信街", "highway": "residential", "oneway": "no", "nodes": [258784892, 1401138364, 1401138426, 2400426931, 2400424983, 2400424982, 2379780733, 1401138404, 1401138357, 2403573047, 258785531, 260131174]}, "geometry": {"type": "LineString", "coordinates": [[120.2992683, 22.7265495], [120.3000138, 22.7268578], [120.3003924, 22.7270143], [120.3007233, 22.7271512], [120.3009511, 22.7272097], [120.3011788, 22.7272468], [120.3016073, 22.7273147], [120.3018362, 22.7273406], [120.3021643, 22.7273578], [120.3025338, 22.7273624], [120.3029127, 22.7273483], [120.3030214, 22.7273449]]}, "id": 126382212}, {"type": "Feature", "properties": {"osm_id": 126382213, "name": "德賢路248巷11弄", "highway": "residential", "oneway": "no", "nodes": [1401138441, 1401138294]}, "geometry": {"type": "LineString", "coordinates": [[120.3054254, 22.7272024], [120.3046635, 22.7272478]]}, "id": 126382213}, {"type": "Feature", "properties": {"osm_id": 126382214, "name": "德賢路209巷", "highway": "residential", "nodes": [1401138537, 1401138390]}, "geometry": {"type": "LineString", "coordinates": [[120.3056158, 22.726472], [120.3056817, 22.7260426]]}, "id": 126382214}, {"type": "Feature", "properties": {"osm_id": 126382215, "name": "益群路9巷", "highway": "residential", "nodes": [1401138532, 1401138248, 1401138238, 1401138486, 1401138372, 2379770336]}, "geometry": {"type": "LineString", "coordinates": [[120.2971178, 22.7245251], [120.2966132, 22.7243447], [120.2964419, 22.7242833], [120.2958345, 22.7240658], [120.2952327, 22.7238502], [120.2950005, 22.7238201]]}, "id": 126382215}, {"type": "Feature", "properties": {"osm_id": 126382216, "name": "加仁路80巷", "highway": "residential", "nodes": [2403573030, 1401138404]}, "geometry": {"type": "LineString", "coordinates": [[120.3017544, 22.7281225], [120.3018362, 22.7273406]]}, "id": 126382216}, {"type": "Feature", "properties": {"osm_id": 126382217, "name": "壽豐路303巷（後棟中庭）", "highway": "residential", "oneway": "no", "nodes": [1401138282, 2863988533, 1401138257]}, "geometry": {"type": "LineString", "coordinates": [[120.2988889, 22.7256312], [120.2989107, 22.7256034], [120.2991417, 22.725289]]}, "id": 126382217}, {"type": "Feature", "properties": {"osm_id": 126382221, "name": "瑞屏路82巷47弄", "highway": "residential", "nodes": [1401138331, 262840950]}, "geometry": {"type": "LineString", "coordinates": [[120.311546, 22.7247161], [120.312061, 22.7248987]]}, "id": 126382221}, {"type": "Feature", "properties": {"osm_id": 126382222, "highway": "residential", "nodes": [258784784, 1401138538]}, "geometry": {"type": "LineString", "coordinates": [[120.2950783, 22.7245755], [120.2950293, 22.7246767]]}, "id": 126382222}, {"type": "Feature", "properties": {"osm_id": 126382223, "name": "德豐街291巷", "highway": "residential", "nodes": [1401138409, 1401138476, 1401138306]}, "geometry": {"type": "LineString", "coordinates": [[120.2974528, 22.7276458], [120.2979462, 22.7278867], [120.2984812, 22.728119]]}, "id": 126382223}, {"type": "Feature", "properties": {"osm_id": 126382224, "highway": "residential", "nodes": [2905702802, 2378870174, 1401138384, 1401138212, 1401138314, 2909299792]}, "geometry": {"type": "LineString", "coordinates": [[120.3048315, 22.728901], [120.3048288, 22.7288277], [120.3048114, 22.7286169], [120.3047969, 22.7284419], [120.3047861, 22.7283123], [120.3047644, 22.7280499]]}, "id": 126382224}, {"type": "Feature", "properties": {"osm_id": 126382225, "name": "翠屏路", "highway": "residential", "nodes": [1401138394, 1401138313, 1401138360]}, "geometry": {"type": "LineString", "coordinates": [[120.3005228, 22.7283736], [120.2996907, 22.7280629], [120.2990464, 22.727744]]}, "id": 126382225}, {"type": "Feature", "properties": {"osm_id": 126382229, "name": "德民路474巷2弄", "highway": "residential", "nodes": [1401138408, 1401138424, 1401138535]}, "geometry": {"type": "LineString", "coordinates": [[120.2986702, 22.7244249], [120.2990161, 22.7245885], [120.2995061, 22.7248203]]}, "id": 126382229}, {"type": "Feature", "properties": {"osm_id": 126382234, "name": "壽豐路370巷", "highway": "residential", "nodes": [1401138421, 1401138262]}, "geometry": {"type": "LineString", "coordinates": [[120.2976393, 22.7249853], [120.2975879, 22.725314]]}, "id": 126382234}, {"type": "Feature", "properties": {"osm_id": 126382235, "name": "藍田路", "highway": "tertiary", "oneway": "yes", "nodes": [1401138534, 1080696766, 1080696973, 3730518465, 2400006087, 7242885268, 2400006088, 1080697362, 7242885264, 7242885261, 1401138330, 7242885259, 7242885254, 1080696930, 7242885255, 7242885250, 4309157440, 260132637, 260130548]}, "geometry": {"type": "LineString", "coordinates": [[120.2961086, 22.7262041], [120.2960343, 22.7262748], [120.2959575, 22.7263494], [120.2957989, 22.7264878], [120.2956956, 22.7265594], [120.2956722, 22.7265683], [120.2955615, 22.7266138], [120.2954311, 22.7266502], [120.2945937, 22.7267937], [120.2945547, 22.7268004], [120.2944058, 22.7268243], [120.2943003, 22.726844], [120.2938429, 22.7269221], [120.2937105, 22.726945], [120.2936309, 22.7269586], [120.291957, 22.7272454], [120.2918978, 22.7272556], [120.2918136, 22.7272719], [120.2916806, 22.7272916]]}, "id": 126382235}, {"type": "Feature", "properties": {"osm_id": 126382237, "name": "德賢路173巷", "highway": "residential", "nodes": [1401138505, 1401138336]}, "geometry": {"type": "LineString", "coordinates": [[120.3064093, 22.7266578], [120.3065373, 22.7261242]]}, "id": 126382237}, {"type": "Feature", "properties": {"osm_id": 126382238, "highway": "residential", "nodes": [258785233, 1401138348, 258785409]}, "geometry": {"type": "LineString", "coordinates": [[120.2975455, 22.7272734], [120.2979743, 22.7274869], [120.2985044, 22.7277223]]}, "id": 126382238}, {"type": "Feature", "properties": {"osm_id": 126382239, "name": "德民路356巷16弄", "highway": "residential", "nodes": [2401191916, 1401138390]}, "geometry": {"type": "LineString", "coordinates": [[120.3046325, 22.7259316], [120.3056817, 22.7260426]]}, "id": 126382239}, {"type": "Feature", "properties": {"osm_id": 126382240, "name": "德民路356巷57弄", "highway": "residential", "nodes": [1401138281, 1401138212]}, "geometry": {"type": "LineString", "coordinates": [[120.3043397, 22.7285156], [120.3047969, 22.7284419]]}, "id": 126382240}, {"type": "Feature", "properties": {"osm_id": 126382243, "name": "德民路400巷", "highway": "residential", "nodes": [1401138514, 1401138349, 2400409835, 1401138492, 2400409833, 1401138539]}, "geometry": {"type": "LineString", "coordinates": [[120.3007976, 22.7257667], [120.3006071, 22.7260776], [120.3005647, 22.7261197], [120.300524, 22.7261437], [120.3003759, 22.7262113], [120.300252, 22.7262385]]}, "id": 126382243}, {"type": "Feature", "properties": {"osm_id": 126382244, "highway": "residential", "nodes": [1401138386, 1401138223, 2417585495]}, "geometry": {"type": "LineString", "coordinates": [[120.3145888, 22.7232408], [120.3148889, 22.7218611], [120.3149728, 22.721666]]}, "id": 126382244}, {"type": "Feature", "properties": {"osm_id": 126382245, "name": "德賢路267巷", "highway": "residential", "nodes": [1401138389, 1401138226]}, "geometry": {"type": "LineString", "coordinates": [[120.3040114, 22.7263192], [120.3040563, 22.7258414]]}, "id": 126382245}, {"type": "Feature", "properties": {"osm_id": 126382246, "name": "壽豐路384巷", "highway": "residential", "nodes": [258784829, 1401138220]}, "geometry": {"type": "LineString", "coordinates": [[120.2973335, 22.7249493], [120.2973064, 22.7252524]]}, "id": 126382246}, {"type": "Feature", "properties": {"osm_id": 126382247, "name": "大學一街", "highway": "residential", "nodes": [1401138517, 1401138330, 5300658718, 7242885263, 1401138266, 1401138260, 1401138457, 1401138352]}, "geometry": {"type": "LineString", "coordinates": [[120.2943789, 22.7267322], [120.2944058, 22.7268243], [120.2944166, 22.7268686], [120.294424, 22.7269197], [120.294522, 22.7277809], [120.2945737, 22.7281595], [120.2946577, 22.7287746], [120.2947611, 22.7295324]]}, "id": 126382247}, {"type": "Feature", "properties": {"osm_id": 126382248, "name": "瑞屏路66巷", "highway": "residential", "nodes": [1401138451, 1401138526, 1401138399, 1401138288]}, "geometry": {"type": "LineString", "coordinates": [[120.3113559, 22.7235691], [120.3117483, 22.723714], [120.312438, 22.7239685], [120.3129929, 22.724183]]}, "id": 126382248}, {"type": "Feature", "properties": {"osm_id": 126382250, "name": "德民路474巷1弄", "highway": "residential", "nodes": [1401138388, 1401138503, 1401138305]}, "geometry": {"type": "LineString", "coordinates": [[120.2988792, 22.7242173], [120.2991534, 22.7243494], [120.299608, 22.7245682]]}, "id": 126382250}, {"type": "Feature", "properties": {"osm_id": 126382251, "name": "德民路400巷", "highway": "residential", "nodes": [1400036213, 1400036576, 1400036527, 1400036139, 1401138514]}, "geometry": {"type": "LineString", "coordinates": [[120.3012845, 22.7249452], [120.3012387, 22.725026], [120.3011975, 22.7250953], [120.3011557, 22.7251754], [120.3007976, 22.7257667]]}, "id": 126382251}, {"type": "Feature", "properties": {"osm_id": 126382252, "name": "德民路356巷", "highway": "residential", "oneway": "no", "nodes": [2909299792, 1401138490, 1401138294, 2800427655, 256245293, 2401191916, 12556881670, 12556881663, 12556881668]}, "geometry": {"type": "LineString", "coordinates": [[120.3047644, 22.7280499], [120.3047228, 22.727707], [120.3046635, 22.7272478], [120.3046377, 22.7267888], [120.3046145, 22.7263767], [120.3046325, 22.7259316], [120.3046087, 22.725677], [120.3046022, 22.7256079], [120.3045994, 22.725538]]}, "id": 126382252}, {"type": "Feature", "properties": {"osm_id": 126382253, "name": "援中路390巷", "highway": "residential", "nodes": [1080696876, 258784659, 7242885287, 7242885257, 258784618, 1080696930]}, "geometry": {"type": "LineString", "coordinates": [[120.2935804, 22.7257325], [120.2935899, 22.7258139], [120.2935978, 22.7258769], [120.2936907, 22.7267681], [120.2936996, 22.72685], [120.2937105, 22.726945]]}, "id": 126382253}, {"type": "Feature", "properties": {"osm_id": 126382254, "name": "壽豐路520巷", "highway": "residential", "nodes": [258784751, 1401138507]}, "geometry": {"type": "LineString", "coordinates": [[120.2942867, 22.7243019], [120.2941313, 22.7246453]]}, "id": 126382254}, {"type": "Feature", "properties": {"osm_id": 126382255, "name": "德民路356巷36弄", "highway": "residential", "nodes": [1401138490, 1401138299, 258785039]}, "geometry": {"type": "LineString", "coordinates": [[120.3047228, 22.727707], [120.3054477, 22.7276615], [120.3060427, 22.7276245]]}, "id": 126382255}, {"type": "Feature", "properties": {"osm_id": 126382258, "highway": "residential", "nodes": [262087957, 259975002]}, "geometry": {"type": "LineString", "coordinates": [[120.3145257, 22.7238577], [120.3148098, 22.7233242]]}, "id": 126382258}, {"type": "Feature", "properties": {"osm_id": 126382261, "name": "惠民路171巷", "highway": "residential", "nodes": [256245314, 1401138204, 1401138488, 1401138287]}, "geometry": {"type": "LineString", "coordinates": [[120.2949966, 22.7233987], [120.2951121, 22.7229534], [120.2951793, 22.7227633], [120.2952755, 22.7225036]]}, "id": 126382261}, {"type": "Feature", "properties": {"osm_id": 126382262, "name": "德豐街105巷", "highway": "residential", "nodes": [1401138396, 1401138348]}, "geometry": {"type": "LineString", "coordinates": [[120.2981164, 22.7255579], [120.2979743, 22.7274869]]}, "id": 126382262}, {"type": "Feature", "properties": {"osm_id": 126382263, "name": "德民路356巷50弄", "highway": "residential", "nodes": [1401138314, 1401138470, 1401138339]}, "geometry": {"type": "LineString", "coordinates": [[120.3047861, 22.7283123], [120.3054781, 22.728272], [120.3060353, 22.7282396]]}, "id": 126382263}, {"type": "Feature", "properties": {"osm_id": 126382264, "name": "海專路235巷", "highway": "residential", "nodes": [1401138491, 1401138288, 1401138363, 11768623887, 256455906]}, "geometry": {"type": "LineString", "coordinates": [[120.3133405, 22.7233933], [120.3129929, 22.724183], [120.3128412, 22.7245278], [120.3127187, 22.7247951], [120.3126131, 22.7250255]]}, "id": 126382264}, {"type": "Feature", "properties": {"osm_id": 126382266, "name": "益群橋", "highway": "tertiary", "oneway": "yes", "bridge": "yes", "layer": "1", "nodes": [1401138524, 12040072235, 12040072236, 12040072238, 12040072237, 7242885280, 1401138534]}, "geometry": {"type": "LineString", "coordinates": [[120.2965649, 22.7255677], [120.2964633, 22.7257467], [120.2964016, 22.7258477], [120.2963409, 22.7259318], [120.2962588, 22.7260368], [120.2961508, 22.726159], [120.2961086, 22.7262041]]}, "id": 126382266}, {"type": "Feature", "properties": {"osm_id": 126382269, "name": "瑞屏路82巷", "highway": "residential", "nodes": [262840948, 1401138264, 289126210]}, "geometry": {"type": "LineString", "coordinates": [[120.3121946, 22.7244983], [120.3115015, 22.724242], [120.3111143, 22.7241004]]}, "id": 126382269}, {"type": "Feature", "properties": {"osm_id": 126382271, "name": "瑞仁路125巷", "highway": "residential", "nodes": [1401138370, 1401138211]}, "geometry": {"type": "LineString", "coordinates": [[120.3129715, 22.7226307], [120.3127421, 22.7231517]]}, "id": 126382271}, {"type": "Feature", "properties": {"osm_id": 126382274, "name": "惠民路280巷", "highway": "residential", "nodes": [256245332, 260132619]}, "geometry": {"type": "LineString", "coordinates": [[120.2928427, 22.7238991], [120.293102, 22.7245967]]}, "id": 126382274}, {"type": "Feature", "properties": {"osm_id": 131904655, "name": "楠梓交流道", "highway": "motorway_link", "lanes": "1", "oneway": "yes", "nodes": [1451069590, 1451068362, 1451068835, 1451068246]}, "geometry": {"type": "LineString", "coordinates": [[120.3341883, 22.7356234], [120.3340504, 22.7322701], [120.3340204, 22.73186], [120.3339398, 22.7315027]]}, "id": 131904655}, {"type": "Feature", "properties": {"osm_id": 131904658, "name": "中山高速公路", "highway": "motorway", "oneway": "yes", "maxspeed": "110", "bridge": "yes", "layer": "1", "nodes": [1451068927, 280507640]}, "geometry": {"type": "LineString", "coordinates": [[120.3343273, 22.7359195], [120.3343248, 22.7356301]]}, "id": 131904658}, {"type": "Feature", "properties": {"osm_id": 131904664, "name": "楠梓交流道", "highway": "motorway_link", "lanes": "1", "oneway": "yes", "nodes": [1451068263, 1451068899, 1451069261, 1451069494, 2982340686, 1451068588]}, "geometry": {"type": "LineString", "coordinates": [[120.3336016, 22.7251473], [120.3337688, 22.7258114], [120.334105, 22.7277744], [120.3341848, 22.7282892], [120.3342022, 22.7284254], [120.3343349, 22.7298308]]}, "id": 131904664}, {"type": "Feature", "properties": {"osm_id": 131904665, "name": "楠梓交流道", "highway": "motorway_link", "lanes": "1", "oneway": "yes", "nodes": [4149792725, 1451069662, 1451069063]}, "geometry": {"type": "LineString", "coordinates": [[120.333175, 22.7234507], [120.3333771, 22.7242855], [120.3335075, 22.7247734]]}, "id": 131904665}, {"type": "Feature", "properties": {"osm_id": 131904669, "name": "楠梓交流道", "highway": "motorway_link", "lanes": "1", "oneway": "yes", "bridge": "yes", "layer": "1", "nodes": [1451068827, 1451069421]}, "geometry": {"type": "LineString", "coordinates": [[120.334613, 22.7356372], [120.334626, 22.7359076]]}, "id": 131904669}, {"type": "Feature", "properties": {"osm_id": 131904670, "name": "楠梓交流道", "highway": "motorway_link", "lanes": "1", "oneway": "yes", "nodes": [1451069316, 1451069368, 1451068004, 4425325543, 1451068594]}, "geometry": {"type": "LineString", "coordinates": [[120.3342322, 22.7394896], [120.334251, 22.7392892], [120.3342564, 22.7387994], [120.3342631, 22.7383418], [120.334239, 22.737236]]}, "id": 131904670}, {"type": "Feature", "properties": {"osm_id": 131904674, "name": "楠梓路", "highway": "residential", "nodes": [302211401, 280507399]}, "geometry": {"type": "LineString", "coordinates": [[120.330018, 22.7279846], [120.3299601, 22.7280745]]}, "id": 131904674}, {"type": "Feature", "properties": {"osm_id": 131904681, "name": "楠梓交流道", "highway": "motorway_link", "lanes": "1", "oneway": "yes", "bridge": "yes", "layer": "1", "nodes": [1451068588, 1451068120, 1451068734, 1451069116, 1451069315, 1451069716, 2984391039, 1451068521, 1451068957]}, "geometry": {"type": "LineString", "coordinates": [[120.3343349, 22.7298308], [120.3343615, 22.7302874], [120.3343997, 22.7307062], [120.3344551, 22.7309844], [120.3345175, 22.7311922], [120.3346339, 22.7315646], [120.3346634, 22.7317452], [120.3346804, 22.7319243], [120.3347779, 22.7345384]]}, "id": 131904681}, {"type": "Feature", "properties": {"osm_id": 131904684, "name": "興西路", "highway": "tertiary", "lanes": "3", "oneway": "yes", "nodes": [1451069044, 1451069640, 1451068100, 12556231077, 1451068494, 1451068111]}, "geometry": {"type": "LineString", "coordinates": [[120.333685, 22.7289631], [120.3334271, 22.7274204], [120.3332538, 22.7260616], [120.3330648, 22.7252438], [120.3330473, 22.7251681], [120.333014, 22.7250202]]}, "id": 131904684}, {"type": "Feature", "properties": {"osm_id": 131904685, "name": "楠梓交流道", "highway": "motorway_link", "lanes": "1", "oneway": "yes", "nodes": [1451068275, 2388124396, 1451069680, 2388124395, 1451069472, 2388124393, 1451069096, 2388124394, 1451068479, 1451069342]}, "geometry": {"type": "LineString", "coordinates": [[120.3355161, 22.738483], [120.3353931, 22.738398], [120.335309, 22.7383629], [120.3352111, 22.7383601], [120.3351307, 22.7383762], [120.3350476, 22.7384076], [120.3349662, 22.7384635], [120.334912, 22.7385699], [120.3348781, 22.7386666], [120.3347963, 22.7395735]]}, "id": 131904685}, {"type": "Feature", "properties": {"osm_id": 131904689, "name": "楠梓交流道", "highway": "motorway_link", "lanes": "1", "oneway": "yes", "nodes": [1451069214, 4149792722]}, "geometry": {"type": "LineString", "coordinates": [[120.3331008, 22.7248554], [120.332715, 22.7232871]]}, "id": 131904689}, {"type": "Feature", "properties": {"osm_id": 131904692, "name": "楠梓交流道", "highway": "motorway_link", "lanes": "1", "oneway": "yes", "nodes": [1451068957, 4425325524, 4425325537]}, "geometry": {"type": "LineString", "coordinates": [[120.3347779, 22.7345384], [120.3348619, 22.7362793], [120.3349063, 22.7373172]]}, "id": 131904692}, {"type": "Feature", "properties": {"osm_id": 131904697, "name": "中山高速公路", "highway": "motorway", "oneway": "yes", "maxspeed": "110", "nodes": [1451069233, 1451068097]}, "geometry": {"type": "LineString", "coordinates": [[120.334488, 22.7359288], [120.3345354, 22.736907]]}, "id": 131904697}, {"type": "Feature", "properties": {"osm_id": 131904701, "name": "經建路", "highway": "unclassified", "oneway": "yes", "nodes": [12599114572, 12599114574, 12599114571, 1451069052, 1451068153, 3669557695]}, "geometry": {"type": "LineString", "coordinates": [[120.3313259, 22.7223965], [120.3315132, 22.722446], [120.3315753, 22.7224784], [120.3325049, 22.7229632], [120.3333634, 22.7234134], [120.3340267, 22.7236717]]}, "id": 131904701}, {"type": "Feature", "properties": {"osm_id": 131904706, "name": "楠梓交流道", "highway": "motorway_link", "lanes": "1", "oneway": "yes", "nodes": [1451069014, 1451068208]}, "geometry": {"type": "LineString", "coordinates": [[120.3342306, 22.7365327], [120.3341952, 22.7359219]]}, "id": 131904706}, {"type": "Feature", "properties": {"osm_id": 131904720, "name": "楠梓交流道", "highway": "motorway_link", "lanes": "1", "oneway": "yes", "bridge": "yes", "layer": "1", "nodes": [1451068081, 1451068690]}, "geometry": {"type": "LineString", "coordinates": [[120.3322773, 22.7215072], [120.3321282, 22.7208824]]}, "id": 131904720}, {"type": "Feature", "properties": {"osm_id": 131904722, "name": "楠梓交流道", "highway": "motorway_link", "lanes": "1", "oneway": "yes", "nodes": [1451069044, 2984391037, 2984391036, 1451069615, 1451068233, 1451068856]}, "geometry": {"type": "LineString", "coordinates": [[120.333685, 22.7289631], [120.3336778, 22.7281778], [120.3336636, 22.7278272], [120.3336534, 22.7276941], [120.3334131, 22.7262618], [120.3331929, 22.7252432]]}, "id": 131904722}, {"type": "Feature", "properties": {"osm_id": 131904726, "name": "楠梓交流道", "highway": "motorway_link", "lanes": "1", "oneway": "yes", "bridge": "yes", "layer": "1", "nodes": [1451068528, 1451069088]}, "geometry": {"type": "LineString", "coordinates": [[120.3324514, 22.7204191], [120.3325781, 22.7209855]]}, "id": 131904726}, {"type": "Feature", "properties": {"osm_id": 131904729, "name": "楠梓交流道", "highway": "motorway_link", "lanes": "1", "oneway": "yes", "nodes": [1451069421, 1451069710]}, "geometry": {"type": "LineString", "coordinates": [[120.334626, 22.7359076], [120.3346614, 22.7370195]]}, "id": 131904729}, {"type": "Feature", "properties": {"osm_id": 131904734, "name": "中山高速公路", "highway": "motorway", "oneway": "yes", "maxspeed": "110", "layer": "1", "nodes": [1451069694, 1451068927]}, "geometry": {"type": "LineString", "coordinates": [[120.3343677, 22.7367017], [120.3343273, 22.7359195]]}, "id": 131904734}, {"type": "Feature", "properties": {"osm_id": 131904735, "name": "興楠路203巷", "highway": "residential", "nodes": [1451068191, 1451068639, 2264426773, 2264426770, 1451069167]}, "geometry": {"type": "LineString", "coordinates": [[120.3350229, 22.7306775], [120.3353757, 22.7299016], [120.3355605, 22.7295579], [120.3357214, 22.7292662], [120.3358789, 22.7289656]]}, "id": 131904735}, {"type": "Feature", "properties": {"osm_id": 131904738, "name": "楠梓交流道", "highway": "motorway_link", "lanes": "1", "oneway": "yes", "bridge": "yes", "layer": "1", "nodes": [1451068594, 1451069014]}, "geometry": {"type": "LineString", "coordinates": [[120.334239, 22.737236], [120.3342306, 22.7365327]]}, "id": 131904738}, {"type": "Feature", "properties": {"osm_id": 131904739, "name": "中山高速公路", "highway": "motorway", "oneway": "yes", "maxspeed": "110", "bridge": "yes", "layer": "1", "nodes": [1451068874, 1451068201]}, "geometry": {"type": "LineString", "coordinates": [[120.3333154, 22.7252157], [120.333221, 22.7248217]]}, "id": 131904739}, {"type": "Feature", "properties": {"osm_id": 131904740, "name": "楠梓交流道", "highway": "motorway_link", "lanes": "1", "oneway": "yes", "nodes": [1451068690, 1451069093, 1451069276, 1451069673]}, "geometry": {"type": "LineString", "coordinates": [[120.3321282, 22.7208824], [120.3319348, 22.7200437], [120.3316727, 22.7188703], [120.3314066, 22.717824]]}, "id": 131904740}, {"type": "Feature", "properties": {"osm_id": 131904744, "name": "中山高速公路", "highway": "motorway", "oneway": "yes", "maxspeed": "110", "bridge": "yes", "layer": "1", "nodes": [1451068097, 493976626]}, "geometry": {"type": "LineString", "coordinates": [[120.3345354, 22.736907], [120.3345447, 22.7375489]]}, "id": 131904744}, {"type": "Feature", "properties": {"osm_id": 131904750, "name": "楠梓交流道", "highway": "motorway_link", "lanes": "1", "oneway": "yes", "bridge": "yes", "layer": "1", "nodes": [1451069063, 1451068263]}, "geometry": {"type": "LineString", "coordinates": [[120.3335075, 22.7247734], [120.3336016, 22.7251473]]}, "id": 131904750}, {"type": "Feature", "properties": {"osm_id": 131904751, "name": "楠梓交流道", "highway": "motorway_link", "lanes": "1", "oneway": "yes", "nodes": [1451068517, 2388130695, 2388130696, 1451068445, 1451069737]}, "geometry": {"type": "LineString", "coordinates": [[120.3346837, 22.73771], [120.3346976, 22.7387301], [120.3347177, 22.739518], [120.3347486, 22.7402094], [120.3347789, 22.7403718]]}, "id": 131904751}, {"type": "Feature", "properties": {"osm_id": 131904760, "name": "楠梓交流道", "highway": "motorway_link", "lanes": "1", "oneway": "yes", "nodes": [1451068116, 1451068728, 1451069114, 1451069308, 1451068827]}, "geometry": {"type": "LineString", "coordinates": [[120.3345648, 22.7316322], [120.3345238, 22.7322267], [120.3344932, 22.7327102], [120.3345107, 22.7333355], [120.334613, 22.7356372]]}, "id": 131904760}, {"type": "Feature", "properties": {"osm_id": 131904762, "name": "中山高速公路", "highway": "motorway", "oneway": "yes", "maxspeed": "110", "nodes": [1451068053, 2984391038, 1451068060, 2982340687, 493976631, 493976630]}, "geometry": {"type": "LineString", "coordinates": [[120.3334606, 22.7251859], [120.3337744, 22.7266863], [120.3340327, 22.7281373], [120.3340622, 22.7283797], [120.3341391, 22.7290762], [120.3342132, 22.7298267]]}, "id": 131904762}, {"type": "Feature", "properties": {"osm_id": 131904766, "name": "楠梓交流道", "highway": "motorway_link", "lanes": "1", "oneway": "yes", "nodes": [1451068704, 1451068985, 2982340674, 1451068401, 2982340673, 1451068854, 2982340671, 1451069386, 1451068027, 2982340672, 2261344224]}, "geometry": {"type": "LineString", "coordinates": [[120.3322569, 22.719113], [120.3324408, 22.7196355], [120.3324804, 22.7197586], [120.332509, 22.7198179], [120.3325466, 22.7198589], [120.332588, 22.7198886], [120.3326465, 22.7199191], [120.332709, 22.7199331], [120.3327677, 22.7199408], [120.3328343, 22.71993], [120.3329592, 22.7198743]]}, "id": 131904766}, {"type": "Feature", "properties": {"osm_id": 131904769, "name": "楠梓交流道", "highway": "motorway_link", "lanes": "1", "oneway": "yes", "bridge": "yes", "layer": "1", "nodes": [1451068208, 1451069590]}, "geometry": {"type": "LineString", "coordinates": [[120.3341952, 22.7359219], [120.3341883, 22.7356234]]}, "id": 131904769}, {"type": "Feature", "properties": {"osm_id": 131904771, "name": "鳳楠路", "highway": "secondary", "oneway": "yes", "nodes": [1451068688, 1451068931, 12556231082, 1451068259, 12599114574]}, "geometry": {"type": "LineString", "coordinates": [[120.3326967, 22.7206691], [120.3321147, 22.721543], [120.3320471, 22.7216445], [120.3315679, 22.7223639], [120.3315132, 22.722446]]}, "id": 131904771}, {"type": "Feature", "properties": {"osm_id": 131904773, "name": "鳳仁路", "highway": "secondary", "lanes": "1", "oneway": "yes", "nodes": [1451068543, 2261344225, 2261344224, 1451069656, 1451069084, 12599114562, 10642688813, 1451069447, 12599114557, 1451068352, 1451068457, 12954233395, 12598764118, 12954233393, 12954233392, 12598764133, 12171180509, 12598764127, 1451068926, 12954233388, 1451068673, 11478764370, 12954233379, 12954233378, 11478682664, 10642686302, 10642686297, 2210833507, 12969294984, 12969294977, 11929087515, 1451068471, 12969294969, 12969294986, 12969294963, 12240697305, 1451069669, 1451069266, 1451069089, 1451068687]}, "geometry": {"type": "LineString", "coordinates": [[120.3326349, 22.720416], [120.33273, 22.720209], [120.3329592, 22.7198743], [120.3337065, 22.7187829], [120.3347147, 22.7173103], [120.3347645, 22.7172376], [120.3353596, 22.7163683], [120.3361562, 22.7152049], [120.3361861, 22.7151612], [120.3367353, 22.7143591], [120.3370937, 22.7138357], [120.3376449, 22.713042], [120.3376875, 22.7129807], [120.3377892, 22.7128343], [120.3378274, 22.7127603], [120.339819, 22.709533], [120.3399433, 22.7093316], [120.3399556, 22.7093117], [120.3405685, 22.7083186], [120.3406102, 22.708251], [120.3419288, 22.7061129], [120.3419525, 22.7060744], [120.3420258, 22.7059629], [120.3421009, 22.7058485], [120.3421815, 22.7057171], [120.3425738, 22.7050881], [120.343227, 22.7040377], [120.3436654, 22.7033327], [120.343755, 22.7031886], [120.3439049, 22.7029428], [120.3444789, 22.7020017], [120.3449899, 22.7011639], [120.3450115, 22.7011286], [120.3450583, 22.7010518], [120.3452224, 22.7007924], [120.346546, 22.6986999], [120.3467449, 22.6983854], [120.3468192, 22.6983275], [120.3469023, 22.6982317], [120.3471199, 22.6979271]]}, "id": 131904773}, {"type": "Feature", "properties": {"osm_id": 131904781, "name": "楠梓交流道", "highway": "motorway_link", "lanes": "1", "oneway": "yes", "bridge": "yes", "layer": "1", "nodes": [1451069710, 1451068517]}, "geometry": {"type": "LineString", "coordinates": [[120.3346614, 22.7370195], [120.3346837, 22.73771]]}, "id": 131904781}, {"type": "Feature", "properties": {"osm_id": 131904785, "name": "楠興東路", "highway": "tertiary", "lanes": "2", "oneway": "yes", "nodes": [1451068543, 1451068688, 1451068153, 1451068102, 3669557699]}, "geometry": {"type": "LineString", "coordinates": [[120.3326349, 22.720416], [120.3326967, 22.7206691], [120.3333634, 22.7234134], [120.333385, 22.723509], [120.3335181, 22.7241004]]}, "id": 131904785}, {"type": "Feature", "properties": {"osm_id": 131904790, "name": "楠梓交流道", "highway": "motorway_link", "lanes": "1", "oneway": "yes", "nodes": [1451068899, 1451068318, 1451068778, 2982340685, 1451069012, 1451068485]}, "geometry": {"type": "LineString", "coordinates": [[120.3337688, 22.7258114], [120.3339932, 22.726564], [120.3343194, 22.7282196], [120.3343422, 22.7283383], [120.3343618, 22.7284539], [120.3344438, 22.729064]]}, "id": 131904790}, {"type": "Feature", "properties": {"osm_id": 131904791, "name": "中山高速公路", "highway": "motorway", "oneway": "yes", "maxspeed": "110", "bridge": "yes", "layer": "1", "nodes": [1451067995, 1451068053]}, "geometry": {"type": "LineString", "coordinates": [[120.3333658, 22.7247977], [120.3334606, 22.7251859]]}, "id": 131904791}, {"type": "Feature", "properties": {"osm_id": 131904793, "name": "中山高速公路", "highway": "motorway", "oneway": "yes", "maxspeed": "110", "nodes": [1451068201, 4149792723]}, "geometry": {"type": "LineString", "coordinates": [[120.333221, 22.7248217], [120.3328573, 22.7233245]]}, "id": 131904793}, {"type": "Feature", "properties": {"osm_id": 131904795, "name": "楠梓交流道", "highway": "motorway_link", "lanes": "1", "oneway": "yes", "bridge": "yes", "layer": "1", "nodes": [1451068856, 1451069214]}, "geometry": {"type": "LineString", "coordinates": [[120.3331929, 22.7252432], [120.3331008, 22.7248554]]}, "id": 131904795}, {"type": "Feature", "properties": {"osm_id": 182835760, "name": "創新路", "highway": "residential", "lanes": "2", "oneway": "yes", "turn_lanes": "through|through;right", "nodes": [1932046289, 1932046291, 12650180488, 12650180483, 1932046306]}, "geometry": {"type": "LineString", "coordinates": [[120.3232186, 22.7392846], [120.3232867, 22.7393473], [120.3243499, 22.7403269], [120.3243785, 22.7403532], [120.3244346, 22.7404049]]}, "id": 182835760}, {"type": "Feature", "properties": {"osm_id": 182835761, "name": "土庫三路", "highway": "residential", "lanes_forward": "1", "lanes_backward": "1", "oneway": "no", "nodes": [7258094196, 6689514018, 6689531686, 2264471282, 12650180491, 12650180497, 1932046325, 1932046323, 12650180505, 12650180493, 3670358257, 3670358259, 3670358256, 7324415916, 3670358253, 1932046304, 12556695125, 12556695132, 12556695133]}, "geometry": {"type": "LineString", "coordinates": [[120.3243611, 22.7430259], [120.3245743, 22.7428118], [120.3248285, 22.7425565], [120.3250013, 22.742383], [120.3255802, 22.7418001], [120.3256315, 22.7417484], [120.3256778, 22.7417018], [120.3257585, 22.7416246], [120.3258203, 22.7415647], [120.3258878, 22.7414949], [120.3261049, 22.7412887], [120.3264007, 22.7410019], [120.3266282, 22.7407813], [120.3268729, 22.7405441], [120.3273068, 22.7401234], [120.3275713, 22.7398731], [120.3275955, 22.7398502], [120.3276459, 22.7398025], [120.3277439, 22.7397077]]}, "id": 182835761}, {"type": "Feature", "properties": {"osm_id": 182835762, "name": "土庫二路", "highway": "residential", "lanes_forward": "1", "lanes_backward": "1", "oneway": "no", "nodes": [12650180487, 1932046306]}, "geometry": {"type": "LineString", "coordinates": [[120.3243585, 22.7404862], [120.3244346, 22.7404049]]}, "id": 182835762}, {"type": "Feature", "properties": {"osm_id": 182835763, "name": "土庫路", "highway": "residential", "lanes": "4", "nodes": [988779596, 988779627, 11065364207, 12650180512, 988779646, 1932046331, 12650180513, 8198449017, 8198449008, 988779668]}, "geometry": {"type": "LineString", "coordinates": [[120.3246415, 22.7461352], [120.3268885, 22.7441281], [120.3273766, 22.7436451], [120.3275059, 22.7435171], [120.3275745, 22.7434493], [120.3276434, 22.7433611], [120.3276931, 22.7432954], [120.3291048, 22.7414305], [120.3291328, 22.7413934], [120.3291686, 22.7413462]]}, "id": 182835763}, {"type": "Feature", "properties": {"osm_id": 182835764, "name": "寶溪南街", "highway": "residential", "oneway": "yes", "nodes": [988779670, 988779582, 2985512598]}, "geometry": {"type": "LineString", "coordinates": [[120.3301581, 22.7461073], [120.3302698, 22.7460614], [120.3314489, 22.7454984]]}, "id": 182835764}, {"type": "Feature", "properties": {"osm_id": 184597699, "name": "左營大路", "highway": "tertiary", "oneway": "yes", "nodes": [295692660, 295692602, 258769881]}, "geometry": {"type": "LineString", "coordinates": [[120.3023682, 22.6982613], [120.3027249, 22.6988685], [120.3027913, 22.6990249]]}, "id": 184597699}, {"type": "Feature", "properties": {"osm_id": 189158656, "name": "藍昌路", "highway": "tertiary", "oneway": "yes", "nodes": [260132640, 7243024895, 12658228000, 7243024916, 262101294, 7243024908, 260131098, 7243024918, 258785817, 262101289]}, "geometry": {"type": "LineString", "coordinates": [[120.2924664, 22.7321763], [120.2924784, 22.7322742], [120.2925693, 22.7330166], [120.292592, 22.733202], [120.2926079, 22.7333317], [120.2926141, 22.7333826], [120.2926762, 22.7338578], [120.292683, 22.7339264], [120.2927298, 22.7343435], [120.2927803, 22.7347391]]}, "id": 189158656}, {"type": "Feature", "properties": {"osm_id": 197993468, "name": "大學三十街", "highway": "residential", "nodes": [2081844137, 2081844135, 7243024833, 2081844119, 2081844108]}, "geometry": {"type": "LineString", "coordinates": [[120.2921057, 22.7303938], [120.2922297, 22.7303746], [120.2922762, 22.7303685], [120.2941651, 22.7301969], [120.2957586, 22.7299965]]}, "id": 197993468}, {"type": "Feature", "properties": {"osm_id": 197993469, "name": "大學三街", "highway": "unclassified", "nodes": [2081844180, 2081844179, 1401138236, 12658227997, 2081844150, 2081844119, 2081844102]}, "geometry": {"type": "LineString", "coordinates": [[120.2945149, 22.7329826], [120.2944649, 22.7326404], [120.294326, 22.7316562], [120.2942886, 22.7312897], [120.2942336, 22.7307497], [120.2941651, 22.7301969], [120.2940834, 22.7296194]]}, "id": 197993469}, {"type": "Feature", "properties": {"osm_id": 205318262, "name": "楠梓路", "highway": "tertiary", "oneway": "yes", "nodes": [1932046293, 5884439600]}, "geometry": {"type": "LineString", "coordinates": [[120.3232194, 22.7394366], [120.3230504, 22.7396585]]}, "id": 205318262}, {"type": "Feature", "properties": {"osm_id": 207554131, "name": "成功路", "highway": "unclassified", "nodes": [4315349202, 6202804443, 4315349241, 2178152799, 1398635678]}, "geometry": {"type": "LineString", "coordinates": [[120.2893941, 22.7052108], [120.2895766, 22.7052102], [120.2908522, 22.705206], [120.2915864, 22.7052036], [120.2922926, 22.7052013]]}, "id": 207554131}, {"type": "Feature", "properties": {"osm_id": 207554132, "highway": "unclassified", "nodes": [1398635678, 5211912402, 2178152798, 2178152797]}, "geometry": {"type": "LineString", "coordinates": [[120.2922926, 22.7052013], [120.2924457, 22.7051624], [120.2924999, 22.7051486], [120.2925755, 22.7051287]]}, "id": 207554132}, {"type": "Feature", "properties": {"osm_id": 208566122, "highway": "residential", "nodes": [2188495479, 2188495482, 2188495491, 2402042660, 2188495501, 2188495505, 2188495516, 2188495521, 2188495524, 2188495523]}, "geometry": {"type": "LineString", "coordinates": [[120.3019958, 22.7040501], [120.302017, 22.7043332], [120.3019968, 22.7047172], [120.3019835, 22.7053099], [120.3019709, 22.705872], [120.3019636, 22.7061988], [120.301953, 22.7067269], [120.3019403, 22.7071068], [120.3019332, 22.7075575], [120.3012941, 22.7075451]]}, "id": 208566122}, {"type": "Feature", "properties": {"osm_id": 208566124, "highway": "residential", "nodes": [2188495478, 265599552]}, "geometry": {"type": "LineString", "coordinates": [[120.300744, 22.7040293], [120.3011922, 22.7040083]]}, "id": 208566124}, {"type": "Feature", "properties": {"osm_id": 208566125, "highway": "residential", "nodes": [2188495490, 4310021382, 2188495500]}, "geometry": {"type": "LineString", "coordinates": [[120.3012751, 22.7046987], [120.3012617, 22.7052905], [120.3012488, 22.7058565]]}, "id": 208566125}, {"type": "Feature", "properties": {"osm_id": 208566127, "highway": "residential", "nodes": [2188495458, 2402042676, 2402042670, 2402042673, 2188495476]}, "geometry": {"type": "LineString", "coordinates": [[120.300455, 22.7013536], [120.300243, 22.7019129], [120.3000252, 22.7024877], [120.2998139, 22.7030381], [120.2995722, 22.7036678]]}, "id": 208566127}, {"type": "Feature", "properties": {"osm_id": 208566130, "name": "泰良街", "highway": "residential", "nodes": [2188495547, 2188495539]}, "geometry": {"type": "LineString", "coordinates": [[120.2973265, 22.7109114], [120.2989302, 22.71005]]}, "id": 208566130}, {"type": "Feature", "properties": {"osm_id": 208566131, "highway": "residential", "nodes": [265599535, 2188495486, 2188495489]}, "geometry": {"type": "LineString", "coordinates": [[120.3008458, 22.7043887], [120.3009406, 22.704561], [120.3010852, 22.7046847]]}, "id": 208566131}, {"type": "Feature", "properties": {"osm_id": 208566133, "highway": "residential", "nodes": [2188495519, 4586456379, 4586456380, 2188495520, 2188495521]}, "geometry": {"type": "LineString", "coordinates": [[120.3001612, 22.707048], [120.3006234, 22.7070623], [120.3008426, 22.7070691], [120.3013022, 22.7070834], [120.3019403, 22.7071068]]}, "id": 208566133}, {"type": "Feature", "properties": {"osm_id": 208566136, "highway": "residential", "nodes": [2188495505, 2188495503, 2188495502]}, "geometry": {"type": "LineString", "coordinates": [[120.3019636, 22.7061988], [120.301318, 22.7061818], [120.3005045, 22.7061533]]}, "id": 208566136}, {"type": "Feature", "properties": {"osm_id": 208566137, "highway": "residential", "nodes": [265599552, 2402042672, 2402042669, 2402042682, 2402042675, 2402042680, 2402042678, 2188495462]}, "geometry": {"type": "LineString", "coordinates": [[120.3011922, 22.7040083], [120.3012054, 22.7034675], [120.3012215, 22.7028663], [120.3012248, 22.7027677], [120.3012427, 22.702228], [120.3012533, 22.7019078], [120.3012611, 22.7016737], [120.3012628, 22.7016218]]}, "id": 208566137}, {"type": "Feature", "properties": {"osm_id": 208566138, "highway": "residential", "nodes": [2188495513, 4586456381, 2188495514, 2188495516]}, "geometry": {"type": "LineString", "coordinates": [[120.3003017, 22.7066818], [120.3008678, 22.7066974], [120.3013087, 22.7067095], [120.301953, 22.7067269]]}, "id": 208566138}, {"type": "Feature", "properties": {"osm_id": 208566139, "highway": "residential", "nodes": [265599472, 2402042664, 2402042665, 2188495499, 2188495500, 2188495501]}, "geometry": {"type": "LineString", "coordinates": [[120.3005914, 22.7059266], [120.3006173, 22.7058921], [120.3006587, 22.7058616], [120.3007056, 22.7058463], [120.3012488, 22.7058565], [120.3019709, 22.705872]]}, "id": 208566139}, {"type": "Feature", "properties": {"osm_id": 208566140, "highway": "residential", "nodes": [265599539, 2188495480, 2188495478, 2188495476, 2188495475]}, "geometry": {"type": "LineString", "coordinates": [[120.300901, 22.7042425], [120.3008241, 22.7041053], [120.300744, 22.7040293], [120.2995722, 22.7036678], [120.2988587, 22.7034287]]}, "id": 208566140}, {"type": "Feature", "properties": {"osm_id": 208566141, "highway": "residential", "nodes": [2188495477, 2188495481, 265599529, 2188495489, 2188495490, 2188495491]}, "geometry": {"type": "LineString", "coordinates": [[120.2986719, 22.7039647], [120.2994034, 22.7042247], [120.3006349, 22.7046204], [120.3010852, 22.7046847], [120.3012751, 22.7046987], [120.3019968, 22.7047172]]}, "id": 208566141}, {"type": "Feature", "properties": {"osm_id": 208566144, "name": "慶昌街", "highway": "residential", "nodes": [13056406664, 13056406663, 10201539204, 13056406665, 2188495540, 2206324402, 2206349178, 2206349181, 2206324406, 2188495547, 2206324409, 2188495550, 2402042636, 2402042637, 2188495553]}, "geometry": {"type": "LineString", "coordinates": [[120.29659, 22.7098504], [120.2966445, 22.7098883], [120.2966739, 22.7099125], [120.2967008, 22.709941], [120.296907, 22.7102666], [120.2969756, 22.7103721], [120.2970399, 22.7104709], [120.2971338, 22.7106153], [120.2972155, 22.7107408], [120.2973265, 22.7109114], [120.2974629, 22.7111303], [120.2975182, 22.7112242], [120.2977676, 22.7114325], [120.2978114, 22.7114656], [120.2981001, 22.711681]]}, "id": 208566144}, {"type": "Feature", "properties": {"osm_id": 208566145, "highway": "residential", "nodes": [2188495460, 2188495452, 2188495454, 2402042667, 2188495453, 2188495458, 2188495462]}, "geometry": {"type": "LineString", "coordinates": [[120.2982719, 22.7014882], [120.298443, 22.7011252], [120.2996755, 22.7011913], [120.2997796, 22.7012032], [120.2998815, 22.7011884], [120.300455, 22.7013536], [120.3012628, 22.7016218]]}, "id": 208566145}, {"type": "Feature", "properties": {"osm_id": 208652154, "name": "土庫路", "highway": "unclassified", "lanes": "1", "oneway": "yes", "nodes": [1400036250, 2264471145, 2264471150, 988779697]}, "geometry": {"type": "LineString", "coordinates": [[120.3324214, 22.7355699], [120.3322896, 22.7359093], [120.3321034, 22.736305], [120.3318466, 22.7368507]]}, "id": 208652154}, {"type": "Feature", "properties": {"osm_id": 208652155, "name": "清豐一路", "highway": "residential", "nodes": [12954233418, 12650180445, 12954233422, 2264471153, 12650180430, 988779697, 12650180427, 2264471172, 2264471173, 2264471174]}, "geometry": {"type": "LineString", "coordinates": [[120.3314581, 22.7358913], [120.3314759, 22.7359352], [120.3314944, 22.7359809], [120.3316559, 22.7363798], [120.3317631, 22.7366444], [120.3318466, 22.7368507], [120.3320408, 22.7369111], [120.332314, 22.7369961], [120.332529, 22.737063], [120.3329682, 22.7372088]]}, "id": 208652155}, {"type": "Feature", "properties": {"osm_id": 208652179, "name": "土庫五路", "highway": "residential", "nodes": [2264471174, 2264471180, 1932046281, 2264471205, 2264471215]}, "geometry": {"type": "LineString", "coordinates": [[120.3329682, 22.7372088], [120.3328202, 22.7375721], [120.3326314, 22.7380808], [120.3326834, 22.7385652], [120.3327471, 22.7390419]]}, "id": 208652179}, {"type": "Feature", "properties": {"osm_id": 210541442, "name": "外環西路75巷", "highway": "residential", "nodes": [2206232318, 5212312117, 5212312118, 2206232321]}, "geometry": {"type": "LineString", "coordinates": [[120.2984756, 22.7192369], [120.2994096, 22.7195803], [120.2994343, 22.7195894], [120.2994612, 22.7195993]]}, "id": 210541442}, {"type": "Feature", "properties": {"osm_id": 210541444, "highway": "residential", "nodes": [2206232314, 2206232303]}, "geometry": {"type": "LineString", "coordinates": [[120.2990691, 22.7187728], [120.2993669, 22.7181096]]}, "id": 210541444}, {"type": "Feature", "properties": {"osm_id": 210541447, "name": "榮新街", "highway": "residential", "nodes": [2206232291, 2206232274, 2401517790, 2206232267, 2401517787, 2401517792, 3152357340, 2206232258]}, "geometry": {"type": "LineString", "coordinates": [[120.2971015, 22.7148867], [120.2979674, 22.7136385], [120.2982468, 22.7134364], [120.2987652, 22.7130637], [120.2989029, 22.7129733], [120.2992048, 22.7127729], [120.2993253, 22.7126929], [120.2998967, 22.7123136]]}, "id": 210541447}, {"type": "Feature", "properties": {"osm_id": 210541448, "name": "榮昌街", "highway": "residential", "nodes": [2206232294, 2206232292, 2206232282, 2206232275, 2206232270, 2206232260, 2206232258]}, "geometry": {"type": "LineString", "coordinates": [[120.297833, 22.7153084], [120.2978803, 22.7151859], [120.2988199, 22.7142708], [120.2994226, 22.7137425], [120.2999419, 22.7132873], [120.3003088, 22.7124387], [120.2998967, 22.7123136]]}, "id": 210541448}, {"type": "Feature", "properties": {"osm_id": 210551449, "name": "後昌路546巷", "highway": "residential", "nodes": [13068073865, 13068073864, 5224378353, 265599458, 4586456365, 4586456358, 2206349137, 4586456356, 2206349141, 2206349149, 2206349169, 2206324401, 2401179570, 2401179568, 2401179580]}, "geometry": {"type": "LineString", "coordinates": [[120.3009795, 22.7078093], [120.3009725, 22.7079177], [120.3009705, 22.7079681], [120.3009695, 22.7079921], [120.3009625, 22.7081703], [120.3009524, 22.7084277], [120.3009414, 22.7087065], [120.3009376, 22.708789], [120.3009228, 22.7091076], [120.3009044, 22.7095047], [120.300884, 22.7099441], [120.3008787, 22.7101534], [120.3008651, 22.7103535], [120.3008548, 22.7105762], [120.300842, 22.7108513]]}, "id": 210551449}, {"type": "Feature", "properties": {"osm_id": 210551450, "name": "創意南路", "highway": "unclassified", "nodes": [2206324417, 2375698042, 2206324416]}, "geometry": {"type": "LineString", "coordinates": [[120.3023099, 22.7131322], [120.302219, 22.7131013], [120.3004977, 22.7125169]]}, "id": 210551450}, {"type": "Feature", "properties": {"osm_id": 210551453, "name": "科技路", "highway": "unclassified", "nodes": [2206324422, 2375698074, 2206324427]}, "geometry": {"type": "LineString", "coordinates": [[120.3004631, 22.7147054], [120.2999961, 22.7158249], [120.2998272, 22.7158857]]}, "id": 210551453}, {"type": "Feature", "properties": {"osm_id": 210551460, "name": "大學二十五路", "highway": "residential", "nodes": [1080696887, 7242882722, 1080696835, 4613284569, 1080697272, 4581717118, 1080696732]}, "geometry": {"type": "LineString", "coordinates": [[120.2804476, 22.7272082], [120.2803776, 22.7272992], [120.2803606, 22.7273337], [120.2803399, 22.7274251], [120.2803287, 22.7278306], [120.2803078, 22.7278776], [120.2800386, 22.7281427]]}, "id": 210551460}, {"type": "Feature", "properties": {"osm_id": 210551462, "name": "德中路40巷", "highway": "residential", "nodes": [2206324447, 4615786613, 2206324444, 4615786618, 12658227947, 4615786635, 4615786619, 2206324437, 4615786620, 4615786621, 2206324435, 2206324434, 4615786627]}, "geometry": {"type": "LineString", "coordinates": [[120.2798219, 22.7233533], [120.2797097, 22.7231063], [120.2795315, 22.7227452], [120.2795299, 22.7227153], [120.2795947, 22.722394], [120.2796211, 22.7222632], [120.2796279, 22.7222295], [120.2796259, 22.7221933], [120.2796075, 22.7221739], [120.2793937, 22.722102], [120.2793527, 22.7220774], [120.2792324, 22.721897], [120.2791688, 22.7218027]]}, "id": 210551462}, {"type": "Feature", "properties": {"osm_id": 210551463, "name": "大學二十五路150巷", "highway": "residential", "nodes": [1080697307, 2206324455]}, "geometry": {"type": "LineString", "coordinates": [[120.2820944, 22.7260968], [120.2823581, 22.7268196]]}, "id": 210551463}, {"type": "Feature", "properties": {"osm_id": 210551464, "name": "德中路81巷", "highway": "residential", "nodes": [2206324442, 2206324441, 2206324440, 4309157556, 2206324438, 4615786625, 9853009734, 2206324433, 9853009735, 2206324432]}, "geometry": {"type": "LineString", "coordinates": [[120.2779422, 22.7225735], [120.2778948, 22.7224841], [120.2777961, 22.7224168], [120.2769735, 22.7222844], [120.2767853, 22.722241], [120.2765391, 22.7219502], [120.2764739, 22.7218841], [120.2764084, 22.721836], [120.2761917, 22.7217161], [120.2761739, 22.7217063]]}, "id": 210551464}, {"type": "Feature", "properties": {"osm_id": 210551467, "name": "大學三十一街", "highway": "residential", "lanes": "2", "nodes": [2206324454, 2206324453, 2206324450, 2206324443, 2206324439, 2206324432, 2206232330]}, "geometry": {"type": "LineString", "coordinates": [[120.2763895, 22.7243858], [120.2762894, 22.7243239], [120.2756036, 22.7236278], [120.2758518, 22.7227121], [120.2760716, 22.7223705], [120.2761739, 22.7217063], [120.2761353, 22.7212537]]}, "id": 210551467}, {"type": "Feature", "properties": {"osm_id": 210551468, "name": "大學三十三街", "highway": "residential", "lanes": "2", "nodes": [2206232329, 2206324431, 2206324429, 2206324428]}, "geometry": {"type": "LineString", "coordinates": [[120.2775037, 22.721249], [120.2776953, 22.7208414], [120.2780012, 22.7201906], [120.278053, 22.7200804]]}, "id": 210551468}, {"type": "Feature", "properties": {"osm_id": 210551469, "name": "大學三十五街", "highway": "residential", "lanes": "2", "nodes": [2206324431, 4425488984, 9853009757, 4425488983, 2206324430, 2206232330]}, "geometry": {"type": "LineString", "coordinates": [[120.2776953, 22.7208414], [120.2767227, 22.7204443], [120.276679, 22.7204364], [120.2766288, 22.7204466], [120.2765948, 22.7204784], [120.2761353, 22.7212537]]}, "id": 210551469}, {"type": "Feature", "properties": {"osm_id": 210551470, "name": "大學二街", "highway": "residential", "nodes": [2206324451, 12658227959, 12658227957, 12658227955, 12658227951, 2206324446]}, "geometry": {"type": "LineString", "coordinates": [[120.2842307, 22.7237504], [120.2838541, 22.7236341], [120.2835319, 22.7235345], [120.2831196, 22.7234071], [120.2829484, 22.7233542], [120.2820963, 22.723091]]}, "id": 210551470}, {"type": "Feature", "properties": {"osm_id": 210554012, "name": "後昌路546巷5弄", "highway": "residential", "nodes": [2206349136, 2206349137]}, "geometry": {"type": "LineString", "coordinates": [[120.2998513, 22.7086733], [120.3009414, 22.7087065]]}, "id": 210554012}, {"type": "Feature", "properties": {"osm_id": 210554015, "name": "後昌路546巷9弄", "highway": "residential", "nodes": [2206349147, 2206349149]}, "geometry": {"type": "LineString", "coordinates": [[120.2998229, 22.7094878], [120.3009044, 22.7095047]]}, "id": 210554015}, {"type": "Feature", "properties": {"osm_id": 210554016, "name": "後昌路546巷7弄", "highway": "residential", "nodes": [2206349139, 2206349141]}, "geometry": {"type": "LineString", "coordinates": [[120.2998375, 22.7090684], [120.3009228, 22.7091076]]}, "id": 210554016}, {"type": "Feature", "properties": {"osm_id": 210554017, "name": "後昌路546巷11弄", "highway": "residential", "nodes": [2206349160, 2206349169]}, "geometry": {"type": "LineString", "coordinates": [[120.2998085, 22.7099036], [120.300884, 22.7099441]]}, "id": 210554017}, {"type": "Feature", "properties": {"osm_id": 210554945, "name": "和光街", "highway": "residential", "nodes": [262083274, 258786242, 5211912354, 2206361917, 2401176448, 2401176444]}, "geometry": {"type": "LineString", "coordinates": [[120.2927765, 22.7066826], [120.2928629, 22.7066804], [120.2928908, 22.706668], [120.2931828, 22.7065383], [120.2933906, 22.7064306], [120.2935213, 22.7063509]]}, "id": 210554945}, {"type": "Feature", "properties": {"osm_id": 210556164, "name": "後勁中街54巷", "highway": "residential", "nodes": [268926635, 1219300614, 268926636, 268926638, 262085745]}, "geometry": {"type": "LineString", "coordinates": [[120.3170439, 22.717918], [120.3169968, 22.7176287], [120.3169612, 22.7174514], [120.3166729, 22.7168937], [120.3164485, 22.716506]]}, "id": 210556164}, {"type": "Feature", "properties": {"osm_id": 211065015, "name": "朝仁路", "highway": "residential", "lanes": "2", "oneway": "yes", "nodes": [2210767365, 2210767362, 2982340664, 6699350777, 2210767352, 2982340663, 2210767346, 2210767342, 2982340669, 2210767337, 2395918066, 2395918065, 2210767321, 2210767323, 2395918064, 2210767331, 2395918063, 2210767335, 2395918067, 2210767339, 2982340668, 6699363000, 2982340670, 2210767355, 2982340665, 2982340666, 2982340667, 2210767359, 2982340662, 2982340659, 2982340661, 2210767368, 2982340660, 331257893]}, "geometry": {"type": "LineString", "coordinates": [[120.3279576, 22.7227316], [120.3280131, 22.722572], [120.3281126, 22.7222806], [120.3281983, 22.7220664], [120.3283743, 22.7216331], [120.328605, 22.7212348], [120.3288591, 22.7208425], [120.3292255, 22.7203844], [120.3294877, 22.7200825], [120.3297938, 22.7197776], [120.3302829, 22.7193375], [120.3307978, 22.7189071], [120.3309105, 22.7188675], [120.3310071, 22.7188873], [120.3310875, 22.7189417], [120.3311412, 22.7190258], [120.3311519, 22.7191297], [120.3310929, 22.7192336], [120.3305189, 22.7196988], [120.3299534, 22.7201876], [120.3295675, 22.7206247], [120.3291838, 22.7211067], [120.3289471, 22.7214718], [120.3287305, 22.7218759], [120.3286024, 22.7222043], [120.3285386, 22.7223731], [120.328508, 22.72246], [120.3284862, 22.7225254], [120.328481, 22.7226039], [120.3284804, 22.722667], [120.3284905, 22.7227458], [120.3285068, 22.7228194], [120.3285459, 22.722914], [120.3286565, 22.7230831]]}, "id": 211065015}, {"type": "Feature", "properties": {"osm_id": 216632722, "name": "經建路", "highway": "unclassified", "oneway": "yes", "bridge": "yes", "nodes": [2260235063, 3669557694]}, "geometry": {"type": "LineString", "coordinates": [[120.3343902, 22.7239039], [120.3339621, 22.7237344]]}, "id": 216632722}, {"type": "Feature", "properties": {"osm_id": 216735392, "name": "楠都東街166巷40弄", "highway": "residential", "nodes": [2261344259, 2261344268, 2261344270, 2261344282]}, "geometry": {"type": "LineString", "coordinates": [[120.3266847, 22.7249042], [120.3269404, 22.7251735], [120.3270987, 22.7252093], [120.3273159, 22.7254419]]}, "id": 216735392}, {"type": "Feature", "properties": {"osm_id": 216735393, "name": "楠梓新路190巷", "highway": "residential", "nodes": [2261344327, 2261344340, 2261344335, 2261344334, 4425215247, 2261344343, 2261344347, 2387383786, 2261344354, 2261344355, 2261344351, 2261344356]}, "geometry": {"type": "LineString", "coordinates": [[120.3283003, 22.7261964], [120.3278577, 22.7263238], [120.3275748, 22.7262966], [120.3274125, 22.7262979], [120.3271724, 22.7263251], [120.3267862, 22.7264018], [120.3263144, 22.7265506], [120.3260083, 22.7266492], [120.3258488, 22.7266813], [120.3256945, 22.7266925], [120.3252587, 22.7266603], [120.3250329, 22.7267206]]}, "id": 216735393}, {"type": "Feature", "properties": {"osm_id": 216735394, "name": "興楠路", "highway": "tertiary", "oneway": "yes", "nodes": [302211401, 12556630823, 2261344436, 302211498, 12556630831, 2264426765]}, "geometry": {"type": "LineString", "coordinates": [[120.330018, 22.7279846], [120.3300857, 22.7280396], [120.3301837, 22.728112], [120.3304796, 22.7283415], [120.33054, 22.7283815], [120.3306098, 22.7284276]]}, "id": 216735394}, {"type": "Feature", "properties": {"osm_id": 216735395, "name": "高楠公路1761巷", "highway": "residential", "oneway": "no", "nodes": [2261344403, 1196964794]}, "geometry": {"type": "LineString", "coordinates": [[120.3200138, 22.7273929], [120.3211404, 22.7283886]]}, "id": 216735395}, {"type": "Feature", "properties": {"osm_id": 216735396, "name": "青埔街165巷", "highway": "residential", "nodes": [2261344472, 2261344465]}, "geometry": {"type": "LineString", "coordinates": [[120.3219182, 22.7296847], [120.3214841, 22.7292814]]}, "id": 216735396}, {"type": "Feature", "properties": {"osm_id": 216735397, "name": "青農路57巷", "highway": "residential", "nodes": [2261344443, 2261344461]}, "geometry": {"type": "LineString", "coordinates": [[120.3194054, 22.7283511], [120.3201125, 22.7291133]]}, "id": 216735397}, {"type": "Feature", "properties": {"osm_id": 216735399, "name": "朝明路223巷", "highway": "residential", "nodes": [2261344276, 2261344302, 2388043067, 2388043072]}, "geometry": {"type": "LineString", "coordinates": [[120.3290734, 22.7252644], [120.3288776, 22.7254042], [120.3287529, 22.7254586], [120.328431, 22.7256367]]}, "id": 216735399}, {"type": "Feature", "properties": {"osm_id": 216735401, "name": "建楠路73巷", "highway": "residential", "nodes": [2261344340, 2985906102, 2261344362]}, "geometry": {"type": "LineString", "coordinates": [[120.3278577, 22.7263238], [120.3281308, 22.726728], [120.3281416, 22.7268451]]}, "id": 216735401}, {"type": "Feature", "properties": {"osm_id": 216735402, "name": "朝明路231巷", "highway": "residential", "nodes": [2261344283, 12598724576, 2261344312]}, "geometry": {"type": "LineString", "coordinates": [[120.329286, 22.7254046], [120.3291847, 22.7254589], [120.3285323, 22.7258088]]}, "id": 216735402}, {"type": "Feature", "properties": {"osm_id": 216735403, "name": "建楠橫路52巷", "highway": "residential", "nodes": [2261344285, 2388043069, 2261344307]}, "geometry": {"type": "LineString", "coordinates": [[120.3278631, 22.7254208], [120.327543, 22.7256419], [120.3273843, 22.7257412]]}, "id": 216735403}, {"type": "Feature", "properties": {"osm_id": 216735404, "name": "楠梓舊街29巷", "highway": "residential", "nodes": [2261344358, 2261344386]}, "geometry": {"type": "LineString", "coordinates": [[120.3307291, 22.7267764], [120.3303838, 22.7271527]]}, "id": 216735404}, {"type": "Feature", "properties": {"osm_id": 216735408, "highway": "residential", "nodes": [2261344329, 2261344359]}, "geometry": {"type": "LineString", "coordinates": [[120.3303539, 22.7262495], [120.3299355, 22.7267946]]}, "id": 216735408}, {"type": "Feature", "properties": {"osm_id": 216735409, "name": "鳳楠路244巷", "highway": "residential", "nodes": [2261344324, 2261344346]}, "geometry": {"type": "LineString", "coordinates": [[120.3299162, 22.7261853], [120.3296321, 22.7265227]]}, "id": 216735409}, {"type": "Feature", "properties": {"osm_id": 216735412, "name": "青埔街183巷", "highway": "residential", "nodes": [2261344475, 2261344470]}, "geometry": {"type": "LineString", "coordinates": [[120.3216526, 22.7299436], [120.3212864, 22.72965]]}, "id": 216735412}, {"type": "Feature", "properties": {"osm_id": 216735413, "name": "朝明路207巷", "highway": "residential", "nodes": [2261344300, 2261344260]}, "geometry": {"type": "LineString", "coordinates": [[120.3279985, 22.7255903], [120.3288548, 22.7249638]]}, "id": 216735413}, {"type": "Feature", "properties": {"osm_id": 216735414, "name": "楠梓路河濱巷", "highway": "unclassified", "nodes": [2261344269, 4425215234, 2261344284, 2261344296, 4425215242, 2261344388, 2261344390, 2261344394, 2264426755, 4425215255, 2261344408]}, "geometry": {"type": "LineString", "coordinates": [[120.3329643, 22.7251767], [120.3329502, 22.7253735], [120.3329274, 22.7254836], [120.3328724, 22.7255727], [120.332737, 22.7257261], [120.3316534, 22.7271387], [120.3315166, 22.7272463], [120.3313355, 22.7273144], [120.3312001, 22.7273366], [120.3304629, 22.7274712], [120.3297196, 22.7275869]]}, "id": 216735414}, {"type": "Feature", "properties": {"osm_id": 216735415, "highway": "residential", "nodes": [2261344275, 2261344265, 2261344298]}, "geometry": {"type": "LineString", "coordinates": [[120.3248543, 22.7253004], [120.3252355, 22.7250809], [120.3256291, 22.7254941]]}, "id": 216735415}, {"type": "Feature", "properties": {"osm_id": 216735416, "name": "高楠公路1117巷", "highway": "residential", "nodes": [257742644, 2387148103, 2387148110, 2387148108]}, "geometry": {"type": "LineString", "coordinates": [[120.3213994, 22.727602], [120.3212058, 22.7272236], [120.3211712, 22.7269526], [120.3211203, 22.726802]]}, "id": 216735416}, {"type": "Feature", "properties": {"osm_id": 216735417, "name": "鳳楠路230巷", "highway": "residential", "nodes": [2261344309, 2261344329, 2261344368]}, "geometry": {"type": "LineString", "coordinates": [[120.3295347, 22.7257942], [120.3303539, 22.7262495], [120.3315924, 22.726938]]}, "id": 216735417}, {"type": "Feature", "properties": {"osm_id": 216735418, "name": "監理街", "highway": "residential", "nodes": [2261344454, 2261344458, 4593919677, 2387148100, 4593849388, 2261344473]}, "geometry": {"type": "LineString", "coordinates": [[120.3193795, 22.7288031], [120.3190386, 22.7290571], [120.3185095, 22.7294641], [120.3183327, 22.7296], [120.3176348, 22.7301369], [120.3171564, 22.7305046]]}, "id": 216735418}, {"type": "Feature", "properties": {"osm_id": 216735420, "name": "朝明路20巷", "highway": "residential", "nodes": [2261344310, 2261344275, 2261344258]}, "geometry": {"type": "LineString", "coordinates": [[120.3251871, 22.7257805], [120.3248543, 22.7253004], [120.3245964, 22.7249367]]}, "id": 216735420}, {"type": "Feature", "properties": {"osm_id": 216735421, "name": "楠陽路138巷", "highway": "residential", "nodes": [2261344230, 2261344240]}, "geometry": {"type": "LineString", "coordinates": [[120.3288808, 22.7233963], [120.3285751, 22.7238938]]}, "id": 216735421}, {"type": "Feature", "properties": {"osm_id": 216735422, "name": "朝明路130巷7弄", "highway": "residential", "nodes": [2261344246, 4425215218, 4425215217, 2261344240]}, "geometry": {"type": "LineString", "coordinates": [[120.3293973, 22.724294], [120.3289735, 22.7240948], [120.3286449, 22.7239291], [120.3285751, 22.7238938]]}, "id": 216735422}, {"type": "Feature", "properties": {"osm_id": 216735423, "name": "朝明路116巷", "highway": "residential", "nodes": [2261344240, 2261344237, 4583506591, 2385436129, 4583506590, 4583506589, 2261344234]}, "geometry": {"type": "LineString", "coordinates": [[120.3285751, 22.7238938], [120.3284833, 22.7237671], [120.3284542, 22.7237125], [120.3284413, 22.7236935], [120.3283727, 22.7236237], [120.3283689, 22.7236102], [120.3283731, 22.7235898]]}, "id": 216735423}, {"type": "Feature", "properties": {"osm_id": 216735426, "name": "楠都東街154巷", "highway": "residential", "nodes": [2261344274, 2261344286, 2261344299]}, "geometry": {"type": "LineString", "coordinates": [[120.3267481, 22.7252764], [120.3265172, 22.7254867], [120.3262571, 22.7256099]]}, "id": 216735426}, {"type": "Feature", "properties": {"osm_id": 216735427, "name": "朝明路167巷", "highway": "residential", "nodes": [2261344251, 2261344255, 2261344264, 2261344252]}, "geometry": {"type": "LineString", "coordinates": [[120.3283696, 22.7243819], [120.3279456, 22.7247671], [120.3275667, 22.7250384], [120.3272548, 22.7245775]]}, "id": 216735427}, {"type": "Feature", "properties": {"osm_id": 216735428, "name": "楠陽路180巷", "highway": "residential", "nodes": [2261344247, 4425215223, 4583506600, 4425215220, 2261344242, 4425215214, 4583506601, 2261344233, 2261344232, 2261344228]}, "geometry": {"type": "LineString", "coordinates": [[120.3266762, 22.7243991], [120.3267853, 22.7242491], [120.3268143, 22.7242199], [120.3269494, 22.7240945], [120.3269735, 22.7240561], [120.3270598, 22.7238004], [120.3270835, 22.7237493], [120.3271992, 22.7235839], [120.3274454, 22.7233109], [120.3275761, 22.7231621]]}, "id": 216735428}, {"type": "Feature", "properties": {"osm_id": 216735430, "name": "楠梓舊街29巷25弄", "highway": "residential", "nodes": [2261344385, 2261344376, 2261344358]}, "geometry": {"type": "LineString", "coordinates": [[120.3312598, 22.7271364], [120.3312032, 22.7270279], [120.3307291, 22.7267764]]}, "id": 216735430}, {"type": "Feature", "properties": {"osm_id": 216735432, "name": "楠都東街166巷", "highway": "residential", "nodes": [2261344282, 2261344295, 2261344287, 2261344301, 2261344313, 2261344318]}, "geometry": {"type": "LineString", "coordinates": [[120.3273159, 22.7254419], [120.3270423, 22.7255965], [120.3269337, 22.7254753], [120.326699, 22.7256361], [120.3263849, 22.7258347], [120.3259793, 22.7260714]]}, "id": 216735432}, {"type": "Feature", "properties": {"osm_id": 216735435, "name": "建楠路84巷", "highway": "residential", "nodes": [2261344371, 2261344423]}, "geometry": {"type": "LineString", "coordinates": [[120.3281483, 22.7269035], [120.3281899, 22.7277978]]}, "id": 216735435}, {"type": "Feature", "properties": {"osm_id": 216735436, "name": "建楠橫路", "highway": "residential", "nodes": [2261344360, 2987047184, 4425215250, 2261344336, 2261344327, 2261344319, 4425215244, 2261344306, 2261344300, 2261344285, 2261344279, 2261344264, 4425215229, 2261344261, 4425215228, 2261344257, 2261344256, 2261344247, 2261344238]}, "geometry": {"type": "LineString", "coordinates": [[120.3287424, 22.7268699], [120.328727, 22.7268135], [120.3286946, 22.7266628], [120.3283928, 22.7263276], [120.3283003, 22.7261964], [120.3282654, 22.7260765], [120.3281876, 22.7259515], [120.3280683, 22.7257487], [120.3279985, 22.7255903], [120.3278631, 22.7254208], [120.3277893, 22.7253157], [120.3275667, 22.7250384], [120.3274205, 22.7250436], [120.3272287, 22.7249966], [120.3271416, 22.7249421], [120.3270383, 22.7248345], [120.326959, 22.7247444], [120.3266762, 22.7243991], [120.3262527, 22.7237807]]}, "id": 216735436}, {"type": "Feature", "properties": {"osm_id": 216735437, "name": "惠心街", "highway": "residential", "oneway": "no", "nodes": [1196964698, 302211634, 302211635, 1196965101, 1196964841, 1196964919, 1196964832, 12599118915, 302211637, 1196964794]}, "geometry": {"type": "LineString", "coordinates": [[120.3236902, 22.7306482], [120.323591, 22.7305748], [120.3234241, 22.7304342], [120.3231298, 22.7301533], [120.3228507, 22.7299052], [120.3225587, 22.7296422], [120.3222549, 22.7293556], [120.3214242, 22.7286227], [120.321318, 22.728529], [120.3211404, 22.7283886]]}, "id": 216735437}, {"type": "Feature", "properties": {"osm_id": 216735438, "name": "惠春街", "highway": "residential", "oneway": "no", "nodes": [2261344444, 2261344409, 2261344370, 2387148097, 2261344331, 2387148104, 2969772739, 2969772737, 2969772738, 2261344328, 2261344338]}, "geometry": {"type": "LineString", "coordinates": [[120.3173679, 22.7285549], [120.319098, 22.7275202], [120.3200875, 22.7269548], [120.3205946, 22.7265788], [120.3209856, 22.7262889], [120.3210126, 22.726274], [120.3210523, 22.7262521], [120.3211321, 22.7262188], [120.3212065, 22.726209], [120.3212993, 22.7262215], [120.3216208, 22.7262844]]}, "id": 216735438}, {"type": "Feature", "properties": {"osm_id": 216735439, "name": "朝新路", "highway": "residential", "oneway": "no", "nodes": [257743123, 4425215203, 4425215204, 257742651]}, "geometry": {"type": "LineString", "coordinates": [[120.3279072, 22.722857], [120.3274777, 22.7230306], [120.327225, 22.7231463], [120.3269561, 22.7232928]]}, "id": 216735439}, {"type": "Feature", "properties": {"osm_id": 216735440, "name": "朝明路", "highway": "residential", "nodes": [2261344232, 2261344235, 4425215215, 2261344243, 2261344251, 2261344253, 2388043070, 2261344260, 4425215230, 2261344276, 12598724574, 2261344283, 12598724575, 12556630803, 12598724573, 12598724572]}, "geometry": {"type": "LineString", "coordinates": [[120.3274454, 22.7233109], [120.3277243, 22.7236251], [120.3277945, 22.7237347], [120.3280409, 22.7241555], [120.3283696, 22.7243819], [120.3285772, 22.7245605], [120.3286952, 22.7247201], [120.3288548, 22.7249638], [120.3289501, 22.7251407], [120.3290734, 22.7252644], [120.32921, 22.7253545], [120.329286, 22.7254046], [120.3292922, 22.7254077], [120.329303, 22.7254132], [120.3294734, 22.7254988], [120.3296096, 22.725531]]}, "id": 216735440}, {"type": "Feature", "properties": {"osm_id": 216735441, "name": "朝明路", "highway": "residential", "nodes": [2261344243, 2261344252, 2261344256, 2261344259, 2261344278, 2261344298, 2261344310, 2261344323]}, "geometry": {"type": "LineString", "coordinates": [[120.3280409, 22.7241555], [120.3272548, 22.7245775], [120.326959, 22.7247444], [120.3266847, 22.7249042], [120.3260166, 22.7252766], [120.3256291, 22.7254941], [120.3251871, 22.7257805], [120.3246492, 22.7261233]]}, "id": 216735441}, {"type": "Feature", "properties": {"osm_id": 216735442, "name": "朝陽路", "highway": "residential", "nodes": [2261344347, 2261344341, 2261344318, 2261344315, 2261344304, 2261344298]}, "geometry": {"type": "LineString", "coordinates": [[120.3263144, 22.7265506], [120.3261478, 22.7263124], [120.3259793, 22.7260714], [120.3258272, 22.7258539], [120.3257184, 22.7256982], [120.3256291, 22.7254941]]}, "id": 216735442}, {"type": "Feature", "properties": {"osm_id": 216735445, "name": "楠梓舊街", "highway": "residential", "nodes": [2261344436, 2261344424, 4722147719, 3012755204, 2261344411, 4425215255, 2261344404]}, "geometry": {"type": "LineString", "coordinates": [[120.3301837, 22.728112], [120.3303864, 22.7278305], [120.3303999, 22.7278005], [120.3304293, 22.7277353], [120.3304628, 22.7276227], [120.3304629, 22.7274712], [120.3304623, 22.7274532]]}, "id": 216735445}, {"type": "Feature", "properties": {"osm_id": 216735446, "name": "楠都東街", "highway": "residential", "oneway": "no", "nodes": [2261344249, 2261344278, 2261344299, 2261344313, 2261344343, 2261344367, 2261344375]}, "geometry": {"type": "LineString", "coordinates": [[120.3253645, 22.7244032], [120.3260166, 22.7252766], [120.3262571, 22.7256099], [120.3263849, 22.7258347], [120.3267862, 22.7264018], [120.3270608, 22.7268867], [120.3270673, 22.7269502]]}, "id": 216735446}, {"type": "Feature", "properties": {"osm_id": 216735449, "name": "監理南街", "highway": "residential", "oneway": "no", "nodes": [2261344476, 12599118929, 7048726999, 12599118930, 2261344468, 2261344458, 3164172207]}, "geometry": {"type": "LineString", "coordinates": [[120.3205372, 22.7305837], [120.3204266, 22.7304727], [120.3203638, 22.7304096], [120.3202104, 22.7302556], [120.3195503, 22.7295926], [120.3190386, 22.7290571], [120.3185419, 22.7285174]]}, "id": 216735449}, {"type": "Feature", "properties": {"osm_id": 216735450, "name": "青田街", "highway": "residential", "oneway": "no", "nodes": [2261344455, 2261344426, 2261344409, 2261344389]}, "geometry": {"type": "LineString", "coordinates": [[120.3204665, 22.7288116], [120.3194149, 22.7278135], [120.319098, 22.7275202], [120.3187617, 22.7272105]]}, "id": 216735450}, {"type": "Feature", "properties": {"osm_id": 216735451, "name": "青農路", "highway": "residential", "oneway": "no", "nodes": [2261344468, 2261344461, 2261344455, 4593942199, 2261344445, 5481843044, 2386005108, 5481843045, 5481843046, 1196964794]}, "geometry": {"type": "LineString", "coordinates": [[120.3195503, 22.7295926], [120.3201125, 22.7291133], [120.3204665, 22.7288116], [120.3208119, 22.7285172], [120.3209383, 22.7284094], [120.320982, 22.7283826], [120.3210099, 22.7283713], [120.3210375, 22.7283668], [120.3210702, 22.7283716], [120.3211404, 22.7283886]]}, "id": 216735451}, {"type": "Feature", "properties": {"osm_id": 216735453, "name": "楠梓路", "highway": "tertiary", "oneway": "yes", "nodes": [280507399, 12556630819, 2261344413]}, "geometry": {"type": "LineString", "coordinates": [[120.3299601, 22.7280745], [120.3298592, 22.7279582], [120.3296165, 22.7276301]]}, "id": 216735453}, {"type": "Feature", "properties": {"osm_id": 216737086, "name": "岳陽街", "highway": "residential", "nodes": [2261357295, 2261357296, 2261377009, 2261357298]}, "geometry": {"type": "LineString", "coordinates": [[120.3315585, 22.728995], [120.3314915, 22.7291023], [120.331058, 22.7297112], [120.3305677, 22.7305806]]}, "id": 216737086}, {"type": "Feature", "properties": {"osm_id": 216737088, "name": "東寧路", "highway": "residential", "oneway": "no", "nodes": [1932046248, 280277338, 1932046238, 265591748, 2984758249, 2261377026, 2261377021, 2261377017, 12598724586, 2992144187, 1451068057]}, "geometry": {"type": "LineString", "coordinates": [[120.3291822, 22.7345977], [120.3309248, 22.7334833], [120.3310795, 22.7333564], [120.3311266, 22.7332916], [120.3312708, 22.7331098], [120.3317201, 22.7326484], [120.3324228, 22.7318753], [120.3332711, 22.730973], [120.3336616, 22.7305141], [120.3336877, 22.7304844], [120.3338851, 22.7304042]]}, "id": 216737088}, {"type": "Feature", "properties": {"osm_id": 216737090, "name": "興楠橫巷", "highway": "residential", "nodes": [2264426756, 2264426758, 2264426761, 2264426762, 2388051408, 2264426763, 2388051409, 2264426765]}, "geometry": {"type": "LineString", "coordinates": [[120.3318464, 22.727606], [120.3316574, 22.727824], [120.331299, 22.7280106], [120.3311245, 22.7280341], [120.3310369, 22.728052], [120.3309577, 22.7280867], [120.3309175, 22.7281139], [120.3306098, 22.7284276]]}, "id": 216737090}, {"type": "Feature", "properties": {"osm_id": 216739605, "name": "楠裕街", "highway": "residential", "nodes": [2261377026, 2261377022, 2261377020, 2261377019, 2388051414]}, "geometry": {"type": "LineString", "coordinates": [[120.3317201, 22.7326484], [120.3309452, 22.7319226], [120.3306045, 22.7315939], [120.3302381, 22.7313068], [120.3291357, 22.7308159]]}, "id": 216739605}, {"type": "Feature", "properties": {"osm_id": 216739606, "name": "楠泰街", "highway": "residential", "nodes": [2261377012, 2261357298, 2261377016, 5385280905, 4722147718, 2261377021]}, "geometry": {"type": "LineString", "coordinates": [[120.3296529, 22.7300385], [120.3305677, 22.7305806], [120.3310001, 22.7308265], [120.3314562, 22.7310587], [120.3319142, 22.7314456], [120.3324228, 22.7318753]]}, "id": 216739606}, {"type": "Feature", "properties": {"osm_id": 216739607, "highway": "residential", "nodes": [2261377013, 2261377011, 2261377008, 2261377005, 2261377006]}, "geometry": {"type": "LineString", "coordinates": [[120.3335629, 22.7300712], [120.3337216, 22.7299795], [120.333409, 22.7283737], [120.3332452, 22.7272547], [120.3323406, 22.7277762]]}, "id": 216739607}, {"type": "Feature", "properties": {"osm_id": 216739608, "name": "旗楠路126巷", "highway": "residential", "nodes": [7947276848, 2261377025, 2261377022, 5385280902, 5385280905, 2261377014, 12598724582, 302211489]}, "geometry": {"type": "LineString", "coordinates": [[120.3305089, 22.7327338], [120.3305602, 22.7326778], [120.3309452, 22.7319226], [120.3312642, 22.7314104], [120.3314562, 22.7310587], [120.3319259, 22.7301767], [120.3322343, 22.7296654], [120.3323045, 22.7295489]]}, "id": 216739608}, {"type": "Feature", "properties": {"osm_id": 216739609, "name": "楠盛街", "highway": "residential", "nodes": [2261357297, 2261377009, 2261377010, 2261377014, 2261377015, 2261377017]}, "geometry": {"type": "LineString", "coordinates": [[120.3300817, 22.7293997], [120.331058, 22.7297112], [120.3315012, 22.7299487], [120.3319259, 22.7301767], [120.3325148, 22.7305637], [120.3332711, 22.730973]]}, "id": 216739609}, {"type": "Feature", "properties": {"osm_id": 216739610, "name": "玉田街", "highway": "residential", "nodes": [2261377010, 2261377016, 2261377020, 8806897207, 2261377023, 2261377024]}, "geometry": {"type": "LineString", "coordinates": [[120.3315012, 22.7299487], [120.3310001, 22.7308265], [120.3306045, 22.7315939], [120.3303776, 22.7320146], [120.3302053, 22.7323215], [120.3301627, 22.7323587]]}, "id": 216739610}, {"type": "Feature", "properties": {"osm_id": 217140175, "name": "興楠路151巷27弄", "highway": "residential", "nodes": [2264426794, 2264426793]}, "geometry": {"type": "LineString", "coordinates": [[120.3369727, 22.7303816], [120.3365268, 22.7302578]]}, "id": 217140175}, {"type": "Feature", "properties": {"osm_id": 217140176, "name": "興盛街73巷", "highway": "residential", "nodes": [2264426792, 2264426799]}, "geometry": {"type": "LineString", "coordinates": [[120.3378918, 22.7302421], [120.3376937, 22.7305884]]}, "id": 217140176}, {"type": "Feature", "properties": {"osm_id": 217140180, "highway": "residential", "nodes": [2264426985, 2264426988]}, "geometry": {"type": "LineString", "coordinates": [[120.3326632, 22.7442712], [120.333005, 22.7443258]]}, "id": 217140180}, {"type": "Feature", "properties": {"osm_id": 217140182, "highway": "residential", "nodes": [2264426989, 2264426990]}, "geometry": {"type": "LineString", "coordinates": [[120.3333856, 22.7443845], [120.3336152, 22.7444217]]}, "id": 217140182}, {"type": "Feature", "properties": {"osm_id": 217140185, "name": "興盛街67巷", "highway": "residential", "nodes": [2264426778, 2264426800]}, "geometry": {"type": "LineString", "coordinates": [[120.3383687, 22.729724], [120.3378415, 22.7306474]]}, "id": 217140185}, {"type": "Feature", "properties": {"osm_id": 217140189, "highway": "residential", "bridge": "yes", "layer": "1", "nodes": [2264426988, 2264426989]}, "geometry": {"type": "LineString", "coordinates": [[120.333005, 22.7443258], [120.3333856, 22.7443845]]}, "id": 217140189}, {"type": "Feature", "properties": {"osm_id": 217140196, "highway": "residential", "nodes": [988779600, 2264427002]}, "geometry": {"type": "LineString", "coordinates": [[120.3323386, 22.7454153], [120.3322876, 22.7448983]]}, "id": 217140196}, {"type": "Feature", "properties": {"osm_id": 217140201, "name": "興盛街37巷", "highway": "residential", "nodes": [2264426807, 2264426801, 2264426786]}, "geometry": {"type": "LineString", "coordinates": [[120.3385208, 22.730926], [120.3385591, 22.730653], [120.338883, 22.7300438]]}, "id": 217140201}, {"type": "Feature", "properties": {"osm_id": 217140207, "name": "興盛街29巷", "highway": "residential", "nodes": [2264426808, 2264426805, 2264426791]}, "geometry": {"type": "LineString", "coordinates": [[120.3387891, 22.7309532], [120.3388052, 22.7307987], [120.3391255, 22.7301946]]}, "id": 217140207}, {"type": "Feature", "properties": {"osm_id": 217140208, "name": "興楠路151巷47弄", "highway": "residential", "nodes": [2403368186, 2264426775]}, "geometry": {"type": "LineString", "coordinates": [[120.3375177, 22.730004], [120.3369644, 22.7296746]]}, "id": 217140208}, {"type": "Feature", "properties": {"osm_id": 217140209, "name": "興盛街83巷", "highway": "residential", "nodes": [2264426797, 2403368188, 2264426789]}, "geometry": {"type": "LineString", "coordinates": [[120.3375033, 22.7305095], [120.3376849, 22.7301023], [120.3377398, 22.730125]]}, "id": 217140209}, {"type": "Feature", "properties": {"osm_id": 217140210, "name": "興楠路151巷65弄", "highway": "residential", "nodes": [2264426783, 2403368190, 2264426772]}, "geometry": {"type": "LineString", "coordinates": [[120.3380056, 22.7299124], [120.3378883, 22.7298375], [120.337163, 22.72939]]}, "id": 217140210}, {"type": "Feature", "properties": {"osm_id": 217140211, "name": "楠陽路63巷", "highway": "residential", "nodes": [2264426751, 12175986882, 2264426747]}, "geometry": {"type": "LineString", "coordinates": [[120.3316031, 22.7248099], [120.3316934, 22.7243325], [120.331824, 22.7236419]]}, "id": 217140211}, {"type": "Feature", "properties": {"osm_id": 217140215, "name": "興楠路203巷19弄", "highway": "residential", "nodes": [2264426788, 1451068639]}, "geometry": {"type": "LineString", "coordinates": [[120.3360763, 22.7300761], [120.3353757, 22.7299016]]}, "id": 217140215}, {"type": "Feature", "properties": {"osm_id": 217140216, "name": "常興街115巷", "highway": "unclassified", "nodes": [2264426839, 2264426837, 2264426829, 2264426826]}, "geometry": {"type": "LineString", "coordinates": [[120.3371885, 22.7331878], [120.3372036, 22.7326554], [120.3372109, 22.7323362], [120.3372185, 22.7320336]]}, "id": 217140216}, {"type": "Feature", "properties": {"osm_id": 217140219, "name": "興楠路203巷40弄", "highway": "residential", "nodes": [2264426771, 2264426773]}, "geometry": {"type": "LineString", "coordinates": [[120.3351769, 22.7293558], [120.3355605, 22.7295579]]}, "id": 217140219}, {"type": "Feature", "properties": {"osm_id": 217140223, "name": "鳳楠路108巷", "highway": "residential", "nodes": [2264426749, 2264426750, 2264426747, 12599114577, 12599114575, 12599114576]}, "geometry": {"type": "LineString", "coordinates": [[120.3327475, 22.7239654], [120.3323885, 22.7239942], [120.331824, 22.7236419], [120.3311376, 22.7232619], [120.3310031, 22.7231874], [120.3308659, 22.7231227]]}, "id": 217140223}, {"type": "Feature", "properties": {"osm_id": 217140225, "highway": "tertiary_link", "oneway": "yes", "nodes": [2264426851, 2264426853, 2388052210, 2388052209, 2264426852, 2388052212, 2388052211, 2388052213, 2264426850, 2388052216, 2388052214, 2388052215, 2264426847, 2264426844]}, "geometry": {"type": "LineString", "coordinates": [[120.3334068, 22.7358377], [120.333519, 22.735847], [120.3335587, 22.7358457], [120.3336069, 22.7358391], [120.3336869, 22.7358246], [120.3337345, 22.7358051], [120.3337756, 22.7357777], [120.3338096, 22.7357476], [120.3338408, 22.7357162], [120.3338663, 22.7356822], [120.3338904, 22.7356522], [120.3339131, 22.735613], [120.3339344, 22.7355737], [120.3340264, 22.7353594]]}, "id": 217140225}, {"type": "Feature", "properties": {"osm_id": 217140226, "name": "興盛街47巷", "highway": "residential", "nodes": [2264426781, 2264426798, 2264426803, 2264426806, 2264426816, 302211432]}, "geometry": {"type": "LineString", "coordinates": [[120.3386559, 22.7299026], [120.3382704, 22.7305493], [120.3383039, 22.7306838], [120.338266, 22.7308926], [120.3381023, 22.7312677], [120.3380714, 22.7314346]]}, "id": 217140226}, {"type": "Feature", "properties": {"osm_id": 217140227, "name": "興楠路151巷", "highway": "residential", "nodes": [2264426768, 2264426772, 2264426775, 2264426784]}, "geometry": {"type": "LineString", "coordinates": [[120.3373656, 22.7290997], [120.337163, 22.72939], [120.3369644, 22.7296746], [120.3367562, 22.7298816]]}, "id": 217140227}, {"type": "Feature", "properties": {"osm_id": 217140230, "name": "興楠路203巷48弄", "highway": "residential", "nodes": [2264426767, 2264426770]}, "geometry": {"type": "LineString", "coordinates": [[120.3353501, 22.7290923], [120.3357214, 22.7292662]]}, "id": 217140230}, {"type": "Feature", "properties": {"osm_id": 217140233, "name": "土庫七街", "highway": "residential", "nodes": [988779674, 2264427003, 4425325799, 2264427002, 2264427001, 4425325798, 2264426985, 2985535958, 2264426943, 2985535957, 2264426926]}, "geometry": {"type": "LineString", "coordinates": [[120.331543, 22.7451072], [120.3317948, 22.7449273], [120.3321556, 22.7448989], [120.3322876, 22.7448983], [120.3323627, 22.7448624], [120.3324218, 22.7447771], [120.3326632, 22.7442712], [120.333158, 22.7432273], [120.3332076, 22.7431259], [120.333268, 22.7430517], [120.3342566, 22.7424179]]}, "id": 217140233}, {"type": "Feature", "properties": {"osm_id": 217140234, "name": "土庫八街", "highway": "residential", "nodes": [2264426929, 2264426926, 2264426920, 4425325795, 2264426912, 2264471269, 2264471265, 2264471248, 4425325553, 2264471212, 2264471185, 2264471175, 4425325535, 4425325533, 2264471162, 2264471159]}, "geometry": {"type": "LineString", "coordinates": [[120.3342725, 22.7425424], [120.3342566, 22.7424179], [120.3342491, 22.7421367], [120.3342517, 22.7418006], [120.3342892, 22.7414308], [120.3342906, 22.7412342], [120.3342919, 22.7409992], [120.334249, 22.7404562], [120.334137, 22.7397184], [120.3340427, 22.738871], [120.3339325, 22.737698], [120.3338869, 22.737202], [120.3338547, 22.7370523], [120.3337684, 22.736873], [120.3336546, 22.7366891], [120.3335896, 22.7365874]]}, "id": 217140234}, {"type": "Feature", "properties": {"osm_id": 217140235, "name": "土庫六路", "highway": "residential", "nodes": [2264426912, 2189270906]}, "geometry": {"type": "LineString", "coordinates": [[120.3342892, 22.7414308], [120.333182, 22.741962]]}, "id": 217140235}, {"type": "Feature", "properties": {"osm_id": 217140238, "name": "安通街", "highway": "residential", "nodes": [2264426948, 2264426941, 2264426932, 2264426924, 2264426916]}, "geometry": {"type": "LineString", "coordinates": [[120.338757, 22.7433272], [120.3384467, 22.7430013], [120.3381824, 22.742728], [120.3376233, 22.7421934], [120.3371278, 22.7416708]]}, "id": 217140238}, {"type": "Feature", "properties": {"osm_id": 217140240, "name": "寶溪南街", "highway": "residential", "nodes": [988779570, 2985504666, 988779600, 2985504667, 988779583, 2985504668, 988779643, 2985875884, 2985875885, 2388503514, 988779681, 2388503513, 2388503512, 2985875887, 2388503511, 2985875886, 988779663]}, "geometry": {"type": "LineString", "coordinates": [[120.3318088, 22.7455946], [120.332116, 22.7454709], [120.3323386, 22.7454153], [120.3324969, 22.7454091], [120.3326564, 22.7454091], [120.3328549, 22.7454375], [120.3330521, 22.7454709], [120.3332304, 22.7455649], [120.3335013, 22.745743], [120.3337562, 22.7458976], [120.3339493, 22.7460015], [120.3341706, 22.746098], [120.3342687, 22.7461401], [120.3343119, 22.7461424], [120.334355, 22.7461288], [120.3343827, 22.7461], [120.3344043, 22.7460549]]}, "id": 217140240}, {"type": "Feature", "properties": {"osm_id": 217140241, "name": "常德路", "highway": "residential", "nodes": [2264426810, 2264426813]}, "geometry": {"type": "LineString", "coordinates": [[120.3362692, 22.7309976], [120.3362635, 22.7311256]]}, "id": 217140241}, {"type": "Feature", "properties": {"osm_id": 217140242, "name": "常興街", "highway": "residential", "nodes": [302211432, 302211442, 12598724595, 2264426831, 2264426838, 11065424555, 2264426839, 2264426840]}, "geometry": {"type": "LineString", "coordinates": [[120.3380714, 22.7314346], [120.33804, 22.7315695], [120.3380406, 22.7317171], [120.3380435, 22.7324167], [120.3380214, 22.7328895], [120.337331, 22.7331367], [120.3371885, 22.7331878], [120.3362509, 22.7335038]]}, "id": 217140242}, {"type": "Feature", "properties": {"osm_id": 217140243, "name": "常順街", "highway": "residential", "nodes": [2264426837, 2264426836, 2264426835, 2264426834]}, "geometry": {"type": "LineString", "coordinates": [[120.3372036, 22.7326554], [120.3367437, 22.7326604], [120.3362512, 22.7326703], [120.3347962, 22.7326814]]}, "id": 217140243}, {"type": "Feature", "properties": {"osm_id": 217140244, "name": "楠梓橫巷", "highway": "residential", "nodes": [2264426755, 2264426759, 2264426762]}, "geometry": {"type": "LineString", "coordinates": [[120.3312001, 22.7273366], [120.3312491, 22.7278597], [120.3311245, 22.7280341]]}, "id": 217140244}, {"type": "Feature", "properties": {"osm_id": 217140246, "name": "清安街", "highway": "residential", "nodes": [2264426874, 2264426878, 2264426883]}, "geometry": {"type": "LineString", "coordinates": [[120.3392761, 22.7374144], [120.3384436, 22.7376365], [120.3374427, 22.7378986]]}, "id": 217140246}, {"type": "Feature", "properties": {"osm_id": 217140248, "name": "清平街", "highway": "residential", "nodes": [2264426842, 2264426845, 2264426858, 2264426861, 2264426862, 2388443528, 2264426874]}, "geometry": {"type": "LineString", "coordinates": [[120.3382608, 22.7347178], [120.3385422, 22.7354653], [120.3388209, 22.7362055], [120.3389753, 22.7366154], [120.3389897, 22.7366538], [120.3391808, 22.7371612], [120.3392761, 22.7374144]]}, "id": 217140248}, {"type": "Feature", "properties": {"osm_id": 217140249, "name": "清成街", "highway": "residential", "nodes": [10941279542, 2264426880, 2264426873, 2264426866, 2264426859, 2264426855, 2264426846]}, "geometry": {"type": "LineString", "coordinates": [[120.3363612, 22.7381359], [120.3360005, 22.7376534], [120.335802, 22.7373615], [120.3356193, 22.7370198], [120.3355345, 22.7362391], [120.3355076, 22.7358606], [120.3354359, 22.7354921]]}, "id": 217140249}, {"type": "Feature", "properties": {"osm_id": 217140250, "name": "立仁街", "highway": "residential", "nodes": [2264426905, 2264426906, 4425325581, 4425325585, 2264426910]}, "geometry": {"type": "LineString", "coordinates": [[120.3348926, 22.7409896], [120.3353326, 22.7409707], [120.335405, 22.7409732], [120.3354868, 22.7410264], [120.3356599, 22.7412676]]}, "id": 217140250}, {"type": "Feature", "properties": {"osm_id": 217140251, "name": "立安路", "highway": "residential", "nodes": [2264426991, 2264426977, 2264426963, 2264426953, 2264426946, 2264426931]}, "geometry": {"type": "LineString", "coordinates": [[120.3373775, 22.7444643], [120.3370591, 22.7441222], [120.3367789, 22.7438113], [120.3364952, 22.7435162], [120.3362681, 22.7432451], [120.3357921, 22.7427064]]}, "id": 217140251}, {"type": "Feature", "properties": {"osm_id": 217140252, "name": "立民路", "highway": "residential", "nodes": [2264427006, 2264426982, 2264426939, 4041807557, 4041807558, 2264426931]}, "geometry": {"type": "LineString", "coordinates": [[120.3354452, 22.7450252], [120.3353869, 22.7442075], [120.3353865, 22.7430911], [120.3353989, 22.7430286], [120.3354266, 22.7429888], [120.3357921, 22.7427064]]}, "id": 217140252}, {"type": "Feature", "properties": {"osm_id": 217140253, "name": "興盛街", "highway": "residential", "nodes": [2264426796, 2264426797, 2264426799, 2264426800, 2264426804, 2264426806, 2264426807, 2264426808, 2264426811]}, "geometry": {"type": "LineString", "coordinates": [[120.3374156, 22.7304774], [120.3375033, 22.7305095], [120.3376937, 22.7305884], [120.3378415, 22.7306474], [120.3379352, 22.7306848], [120.338266, 22.7308926], [120.3385208, 22.730926], [120.3387891, 22.7309532], [120.3392777, 22.7309949]]}, "id": 217140253}, {"type": "Feature", "properties": {"osm_id": 217142183, "name": "土庫北路", "highway": "residential", "lanes": "2", "oneway": "yes", "nodes": [5965331452, 5965331451, 1932046441]}, "geometry": {"type": "LineString", "coordinates": [[120.3337922, 22.7496062], [120.3335659, 22.7495696], [120.331601, 22.74888]]}, "id": 217142183}, {"type": "Feature", "properties": {"osm_id": 217142184, "name": "芎林七街", "highway": "residential", "nodes": [12954233433, 12954233432, 12954233431, 12954233434, 2264443977, 12175986897, 2264443979]}, "geometry": {"type": "LineString", "coordinates": [[120.3308119, 22.7473805], [120.3308914, 22.7473487], [120.3309923, 22.747319], [120.3310516, 22.7473015], [120.3322248, 22.746956], [120.33276, 22.746967], [120.3337361, 22.7469871]]}, "id": 217142184}, {"type": "Feature", "properties": {"osm_id": 217142186, "name": "芎林五街", "highway": "residential", "nodes": [2264444036, 2264444037]}, "geometry": {"type": "LineString", "coordinates": [[120.3315152, 22.7489933], [120.3315964, 22.749018]]}, "id": 217142186}, {"type": "Feature", "properties": {"osm_id": 217142187, "name": "芎林六街", "highway": "residential", "lanes": "2", "nodes": [5965331461, 4041807539, 5965331464, 988779592, 4041807538, 4041807555, 4041807553, 4041807551, 4041807549, 988779650, 5965331463, 4458005428, 5965331462, 4458005429, 2264444063, 2264444034, 1932046437, 988779700]}, "geometry": {"type": "LineString", "coordinates": [[120.3337112, 22.7473597], [120.3343319, 22.7476577], [120.3343605, 22.7476845], [120.3343739, 22.7477223], [120.3343754, 22.7477653], [120.3343572, 22.7480277], [120.3343313, 22.7483557], [120.3343081, 22.7487081], [120.3342841, 22.7490932], [120.3342578, 22.7494826], [120.3342546, 22.7495168], [120.3342387, 22.7495453], [120.3342058, 22.749568], [120.3341611, 22.7495675], [120.3335411, 22.7493398], [120.3323625, 22.7489135], [120.3315396, 22.7486263], [120.3314684, 22.7486503]]}, "id": 217142187}, {"type": "Feature", "properties": {"osm_id": 217142188, "name": "芎蕉三街", "highway": "residential", "nodes": [2264444034, 11065364257, 11065364258, 2264443989, 2264443977, 988779598]}, "geometry": {"type": "LineString", "coordinates": [[120.3323625, 22.7489135], [120.3323273, 22.748407], [120.3323025, 22.7481041], [120.3322892, 22.7476975], [120.3322248, 22.746956], [120.3321221, 22.7459676]]}, "id": 217142188}, {"type": "Feature", "properties": {"osm_id": 217142189, "name": "芎林三街", "highway": "residential", "nodes": [2264444048, 2264444051, 2264444053, 2264444055, 2264444057, 5965331455, 2264444067, 5965331456, 2264444071, 2264444069, 2264444065, 8806897216, 2264444046, 11065364213, 2264444042, 5965331468, 2264444044]}, "geometry": {"type": "LineString", "coordinates": [[120.3315701, 22.7492992], [120.3314897, 22.7493005], [120.3308158, 22.7493182], [120.3303933, 22.7493087], [120.3302766, 22.7493141], [120.330204, 22.7493452], [120.3301087, 22.7493672], [120.3300785, 22.7494338], [120.330074, 22.7495122], [120.3294668, 22.7494793], [120.329176, 22.7493808], [120.3288719, 22.7493028], [120.3287984, 22.7492713], [120.3283514, 22.7492603], [120.3274517, 22.7492383], [120.3261335, 22.7492084], [120.3260442, 22.7492064]]}, "id": 217142189}, {"type": "Feature", "properties": {"osm_id": 217146871, "highway": "residential", "nodes": [2264471284, 2264471280]}, "geometry": {"type": "LineString", "coordinates": [[120.3254467, 22.7427949], [120.3261735, 22.7421585]]}, "id": 217146871}, {"type": "Feature", "properties": {"osm_id": 217146881, "highway": "residential", "nodes": [2264471285, 2264471283]}, "geometry": {"type": "LineString", "coordinates": [[120.3261159, 22.7434137], [120.326824, 22.7427579]]}, "id": 217146881}, {"type": "Feature", "properties": {"osm_id": 217146953, "name": "清泰路", "highway": "residential", "nodes": [2264471221, 2264471238, 11065383761, 2264471252, 7473019236]}, "geometry": {"type": "LineString", "coordinates": [[120.3296565, 22.739291], [120.3290842, 22.7400588], [120.3289944, 22.7401838], [120.3287542, 22.7404856], [120.3286685, 22.7405886]]}, "id": 217146953}, {"type": "Feature", "properties": {"osm_id": 217146956, "name": "清豐三路", "highway": "residential", "nodes": [2264471281, 2264471277, 2264471272, 2264471259, 2264471256, 4594078501, 2264471244, 2264471237]}, "geometry": {"type": "LineString", "coordinates": [[120.3326673, 22.7422279], [120.3324187, 22.7417677], [120.3321411, 22.741254], [120.3318902, 22.7407896], [120.3318112, 22.7406435], [120.3317262, 22.7405349], [120.3315596, 22.740322], [120.3311099, 22.7400305]]}, "id": 217146956}, {"type": "Feature", "properties": {"osm_id": 217146961, "name": "清豐五路", "highway": "residential", "nodes": [988779627, 2264471285, 2264471284, 2264471282]}, "geometry": {"type": "LineString", "coordinates": [[120.3268885, 22.7441281], [120.3261159, 22.7434137], [120.3254467, 22.7427949], [120.3250013, 22.742383]]}, "id": 217146961}, {"type": "Feature", "properties": {"osm_id": 217152859, "highway": "residential", "nodes": [295683208, 5636820176, 2261344441]}, "geometry": {"type": "LineString", "coordinates": [[120.3282105, 22.7284887], [120.3284224, 22.7283294], [120.3284824, 22.728265]]}, "id": 217152859}, {"type": "Feature", "properties": {"osm_id": 217152861, "name": "建楠路84巷72弄", "highway": "residential", "nodes": [2261344441, 2264501993]}, "geometry": {"type": "LineString", "coordinates": [[120.3284824, 22.728265], [120.3287919, 22.7280281]]}, "id": 217152861}, {"type": "Feature", "properties": {"osm_id": 217152866, "name": "楠梓西巷21弄", "highway": "residential", "nodes": [2264502001, 2261344457, 2264501995]}, "geometry": {"type": "LineString", "coordinates": [[120.3291961, 22.7292419], [120.3287535, 22.729032], [120.3281597, 22.7287331]]}, "id": 217152866}, {"type": "Feature", "properties": {"osm_id": 217152870, "name": "楠梓西巷", "highway": "residential", "nodes": [2264502003, 2264502004, 2264502005, 2261344467]}, "geometry": {"type": "LineString", "coordinates": [[120.3276143, 22.7292973], [120.3279634, 22.7294121], [120.3282469, 22.7295031], [120.3283946, 22.7295493]]}, "id": 217152870}, {"type": "Feature", "properties": {"osm_id": 217152872, "highway": "residential", "nodes": [2264502014, 2264502016, 3432299135, 3432299134, 3432299136, 2264502019, 2264502018]}, "geometry": {"type": "LineString", "coordinates": [[120.3268519, 22.7306367], [120.3269991, 22.730818], [120.3270458, 22.7308555], [120.3271048, 22.7308911], [120.3271596, 22.7309042], [120.3272186, 22.7309098], [120.3276605, 22.7308746]]}, "id": 217152872}, {"type": "Feature", "properties": {"osm_id": 217152873, "name": "楠梓新路337巷", "highway": "residential", "nodes": [2264502011, 2264502014, 2264502015, 3432299132, 3432299133, 2264502017, 2264502020]}, "geometry": {"type": "LineString", "coordinates": [[120.327316, 22.7304272], [120.3268519, 22.7306367], [120.3265652, 22.7307661], [120.3265184, 22.7307755], [120.3260143, 22.7308093], [120.3259696, 22.7308168], [120.3256078, 22.7309236]]}, "id": 217152873}, {"type": "Feature", "properties": {"osm_id": 217152878, "name": "新安街", "highway": "residential", "nodes": [2264502018, 2264502021]}, "geometry": {"type": "LineString", "coordinates": [[120.3276605, 22.7308746], [120.3269693, 22.7314426]]}, "id": 217152878}, {"type": "Feature", "properties": {"osm_id": 217152882, "name": "楠梓新路", "highway": "residential", "nodes": [280277411, 2264502018, 2264502026, 2264502028]}, "geometry": {"type": "LineString", "coordinates": [[120.3276133, 22.7306789], [120.3276605, 22.7308746], [120.3282398, 22.7318307], [120.3283034, 22.7319229]]}, "id": 217152882}, {"type": "Feature", "properties": {"osm_id": 217152889, "name": "清豐二路", "highway": "residential", "nodes": [1932046277, 2264471184, 12650180413, 7530743065, 2264471189, 1932046281]}, "geometry": {"type": "LineString", "coordinates": [[120.3313822, 22.7376947], [120.3314709, 22.7377234], [120.3316288, 22.7377745], [120.3318533, 22.7378472], [120.332072, 22.737918], [120.3326314, 22.7380808]]}, "id": 217152889}, {"type": "Feature", "properties": {"osm_id": 228367558, "highway": "residential", "nodes": [258769484, 10050864417, 4047907999, 2206232317]}, "geometry": {"type": "LineString", "coordinates": [[120.2985909, 22.7189506], [120.2986441, 22.7189716], [120.2986895, 22.718988], [120.2989255, 22.7190808]]}, "id": 228367558}, {"type": "Feature", "properties": {"osm_id": 228367559, "highway": "residential", "oneway": "yes", "nodes": [2206232314, 2206232317, 2206232319, 2206232316, 2206232314]}, "geometry": {"type": "LineString", "coordinates": [[120.2990691, 22.7187728], [120.2989255, 22.7190808], [120.2993116, 22.7192389], [120.2994553, 22.7189213], [120.2990691, 22.7187728]]}, "id": 228367559}, {"type": "Feature", "properties": {"osm_id": 228918947, "name": "宏毅二路", "highway": "residential", "nodes": [261608486, 1219300442, 8566486295]}, "geometry": {"type": "LineString", "coordinates": [[120.3082691, 22.7153668], [120.3070449, 22.714909], [120.3059767, 22.7144561]]}, "id": 228918947}, {"type": "Feature", "properties": {"osm_id": 228918949, "highway": "residential", "nodes": [2375698019, 2375698025, 2375698029]}, "geometry": {"type": "LineString", "coordinates": [[120.3048329, 22.7113526], [120.3046698, 22.7117183], [120.304483, 22.7121373]]}, "id": 228918949}, {"type": "Feature", "properties": {"osm_id": 228918950, "highway": "residential", "nodes": [2375698075, 2375698084, 2375698087, 2375698092]}, "geometry": {"type": "LineString", "coordinates": [[120.3092042, 22.7158654], [120.3090426, 22.7162215], [120.3089021, 22.7165756], [120.3087553, 22.7169389]]}, "id": 228918950}, {"type": "Feature", "properties": {"osm_id": 228918951, "highway": "residential", "nodes": [2375698071, 2375698079, 2375698085, 2375698089]}, "geometry": {"type": "LineString", "coordinates": [[120.3086171, 22.7156545], [120.3084586, 22.7160091], [120.3083133, 22.7163575], [120.3081635, 22.7167168]]}, "id": 228918951}, {"type": "Feature", "properties": {"osm_id": 228918952, "name": "宏毅三路1巷", "highway": "residential", "nodes": [2375698070, 2375698071, 2375698072, 2375698075, 2375698077]}, "geometry": {"type": "LineString", "coordinates": [[120.3082073, 22.7155072], [120.3086171, 22.7156545], [120.3089055, 22.7157581], [120.3092042, 22.7158654], [120.3094045, 22.7159374]]}, "id": 228918952}, {"type": "Feature", "properties": {"osm_id": 228918953, "highway": "residential", "nodes": [2375698049, 2375698043, 2375698037, 2375698033]}, "geometry": {"type": "LineString", "coordinates": [[120.3039111, 22.7136729], [120.3040634, 22.7132614], [120.3042347, 22.7128539], [120.3043615, 22.7125472]]}, "id": 228918953}, {"type": "Feature", "properties": {"osm_id": 228918954, "highway": "residential", "nodes": [2375698072, 2375698082, 2375698086, 2375698090]}, "geometry": {"type": "LineString", "coordinates": [[120.3089055, 22.7157581], [120.3087646, 22.7161204], [120.308614, 22.7164688], [120.3084714, 22.7168323]]}, "id": 228918954}, {"type": "Feature", "properties": {"osm_id": 228918955, "highway": "residential", "nodes": [2375698056, 2375698050, 2375698045, 2375698038, 2375698036]}, "geometry": {"type": "LineString", "coordinates": [[120.3050851, 22.7141253], [120.305282, 22.7137192], [120.3054521, 22.7133217], [120.3055895, 22.7130049], [120.3057557, 22.7126189]]}, "id": 228918955}, {"type": "Feature", "properties": {"osm_id": 228944769, "highway": "unclassified", "oneway": "no", "nodes": [1400036276, 258785774, 1400036075, 2375928277, 2375928279]}, "geometry": {"type": "LineString", "coordinates": [[120.3171155, 22.7313025], [120.3170703, 22.731366], [120.3170216, 22.7314341], [120.3169731, 22.7315019], [120.3167924, 22.7317548]]}, "id": 228944769}, {"type": "Feature", "properties": {"osm_id": 229124411, "name": "中央路", "highway": "tertiary", "lanes": "2", "oneway": "no", "nodes": [2377566101, 2377566099, 5212312077, 4252111230, 2377566100]}, "geometry": {"type": "LineString", "coordinates": [[120.3060306, 22.7182204], [120.3059787, 22.7183351], [120.3059494, 22.7183946], [120.3059362, 22.7184212], [120.3058133, 22.7186702]]}, "id": 229124411}, {"type": "Feature", "properties": {"osm_id": 229149668, "name": "惠民路", "highway": "residential", "oneway": "no", "nodes": [256456070, 2377798857, 260132610, 256245311, 256245312, 256245313, 2379770341, 256245314, 256245315, 1401138227, 256245316, 2989126327, 1401138469, 256245319, 256245329, 256245332, 1401138251, 256245335, 256245339, 12468600337, 5375267646, 12468600346, 260132643, 256245342]}, "geometry": {"type": "LineString", "coordinates": [[120.2973372, 22.7241354], [120.296613, 22.7238657], [120.2959963, 22.7236562], [120.2955344, 22.7235126], [120.29544, 22.7234833], [120.2952511, 22.7234325], [120.2950714, 22.7234086], [120.2949966, 22.7233987], [120.2945518, 22.7233493], [120.2944433, 22.7233421], [120.2943739, 22.7233541], [120.2941342, 22.7234376], [120.2939072, 22.7235235], [120.2936575, 22.7236148], [120.2931992, 22.7237819], [120.2928427, 22.7238991], [120.292609, 22.7239639], [120.2925295, 22.723986], [120.2923164, 22.7240311], [120.2914917, 22.7241045], [120.2914255, 22.7241104], [120.2914089, 22.7241118], [120.2913542, 22.724117], [120.2912435, 22.7241226]]}, "id": 229149668}, {"type": "Feature", "properties": {"osm_id": 229149670, "highway": "residential", "nodes": [2377798857, 1401138238]}, "geometry": {"type": "LineString", "coordinates": [[120.296613, 22.7238657], [120.2964419, 22.7242833]]}, "id": 229149670}, {"type": "Feature", "properties": {"osm_id": 229151757, "name": "德賢路136巷", "highway": "residential", "nodes": [256245287, 2857418545, 2982755065, 1401138509]}, "geometry": {"type": "LineString", "coordinates": [[120.3083229, 22.7273255], [120.3082279, 22.7275419], [120.3082022, 22.727572], [120.3081695, 22.7275936]]}, "id": 229151757}, {"type": "Feature", "properties": {"osm_id": 229165737, "highway": "residential", "nodes": [3164180314, 1400036178, 1400036436, 3164180313]}, "geometry": {"type": "LineString", "coordinates": [[120.2946211, 22.7222782], [120.2947026, 22.7222272], [120.2947853, 22.7221816], [120.2949, 22.7221313]]}, "id": 229165737}, {"type": "Feature", "properties": {"osm_id": 229165738, "name": "惠民路", "highway": "residential", "oneway": "no", "nodes": [256245309, 2379770333, 1401138523, 2788516484, 1401138366, 256456070]}, "geometry": {"type": "LineString", "coordinates": [[120.2996511, 22.7252208], [120.299407, 22.7251063], [120.2988647, 22.7248519], [120.2982771, 22.7245763], [120.2979777, 22.7244359], [120.2973372, 22.7241354]]}, "id": 229165738}, {"type": "Feature", "properties": {"osm_id": 229165743, "name": "益群路1巷", "highway": "residential", "nodes": [1401138481, 1401138311]}, "geometry": {"type": "LineString", "coordinates": [[120.2957793, 22.7229775], [120.2976247, 22.7236342]]}, "id": 229165743}, {"type": "Feature", "properties": {"osm_id": 229165744, "name": "益群路3巷", "highway": "residential", "nodes": [1401138258, 2972379938, 1401138204, 1401138208]}, "geometry": {"type": "LineString", "coordinates": [[120.294384, 22.72271], [120.2944393, 22.7227116], [120.2951121, 22.7229534], [120.2956986, 22.7231605]]}, "id": 229165744}, {"type": "Feature", "properties": {"osm_id": 229167570, "name": "瑞屏路82巷", "highway": "residential", "nodes": [1401138399, 1401138271, 262840948, 262840949, 262840950, 256455902, 262087974]}, "geometry": {"type": "LineString", "coordinates": [[120.312438, 22.7239685], [120.3123504, 22.7241537], [120.3121946, 22.7244983], [120.3121141, 22.7247016], [120.312061, 22.7248987], [120.3120628, 22.7252674], [120.3121121, 22.7253507]]}, "id": 229167570}, {"type": "Feature", "properties": {"osm_id": 229167571, "name": "瑞屏路27巷9弄", "highway": "residential", "nodes": [2377953692, 2377953690]}, "geometry": {"type": "LineString", "coordinates": [[120.3118779, 22.7214507], [120.3117408, 22.7217549]]}, "id": 229167571}, {"type": "Feature", "properties": {"osm_id": 229167572, "name": "加昌路352巷", "highway": "residential", "nodes": [1401138383, 11622034297, 11959599190, 289126281]}, "geometry": {"type": "LineString", "coordinates": [[120.3111488, 22.7211039], [120.3109641, 22.7203457], [120.3109395, 22.7203131], [120.3108376, 22.7201781]]}, "id": 229167572}, {"type": "Feature", "properties": {"osm_id": 229172591, "name": "後勁北路", "highway": "residential", "nodes": [258784537, 261608508, 262085716, 262090132, 1219300486, 258784556, 2396278138, 2400381129, 258784568, 2400381131, 262085838, 268926635, 258784405, 1219300537]}, "geometry": {"type": "LineString", "coordinates": [[120.3136008, 22.7193242], [120.3138327, 22.7190851], [120.3145117, 22.7187705], [120.3151088, 22.7184528], [120.3151309, 22.7184402], [120.3155328, 22.7182118], [120.3156981, 22.7181626], [120.3159832, 22.7180776], [120.316084, 22.7180476], [120.3162365, 22.7180174], [120.3164873, 22.7179695], [120.3170439, 22.717918], [120.3179498, 22.7179119], [120.318042, 22.7179102]]}, "id": 229172591}, {"type": "Feature", "properties": {"osm_id": 229172592, "name": "加昌路261巷", "highway": "residential", "nodes": [261608520, 261608516, 2417585491]}, "geometry": {"type": "LineString", "coordinates": [[120.3136366, 22.7206075], [120.313224, 22.7209525], [120.3131408, 22.7211349]]}, "id": 229172592}, {"type": "Feature", "properties": {"osm_id": 229172593, "name": "後勁西路160巷", "highway": "residential", "nodes": [262083329, 262083332, 261608500]}, "geometry": {"type": "LineString", "coordinates": [[120.314147, 22.7200066], [120.3146792, 22.7198117], [120.3149493, 22.7197043]]}, "id": 229172593}, {"type": "Feature", "properties": {"osm_id": 229172594, "name": "高峰街41巷", "highway": "residential", "nodes": [261608500, 262083339]}, "geometry": {"type": "LineString", "coordinates": [[120.3149493, 22.7197043], [120.3156163, 22.7195088]]}, "id": 229172594}, {"type": "Feature", "properties": {"osm_id": 229172595, "highway": "residential", "nodes": [261608514, 2378001014, 261608520]}, "geometry": {"type": "LineString", "coordinates": [[120.313772, 22.7207742], [120.3137463, 22.7207436], [120.3136366, 22.7206075]]}, "id": 229172595}, {"type": "Feature", "properties": {"osm_id": 229172596, "name": "後勁西路174巷", "highway": "residential", "nodes": [261608509, 261608499]}, "geometry": {"type": "LineString", "coordinates": [[120.3142694, 22.7202793], [120.3150219, 22.7199429]]}, "id": 229172596}, {"type": "Feature", "properties": {"osm_id": 229174737, "name": "後昌路57巷", "highway": "residential", "nodes": [2378023696, 2378023701, 2378023708]}, "geometry": {"type": "LineString", "coordinates": [[120.312523, 22.7194269], [120.3120747, 22.7196169], [120.3117053, 22.7197794]]}, "id": 229174737}, {"type": "Feature", "properties": {"osm_id": 229174738, "name": "後昌路73巷", "highway": "residential", "nodes": [2378023687, 2378023706, 2399970880, 2378023710, 2378023689]}, "geometry": {"type": "LineString", "coordinates": [[120.311427, 22.7195491], [120.3115576, 22.7194672], [120.3116063, 22.7194131], [120.3116339, 22.7193889], [120.3124057, 22.7190903]]}, "id": 229174738}, {"type": "Feature", "properties": {"osm_id": 229236509, "name": "德信街56巷", "highway": "residential", "nodes": [2400426931, 1401138253, 1401138398]}, "geometry": {"type": "LineString", "coordinates": [[120.3007233, 22.7271512], [120.3008629, 22.7268669], [120.300992, 22.7266036]]}, "id": 229236509}, {"type": "Feature", "properties": {"osm_id": 229236510, "name": "德賢路592巷", "highway": "residential", "nodes": [1401138364, 1401138412, 3634330556, 1401138539, 3634330154, 3634330155, 1401138355, 1401138392]}, "geometry": {"type": "LineString", "coordinates": [[120.3000138, 22.7268578], [120.3001625, 22.7265147], [120.3002466, 22.7263275], [120.300252, 22.7262385], [120.3002521, 22.7261918], [120.3002505, 22.7261527], [120.3002559, 22.7261261], [120.300496, 22.725631]]}, "id": 229236510}, {"type": "Feature", "properties": {"osm_id": 229236511, "name": "德民路400巷24弄", "highway": "residential", "nodes": [1401138539, 1401138398]}, "geometry": {"type": "LineString", "coordinates": [[120.300252, 22.7262385], [120.300992, 22.7266036]]}, "id": 229236511}, {"type": "Feature", "properties": {"osm_id": 229236512, "name": "德惠路70巷", "highway": "residential", "oneway": "no", "nodes": [260131174, 5312828174, 1401138233]}, "geometry": {"type": "LineString", "coordinates": [[120.3030214, 22.7273449], [120.3034865, 22.7273247], [120.3039915, 22.7272968]]}, "id": 229236512}, {"type": "Feature", "properties": {"osm_id": 229236513, "name": "德惠路151巷", "highway": "residential", "nodes": [1401138525, 1401138475, 1401138303, 1401138502, 258785585, 2401086122]}, "geometry": {"type": "LineString", "coordinates": [[120.3012581, 22.7283168], [120.30132, 22.7286231], [120.3019898, 22.7287373], [120.3024879, 22.7288567], [120.3031367, 22.729102], [120.303239, 22.7291021]]}, "id": 229236513}, {"type": "Feature", "properties": {"osm_id": 229236514, "name": "德民路356巷17弄", "highway": "residential", "oneway": "no", "nodes": [1401138233, 1401138294]}, "geometry": {"type": "LineString", "coordinates": [[120.3039915, 22.7272968], [120.3046635, 22.7272478]]}, "id": 229236514}, {"type": "Feature", "properties": {"osm_id": 229236515, "name": "德信街53巷", "highway": "residential", "nodes": [1401138333, 1401138400, 1401138368, 2400426931]}, "geometry": {"type": "LineString", "coordinates": [[120.3003966, 22.7277968], [120.3005701, 22.7274544], [120.3006273, 22.7273395], [120.3007233, 22.7271512]]}, "id": 229236515}, {"type": "Feature", "properties": {"osm_id": 229236516, "name": "德賢路530巷", "highway": "residential", "nodes": [1401138404, 256245295]}, "geometry": {"type": "LineString", "coordinates": [[120.3018362, 22.7273406], [120.3019332, 22.7260942]]}, "id": 229236516}, {"type": "Feature", "properties": {"osm_id": 229239644, "name": "德祥路187巷", "highway": "residential", "nodes": [1401138336, 2379782826, 1401138428, 1401138438, 1401138269, 1401138321]}, "geometry": {"type": "LineString", "coordinates": [[120.3065373, 22.7261242], [120.3066017, 22.7261564], [120.3070174, 22.7262256], [120.3074144, 22.7262751], [120.3076504, 22.7263023], [120.3079294, 22.7266462]]}, "id": 229239644}, {"type": "Feature", "properties": {"osm_id": 229239645, "name": "德賢路238巷", "highway": "residential", "nodes": [2378608810, 2833976605, 2378608808]}, "geometry": {"type": "LineString", "coordinates": [[120.305627, 22.7267631], [120.3056464, 22.7265585], [120.3056543, 22.7264757]]}, "id": 229239645}, {"type": "Feature", "properties": {"osm_id": 229252295, "name": "瑞屏路27巷23弄", "highway": "residential", "nodes": [2378753002, 2378753003]}, "geometry": {"type": "LineString", "coordinates": [[120.3115206, 22.7213304], [120.3113682, 22.7216174]]}, "id": 229252295}, {"type": "Feature", "properties": {"osm_id": 229252297, "name": "加昌路352巷", "highway": "residential", "nodes": [262087901, 262087912]}, "geometry": {"type": "LineString", "coordinates": [[120.3110032, 22.7214827], [120.3108639, 22.7218326]]}, "id": 229252297}, {"type": "Feature", "properties": {"osm_id": 229266698, "name": "加仁路", "highway": "residential", "nodes": [2909299792, 258785012, 1401138493]}, "geometry": {"type": "LineString", "coordinates": [[120.3047644, 22.7280499], [120.3054698, 22.7280202], [120.3060304, 22.727993]]}, "id": 229266698}, {"type": "Feature", "properties": {"osm_id": 229266700, "name": "德民路356巷75弄", "highway": "residential", "nodes": [2378870177, 2378870162, 2378870180, 2378870174]}, "geometry": {"type": "LineString", "coordinates": [[120.3043752, 22.7287498], [120.3045409, 22.7288027], [120.3047019, 22.7288324], [120.3048288, 22.7288277]]}, "id": 229266700}, {"type": "Feature", "properties": {"osm_id": 229266702, "highway": "residential", "nodes": [2378870183, 2378870169]}, "geometry": {"type": "LineString", "coordinates": [[120.3057388, 22.7284311], [120.3057361, 22.7287516]]}, "id": 229266702}, {"type": "Feature", "properties": {"osm_id": 229281993, "name": "後勁南路114巷", "highway": "residential", "nodes": [2379038411, 2379038394, 2379038407]}, "geometry": {"type": "LineString", "coordinates": [[120.3129216, 22.71613], [120.3131782, 22.7163749], [120.3132878, 22.7165558]]}, "id": 229281993}, {"type": "Feature", "properties": {"osm_id": 229281994, "name": "後勁南路7巷16弄", "highway": "residential", "nodes": [265599662, 1219300535]}, "geometry": {"type": "LineString", "coordinates": [[120.3134391, 22.7147438], [120.3145498, 22.71461]]}, "id": 229281994}, {"type": "Feature", "properties": {"osm_id": 229281995, "name": "後昌路189巷", "highway": "residential", "nodes": [2379038398, 2379038412, 2379038406, 1219300546, 2417585466]}, "geometry": {"type": "LineString", "coordinates": [[120.310776, 22.7170563], [120.3104842, 22.7170533], [120.310364, 22.7170254], [120.3100647, 22.7170139], [120.3099618, 22.7170378]]}, "id": 229281995}, {"type": "Feature", "properties": {"osm_id": 229281996, "name": "後昌路201巷", "highway": "residential", "nodes": [2417585468, 2379038399, 2379038397]}, "geometry": {"type": "LineString", "coordinates": [[120.3098805, 22.7167935], [120.3099836, 22.7167697], [120.3105496, 22.7168226]]}, "id": 229281996}, {"type": "Feature", "properties": {"osm_id": 229281997, "name": "後勁南路153巷12弄", "highway": "residential", "nodes": [2379038410, 2379038408, 2379038405]}, "geometry": {"type": "LineString", "coordinates": [[120.31178, 22.7169662], [120.3117073, 22.7168079], [120.3116282, 22.7166215]]}, "id": 229281997}, {"type": "Feature", "properties": {"osm_id": 229281998, "name": "後昌路179巷", "highway": "residential", "nodes": [1219300496, 1219300437, 1219300455, 1219300422, 1219300510, 2417585473]}, "geometry": {"type": "LineString", "coordinates": [[120.3113573, 22.7170948], [120.3108259, 22.7172247], [120.3106528, 22.7172659], [120.3104737, 22.7172589], [120.3101714, 22.7173391], [120.3100715, 22.7173677]]}, "id": 229281998}, {"type": "Feature", "properties": {"osm_id": 229281999, "name": "後勁南路35巷41弄", "highway": "residential", "nodes": [1219300641, 1219300567]}, "geometry": {"type": "LineString", "coordinates": [[120.3137076, 22.7140983], [120.3130977, 22.7142178]]}, "id": 229281999}, {"type": "Feature", "properties": {"osm_id": 229282000, "name": "後勁南路153巷", "highway": "residential", "nodes": [2379038402, 2379038408]}, "geometry": {"type": "LineString", "coordinates": [[120.3121797, 22.7166517], [120.3117073, 22.7168079]]}, "id": 229282000}, {"type": "Feature", "properties": {"osm_id": 229282001, "name": "後勁南路149巷", "highway": "residential", "nodes": [2379038409, 2379038396, 1219300555, 2400381139, 1219300471, 1219300521]}, "geometry": {"type": "LineString", "coordinates": [[120.3124018, 22.7166546], [120.3122649, 22.7163747], [120.3121619, 22.7161703], [120.3122694, 22.7157759], [120.3124897, 22.7147675], [120.3125577, 22.7147092]]}, "id": 229282001}, {"type": "Feature", "properties": {"osm_id": 229282003, "name": "後勁南路130巷", "highway": "residential", "nodes": [2379038407, 2399967583, 1219300752, 2399967582, 2399967581, 2399967580, 1219300418, 262085849]}, "geometry": {"type": "LineString", "coordinates": [[120.3132878, 22.7165558], [120.3131379, 22.7166166], [120.3131106, 22.7166208], [120.3130425, 22.716625], [120.3129698, 22.7166145], [120.312913, 22.7166019], [120.3128721, 22.7165789], [120.3126667, 22.716378]]}, "id": 229282003}, {"type": "Feature", "properties": {"osm_id": 229282004, "name": "後昌路227巷", "highway": "residential", "nodes": [1219300792, 1219300754, 1219300555]}, "geometry": {"type": "LineString", "coordinates": [[120.3107, 22.7167108], [120.3108385, 22.7164121], [120.3121619, 22.7161703]]}, "id": 229282004}, {"type": "Feature", "properties": {"osm_id": 229282005, "name": "後勁南路151巷", "highway": "residential", "nodes": [2379038403, 2379038402, 2379038404, 2379038405, 2379038401]}, "geometry": {"type": "LineString", "coordinates": [[120.3122517, 22.7168222], [120.3121797, 22.7166517], [120.3121107, 22.7164986], [120.3116282, 22.7166215], [120.3107261, 22.7168513]]}, "id": 229282005}, {"type": "Feature", "properties": {"osm_id": 229282917, "name": "後昌路313巷", "highway": "residential", "nodes": [2379048062, 2379048061, 2417585483]}, "geometry": {"type": "LineString", "coordinates": [[120.3103425, 22.7141735], [120.3092138, 22.7144925], [120.3091095, 22.7145227]]}, "id": 229282917}, {"type": "Feature", "properties": {"osm_id": 229298535, "name": "高峰街79巷", "highway": "residential", "nodes": [1219300506, 1219300755, 261608492]}, "geometry": {"type": "LineString", "coordinates": [[120.31528, 22.7206619], [120.315841, 22.7204203], [120.3160929, 22.7203506]]}, "id": 229298535}, {"type": "Feature", "properties": {"osm_id": 229298536, "name": "後昌路47巷25弄", "highway": "residential", "nodes": [261608549, 1219300477]}, "geometry": {"type": "LineString", "coordinates": [[120.3131286, 22.7200209], [120.3127282, 22.7202644]]}, "id": 229298536}, {"type": "Feature", "properties": {"osm_id": 229298537, "name": "後勁西路210巷9弄", "highway": "residential", "nodes": [2379177596, 2379177593, 2379177599, 2379177597, 2379177600]}, "geometry": {"type": "LineString", "coordinates": [[120.3149195, 22.7212273], [120.3149723, 22.7211611], [120.3149893, 22.7211063], [120.3149408, 22.7209725], [120.3148697, 22.7208306]]}, "id": 229298537}, {"type": "Feature", "properties": {"osm_id": 229298538, "name": "後勁西路194巷", "highway": "residential", "nodes": [2379177591, 2379177595, 2379177594, 2379177601]}, "geometry": {"type": "LineString", "coordinates": [[120.3143872, 22.7206485], [120.314705, 22.7205246], [120.3147729, 22.7204998], [120.3147259, 22.7203853]]}, "id": 229298538}, {"type": "Feature", "properties": {"osm_id": 229298539, "name": "加昌路261巷", "highway": "residential", "nodes": [261608514, 2396293721, 1401138323]}, "geometry": {"type": "LineString", "coordinates": [[120.313772, 22.7207742], [120.3134728, 22.7210562], [120.3132959, 22.721197]]}, "id": 229298539}, {"type": "Feature", "properties": {"osm_id": 229298540, "name": "加昌路279巷", "highway": "residential", "nodes": [261608520, 1219300771, 262083323, 261608549, 261608541]}, "geometry": {"type": "LineString", "coordinates": [[120.3136366, 22.7206075], [120.313588, 22.720537], [120.3133891, 22.7203366], [120.3131286, 22.7200209], [120.3128604, 22.7196259]]}, "id": 229298540}, {"type": "Feature", "properties": {"osm_id": 229355291, "name": "樂群路107巷", "highway": "residential", "nodes": [1400036084, 1400036283, 1400036208]}, "geometry": {"type": "LineString", "coordinates": [[120.2975009, 22.7174621], [120.2970832, 22.717316], [120.2964771, 22.717104]]}, "id": 229355291}, {"type": "Feature", "properties": {"osm_id": 229355292, "name": "樂群路91巷5弄", "highway": "residential", "nodes": [1400036578, 1400036415]}, "geometry": {"type": "LineString", "coordinates": [[120.2972119, 22.7169612], [120.2973253, 22.7166485]]}, "id": 229355292}, {"type": "Feature", "properties": {"osm_id": 229355293, "name": "加宏路67巷", "highway": "residential", "nodes": [1400036121, 1400036828, 1400036394]}, "geometry": {"type": "LineString", "coordinates": [[120.29832, 22.7180036], [120.297913, 22.7178815], [120.2976286, 22.7186263]]}, "id": 229355293}, {"type": "Feature", "properties": {"osm_id": 229355296, "name": "加宏路101巷", "highway": "residential", "nodes": [2379654833, 4127587379, 4127587376, 4127587373, 2379654832, 1400036074]}, "geometry": {"type": "LineString", "coordinates": [[120.2966705, 22.7175931], [120.2966278, 22.7177032], [120.2965682, 22.7178565], [120.2965132, 22.7179981], [120.2964526, 22.7181542], [120.2964356, 22.7182181]]}, "id": 229355296}, {"type": "Feature", "properties": {"osm_id": 229355297, "name": "樂群路65巷", "highway": "residential", "nodes": [1400036415, 1400036737]}, "geometry": {"type": "LineString", "coordinates": [[120.2973253, 22.7166485], [120.2974232, 22.7163786]]}, "id": 229355297}, {"type": "Feature", "properties": {"osm_id": 229355298, "highway": "residential", "nodes": [2379654831, 1400036283]}, "geometry": {"type": "LineString", "coordinates": [[120.2969399, 22.7176854], [120.2970832, 22.717316]]}, "id": 229355298}, {"type": "Feature", "properties": {"osm_id": 229355299, "highway": "residential", "nodes": [2379654834, 2447883075, 2447883074, 2447883073, 2447883072, 2379654848]}, "geometry": {"type": "LineString", "coordinates": [[120.2957911, 22.7210337], [120.2959196, 22.720702], [120.2960611, 22.7203367], [120.2961974, 22.719985], [120.2963354, 22.7196288], [120.2964604, 22.719306]]}, "id": 229355299}, {"type": "Feature", "properties": {"osm_id": 229355300, "name": "樂群路15巷10弄", "highway": "residential", "nodes": [2379654827, 2379654830]}, "geometry": {"type": "LineString", "coordinates": [[120.2973381, 22.7160126], [120.2974019, 22.7158207]]}, "id": 229355300}, {"type": "Feature", "properties": {"osm_id": 229355301, "name": "樂群路72巷", "highway": "residential", "lanes": "2", "oneway": "no", "nodes": [1400036224, 1400036294, 10050857405, 7244182799, 1400036706]}, "geometry": {"type": "LineString", "coordinates": [[120.2986266, 22.7167903], [120.2983827, 22.7167077], [120.2983429, 22.7166932], [120.2979436, 22.7165588], [120.2978606, 22.7165309]]}, "id": 229355301}, {"type": "Feature", "properties": {"osm_id": 229355302, "name": "樂群路127巷2弄", "highway": "residential", "nodes": [2379654846, 2379654840]}, "geometry": {"type": "LineString", "coordinates": [[120.2969829, 22.7179682], [120.2970756, 22.7177319]]}, "id": 229355302}, {"type": "Feature", "properties": {"osm_id": 229355303, "name": "樂群路15巷11弄", "highway": "residential", "nodes": [2379654830, 2379654826]}, "geometry": {"type": "LineString", "coordinates": [[120.2974019, 22.7158207], [120.2974921, 22.7155672]]}, "id": 229355303}, {"type": "Feature", "properties": {"osm_id": 229359679, "name": "加昌路700巷", "highway": "residential", "nodes": [1400036430, 5151320500, 1400036326, 2401585695, 1400036177, 2401585694, 2927603807, 2989126271, 1400036248]}, "geometry": {"type": "LineString", "coordinates": [[120.2961382, 22.7146975], [120.296126, 22.7147533], [120.2961004, 22.7148403], [120.2958395, 22.7151843], [120.2956246, 22.7155117], [120.2955873, 22.715585], [120.2955919, 22.7156582], [120.2955933, 22.7156738], [120.2956013, 22.7157616]]}, "id": 229359679}, {"type": "Feature", "properties": {"osm_id": 229359807, "name": "吉昌街32巷", "highway": "residential", "nodes": [1398635910, 1398635297]}, "geometry": {"type": "LineString", "coordinates": [[120.2914357, 22.7161195], [120.2916449, 22.7161913]]}, "id": 229359807}, {"type": "Feature", "properties": {"osm_id": 229359808, "name": "後昌新路70巷3弄", "highway": "residential", "nodes": [1398634930, 5124228400, 1400036759, 1400036104, 1400036350, 1400036131]}, "geometry": {"type": "LineString", "coordinates": [[120.2928403, 22.7195717], [120.2928379, 22.7195996], [120.2928322, 22.719665], [120.2920507, 22.7202039], [120.2920209, 22.7202245], [120.2914516, 22.7206796]]}, "id": 229359808}, {"type": "Feature", "properties": {"osm_id": 229359926, "name": "藍昌路14巷", "highway": "residential", "nodes": [1398635063, 1398634157, 1398634318, 1398635758, 1398634443, 1398635938, 1398635527, 5154956454, 1398634094, 1398635245]}, "geometry": {"type": "LineString", "coordinates": [[120.2907415, 22.7166146], [120.2908937, 22.7165067], [120.2910043, 22.7162942], [120.2910473, 22.7161337], [120.291054, 22.7160046], [120.291036, 22.715842], [120.2909758, 22.7156799], [120.2908604, 22.7153687], [120.2908227, 22.715267], [120.2907459, 22.7149806]]}, "id": 229359926}, {"type": "Feature", "properties": {"osm_id": 229361030, "name": "藍昌路136巷", "highway": "residential", "nodes": [1398636089, 2379713974, 1398635063]}, "geometry": {"type": "LineString", "coordinates": [[120.2902851, 22.7166719], [120.2905528, 22.7166715], [120.2907415, 22.7166146]]}, "id": 229361030}, {"type": "Feature", "properties": {"osm_id": 229361031, "name": "吉昌街18巷75弄", "highway": "residential", "nodes": [1398636058, 1398635516, 1398634692, 1398635495, 1398635063]}, "geometry": {"type": "LineString", "coordinates": [[120.291666, 22.7173047], [120.2914611, 22.7172197], [120.2912425, 22.71703], [120.2910537, 22.7168227], [120.2907415, 22.7166146]]}, "id": 229361031}, {"type": "Feature", "properties": {"osm_id": 229361032, "name": "藍昌路81巷", "highway": "residential", "nodes": [2379713966, 2379713970, 2379713975, 2379713967]}, "geometry": {"type": "LineString", "coordinates": [[120.2901895, 22.715961], [120.2900362, 22.7160012], [120.2899704, 22.7160464], [120.2897305, 22.7162412]]}, "id": 229361032}, {"type": "Feature", "properties": {"osm_id": 229361033, "highway": "residential", "nodes": [2379713972, 2379713968, 2379713971]}, "geometry": {"type": "LineString", "coordinates": [[120.291988, 22.7165405], [120.291791, 22.7164706], [120.2916542, 22.7167837]]}, "id": 229361033}, {"type": "Feature", "properties": {"osm_id": 229361034, "name": "後昌路1037巷", "highway": "residential", "nodes": [1398635592, 5208247517, 273103152]}, "geometry": {"type": "LineString", "coordinates": [[120.2921249, 22.7162156], [120.292594, 22.7163861], [120.2926461, 22.71641]]}, "id": 229361034}, {"type": "Feature", "properties": {"osm_id": 229364985, "name": "裕昌街49巷", "highway": "residential", "nodes": [1398635403, 1398634178, 1398634244]}, "geometry": {"type": "LineString", "coordinates": [[120.2897005, 22.717635], [120.2896258, 22.7177384], [120.289465, 22.7179593]]}, "id": 229364985}, {"type": "Feature", "properties": {"osm_id": 229364986, "name": "民昌街17巷", "highway": "residential", "nodes": [2379749911, 2379749912]}, "geometry": {"type": "LineString", "coordinates": [[120.2890283, 22.7170272], [120.2891448, 22.7168725]]}, "id": 229364986}, {"type": "Feature", "properties": {"osm_id": 229364987, "name": "民昌街56巷", "highway": "residential", "nodes": [1398634243, 2379749913]}, "geometry": {"type": "LineString", "coordinates": [[120.2886162, 22.7180037], [120.2889393, 22.7181956]]}, "id": 229364987}, {"type": "Feature", "properties": {"osm_id": 229364988, "highway": "residential", "nodes": [1398634324, 1398635188]}, "geometry": {"type": "LineString", "coordinates": [[120.2916171, 22.7192655], [120.291729, 22.71929]]}, "id": 229364988}, {"type": "Feature", "properties": {"osm_id": 229364989, "name": "後昌新路", "highway": "tertiary", "oneway": "yes", "nodes": [1398634324, 4309157408, 265968401, 13056406553, 13056406558]}, "geometry": {"type": "LineString", "coordinates": [[120.2916171, 22.7192655], [120.2916491, 22.7191615], [120.2919395, 22.7182181], [120.2919601, 22.7181511], [120.2919746, 22.7181039]]}, "id": 229364989}, {"type": "Feature", "properties": {"osm_id": 229364990, "name": "後昌新路", "highway": "tertiary", "oneway": "yes", "nodes": [1398635188, 1400036667, 13056406568, 1400036615, 12468600354, 1400036252, 12468600364, 12468600351, 4309157711, 256455755]}, "geometry": {"type": "LineString", "coordinates": [[120.291729, 22.71929], [120.2916597, 22.7195341], [120.2913672, 22.7205567], [120.2913343, 22.7206718], [120.2912433, 22.721], [120.2912188, 22.7210862], [120.2912027, 22.7211429], [120.291132, 22.7213919], [120.2911227, 22.7214245], [120.2910705, 22.7216084]]}, "id": 229364990}, {"type": "Feature", "properties": {"osm_id": 229364991, "name": "後昌新路58巷", "highway": "residential", "nodes": [1398635188, 5208247508, 1400036209, 5124228399, 1398634930]}, "geometry": {"type": "LineString", "coordinates": [[120.291729, 22.71929], [120.2917618, 22.7192983], [120.292151, 22.719397], [120.2923363, 22.719444], [120.2928403, 22.7195717]]}, "id": 229364991}, {"type": "Feature", "properties": {"osm_id": 229364992, "name": "後昌新路53巷", "highway": "residential", "nodes": [1398634248, 1398635576, 5208247511, 1398634324]}, "geometry": {"type": "LineString", "coordinates": [[120.2908887, 22.7191556], [120.2910783, 22.7191316], [120.2915692, 22.7192536], [120.2916171, 22.7192655]]}, "id": 229364992}, {"type": "Feature", "properties": {"osm_id": 229364993, "name": "南昌街8巷", "highway": "residential", "nodes": [2379749914, 2379749916, 2379749915]}, "geometry": {"type": "LineString", "coordinates": [[120.2901003, 22.7198566], [120.2902134, 22.719704], [120.2903514, 22.7195147]]}, "id": 229364993}, {"type": "Feature", "properties": {"osm_id": 229364994, "name": "後昌路", "highway": "primary", "oneway": "yes", "nodes": [1398635191, 13056406561, 13056406550, 13056406560]}, "geometry": {"type": "LineString", "coordinates": [[120.2914957, 22.7177383], [120.2917235, 22.7178604], [120.291899, 22.7179544], [120.2920085, 22.718013]]}, "id": 229364994}, {"type": "Feature", "properties": {"osm_id": 229364995, "name": "吉昌街18巷", "highway": "residential", "nodes": [1398635191, 5257606650, 1398634275, 1398634864, 2379713972, 1398635592, 1398634634, 1398634935]}, "geometry": {"type": "LineString", "coordinates": [[120.2914957, 22.7177383], [120.2915137, 22.7176946], [120.2916718, 22.7173099], [120.2918576, 22.7168578], [120.291988, 22.7165405], [120.2921249, 22.7162156], [120.2922067, 22.7160083], [120.2923081, 22.7157615]]}, "id": 229364995}, {"type": "Feature", "properties": {"osm_id": 229364997, "name": "藍昌路215巷", "highway": "residential", "nodes": [1398635233, 1398634198, 1398635390]}, "geometry": {"type": "LineString", "coordinates": [[120.2905751, 22.7188287], [120.2902002, 22.7188737], [120.2894383, 22.7184394]]}, "id": 229364997}, {"type": "Feature", "properties": {"osm_id": 229364998, "name": "藍昌路360巷", "highway": "residential", "nodes": [1400036358, 262841066, 2379749918, 2379749917, 262841112, 2379749919, 12468600358, 5375267643, 260132654]}, "geometry": {"type": "LineString", "coordinates": [[120.2927041, 22.7218342], [120.2927862, 22.7223366], [120.2927807, 22.7223926], [120.2927366, 22.7224307], [120.2926511, 22.7224765], [120.2920898, 22.7227152], [120.2913053, 22.7230528], [120.2912634, 22.7230709], [120.2912232, 22.7230882]]}, "id": 229364998}, {"type": "Feature", "properties": {"osm_id": 229364999, "name": "德民路", "highway": "residential", "oneway": "yes", "nodes": [1400036358, 2379749920, 12468600349, 1400036820, 262841034]}, "geometry": {"type": "LineString", "coordinates": [[120.2927041, 22.7218342], [120.2919837, 22.721826], [120.2912516, 22.7218168], [120.2911655, 22.7218057], [120.2910387, 22.7217484]]}, "id": 229364999}, {"type": "Feature", "properties": {"osm_id": 229365000, "highway": "residential", "nodes": [1400036159, 1398635729, 262841041, 1400036358]}, "geometry": {"type": "LineString", "coordinates": [[120.2926889, 22.7216212], [120.2926808, 22.7216955], [120.2926918, 22.7217593], [120.2927041, 22.7218342]]}, "id": 229365000}, {"type": "Feature", "properties": {"osm_id": 229365001, "name": "德民路", "highway": "residential", "oneway": "yes", "maxspeed": "60", "nodes": [1400036159, 1400036831, 1400036040, 1400036572, 1400036368, 2920524062, 1400036162, 2920524061, 1400036540, 3164180313, 1400036861, 256455775]}, "geometry": {"type": "LineString", "coordinates": [[120.2926889, 22.7216212], [120.2929654, 22.7216472], [120.2933918, 22.7216947], [120.2936825, 22.7217432], [120.2939257, 22.7217908], [120.2939396, 22.7217951], [120.2940517, 22.7218333], [120.2942354, 22.7218936], [120.2945163, 22.7219859], [120.2949, 22.7221313], [120.2952874, 22.7222663], [120.2956702, 22.7223994]]}, "id": 229365001}, {"type": "Feature", "properties": {"osm_id": 229365002, "name": "德民路800巷", "highway": "residential", "nodes": [2379749919, 2379749920]}, "geometry": {"type": "LineString", "coordinates": [[120.2920898, 22.7227152], [120.2919837, 22.721826]]}, "id": 229365002}, {"type": "Feature", "properties": {"osm_id": 229365003, "name": "藍昌路", "highway": "tertiary", "oneway": "yes", "nodes": [262841034, 4309157632, 1372607336, 12468600361, 4309157400, 260132654, 4309157521, 2420027348, 262841113]}, "geometry": {"type": "LineString", "coordinates": [[120.2910387, 22.7217484], [120.2910536, 22.7218565], [120.2910896, 22.722118], [120.2911916, 22.7228593], [120.2911969, 22.7228976], [120.2912232, 22.7230882], [120.2912375, 22.7231922], [120.2912886, 22.7235632], [120.2913096, 22.7237467]]}, "id": 229365003}, {"type": "Feature", "properties": {"osm_id": 229365004, "name": "藍昌路360巷", "highway": "tertiary_link", "nodes": [260132654, 256455750]}, "geometry": {"type": "LineString", "coordinates": [[120.2912232, 22.7230882], [120.2911206, 22.7231471]]}, "id": 229365004}, {"type": "Feature", "properties": {"osm_id": 229365005, "name": "德民路", "highway": "residential", "oneway": "yes", "nodes": [1400036240, 1400036063, 1400036451, 1400036298, 1400036853, 1400036358]}, "geometry": {"type": "LineString", "coordinates": [[120.2942702, 22.7221573], [120.2939827, 22.7220533], [120.2935844, 22.7219611], [120.2933255, 22.7219049], [120.2929087, 22.7218525], [120.2927041, 22.7218342]]}, "id": 229365005}, {"type": "Feature", "properties": {"osm_id": 229365131, "name": "智昌街38巷", "highway": "residential", "nodes": [2379751404, 2379751405]}, "geometry": {"type": "LineString", "coordinates": [[120.2902456, 22.7224479], [120.2900775, 22.7228068]]}, "id": 229365131}, {"type": "Feature", "properties": {"osm_id": 229367564, "name": "壽豐路508巷", "highway": "residential", "nodes": [2379770331, 4079472332, 258784774]}, "geometry": {"type": "LineString", "coordinates": [[120.2943147, 22.7248856], [120.294333, 22.7248451], [120.2945389, 22.7243902]]}, "id": 229367564}, {"type": "Feature", "properties": {"osm_id": 229367565, "name": "壽豐路328巷", "highway": "residential", "nodes": [1401138533, 2379770342]}, "geometry": {"type": "LineString", "coordinates": [[120.2985181, 22.7253815], [120.2983592, 22.7255917]]}, "id": 229367565}, {"type": "Feature", "properties": {"osm_id": 229367566, "name": "藍昌路370巷", "highway": "residential", "nodes": [260132619, 1401138455, 260132622, 12468600336, 12468600347, 260132625, 4079445229]}, "geometry": {"type": "LineString", "coordinates": [[120.293102, 22.7245967], [120.2928283, 22.7245376], [120.2917763, 22.724288], [120.2914896, 22.7242347], [120.2914241, 22.7242214], [120.291369, 22.7242167], [120.2912544, 22.7242086]]}, "id": 229367566}, {"type": "Feature", "properties": {"osm_id": 229367567, "highway": "residential", "nodes": [2379770343, 2379770329]}, "geometry": {"type": "LineString", "coordinates": [[120.2957737, 22.7242198], [120.2950261, 22.7239629]]}, "id": 229367567}, {"type": "Feature", "properties": {"osm_id": 229367568, "name": "惠民路9巷", "highway": "residential", "nodes": [2379770333, 2379770337]}, "geometry": {"type": "LineString", "coordinates": [[120.299407, 22.7251063], [120.2995079, 22.7248772]]}, "id": 229367568}, {"type": "Feature", "properties": {"osm_id": 229367569, "name": "壽豐路356巷", "highway": "residential", "nodes": [258784837, 2379770340]}, "geometry": {"type": "LineString", "coordinates": [[120.2979614, 22.7250448], [120.2978669, 22.7253725]]}, "id": 229367569}, {"type": "Feature", "properties": {"osm_id": 229367570, "name": "壽豐路568巷", "highway": "residential", "nodes": [2379770330, 3046154526, 2379770335]}, "geometry": {"type": "LineString", "coordinates": [[120.2936169, 22.7244823], [120.2937411, 22.7245232], [120.2938805, 22.7245691]]}, "id": 229367570}, {"type": "Feature", "properties": {"osm_id": 229367572, "name": "壽豐路418巷", "highway": "residential", "nodes": [2379770332, 2379770339]}, "geometry": {"type": "LineString", "coordinates": [[120.296052, 22.7248081], [120.2960087, 22.7251834]]}, "id": 229367572}, {"type": "Feature", "properties": {"osm_id": 229367573, "name": "壽豐路467巷", "highway": "residential", "nodes": [258784774, 1401138207]}, "geometry": {"type": "LineString", "coordinates": [[120.2945389, 22.7243902], [120.2947066, 22.7240137]]}, "id": 229367573}, {"type": "Feature", "properties": {"osm_id": 229367574, "name": "惠民路8巷", "highway": "residential", "nodes": [2379770338, 2379770333]}, "geometry": {"type": "LineString", "coordinates": [[120.2992442, 22.7254719], [120.299407, 22.7251063]]}, "id": 229367574}, {"type": "Feature", "properties": {"osm_id": 229367575, "name": "壽豐路342巷", "highway": "residential", "nodes": [1401138234, 2379770334]}, "geometry": {"type": "LineString", "coordinates": [[120.2982854, 22.7252301], [120.2981098, 22.7254605]]}, "id": 229367575}, {"type": "Feature", "properties": {"osm_id": 229367576, "name": "惠民路172巷", "highway": "residential", "nodes": [2379770341, 2379770336, 2379770329, 1401138268]}, "geometry": {"type": "LineString", "coordinates": [[120.2950714, 22.7234086], [120.2950005, 22.7238201], [120.2950261, 22.7239629], [120.295046, 22.7241249]]}, "id": 229367576}, {"type": "Feature", "properties": {"osm_id": 229368223, "name": "德信街101巷", "highway": "residential", "nodes": [2379780733, 2379780731, 2379780730, 2379780735, 2379780734]}, "geometry": {"type": "LineString", "coordinates": [[120.3016073, 22.7273147], [120.301542, 22.7276198], [120.3015106, 22.7276476], [120.3014056, 22.7276318], [120.3008293, 22.7275253]]}, "id": 229368223}, {"type": "Feature", "properties": {"osm_id": 229368224, "name": "加仁路218巷", "highway": "residential", "oneway": "no", "nodes": [2379780736, 2379780732]}, "geometry": {"type": "LineString", "coordinates": [[120.3042011, 22.7280771], [120.3041901, 22.72755]]}, "id": 229368224}, {"type": "Feature", "properties": {"osm_id": 229368225, "name": "德賢路380巷", "highway": "residential", "nodes": [1401138233, 2876013256, 2800427654, 2875587166, 1401138389]}, "geometry": {"type": "LineString", "coordinates": [[120.3039915, 22.7272968], [120.3039985, 22.7269657], [120.3040013, 22.7268312], [120.3040054, 22.7266352], [120.3040114, 22.7263192]]}, "id": 229368225}, {"type": "Feature", "properties": {"osm_id": 229413376, "name": "壽民路16巷1弄", "highway": "residential", "nodes": [1400036449, 1400036852]}, "geometry": {"type": "LineString", "coordinates": [[120.2976011, 22.7227035], [120.2969673, 22.7224827]]}, "id": 229413376}, {"type": "Feature", "properties": {"osm_id": 229413378, "name": "壽民路100巷", "highway": "residential", "nodes": [1400036103, 1400036561]}, "geometry": {"type": "LineString", "coordinates": [[120.2952127, 22.7194763], [120.2946961, 22.71932]]}, "id": 229413378}, {"type": "Feature", "properties": {"osm_id": 229413379, "highway": "residential", "nodes": [1400036540, 2920504677, 2920524046, 2920524045, 2920524047, 2380161151, 2380161147, 1400036821, 1400036180, 1400036054, 1400036684, 1400036255, 1400036375, 2380161168, 1400036561, 1400036130, 3706172142, 2380161157, 2380161172, 1400036198, 1400036171, 1400036797, 3706172143, 1400036482]}, "geometry": {"type": "LineString", "coordinates": [[120.2945163, 22.7219859], [120.2945387, 22.7219637], [120.2948475, 22.7216688], [120.2948516, 22.7216532], [120.2947193, 22.7213521], [120.2947041, 22.7213194], [120.294555, 22.7209819], [120.2944497, 22.7207139], [120.294494, 22.7205915], [120.2945913, 22.720283], [120.2946214, 22.7201998], [120.2948231, 22.7200578], [120.2948143, 22.7199729], [120.294757, 22.7196642], [120.2946961, 22.71932], [120.2946706, 22.7191731], [120.2946719, 22.7191326], [120.2947674, 22.7189283], [120.2949357, 22.7185527], [120.2949468, 22.718528], [120.2949793, 22.7184755], [120.2951866, 22.7182055], [120.2954784, 22.7177938], [120.2955115, 22.717747]]}, "id": 229413379}, {"type": "Feature", "properties": {"osm_id": 229413380, "name": "壽民路84巷", "highway": "residential", "nodes": [1400036160, 2380161147]}, "geometry": {"type": "LineString", "coordinates": [[120.2952806, 22.7212149], [120.294555, 22.7209819]]}, "id": 229413380}, {"type": "Feature", "properties": {"osm_id": 229413381, "name": "壽民路40巷12弄", "highway": "residential", "nodes": [1400036187, 3054477169, 1400036771]}, "geometry": {"type": "LineString", "coordinates": [[120.296888, 22.7223436], [120.2965089, 22.722217], [120.2962401, 22.7221273]]}, "id": 229413381}, {"type": "Feature", "properties": {"osm_id": 229413382, "name": "壽民路40巷4弄", "highway": "residential", "nodes": [2380161149, 1400036832]}, "geometry": {"type": "LineString", "coordinates": [[120.2964922, 22.7218401], [120.2963709, 22.7218011]]}, "id": 229413382}, {"type": "Feature", "properties": {"osm_id": 229413383, "name": "壽民路40巷12弄", "highway": "residential", "nodes": [3054477169, 2380161159]}, "geometry": {"type": "LineString", "coordinates": [[120.2965089, 22.722217], [120.2966203, 22.7219725]]}, "id": 229413383}, {"type": "Feature", "properties": {"osm_id": 229413384, "name": "壽民路116巷", "highway": "residential", "nodes": [2380161164, 2380161172]}, "geometry": {"type": "LineString", "coordinates": [[120.295268, 22.7186949], [120.2949357, 22.7185527]]}, "id": 229413384}, {"type": "Feature", "properties": {"osm_id": 229413385, "name": "壽民路96巷", "highway": "residential", "nodes": [1400036498, 2380161168]}, "geometry": {"type": "LineString", "coordinates": [[120.2952713, 22.7198313], [120.294757, 22.7196642]]}, "id": 229413385}, {"type": "Feature", "properties": {"osm_id": 229413388, "name": "壽民路82巷3弄", "highway": "residential", "nodes": [1400036478, 2380161151]}, "geometry": {"type": "LineString", "coordinates": [[120.2951737, 22.7214668], [120.2947041, 22.7213194]]}, "id": 229413388}, {"type": "Feature", "properties": {"osm_id": 229413390, "name": "壽民路104巷", "highway": "residential", "nodes": [2380161166, 2380161157]}, "geometry": {"type": "LineString", "coordinates": [[120.2951755, 22.7190859], [120.2947674, 22.7189283]]}, "id": 229413390}, {"type": "Feature", "properties": {"osm_id": 229488165, "name": "中昌街997巷42弄", "highway": "residential", "nodes": [2380807994, 2380807998]}, "geometry": {"type": "LineString", "coordinates": [[120.2872971, 22.7183339], [120.2871212, 22.7182219]]}, "id": 229488165}, {"type": "Feature", "properties": {"osm_id": 229488166, "name": "中昌街997巷39弄", "highway": "residential", "nodes": [2380808008, 2380808004, 1398635720]}, "geometry": {"type": "LineString", "coordinates": [[120.2876356, 22.7184648], [120.2876106, 22.7184504], [120.2873228, 22.7182968]]}, "id": 229488166}, {"type": "Feature", "properties": {"osm_id": 229488167, "name": "民昌街", "highway": "residential", "oneway": "no", "nodes": [1372607277, 2384936098, 2384936085, 2384936094, 2384936086]}, "geometry": {"type": "LineString", "coordinates": [[120.2861059, 22.7219612], [120.2862853, 22.7216512], [120.2863086, 22.7216109], [120.286454, 22.7213596], [120.2866481, 22.7210241]]}, "id": 229488167}, {"type": "Feature", "properties": {"osm_id": 229488168, "name": "民昌街105巷", "highway": "residential", "nodes": [2380808006, 2380808002]}, "geometry": {"type": "LineString", "coordinates": [[120.2881087, 22.7187318], [120.2877398, 22.7184979]]}, "id": 229488168}, {"type": "Feature", "properties": {"osm_id": 229488169, "name": "裕昌街296巷", "highway": "residential", "nodes": [2380808013, 2380808018, 2380808015]}, "geometry": {"type": "LineString", "coordinates": [[120.2883717, 22.7172622], [120.2882251, 22.7174765], [120.2881078, 22.7176537]]}, "id": 229488169}, {"type": "Feature", "properties": {"osm_id": 229488172, "name": "中泰街", "highway": "residential", "nodes": [1398634674, 1398635462]}, "geometry": {"type": "LineString", "coordinates": [[120.2854177, 22.7158982], [120.2846872, 22.7151443]]}, "id": 229488172}, {"type": "Feature", "properties": {"osm_id": 229488173, "name": "泰昌街", "highway": "residential", "nodes": [1398634337, 1398635823, 1398634866, 1398635462, 1398634256, 2400508430, 1398634111, 3152368444]}, "geometry": {"type": "LineString", "coordinates": [[120.2852686, 22.7146116], [120.2850877, 22.71478], [120.2849645, 22.7148946], [120.2846872, 22.7151443], [120.2843959, 22.7155119], [120.2840357, 22.7159575], [120.2839794, 22.7160272], [120.2836495, 22.7164354]]}, "id": 229488173}, {"type": "Feature", "properties": {"osm_id": 229784149, "highway": "unclassified", "oneway": "no", "nodes": [1218537208, 3152683413, 256455840]}, "geometry": {"type": "LineString", "coordinates": [[120.3046385, 22.7251975], [120.3046257, 22.7252951], [120.3046159, 22.7253721]]}, "id": 229784149}, {"type": "Feature", "properties": {"osm_id": 229954564, "name": "國昌街", "highway": "residential", "oneway": "no", "nodes": [1398634429, 2409813954, 2384936083, 1398634102]}, "geometry": {"type": "LineString", "coordinates": [[120.2855387, 22.7204098], [120.2853211, 22.7207663], [120.2851525, 22.7210434], [120.2848861, 22.7214616]]}, "id": 229954564}, {"type": "Feature", "properties": {"osm_id": 229954565, "highway": "residential", "nodes": [2384936074, 2384936076, 2409813956, 2384936078, 2384936080, 2384936084, 2384936081, 2384936082, 2384936083]}, "geometry": {"type": "LineString", "coordinates": [[120.2846468, 22.7213567], [120.2847575, 22.7212576], [120.2847647, 22.7212511], [120.2848417, 22.7211811], [120.2849236, 22.7211044], [120.2849985, 22.7210413], [120.2850343, 22.7210233], [120.2850637, 22.7210203], [120.2851525, 22.7210434]]}, "id": 229954565}, {"type": "Feature", "properties": {"osm_id": 229954566, "name": "民昌街301巷", "highway": "residential", "nodes": [2384936083, 2384936087, 2384936085]}, "geometry": {"type": "LineString", "coordinates": [[120.2851525, 22.7210434], [120.2853692, 22.7211504], [120.2863086, 22.7216109]]}, "id": 229954566}, {"type": "Feature", "properties": {"osm_id": 229954567, "name": "民昌街287巷", "highway": "residential", "nodes": [2384936087, 2384936088, 2384936089, 2384936090, 2384936091, 2384936092, 2384936093, 2384936094]}, "geometry": {"type": "LineString", "coordinates": [[120.2853692, 22.7211504], [120.2854317, 22.7210503], [120.2854805, 22.7209963], [120.2855163, 22.7209662], [120.2855554, 22.7209452], [120.2855978, 22.7209392], [120.2856433, 22.7209452], [120.286454, 22.7213596]]}, "id": 229954567}, {"type": "Feature", "properties": {"osm_id": 229954568, "name": "民昌街300巷", "highway": "residential", "nodes": [2384936094, 2384936095]}, "geometry": {"type": "LineString", "coordinates": [[120.286454, 22.7213596], [120.2873149, 22.7217293]]}, "id": 229954568}, {"type": "Feature", "properties": {"osm_id": 229954569, "name": "勇昌街", "highway": "residential", "oneway": "no", "nodes": [2384936096, 1398636098, 4586446599, 1398635493, 2384936095, 2384936100, 2384936099, 2384936097]}, "geometry": {"type": "LineString", "coordinates": [[120.2880996, 22.7202501], [120.2880645, 22.7203163], [120.2878441, 22.7207317], [120.2874892, 22.7214007], [120.2873149, 22.7217293], [120.287181, 22.7219817], [120.2871554, 22.7220299], [120.286998, 22.7223266]]}, "id": 229954569}, {"type": "Feature", "properties": {"osm_id": 229954570, "name": "民昌街326巷", "highway": "residential", "nodes": [2384936098, 2384936099]}, "geometry": {"type": "LineString", "coordinates": [[120.2862853, 22.7216512], [120.2871554, 22.7220299]]}, "id": 229954570}, {"type": "Feature", "properties": {"osm_id": 229954571, "name": "元昌街99巷", "highway": "residential", "nodes": [2384936100, 2384936101]}, "geometry": {"type": "LineString", "coordinates": [[120.287181, 22.7219817], [120.2883572, 22.7224545]]}, "id": 229954571}, {"type": "Feature", "properties": {"osm_id": 229954572, "name": "元昌街", "highway": "residential", "oneway": "no", "nodes": [2384936102, 2384936101, 2384936107, 4586446600, 2384936103, 2384936104, 2384936105, 2384936106]}, "geometry": {"type": "LineString", "coordinates": [[120.2881901, 22.7228197], [120.2883572, 22.7224545], [120.2884497, 22.7222522], [120.2885423, 22.7220544], [120.2886495, 22.7218255], [120.2889042, 22.721258], [120.2891387, 22.7208656], [120.289182, 22.7207954]]}, "id": 229954572}, {"type": "Feature", "properties": {"osm_id": 229954573, "name": "元昌街91巷", "highway": "residential", "nodes": [2384936107, 2384936108]}, "geometry": {"type": "LineString", "coordinates": [[120.2884497, 22.7222522], [120.2876625, 22.7219305]]}, "id": 229954573}, {"type": "Feature", "properties": {"osm_id": 230071790, "name": "楠梓路", "highway": "tertiary", "lanes": "2", "oneway": "yes", "nodes": [1932046244, 265591742, 265591743, 2264502048, 265591744, 2264502043, 2264502026, 280277349]}, "geometry": {"type": "LineString", "coordinates": [[120.327267, 22.7338624], [120.3275432, 22.7334765], [120.327735, 22.7332316], [120.3278276, 22.7330733], [120.3278919, 22.7329199], [120.3279925, 22.732581], [120.3282398, 22.7318307], [120.3284705, 22.7310983]]}, "id": 230071790}, {"type": "Feature", "properties": {"osm_id": 230071793, "highway": "residential", "nodes": [1196964698, 1196964718, 1196964977]}, "geometry": {"type": "LineString", "coordinates": [[120.3236902, 22.7306482], [120.3233122, 22.7312756], [120.3227642, 22.7320907]]}, "id": 230071793}, {"type": "Feature", "properties": {"osm_id": 230072262, "name": "健民街45巷", "highway": "residential", "oneway": "no", "nodes": [1196964668, 1196964744, 1196964915]}, "geometry": {"type": "LineString", "coordinates": [[120.3226189, 22.7306771], [120.3219085, 22.7313881], [120.3216286, 22.7316737]]}, "id": 230072262}, {"type": "Feature", "properties": {"osm_id": 230072263, "name": "健民街28巷", "highway": "residential", "nodes": [1196964582, 1196964841]}, "geometry": {"type": "LineString", "coordinates": [[120.3223189, 22.7304181], [120.3228507, 22.7299052]]}, "id": 230072263}, {"type": "Feature", "properties": {"osm_id": 230072266, "name": "健民街63巷", "highway": "residential", "oneway": "no", "nodes": [1196964827, 1196964694]}, "geometry": {"type": "LineString", "coordinates": [[120.3229172, 22.7309346], [120.3222059, 22.7316463]]}, "id": 230072266}, {"type": "Feature", "properties": {"osm_id": 230072267, "name": "健民街9巷", "highway": "residential", "nodes": [1196965090, 1196964548]}, "geometry": {"type": "LineString", "coordinates": [[120.3220251, 22.7301645], [120.3212987, 22.7308542]]}, "id": 230072267}, {"type": "Feature", "properties": {"osm_id": 230072269, "highway": "residential", "oneway": "no", "nodes": [2386005112, 2386005109, 2386005114]}, "geometry": {"type": "LineString", "coordinates": [[120.3210162, 22.7306181], [120.3208774, 22.7305799], [120.3207214, 22.7305992]]}, "id": 230072269}, {"type": "Feature", "properties": {"osm_id": 230072270, "highway": "residential", "oneway": "no", "nodes": [2386005112, 1196964522]}, "geometry": {"type": "LineString", "coordinates": [[120.3210162, 22.7306181], [120.3210428, 22.7311618]]}, "id": 230072270}, {"type": "Feature", "properties": {"osm_id": 230072272, "name": "高楠公路1872巷", "highway": "residential", "oneway": "no", "nodes": [1196964522, 1196965028, 1400036481, 1196964663, 1400036484, 1400036765]}, "geometry": {"type": "LineString", "coordinates": [[120.3210428, 22.7311618], [120.3210311, 22.732481], [120.3210158, 22.7336334], [120.3210035, 22.7337151], [120.3209567, 22.7337906], [120.3209132, 22.7338505]]}, "id": 230072272}, {"type": "Feature", "properties": {"osm_id": 230073680, "name": "惠豐街", "highway": "residential", "nodes": [3164174103, 2386015762, 258785765]}, "geometry": {"type": "LineString", "coordinates": [[120.3158025, 22.7307685], [120.3158641, 22.7306861], [120.3159107, 22.7306251]]}, "id": 230073680}, {"type": "Feature", "properties": {"osm_id": 230107217, "name": "高楠公路1870巷17弄", "highway": "residential", "oneway": "no", "nodes": [1196964915, 1196964830, 4425361921, 1196965168, 1196965118, 4425361922, 1196964762]}, "geometry": {"type": "LineString", "coordinates": [[120.3216286, 22.7316737], [120.3213829, 22.7319125], [120.3213453, 22.7319792], [120.321356, 22.7324518], [120.321348, 22.7332929], [120.321458, 22.7333671], [120.3217382, 22.7333621]]}, "id": 230107217}, {"type": "Feature", "properties": {"osm_id": 230107221, "highway": "residential", "oneway": "no", "nodes": [1196964522, 12599118920, 1196964776, 2261344476]}, "geometry": {"type": "LineString", "coordinates": [[120.3210428, 22.7311618], [120.3207775, 22.7309299], [120.3206571, 22.7308246], [120.3205372, 22.7305837]]}, "id": 230107221}, {"type": "Feature", "properties": {"osm_id": 230113065, "name": "美昌街85巷", "highway": "residential", "nodes": [10960958182, 1398634180]}, "geometry": {"type": "LineString", "coordinates": [[120.2806013, 22.7173295], [120.2810291, 22.717528]]}, "id": 230113065}, {"type": "Feature", "properties": {"osm_id": 230183463, "name": "惠豐街282巷", "highway": "residential", "nodes": [2387148105, 12599118946, 2261344473]}, "geometry": {"type": "LineString", "coordinates": [[120.3166348, 22.7299343], [120.3166837, 22.7299877], [120.3171564, 22.7305046]]}, "id": 230183463}, {"type": "Feature", "properties": {"osm_id": 230183464, "name": "加昌路18巷", "highway": "residential", "nodes": [2387148107, 2261344290, 257742641]}, "geometry": {"type": "LineString", "coordinates": [[120.3208856, 22.7259914], [120.3213406, 22.7255266], [120.3216086, 22.7251557]]}, "id": 230183464}, {"type": "Feature", "properties": {"osm_id": 230183466, "name": "惠豐街206巷", "highway": "residential", "nodes": [2387148100, 12599118938, 2387148106]}, "geometry": {"type": "LineString", "coordinates": [[120.3183327, 22.7296], [120.3178733, 22.7290917], [120.3178314, 22.7290453]]}, "id": 230183466}, {"type": "Feature", "properties": {"osm_id": 230209118, "name": "建楠路84巷", "highway": "residential", "nodes": [2261344430, 2261344441, 2261344449, 2261344451]}, "geometry": {"type": "LineString", "coordinates": [[120.3282418, 22.7279648], [120.3284824, 22.728265], [120.3287513, 22.7285683], [120.3289447, 22.7286396]]}, "id": 230209118}, {"type": "Feature", "properties": {"osm_id": 230209120, "name": "建楠路85巷", "highway": "residential", "nodes": [2261344335, 4425215249, 4425215251, 2261344364]}, "geometry": {"type": "LineString", "coordinates": [[120.3275748, 22.7262966], [120.3277558, 22.7265403], [120.3279516, 22.7267494], [120.3279738, 22.7268541]]}, "id": 230209120}, {"type": "Feature", "properties": {"osm_id": 230209121, "name": "建楠新路190巷68弄", "highway": "residential", "nodes": [2261344282, 2261344288, 2261344307, 2261344314, 2261344320, 2261344335]}, "geometry": {"type": "LineString", "coordinates": [[120.3273159, 22.7254419], [120.3273709, 22.7255161], [120.3273843, 22.7257412], [120.3273763, 22.725834], [120.3275533, 22.7260678], [120.3275748, 22.7262966]]}, "id": 230209121}, {"type": "Feature", "properties": {"osm_id": 230209122, "name": "楠梓西巷47弄", "highway": "residential", "nodes": [2261344427, 295683207, 2261344433, 11013496765, 295683208, 2264501995, 2264502004]}, "geometry": {"type": "LineString", "coordinates": [[120.3278506, 22.7278766], [120.3279049, 22.7279798], [120.3279196, 22.7280154], [120.3279554, 22.7280736], [120.3282105, 22.7284887], [120.3281597, 22.7287331], [120.3279634, 22.7294121]]}, "id": 230209122}, {"type": "Feature", "properties": {"osm_id": 230209124, "name": "朝陽路142巷", "highway": "residential", "nodes": [2261344299, 2261344315]}, "geometry": {"type": "LineString", "coordinates": [[120.3262571, 22.7256099], [120.3258272, 22.7258539]]}, "id": 230209124}, {"type": "Feature", "properties": {"osm_id": 230216176, "name": "後勁橋", "highway": "tertiary", "lanes": "2", "oneway": "yes", "bridge": "yes", "layer": "1", "nodes": [2387399896, 2387445684]}, "geometry": {"type": "LineString", "coordinates": [[120.3212741, 22.7249518], [120.3208388, 22.724716]]}, "id": 230216176}, {"type": "Feature", "properties": {"osm_id": 230216178, "name": "加昌路", "highway": "tertiary", "lanes": "2", "oneway": "yes", "nodes": [2387445684, 2984202941, 533725078, 4916071634, 2624297542, 1196964687]}, "geometry": {"type": "LineString", "coordinates": [[120.3208388, 22.724716], [120.3206275, 22.7245951], [120.3202887, 22.7243961], [120.3194319, 22.7239313], [120.3191663, 22.7237648], [120.3188825, 22.7236125]]}, "id": 230216178}, {"type": "Feature", "properties": {"osm_id": 230216180, "name": "後勁橋", "highway": "tertiary", "oneway": "yes", "bridge": "yes", "layer": "1", "motorcycle": "yes", "nodes": [2386080598, 2386080593]}, "geometry": {"type": "LineString", "coordinates": [[120.3209495, 22.7245447], [120.3214221, 22.7248023]]}, "id": 230216180}, {"type": "Feature", "properties": {"osm_id": 230216186, "name": "加昌路", "highway": "residential", "oneway": "yes", "motorcycle": "yes", "nodes": [2386080593, 4425355560, 10862717512, 4425355562, 4425355561, 4425355559, 533725100, 259480553, 13698337442, 259480554]}, "geometry": {"type": "LineString", "coordinates": [[120.3214221, 22.7248023], [120.3215828, 22.7248821], [120.3216609, 22.7248921], [120.32172, 22.7248997], [120.3218565, 22.7248919], [120.3220356, 22.7248491], [120.3221712, 22.724752], [120.3223436, 22.7246402], [120.3224407, 22.7246096], [120.3225406, 22.7246035]]}, "id": 230216186}, {"type": "Feature", "properties": {"osm_id": 230281611, "highway": "unclassified", "oneway": "yes", "nodes": [2261344413, 3007724096, 2986016797, 2388051405, 2261344430, 2261344433, 2261344439, 2261344442, 4425215257, 2261344446, 2261344453, 11013496771, 302211686, 302211677]}, "geometry": {"type": "LineString", "coordinates": [[120.3296165, 22.7276301], [120.3294863, 22.7276884], [120.3293152, 22.7277296], [120.3289592, 22.7278021], [120.3282418, 22.7279648], [120.3279196, 22.7280154], [120.3272874, 22.7281679], [120.3271077, 22.7282674], [120.3269716, 22.7283905], [120.326855, 22.7285476], [120.3267168, 22.7287777], [120.3266068, 22.7289663], [120.3265686, 22.7291045], [120.3265222, 22.7291838]]}, "id": 230281611}, {"type": "Feature", "properties": {"osm_id": 230281613, "name": "朝明路130巷", "highway": "residential", "nodes": [2261344240, 4425215219, 4425215221, 2261344244, 2261344251]}, "geometry": {"type": "LineString", "coordinates": [[120.3285751, 22.7238938], [120.3285593, 22.7240395], [120.3285393, 22.7241337], [120.3284997, 22.7242174], [120.3283696, 22.7243819]]}, "id": 230281613}, {"type": "Feature", "properties": {"osm_id": 230281614, "name": "楠陽路138巷", "highway": "residential", "nodes": [2261344234, 2261344229]}, "geometry": {"type": "LineString", "coordinates": [[120.3283731, 22.7235898], [120.3286009, 22.7232344]]}, "id": 230281614}, {"type": "Feature", "properties": {"osm_id": 230281615, "highway": "residential", "nodes": [2388043073, 2388043069]}, "geometry": {"type": "LineString", "coordinates": [[120.3277688, 22.725889], [120.327543, 22.7256419]]}, "id": 230281615}, {"type": "Feature", "properties": {"osm_id": 230281616, "name": "楠梓舊街29巷22弄", "highway": "residential", "nodes": [2261344358, 2261344353, 2261344350, 2388043068]}, "geometry": {"type": "LineString", "coordinates": [[120.3307291, 22.7267764], [120.3306273, 22.7267026], [120.3305391, 22.7266406], [120.3305088, 22.7266767]]}, "id": 230281616}, {"type": "Feature", "properties": {"osm_id": 230281618, "name": "朝明路116巷", "highway": "residential", "nodes": [2261344240, 4583506592, 4425215216, 2261344239, 2261344243]}, "geometry": {"type": "LineString", "coordinates": [[120.3285751, 22.7238938], [120.3284985, 22.7238829], [120.3284696, 22.723887], [120.3282815, 22.7239958], [120.3280409, 22.7241555]]}, "id": 230281618}, {"type": "Feature", "properties": {"osm_id": 230282045, "highway": "unclassified", "nodes": [2261344401, 2261344406]}, "geometry": {"type": "LineString", "coordinates": [[120.3296225, 22.7274299], [120.3295091, 22.727461]]}, "id": 230282045}, {"type": "Feature", "properties": {"osm_id": 230282046, "name": "興楠橋", "highway": "tertiary", "oneway": "yes", "bridge": "yes", "layer": "1", "nodes": [2261344401, 2261344408]}, "geometry": {"type": "LineString", "coordinates": [[120.3296225, 22.7274299], [120.3297196, 22.7275869]]}, "id": 230282046}, {"type": "Feature", "properties": {"osm_id": 230282047, "name": "建楠路", "highway": "tertiary", "oneway": "yes", "nodes": [2261344406, 302211553, 12556630814, 302211366]}, "geometry": {"type": "LineString", "coordinates": [[120.3295091, 22.727461], [120.3291987, 22.7269654], [120.3291853, 22.726944], [120.3291279, 22.7268523]]}, "id": 230282047}, {"type": "Feature", "properties": {"osm_id": 230282048, "highway": "unclassified", "oneway": "yes", "nodes": [302211602, 2261344447, 4425215258, 2261344438, 2385436130, 2982365556, 2261344434, 2261344427, 2261344423, 2261344406]}, "geometry": {"type": "LineString", "coordinates": [[120.3264414, 22.7288885], [120.3265719, 22.7286453], [120.3267396, 22.7284103], [120.3268951, 22.7282235], [120.3270078, 22.7281456], [120.3270963, 22.7280998], [120.3272479, 22.7280392], [120.3278506, 22.7278766], [120.3281899, 22.7277978], [120.3295091, 22.727461]]}, "id": 230282048}, {"type": "Feature", "properties": {"osm_id": 230282049, "highway": "unclassified", "oneway": "yes", "nodes": [302211671, 302211602]}, "geometry": {"type": "LineString", "coordinates": [[120.3263965, 22.7289725], [120.3264414, 22.7288885]]}, "id": 230282049}, {"type": "Feature", "properties": {"osm_id": 230282051, "name": "楠梓新路", "highway": "primary", "oneway": "yes", "nodes": [280277411, 2985497847, 2985497851, 2264502011, 2985497848, 280277415, 302211677]}, "geometry": {"type": "LineString", "coordinates": [[120.3276133, 22.7306789], [120.3274593, 22.7305594], [120.3273903, 22.730499], [120.327316, 22.7304272], [120.3272364, 22.7303292], [120.3269019, 22.7297943], [120.3265222, 22.7291838]]}, "id": 230282051}, {"type": "Feature", "properties": {"osm_id": 230282052, "name": "惠民機車地下道", "highway": "unclassified", "oneway": "yes", "maxspeed": "20", "motorcycle": "yes", "nodes": [302211659, 302211613, 302211612, 302211611, 302211610, 302211609, 302211671]}, "geometry": {"type": "LineString", "coordinates": [[120.3253556, 22.7298749], [120.3257573, 22.729635], [120.3259949, 22.7294869], [120.3261413, 22.7293657], [120.3262372, 22.7292572], [120.3263381, 22.7290853], [120.3263965, 22.7289725]]}, "id": 230282052}, {"type": "Feature", "properties": {"osm_id": 230282053, "name": "楠梓東街", "highway": "residential", "nodes": [2264426765, 2261357293, 2261357294, 2261357297, 2261377012, 2388051414, 2388051415, 8806897206, 2261357299]}, "geometry": {"type": "LineString", "coordinates": [[120.3306098, 22.7284276], [120.3305264, 22.7284975], [120.3303429, 22.7288008], [120.3300817, 22.7293997], [120.3296529, 22.7300385], [120.3291357, 22.7308159], [120.3290034, 22.7310004], [120.3288754, 22.7311789], [120.3288513, 22.7312218]]}, "id": 230282053}, {"type": "Feature", "properties": {"osm_id": 230282054, "name": "興楠路", "highway": "tertiary", "oneway": "yes", "nodes": [2264426765, 12556630834, 302211404, 12556630842, 2261357295, 12556630839, 12598724583, 12556630850, 12598724580, 12556630847, 2261377013, 12598724585, 2992144189, 1451069356, 302211428, 1451069099, 12556231055, 1451068191, 12598724589, 12556231046, 2264426810]}, "geometry": {"type": "LineString", "coordinates": [[120.3306098, 22.7284276], [120.3306634, 22.7284621], [120.3312316, 22.728827], [120.3314801, 22.7289547], [120.3315585, 22.728995], [120.3316285, 22.729033], [120.3322977, 22.729396], [120.3323193, 22.7294077], [120.332377, 22.729439], [120.3324257, 22.7294649], [120.3335629, 22.7300712], [120.3336665, 22.7301284], [120.333697, 22.7301452], [120.3338607, 22.7302355], [120.3342921, 22.7304475], [120.3345522, 22.7305535], [120.3346861, 22.7305893], [120.3350229, 22.7306775], [120.3360923, 22.7309522], [120.3361561, 22.7309686], [120.3362692, 22.7309976]]}, "id": 230282054}, {"type": "Feature", "properties": {"osm_id": 230282055, "name": "興楠橫巷13弄", "highway": "residential", "nodes": [2388051407, 2388051408]}, "geometry": {"type": "LineString", "coordinates": [[120.331496, 22.7283389], [120.3310369, 22.728052]]}, "id": 230282055}, {"type": "Feature", "properties": {"osm_id": 230282056, "name": "楠梓西巷", "highway": "residential", "nodes": [2264502004, 2264502009, 2264502013, 295683209, 280277411]}, "geometry": {"type": "LineString", "coordinates": [[120.3279634, 22.7294121], [120.3277838, 22.730062], [120.3276749, 22.7304558], [120.3276296, 22.73059], [120.3276133, 22.7306789]]}, "id": 230282056}, {"type": "Feature", "properties": {"osm_id": 230282057, "name": "楠梓西巷", "highway": "residential", "nodes": [2261344451, 2261344452, 2261344457, 2388051411, 2261344467, 2264502006, 2264502007, 2264502010, 2264502012, 2264502013]}, "geometry": {"type": "LineString", "coordinates": [[120.3289447, 22.7286396], [120.3289941, 22.7287308], [120.3287535, 22.729032], [120.3285696, 22.729297], [120.3283946, 22.7295493], [120.3284618, 22.7297845], [120.3284661, 22.7299589], [120.328139, 22.7302105], [120.3280113, 22.7304347], [120.3276749, 22.7304558]]}, "id": 230282057}, {"type": "Feature", "properties": {"osm_id": 230282058, "name": "楠梓西巷27弄", "highway": "residential", "nodes": [2388051410, 2388051411]}, "geometry": {"type": "LineString", "coordinates": [[120.3282873, 22.7291664], [120.3285696, 22.729297]]}, "id": 230282058}, {"type": "Feature", "properties": {"osm_id": 230282059, "name": "楠梓東街162巷", "highway": "residential", "nodes": [2388051415, 2388051416]}, "geometry": {"type": "LineString", "coordinates": [[120.3290034, 22.7310004], [120.330147, 22.7314954]]}, "id": 230282059}, {"type": "Feature", "properties": {"osm_id": 230282061, "name": "旗楠路長安巷", "highway": "residential", "nodes": [2261357298, 2388051413, 2261377019, 2388051416, 2388051412, 2261357300, 2388052208]}, "geometry": {"type": "LineString", "coordinates": [[120.3305677, 22.7305806], [120.3303026, 22.7311714], [120.3302381, 22.7313068], [120.330147, 22.7314954], [120.3301303, 22.73153], [120.3298986, 22.731983], [120.3298522, 22.7320304]]}, "id": 230282061}, {"type": "Feature", "properties": {"osm_id": 230290173, "name": "清豐三路", "highway": "residential", "oneway": "no", "nodes": [2264471237, 2264471232, 988779599, 2264471221, 12650180463, 2264471210, 12650180466, 2264471200, 12175986889, 2264471193, 7304897788, 12650180472, 1932046274]}, "geometry": {"type": "LineString", "coordinates": [[120.3311099, 22.7400305], [120.3306402, 22.7397479], [120.3302421, 22.7395557], [120.3296565, 22.739291], [120.3288022, 22.7388934], [120.3286694, 22.7388323], [120.3285846, 22.7387498], [120.3281677, 22.7383442], [120.3278975, 22.7380883], [120.3277748, 22.7379721], [120.3275917, 22.7378044], [120.3273508, 22.7375838], [120.3272687, 22.7375086]]}, "id": 230290173}, {"type": "Feature", "properties": {"osm_id": 230290174, "name": "土庫五路", "highway": "residential", "nodes": [2189270901, 11622034263, 2264471255, 2264471262, 2189270902, 2189270900, 2189270907, 2189270906]}, "geometry": {"type": "LineString", "coordinates": [[120.3328911, 22.7400553], [120.3329502, 22.7404823], [120.3329706, 22.7406294], [120.3330064, 22.7408703], [120.3330224, 22.7409605], [120.3330879, 22.7414926], [120.3331366, 22.7418881], [120.333182, 22.741962]]}, "id": 230290174}, {"type": "Feature", "properties": {"osm_id": 230290177, "name": "土庫五路", "highway": "residential", "nodes": [2189270903, 12650180448, 2189270901]}, "geometry": {"type": "LineString", "coordinates": [[120.332855, 22.7398158], [120.3328617, 22.73986], [120.3328911, 22.7400553]]}, "id": 230290177}, {"type": "Feature", "properties": {"osm_id": 230290179, "name": "土庫五路", "highway": "residential", "nodes": [2264471215, 2189270903]}, "geometry": {"type": "LineString", "coordinates": [[120.3327471, 22.7390419], [120.332855, 22.7398158]]}, "id": 230290179}, {"type": "Feature", "properties": {"osm_id": 230290182, "name": "立仁街", "highway": "residential", "nodes": [2264426910, 2264426911]}, "geometry": {"type": "LineString", "coordinates": [[120.3356599, 22.7412676], [120.3357741, 22.74141]]}, "id": 230290182}, {"type": "Feature", "properties": {"osm_id": 230290185, "name": "清安街", "highway": "residential", "nodes": [2264426884, 2264426886, 2264426887, 2264426888, 2264426894, 2264426896]}, "geometry": {"type": "LineString", "coordinates": [[120.3369342, 22.7381391], [120.3366825, 22.7382839], [120.3365342, 22.738361], [120.3364131, 22.7384203], [120.3358972, 22.7386701], [120.3357739, 22.7387467]]}, "id": 230290185}, {"type": "Feature", "properties": {"osm_id": 230290999, "name": "楠梓交流道", "highway": "motorway_link", "lanes": "2", "oneway": "yes", "nodes": [1451069117, 4676657633, 1451069497, 1451069720, 1451068328, 4425325555, 1451069316, 4425325546, 1451069542, 13771172896, 1451068163, 1451068780, 280277330]}, "geometry": {"type": "LineString", "coordinates": [[120.3344749, 22.7413016], [120.3344047, 22.7411293], [120.3343666, 22.7409668], [120.3343489, 22.7407079], [120.3342966, 22.7402305], [120.3342524, 22.7398359], [120.3342322, 22.7394896], [120.3341947, 22.7393263], [120.3341759, 22.7390171], [120.3341559, 22.7387547], [120.3341122, 22.7381816], [120.3340422, 22.7373399], [120.3340505, 22.7368619]]}, "id": 230290999}, {"type": "Feature", "properties": {"osm_id": 230291001, "name": "中山高速公路", "highway": "motorway", "lanes": "3", "oneway": "yes", "maxspeed": "110", "nodes": [1451069117, 4425325584, 4425325564, 280507641]}, "geometry": {"type": "LineString", "coordinates": [[120.3344749, 22.7413016], [120.3344696, 22.7410134], [120.3344616, 22.7401797], [120.3343741, 22.737381]]}, "id": 230291001}, {"type": "Feature", "properties": {"osm_id": 230328050, "name": "安泰街", "highway": "residential", "nodes": [12650171884, 12650171883]}, "geometry": {"type": "LineString", "coordinates": [[120.3395658, 22.7426745], [120.33948, 22.7427301]]}, "id": 230328050}, {"type": "Feature", "properties": {"osm_id": 230335050, "name": "安泰街182巷", "highway": "residential", "nodes": [2388503494, 2264427007]}, "geometry": {"type": "LineString", "coordinates": [[120.3364217, 22.7452468], [120.3363387, 22.745065]]}, "id": 230335050}, {"type": "Feature", "properties": {"osm_id": 230335060, "name": "立仁街", "highway": "residential", "nodes": [2264426933, 2264426936, 2264426947]}, "geometry": {"type": "LineString", "coordinates": [[120.3369653, 22.7427632], [120.3371379, 22.7429138], [120.3374581, 22.7432883]]}, "id": 230335060}, {"type": "Feature", "properties": {"osm_id": 230335065, "name": "立仁街", "highway": "residential", "nodes": [2264426917, 2264426923, 2264426933]}, "geometry": {"type": "LineString", "coordinates": [[120.3360933, 22.7417788], [120.3364443, 22.7421919], [120.3369653, 22.7427632]]}, "id": 230335065}, {"type": "Feature", "properties": {"osm_id": 230335066, "name": "土庫八街", "highway": "residential", "bridge": "yes", "layer": "1", "nodes": [2264426929, 2264426935]}, "geometry": {"type": "LineString", "coordinates": [[120.3342725, 22.7425424], [120.3343188, 22.7429472]]}, "id": 230335066}, {"type": "Feature", "properties": {"osm_id": 230335067, "name": "土庫八街", "highway": "residential", "nodes": [2264426935, 2264426944, 4425325796, 2264426992, 2264427005, 2264427016, 988779663]}, "geometry": {"type": "LineString", "coordinates": [[120.3343188, 22.7429472], [120.3343402, 22.7431438], [120.3343778, 22.7438835], [120.3343858, 22.7444487], [120.3343952, 22.7449954], [120.3344113, 22.7456125], [120.3344043, 22.7460549]]}, "id": 230335067}, {"type": "Feature", "properties": {"osm_id": 230335068, "name": "中山高速公路", "highway": "motorway", "oneway": "yes", "maxspeed": "110", "bridge": "yes", "layer": "1", "nodes": [2388503507, 2388503508]}, "geometry": {"type": "LineString", "coordinates": [[120.334542, 22.742787], [120.3345285, 22.7424704]]}, "id": 230335068}, {"type": "Feature", "properties": {"osm_id": 230335070, "name": "中山高速公路", "highway": "motorway", "oneway": "yes", "maxspeed": "110", "bridge": "yes", "layer": "1", "nodes": [2388503509, 2388503510]}, "geometry": {"type": "LineString", "coordinates": [[120.3346887, 22.7423923], [120.3347007, 22.7426864]]}, "id": 230335070}, {"type": "Feature", "properties": {"osm_id": 230335071, "name": "中山高速公路", "highway": "motorway", "lanes": "3", "oneway": "yes", "maxspeed": "110", "nodes": [493976625, 4425325797, 4425325804, 2983244014]}, "geometry": {"type": "LineString", "coordinates": [[120.3347494, 22.7428104], [120.3347794, 22.7443281], [120.3348109, 22.7458945], [120.3348103, 22.7471295]]}, "id": 230335071}, {"type": "Feature", "properties": {"osm_id": 230335072, "name": "楠梓交流道", "highway": "motorway_link", "lanes": "2", "oneway": "yes", "nodes": [1451068980, 4676657634, 493976625]}, "geometry": {"type": "LineString", "coordinates": [[120.3347674, 22.7426497], [120.3347619, 22.7427236], [120.3347494, 22.7428104]]}, "id": 230335072}, {"type": "Feature", "properties": {"osm_id": 230335073, "name": "楠梓交流道", "highway": "motorway_link", "lanes": "2", "oneway": "yes", "bridge": "yes", "layer": "1", "nodes": [1451068550, 1451068980]}, "geometry": {"type": "LineString", "coordinates": [[120.3347629, 22.7423552], [120.3347674, 22.7426497]]}, "id": 230335073}, {"type": "Feature", "properties": {"osm_id": 230344182, "name": "瑞仁路93巷", "highway": "residential", "nodes": [2388575177, 2388575175, 2388575174, 1401138491]}, "geometry": {"type": "LineString", "coordinates": [[120.3134456, 22.7230498], [120.3134, 22.7231303], [120.3133872, 22.7232059], [120.3133405, 22.7233933]]}, "id": 230344182}, {"type": "Feature", "properties": {"osm_id": 230344183, "name": "瑞屏路27巷", "highway": "residential", "nodes": [262087901, 2378753003, 2377953690, 262087903]}, "geometry": {"type": "LineString", "coordinates": [[120.3110032, 22.7214827], [120.3113682, 22.7216174], [120.3117408, 22.7217549], [120.3121177, 22.7218936]]}, "id": 230344183}, {"type": "Feature", "properties": {"osm_id": 230344184, "name": "瑞屏路82巷8弄", "highway": "residential", "nodes": [1401138264, 1401138526]}, "geometry": {"type": "LineString", "coordinates": [[120.3115015, 22.724242], [120.3117483, 22.723714]]}, "id": 230344184}, {"type": "Feature", "properties": {"osm_id": 230344185, "name": "瑞屏路30巷11弄", "highway": "residential", "nodes": [2388575169, 2388575176]}, "geometry": {"type": "LineString", "coordinates": [[120.3130408, 22.7230009], [120.3131664, 22.7227042]]}, "id": 230344185}, {"type": "Feature", "properties": {"osm_id": 230344186, "name": "瑞屏路82巷7弄", "highway": "residential", "nodes": [1401138526, 1401138224]}, "geometry": {"type": "LineString", "coordinates": [[120.3117483, 22.723714], [120.3121047, 22.7229098]]}, "id": 230344186}, {"type": "Feature", "properties": {"osm_id": 230356806, "name": "區東路17巷", "highway": "residential", "nodes": [2388680860, 2388704254, 2388680858, 2388680856, 2388680853]}, "geometry": {"type": "LineString", "coordinates": [[120.3097467, 22.7190546], [120.3100542, 22.7191519], [120.3104055, 22.7193043], [120.3105732, 22.7193426], [120.3107421, 22.7193159]]}, "id": 230356806}, {"type": "Feature", "properties": {"osm_id": 230358742, "name": "後昌路96巷", "highway": "residential", "nodes": [2388704256, 2388704258, 2388704260, 2388704254]}, "geometry": {"type": "LineString", "coordinates": [[120.3098721, 22.7187399], [120.3101651, 22.7188466], [120.3100845, 22.7190469], [120.3100542, 22.7191519]]}, "id": 230358742}, {"type": "Feature", "properties": {"osm_id": 230358743, "name": "加昌路415巷", "highway": "residential", "nodes": [256463968, 262092597, 256730893]}, "geometry": {"type": "LineString", "coordinates": [[120.3097037, 22.7179845], [120.3091623, 22.719353], [120.3090917, 22.7195159]]}, "id": 230358743}, {"type": "Feature", "properties": {"osm_id": 230397057, "name": "後勁南路35巷", "highway": "residential", "nodes": [265599619, 1219300567, 265599630, 265599641, 265599662, 265599683, 265599699, 262085847]}, "geometry": {"type": "LineString", "coordinates": [[120.312923, 22.7138644], [120.3130977, 22.7142178], [120.3132041, 22.7144329], [120.3133021, 22.7145944], [120.3134391, 22.7147438], [120.3136482, 22.7148536], [120.3138678, 22.7149541], [120.3141475, 22.7151455]]}, "id": 230397057}, {"type": "Feature", "properties": {"osm_id": 230397058, "name": "後勁南路35巷", "highway": "residential", "nodes": [1219300748, 1219300409, 1219300439, 1219300776, 1219300429, 265599617, 265599619]}, "geometry": {"type": "LineString", "coordinates": [[120.3119836, 22.713086], [120.3120421, 22.7130748], [120.3120986, 22.7130934], [120.3127327, 22.7134759], [120.3127899, 22.7135679], [120.3128187, 22.7136266], [120.312923, 22.7138644]]}, "id": 230397058}, {"type": "Feature", "properties": {"osm_id": 231182684, "highway": "residential", "nodes": [2210767339, 2210767337]}, "geometry": {"type": "LineString", "coordinates": [[120.3299534, 22.7201876], [120.3297938, 22.7197776]]}, "id": 231182684}, {"type": "Feature", "properties": {"osm_id": 231194640, "name": "楠梓交流道", "highway": "motorway_link", "lanes": "2", "oneway": "yes", "nodes": [2396025603, 2982340681, 1451068704, 2982340675, 2982340676, 1451068543]}, "geometry": {"type": "LineString", "coordinates": [[120.3320287, 22.7180479], [120.3321006, 22.7184299], [120.3322569, 22.719113], [120.3324327, 22.7198159], [120.3324748, 22.7199796], [120.3326349, 22.720416]]}, "id": 231194640}, {"type": "Feature", "properties": {"osm_id": 231194641, "name": "楠梓交流道", "highway": "motorway_link", "lanes": "1", "oneway": "yes", "nodes": [2395918091, 1451069609, 1451068073, 1451068528]}, "geometry": {"type": "LineString", "coordinates": [[120.3319114, 22.7180734], [120.3321708, 22.7191291], [120.3323545, 22.7199636], [120.3324514, 22.7204191]]}, "id": 231194641}, {"type": "Feature", "properties": {"osm_id": 231221749, "name": "後勁中街214巷", "highway": "residential", "nodes": [1219300699, 1219300533, 2399967565, 2399967564, 1219300735, 1219300645, 262085727]}, "geometry": {"type": "LineString", "coordinates": [[120.3144245, 22.7182279], [120.3144343, 22.7182054], [120.3144213, 22.7181438], [120.314418, 22.7180762], [120.314416, 22.7179967], [120.3143968, 22.7177022], [120.3142853, 22.717308]]}, "id": 231221749}, {"type": "Feature", "properties": {"osm_id": 231221750, "name": "後勁中街175巷", "highway": "residential", "nodes": [2396278115, 2396278117]}, "geometry": {"type": "LineString", "coordinates": [[120.3137826, 22.7183344], [120.3140156, 22.7182463]]}, "id": 231221750}, {"type": "Feature", "properties": {"osm_id": 231221751, "name": "後勁中街165巷", "highway": "residential", "nodes": [2396278119, 2396278121]}, "geometry": {"type": "LineString", "coordinates": [[120.3136061, 22.7181169], [120.3139402, 22.7180656]]}, "id": 231221751}, {"type": "Feature", "properties": {"osm_id": 231221752, "name": "聖雲街110巷35弄", "highway": "residential", "nodes": [2396278125, 2396278127]}, "geometry": {"type": "LineString", "coordinates": [[120.3140186, 22.7173281], [120.3141863, 22.7172506]]}, "id": 231221752}, {"type": "Feature", "properties": {"osm_id": 231221754, "name": "後勁中街92巷", "highway": "residential", "nodes": [2396278138, 2396278140, 2396278142, 2396278148, 2396278144, 2396278146, 262085739]}, "geometry": {"type": "LineString", "coordinates": [[120.3156981, 22.7181626], [120.3157149, 22.7179882], [120.3157149, 22.7179848], [120.3157523, 22.7178123], [120.3157747, 22.7175776], [120.3157448, 22.7171014], [120.3157484, 22.716954]]}, "id": 231221754}, {"type": "Feature", "properties": {"osm_id": 231222802, "name": "高峰街136巷", "highway": "residential", "nodes": [261608493, 1219300525, 1219300662, 1219300588, 2396293724]}, "geometry": {"type": "LineString", "coordinates": [[120.3164256, 22.7212944], [120.3170572, 22.7209899], [120.3171692, 22.7211604], [120.3176732, 22.7212243], [120.3177481, 22.7212368]]}, "id": 231222802}, {"type": "Feature", "properties": {"osm_id": 231421107, "highway": "residential", "nodes": [1219300791, 2399967579, 2399967578, 1219300369, 2399967572, 1219300441, 1219300725, 1219300412]}, "geometry": {"type": "LineString", "coordinates": [[120.3161761, 22.7161452], [120.3159942, 22.7162453], [120.3158012, 22.7163354], [120.3153847, 22.7165083], [120.3152357, 22.7166308], [120.3152078, 22.716643], [120.3149077, 22.7167335], [120.3145371, 22.7168453]]}, "id": 231421107}, {"type": "Feature", "properties": {"osm_id": 231421108, "highway": "residential", "nodes": [1219300402, 2398130727, 2398129504, 2398130724, 2398129511, 2398129505, 2398129508, 2398129507]}, "geometry": {"type": "LineString", "coordinates": [[120.3145423, 22.71555], [120.3148733, 22.7152977], [120.3149727, 22.7152218], [120.3151301, 22.7150944], [120.315221, 22.7150209], [120.3153383, 22.7149091], [120.315421, 22.7147796], [120.3154594, 22.7147264]]}, "id": 231421108}, {"type": "Feature", "properties": {"osm_id": 231421109, "highway": "residential", "nodes": [2398129509, 2398129511]}, "geometry": {"type": "LineString", "coordinates": [[120.3148176, 22.7146823], [120.315221, 22.7150209]]}, "id": 231421109}, {"type": "Feature", "properties": {"osm_id": 231421110, "name": "聖雲街36巷", "highway": "residential", "nodes": [262085745, 1219300791, 1219300513, 2398130730, 1219300795, 1219300450]}, "geometry": {"type": "LineString", "coordinates": [[120.3164485, 22.716506], [120.3161761, 22.7161452], [120.3159685, 22.7159724], [120.3158274, 22.7158748], [120.3157147, 22.7157674], [120.3154132, 22.7155368]]}, "id": 231421110}, {"type": "Feature", "properties": {"osm_id": 231421111, "name": "後勁中街72巷", "highway": "residential", "nodes": [2398129510, 262085743]}, "geometry": {"type": "LineString", "coordinates": [[120.3163938, 22.7171607], [120.3160987, 22.7166999]]}, "id": 231421111}, {"type": "Feature", "properties": {"osm_id": 231421307, "name": "聖雲街31巷", "highway": "residential", "nodes": [2398130724, 2398130725]}, "geometry": {"type": "LineString", "coordinates": [[120.3151301, 22.7150944], [120.3154977, 22.7154536]]}, "id": 231421307}, {"type": "Feature", "properties": {"osm_id": 231421308, "name": "聖雲街36巷26弄", "highway": "residential", "nodes": [2398130726, 2398130727]}, "geometry": {"type": "LineString", "coordinates": [[120.3152385, 22.7157023], [120.3148733, 22.7152977]]}, "id": 231421308}, {"type": "Feature", "properties": {"osm_id": 231421309, "name": "聖雲街36巷11弄", "highway": "residential", "nodes": [2398130728, 2398130729, 2398130730]}, "geometry": {"type": "LineString", "coordinates": [[120.3155017, 22.7160657], [120.3156863, 22.7160196], [120.3158274, 22.7158748]]}, "id": 231421309}, {"type": "Feature", "properties": {"osm_id": 231656788, "name": "後勁北路150巷23弄", "highway": "residential", "nodes": [2399956312, 1219300734]}, "geometry": {"type": "LineString", "coordinates": [[120.3145413, 22.7195727], [120.3148455, 22.7194642]]}, "id": 231656788}, {"type": "Feature", "properties": {"osm_id": 231656790, "name": "金田街55巷", "highway": "residential", "nodes": [1219300476, 1219300644, 1219300511, 1219300497]}, "geometry": {"type": "LineString", "coordinates": [[120.3167384, 22.7196662], [120.3165739, 22.7193087], [120.316501, 22.7191567], [120.31623, 22.718531]]}, "id": 231656790}, {"type": "Feature", "properties": {"osm_id": 231656791, "name": "高峰街52巷", "highway": "residential", "nodes": [2399956313, 2399956311]}, "geometry": {"type": "LineString", "coordinates": [[120.3157962, 22.7193386], [120.3155977, 22.7194464]]}, "id": 231656791}, {"type": "Feature", "properties": {"osm_id": 231656793, "name": "高峰街30巷", "highway": "residential", "nodes": [1219300497, 1219300364, 262090131]}, "geometry": {"type": "LineString", "coordinates": [[120.31623, 22.718531], [120.3158697, 22.7187074], [120.3154341, 22.7189362]]}, "id": 231656793}, {"type": "Feature", "properties": {"osm_id": 231656795, "name": "金田街35巷", "highway": "residential", "nodes": [261608491, 1219300583]}, "geometry": {"type": "LineString", "coordinates": [[120.3171167, 22.7194809], [120.3169496, 22.7191543]]}, "id": 231656795}, {"type": "Feature", "properties": {"osm_id": 231656797, "name": "高峰街33巷", "highway": "residential", "nodes": [2399956315, 2399956314]}, "geometry": {"type": "LineString", "coordinates": [[120.3153107, 22.7194252], [120.3155622, 22.7193405]]}, "id": 231656797}, {"type": "Feature", "properties": {"osm_id": 231656799, "name": "高峰街67巷", "highway": "residential", "nodes": [261608500, 261608499, 261608498, 1219300493, 1219300506, 261608496, 1219300401, 261608495, 261608494]}, "geometry": {"type": "LineString", "coordinates": [[120.3149493, 22.7197043], [120.3150219, 22.7199429], [120.3151094, 22.7202149], [120.3152318, 22.7204948], [120.31528, 22.7206619], [120.3153242, 22.7209133], [120.3153867, 22.7211358], [120.3154248, 22.7212715], [120.3156092, 22.7215754]]}, "id": 231656799}, {"type": "Feature", "properties": {"osm_id": 231657866, "name": "後勁北路188巷", "highway": "residential", "nodes": [261608508, 2399967561, 2399967563]}, "geometry": {"type": "LineString", "coordinates": [[120.3138327, 22.7190851], [120.3139438, 22.7193], [120.3140911, 22.7194871]]}, "id": 231657866}, {"type": "Feature", "properties": {"osm_id": 231657868, "name": "聖雲街94巷", "highway": "residential", "nodes": [2399967573, 265599593]}, "geometry": {"type": "LineString", "coordinates": [[120.3144771, 22.7166915], [120.3143356, 22.7164726]]}, "id": 231657868}, {"type": "Feature", "properties": {"osm_id": 231657870, "name": "聖雲街127", "highway": "residential", "nodes": [265599614, 1219300684, 1219300598, 1219300787, 2379038407]}, "geometry": {"type": "LineString", "coordinates": [[120.3140411, 22.7166254], [120.3139572, 22.7164463], [120.3137942, 22.7162583], [120.3135308, 22.7164364], [120.3132878, 22.7165558]]}, "id": 231657870}, {"type": "Feature", "properties": {"osm_id": 231679042, "name": "廣昌街", "highway": "residential", "nodes": [1398634283, 1398634195, 1398634313, 1398635567]}, "geometry": {"type": "LineString", "coordinates": [[120.285598, 22.7085811], [120.2853336, 22.7086994], [120.2851861, 22.708777], [120.2848985, 22.708952]]}, "id": 231679042}, {"type": "Feature", "properties": {"osm_id": 231697550, "name": "後勁北路82巷", "highway": "residential", "nodes": [2400381128, 2400381129]}, "geometry": {"type": "LineString", "coordinates": [[120.3161218, 22.7183684], [120.3159832, 22.7180776]]}, "id": 231697550}, {"type": "Feature", "properties": {"osm_id": 231697551, "name": "後勁北路76巷", "highway": "residential", "nodes": [2400381130, 2400381131]}, "geometry": {"type": "LineString", "coordinates": [[120.3162739, 22.7183604], [120.3162365, 22.7180174]]}, "id": 231697551}, {"type": "Feature", "properties": {"osm_id": 231697552, "highway": "residential", "nodes": [2400381132, 2400381133]}, "geometry": {"type": "LineString", "coordinates": [[120.316117, 22.7177645], [120.3163157, 22.7177285]]}, "id": 231697552}, {"type": "Feature", "properties": {"osm_id": 231697554, "name": "後勁中街2巷", "highway": "residential", "nodes": [262085751, 2400381138, 2400381137, 2400381136]}, "geometry": {"type": "LineString", "coordinates": [[120.317349, 22.7160752], [120.3173423, 22.7161664], [120.3173456, 22.7162019], [120.3174446, 22.7164031]]}, "id": 231697554}, {"type": "Feature", "properties": {"osm_id": 231697555, "name": "後勁南路149巷39弄", "highway": "residential", "nodes": [2400381139, 2400381140]}, "geometry": {"type": "LineString", "coordinates": [[120.3122694, 22.7157759], [120.3125694, 22.7157297]]}, "id": 231697555}, {"type": "Feature", "properties": {"osm_id": 231712611, "name": "興泰街13巷", "highway": "residential", "nodes": [1398634706, 1398635686, 1398635911]}, "geometry": {"type": "LineString", "coordinates": [[120.2846205, 22.7157363], [120.2848099, 22.7158616], [120.2852028, 22.7161217]]}, "id": 231712611}, {"type": "Feature", "properties": {"osm_id": 231712613, "name": "盛昌街215巷3弄", "highway": "residential", "nodes": [1398636075, 1398634126, 1398635015]}, "geometry": {"type": "LineString", "coordinates": [[120.2865073, 22.7150246], [120.2866005, 22.7151208], [120.2873139, 22.7158619]]}, "id": 231712613}, {"type": "Feature", "properties": {"osm_id": 231712614, "name": "盛昌街", "highway": "residential", "nodes": [2400508439, 2400508438, 1398635742, 1398634146, 1398635571, 1398635388, 2384947823, 265968456]}, "geometry": {"type": "LineString", "coordinates": [[120.2875505, 22.7141757], [120.2875836, 22.7142199], [120.2879437, 22.7147275], [120.2880596, 22.7148998], [120.2881095, 22.7149678], [120.2882692, 22.715186], [120.2883184, 22.7152292], [120.2883756, 22.715264]]}, "id": 231712614}, {"type": "Feature", "properties": {"osm_id": 231774788, "name": "新昌街", "highway": "residential", "nodes": [2401070571, 10201608317, 2401070583, 2401070584]}, "geometry": {"type": "LineString", "coordinates": [[120.298643, 22.708838], [120.2984467, 22.7084159], [120.2984371, 22.7083952], [120.2983899, 22.7082929]]}, "id": 231774788}, {"type": "Feature", "properties": {"osm_id": 231785283, "name": "軍校路", "highway": "tertiary", "lanes": "2", "oneway": "yes", "maxspeed": "50", "nodes": [1372607234, 2206349187, 13056402598, 1398634286, 2206349202, 1372607241, 13056406502, 2417585438, 13056406506, 262083297, 4315390636, 5211912334, 588290619]}, "geometry": {"type": "LineString", "coordinates": [[120.2925391, 22.7106808], [120.2923368, 22.7111847], [120.2922291, 22.7114535], [120.2922012, 22.7115232], [120.2920883, 22.7118035], [120.2919906, 22.712047], [120.2919567, 22.7121242], [120.2918699, 22.7123303], [120.2918412, 22.7123891], [120.2918329, 22.7124062], [120.291577, 22.71296], [120.2915048, 22.7131066], [120.2914863, 22.7131439]]}, "id": 231785283}, {"type": "Feature", "properties": {"osm_id": 231785288, "name": "軍校路", "highway": "tertiary", "lanes": "2", "oneway": "yes", "maxspeed": "50", "nodes": [2206361958, 13056402584, 258786310, 1398635416, 13056402590, 1372607234]}, "geometry": {"type": "LineString", "coordinates": [[120.2928941, 22.7096523], [120.2928176, 22.709949], [120.2927899, 22.7100562], [120.292688, 22.71031], [120.2926749, 22.7103427], [120.2925391, 22.7106808]]}, "id": 231785288}, {"type": "Feature", "properties": {"osm_id": 231785289, "name": "後昌路", "highway": "primary", "lanes": "2", "oneway": "yes", "maxspeed": "50", "nodes": [1407167164, 13056406669, 2401153815, 13056406666, 13056406664, 13056406661, 13056406657, 273103109, 13056406653, 273103105, 273103101, 2401070565, 13056406644, 2401070584, 13056406650, 2188495534, 262995696, 2188495529, 262995694, 2401070577, 13056406640, 2188495527, 4309157425, 13068073863, 13056406636, 262995692, 12468992699, 13068073865, 12468992696, 12468992683, 295692587]}, "geometry": {"type": "LineString", "coordinates": [[120.2957743, 22.7107613], [120.2958087, 22.7107223], [120.2960965, 22.7103962], [120.2965469, 22.7098981], [120.29659, 22.7098504], [120.2966392, 22.7097972], [120.2968283, 22.7095926], [120.2969157, 22.709496], [120.2969308, 22.7094813], [120.2973958, 22.709029], [120.2977265, 22.7087122], [120.2980724, 22.7084823], [120.2982594, 22.7083707], [120.2983899, 22.7082929], [120.2984298, 22.7082735], [120.2986653, 22.7081588], [120.2989669, 22.7080419], [120.2993345, 22.7079086], [120.299556, 22.7078452], [120.2996841, 22.7078182], [120.2997255, 22.7078134], [120.299824, 22.7078019], [120.2998811, 22.7077936], [120.2999614, 22.7077864], [120.300013, 22.7077876], [120.300814, 22.7078058], [120.3008485, 22.7078066], [120.3009795, 22.7078093], [120.301961, 22.7078267], [120.3019983, 22.7078274], [120.3022716, 22.7078322]]}, "id": 231785289}, {"type": "Feature", "properties": {"osm_id": 231785291, "name": "和光街", "highway": "residential", "nodes": [265599430, 2206361952, 5211912348, 273103109, 265599432]}, "geometry": {"type": "LineString", "coordinates": [[120.2964499, 22.7091676], [120.2966745, 22.70934], [120.2968697, 22.7094662], [120.2969157, 22.709496], [120.2969794, 22.7095465]]}, "id": 231785291}, {"type": "Feature", "properties": {"osm_id": 231787641, "name": "和光街", "highway": "residential", "nodes": [265599406, 2206361925, 265599423, 2206361926, 265599424]}, "geometry": {"type": "LineString", "coordinates": [[120.2941276, 22.7071678], [120.2942917, 22.7072904], [120.2944297, 22.7073893], [120.294504, 22.7074426], [120.2948565, 22.7075917]]}, "id": 231787641}, {"type": "Feature", "properties": {"osm_id": 231787645, "name": "後昌路590巷", "highway": "residential", "nodes": [2206349175, 2206349160, 2206349157, 4586456353, 2206349147, 2206349143, 2402042651, 2206349139, 2402042654, 2206349136, 265599455, 5224378354, 13056406639, 4309157425]}, "geometry": {"type": "LineString", "coordinates": [[120.2997999, 22.7101496], [120.2998085, 22.7099036], [120.299813, 22.7097723], [120.2998203, 22.7095631], [120.2998229, 22.7094878], [120.2998274, 22.7093598], [120.2998303, 22.7092761], [120.2998375, 22.7090684], [120.2998419, 22.7089427], [120.2998513, 22.7086733], [120.299875, 22.7079915], [120.2998765, 22.707949], [120.2998784, 22.7078936], [120.2998811, 22.7077936]]}, "id": 231787645}, {"type": "Feature", "properties": {"osm_id": 231788292, "highway": "residential", "nodes": [2206324401, 2401179586, 2401179581, 2401179585, 2401179582, 2401179579]}, "geometry": {"type": "LineString", "coordinates": [[120.3008787, 22.7101534], [120.3014068, 22.7101527], [120.301425, 22.7101611], [120.301431, 22.7101825], [120.3014031, 22.7107748], [120.3013822, 22.7108081]]}, "id": 231788292}, {"type": "Feature", "properties": {"osm_id": 231788580, "highway": "residential", "nodes": [2401179580, 2401179584, 2401179583, 2401179579]}, "geometry": {"type": "LineString", "coordinates": [[120.300842, 22.7108513], [120.3009232, 22.7108302], [120.301339, 22.7108371], [120.3013822, 22.7108081]]}, "id": 231788580}, {"type": "Feature", "properties": {"osm_id": 231791069, "highway": "tertiary", "oneway": "no", "nodes": [1218537217, 1218537213, 289126210]}, "geometry": {"type": "LineString", "coordinates": [[120.3109123, 22.724024], [120.3109926, 22.7240536], [120.3111143, 22.7241004]]}, "id": 231791069}, {"type": "Feature", "properties": {"osm_id": 231791070, "name": "瑞屏路82巷46弄", "highway": "residential", "nodes": [2401202187, 1401138271]}, "geometry": {"type": "LineString", "coordinates": [[120.3119763, 22.7240149], [120.3123504, 22.7241537]]}, "id": 231791070}, {"type": "Feature", "properties": {"osm_id": 231792186, "highway": "unclassified", "nodes": [1400036211, 1398635826]}, "geometry": {"type": "LineString", "coordinates": [[120.2953236, 22.7142603], [120.2952729, 22.7143967]]}, "id": 231792186}, {"type": "Feature", "properties": {"osm_id": 231792188, "name": "加宏路191巷", "highway": "residential", "nodes": [1398635826, 13056406590, 13056406593, 1400036734, 5151320497, 1398634541, 1400036834]}, "geometry": {"type": "LineString", "coordinates": [[120.2952729, 22.7143967], [120.2952396, 22.7144697], [120.2952148, 22.7145299], [120.2950977, 22.7147903], [120.2948672, 22.7152799], [120.2947465, 22.7155362], [120.2945332, 22.7159892]]}, "id": 231792188}, {"type": "Feature", "properties": {"osm_id": 231829091, "name": "加宏路191巷", "highway": "residential", "nodes": [1400036834, 1400036586]}, "geometry": {"type": "LineString", "coordinates": [[120.2945332, 22.7159892], [120.2943966, 22.716295]]}, "id": 231829091}, {"type": "Feature", "properties": {"osm_id": 231829092, "name": "加宏路191巷25弄", "highway": "residential", "nodes": [1400036834, 5144956948, 5211912327, 1400036233, 1400036445]}, "geometry": {"type": "LineString", "coordinates": [[120.2945332, 22.7159892], [120.2945895, 22.716014], [120.2951388, 22.7162557], [120.2953221, 22.7163364], [120.2956392, 22.7164759]]}, "id": 231829092}, {"type": "Feature", "properties": {"osm_id": 231829093, "name": "加宏路191巷15弄", "highway": "residential", "nodes": [1400036586, 1400036106]}, "geometry": {"type": "LineString", "coordinates": [[120.2943966, 22.716295], [120.2951623, 22.7166016]]}, "id": 231829093}, {"type": "Feature", "properties": {"osm_id": 231829094, "name": "加宏路191巷", "highway": "residential", "nodes": [1400036586, 1400036135]}, "geometry": {"type": "LineString", "coordinates": [[120.2943966, 22.716295], [120.2942587, 22.7165988]]}, "id": 231829094}, {"type": "Feature", "properties": {"osm_id": 231829095, "name": "加宏路191巷5弄", "highway": "residential", "nodes": [1400036135, 1400036367]}, "geometry": {"type": "LineString", "coordinates": [[120.2942587, 22.7165988], [120.2949802, 22.7168859]]}, "id": 231829095}, {"type": "Feature", "properties": {"osm_id": 231829096, "name": "加宏路191巷", "highway": "residential", "nodes": [1400036135, 5126275291, 258769552]}, "geometry": {"type": "LineString", "coordinates": [[120.2942587, 22.7165988], [120.2941376, 22.7168752], [120.2940869, 22.7169793]]}, "id": 231829096}, {"type": "Feature", "properties": {"osm_id": 231830601, "name": "後昌新路", "highway": "tertiary", "oneway": "yes", "nodes": [13056406559, 13056406554, 1400036643, 4309157508, 1398635188]}, "geometry": {"type": "LineString", "coordinates": [[120.2921037, 22.7180968], [120.2920755, 22.7181866], [120.2920219, 22.7183574], [120.2917606, 22.7191893], [120.291729, 22.71929]]}, "id": 231830601}, {"type": "Feature", "properties": {"osm_id": 231879612, "name": "新昌街", "highway": "residential", "nodes": [2206349179, 2206349177, 2188495539, 2206349154, 2206361954, 1372607272, 2206361947, 2401070571]}, "geometry": {"type": "LineString", "coordinates": [[120.2989785, 22.7104764], [120.2989479, 22.7102062], [120.2989302, 22.71005], [120.2988969, 22.709756], [120.2988607, 22.709437], [120.2988516, 22.709356], [120.2987412, 22.709064], [120.298643, 22.708838]]}, "id": 231879612}, {"type": "Feature", "properties": {"osm_id": 231879619, "highway": "residential", "nodes": [265599525, 2402042662, 2402042661, 4310021382, 2402042660]}, "geometry": {"type": "LineString", "coordinates": [[120.3003532, 22.7051859], [120.300598, 22.7052689], [120.3006449, 22.705274], [120.3012617, 22.7052905], [120.3019835, 22.7053099]]}, "id": 231879619}, {"type": "Feature", "properties": {"osm_id": 231879620, "highway": "residential", "nodes": [2402042666, 2402042659, 265599525]}, "geometry": {"type": "LineString", "coordinates": [[120.2984251, 22.70458], [120.2991772, 22.7048303], [120.3003532, 22.7051859]]}, "id": 231879620}, {"type": "Feature", "properties": {"osm_id": 231879621, "highway": "residential", "nodes": [2402042668, 2402042670, 2402042669]}, "geometry": {"type": "LineString", "coordinates": [[120.2993064, 22.7022539], [120.3000252, 22.7024877], [120.3012215, 22.7028663]]}, "id": 231879621}, {"type": "Feature", "properties": {"osm_id": 231879622, "highway": "residential", "nodes": [2402042671, 2402042673, 2402042672]}, "geometry": {"type": "LineString", "coordinates": [[120.2991025, 22.7028226], [120.2998139, 22.7030381], [120.3012054, 22.7034675]]}, "id": 231879622}, {"type": "Feature", "properties": {"osm_id": 231879623, "highway": "residential", "nodes": [2402042674, 2402042676, 2402042675]}, "geometry": {"type": "LineString", "coordinates": [[120.2995055, 22.7016428], [120.300243, 22.7019129], [120.3012427, 22.702228]]}, "id": 231879623}, {"type": "Feature", "properties": {"osm_id": 231879624, "highway": "residential", "nodes": [2402042678, 2402042679, 2188495459, 2188495461]}, "geometry": {"type": "LineString", "coordinates": [[120.3012611, 22.7016737], [120.3015973, 22.7015185], [120.3016385, 22.7015081], [120.3022085, 22.7015143]]}, "id": 231879624}, {"type": "Feature", "properties": {"osm_id": 231879625, "highway": "residential", "nodes": [2188495462, 2188495455]}, "geometry": {"type": "LineString", "coordinates": [[120.3012628, 22.7016218], [120.3012741, 22.7012391]]}, "id": 231879625}, {"type": "Feature", "properties": {"osm_id": 231879626, "highway": "residential", "nodes": [2402042680, 2402042681]}, "geometry": {"type": "LineString", "coordinates": [[120.3012533, 22.7019078], [120.3022144, 22.7019296]]}, "id": 231879626}, {"type": "Feature", "properties": {"osm_id": 231879627, "highway": "residential", "nodes": [2402042682, 2402042683]}, "geometry": {"type": "LineString", "coordinates": [[120.3012248, 22.7027677], [120.3022588, 22.7027799]]}, "id": 231879627}, {"type": "Feature", "properties": {"osm_id": 231991913, "name": "常德路", "highway": "residential", "nodes": [2264426824, 2264426828, 2264426835, 2264426840, 2264426841, 2264426843]}, "geometry": {"type": "LineString", "coordinates": [[120.3362514, 22.7319939], [120.3362513, 22.7323135], [120.3362512, 22.7326703], [120.3362509, 22.7335038], [120.3363985, 22.7346671], [120.3365434, 22.7351791]]}, "id": 231991913}, {"type": "Feature", "properties": {"osm_id": 231996056, "name": "常盛街", "highway": "residential", "nodes": [1451068121, 12175986890, 2264426846, 2264426843]}, "geometry": {"type": "LineString", "coordinates": [[120.3348796, 22.7356446], [120.3351579, 22.7355683], [120.3354359, 22.7354921], [120.3365434, 22.7351791]]}, "id": 231996056}, {"type": "Feature", "properties": {"osm_id": 231996059, "name": "常德路", "highway": "residential", "nodes": [2264426854, 2388443527, 2264426869, 2264426871, 2264426877, 2264426879, 2264426883]}, "geometry": {"type": "LineString", "coordinates": [[120.336763, 22.7358988], [120.3369812, 22.7365622], [120.3371759, 22.7371545], [120.3372313, 22.7373228], [120.3373169, 22.7375832], [120.3373612, 22.7376473], [120.3374427, 22.7378986]]}, "id": 231996059}, {"type": "Feature", "properties": {"osm_id": 231996063, "name": "興盛街", "highway": "residential", "nodes": [2264426811, 2264426815]}, "geometry": {"type": "LineString", "coordinates": [[120.3392777, 22.7309949], [120.3396522, 22.7311892]]}, "id": 231996063}, {"type": "Feature", "properties": {"osm_id": 231996064, "name": "興楠路15巷14弄", "highway": "residential", "nodes": [2264426811, 2264426795]}, "geometry": {"type": "LineString", "coordinates": [[120.3392777, 22.7309949], [120.3395483, 22.7304574]]}, "id": 231996064}, {"type": "Feature", "properties": {"osm_id": 231996065, "name": "興楠路15巷", "highway": "residential", "nodes": [2264426802, 2264426815, 2264426818, 12598724599, 2264426820]}, "geometry": {"type": "LineString", "coordinates": [[120.3398987, 22.7306754], [120.3396522, 22.7311892], [120.3395682, 22.7313584], [120.3394726, 22.731562], [120.339433, 22.7316463]]}, "id": 231996065}, {"type": "Feature", "properties": {"osm_id": 231996066, "name": "興楠路", "highway": "tertiary", "oneway": "yes", "nodes": [2264426820, 12598724600, 12556231021, 302211440, 759519743]}, "geometry": {"type": "LineString", "coordinates": [[120.339433, 22.7316463], [120.3402611, 22.7317833], [120.3403366, 22.7317958], [120.3403679, 22.731801], [120.3405296, 22.7319149]]}, "id": 231996066}, {"type": "Feature", "properties": {"osm_id": 231996068, "name": "興楠路", "highway": "tertiary", "oneway": "yes", "nodes": [2264426822, 12556231026, 12598724594, 12556231033, 302211442, 12556231034, 2264426819, 12556231039, 302211444, 12598724590, 12556231048, 2264426813]}, "geometry": {"type": "LineString", "coordinates": [[120.339334, 22.731781], [120.3392441, 22.7317692], [120.3381999, 22.731596], [120.3381592, 22.7315893], [120.33804, 22.7315695], [120.3379355, 22.7315475], [120.3373847, 22.7314313], [120.3371737, 22.73137], [120.3367543, 22.7312481], [120.3364283, 22.7311667], [120.3363957, 22.7311586], [120.3362635, 22.7311256]]}, "id": 231996068}, {"type": "Feature", "properties": {"osm_id": 231996070, "name": "興楠路47巷1弄", "highway": "residential", "nodes": [2264426778, 2264426781, 2264426786, 2264426791]}, "geometry": {"type": "LineString", "coordinates": [[120.3383687, 22.729724], [120.3386559, 22.7299026], [120.338883, 22.7300438], [120.3391255, 22.7301946]]}, "id": 231996070}, {"type": "Feature", "properties": {"osm_id": 231996071, "name": "興盛街29巷", "highway": "residential", "nodes": [2264426791, 2403368183, 2264426785]}, "geometry": {"type": "LineString", "coordinates": [[120.3391255, 22.7301946], [120.3391262, 22.7301336], [120.3392026, 22.7300396]]}, "id": 231996071}, {"type": "Feature", "properties": {"osm_id": 231996072, "name": "興楠路47巷1弄", "highway": "residential", "nodes": [2264426791, 2264426795, 2264426802]}, "geometry": {"type": "LineString", "coordinates": [[120.3391255, 22.7301946], [120.3395483, 22.7304574], [120.3398987, 22.7306754]]}, "id": 231996072}, {"type": "Feature", "properties": {"osm_id": 231996073, "highway": "residential", "nodes": [2264426790, 2264426783]}, "geometry": {"type": "LineString", "coordinates": [[120.3378432, 22.7301376], [120.3380056, 22.7299124]]}, "id": 231996073}, {"type": "Feature", "properties": {"osm_id": 231996074, "name": "興楠路151巷66弄", "highway": "residential", "nodes": [2264426772, 1451068045]}, "geometry": {"type": "LineString", "coordinates": [[120.337163, 22.72939], [120.3360663, 22.7286716]]}, "id": 231996074}, {"type": "Feature", "properties": {"osm_id": 231996075, "highway": "residential", "nodes": [2403368190, 2403368192]}, "geometry": {"type": "LineString", "coordinates": [[120.3378883, 22.7298375], [120.3380913, 22.7295515]]}, "id": 231996075}, {"type": "Feature", "properties": {"osm_id": 231996076, "name": "興楠路151巷56弄", "highway": "residential", "nodes": [2264426775, 1451069167]}, "geometry": {"type": "LineString", "coordinates": [[120.3369644, 22.7296746], [120.3358789, 22.7289656]]}, "id": 231996076}, {"type": "Feature", "properties": {"osm_id": 231996077, "name": "興楠路133巷", "highway": "residential", "nodes": [2264426794, 302211431]}, "geometry": {"type": "LineString", "coordinates": [[120.3369727, 22.7303816], [120.3367887, 22.7311184]]}, "id": 231996077}, {"type": "Feature", "properties": {"osm_id": 231996078, "name": "興楠路151巷33弄", "highway": "residential", "nodes": [2264426784, 2264426787, 2264426794]}, "geometry": {"type": "LineString", "coordinates": [[120.3367562, 22.7298816], [120.3370518, 22.7300649], [120.3369727, 22.7303816]]}, "id": 231996078}, {"type": "Feature", "properties": {"osm_id": 231996079, "name": "興楠路151巷", "highway": "residential", "nodes": [2264426784, 2264426793, 2403368194, 12598724592, 2264426810]}, "geometry": {"type": "LineString", "coordinates": [[120.3367562, 22.7298816], [120.3365268, 22.7302578], [120.3364945, 22.7303108], [120.3363253, 22.7308265], [120.3362692, 22.7309976]]}, "id": 231996079}, {"type": "Feature", "properties": {"osm_id": 231996080, "name": "興楠路203巷51弄", "highway": "residential", "nodes": [2264426770, 2403368198, 2403368196, 2264426774, 2264426784]}, "geometry": {"type": "LineString", "coordinates": [[120.3357214, 22.7292662], [120.3359047, 22.7293395], [120.3360616, 22.7294251], [120.3363532, 22.7296187], [120.3367562, 22.7298816]]}, "id": 231996080}, {"type": "Feature", "properties": {"osm_id": 231996081, "name": "興楠路203巷37弄", "highway": "residential", "nodes": [2264426773, 2264426780, 2264426774]}, "geometry": {"type": "LineString", "coordinates": [[120.3355605, 22.7295579], [120.3361827, 22.7298687], [120.3363532, 22.7296187]]}, "id": 231996081}, {"type": "Feature", "properties": {"osm_id": 231996083, "name": "興楠路203巷26弄", "highway": "residential", "nodes": [1451068639, 2264426776, 2264426779]}, "geometry": {"type": "LineString", "coordinates": [[120.3353757, 22.7299016], [120.3347515, 22.7297229], [120.3344904, 22.7297366]]}, "id": 231996083}, {"type": "Feature", "properties": {"osm_id": 231996084, "name": "興楠路151巷76弄", "highway": "residential", "nodes": [1451068424, 2264426768]}, "geometry": {"type": "LineString", "coordinates": [[120.336357, 22.7284472], [120.3373656, 22.7290997]]}, "id": 231996084}, {"type": "Feature", "properties": {"osm_id": 231996085, "name": "興楠路151巷75弄", "highway": "residential", "nodes": [2264426768, 2403368192, 2264426778]}, "geometry": {"type": "LineString", "coordinates": [[120.3373656, 22.7290997], [120.3380913, 22.7295515], [120.3383687, 22.729724]]}, "id": 231996085}, {"type": "Feature", "properties": {"osm_id": 231996087, "name": "興楠路203巷74弄", "highway": "residential", "nodes": [1451068045, 2264426760]}, "geometry": {"type": "LineString", "coordinates": [[120.3360663, 22.7286716], [120.3348425, 22.7279178]]}, "id": 231996087}, {"type": "Feature", "properties": {"osm_id": 231996089, "name": "興楠路203巷", "highway": "residential", "nodes": [1451068045, 1451068424]}, "geometry": {"type": "LineString", "coordinates": [[120.3360663, 22.7286716], [120.336357, 22.7284472]]}, "id": 231996089}, {"type": "Feature", "properties": {"osm_id": 231996091, "name": "興楠路203巷74弄", "highway": "residential", "nodes": [1451069167, 2264426766]}, "geometry": {"type": "LineString", "coordinates": [[120.3358789, 22.7289656], [120.3352523, 22.7286397]]}, "id": 231996091}, {"type": "Feature", "properties": {"osm_id": 231996093, "name": "興楠路203巷", "highway": "residential", "nodes": [1451069167, 1451069576, 1451068045]}, "geometry": {"type": "LineString", "coordinates": [[120.3358789, 22.7289656], [120.3359824, 22.7287825], [120.3360663, 22.7286716]]}, "id": 231996093}, {"type": "Feature", "properties": {"osm_id": 231996094, "name": "興楠路151巷75弄", "highway": "residential", "nodes": [2264426757, 1451068424]}, "geometry": {"type": "LineString", "coordinates": [[120.335204, 22.7276681], [120.336357, 22.7284472]]}, "id": 231996094}, {"type": "Feature", "properties": {"osm_id": 232002872, "name": "興楠路309巷", "highway": "residential", "nodes": [302211489, 12598724580, 302211413, 4722147717, 2261377007]}, "geometry": {"type": "LineString", "coordinates": [[120.3323045, 22.7295489], [120.332377, 22.729439], [120.3325015, 22.7292613], [120.3328085, 22.7288229], [120.3331104, 22.7283919]]}, "id": 232002872}, {"type": "Feature", "properties": {"osm_id": 232002873, "name": "興楠路", "highway": "tertiary", "oneway": "yes", "nodes": [302211489, 12556630849, 12556630840, 2261357296, 12556630841, 302211492, 2264501996, 12556630833, 2261357293, 12556630832, 302211500, 12556630822, 280507399]}, "geometry": {"type": "LineString", "coordinates": [[120.3323045, 22.7295489], [120.3322474, 22.7295175], [120.3315606, 22.7291403], [120.3314915, 22.7291023], [120.3314144, 22.7290585], [120.3311457, 22.7289057], [120.3309794, 22.7288077], [120.3305982, 22.7285467], [120.3305264, 22.7284975], [120.330472, 22.7284571], [120.3304521, 22.7284423], [120.3300222, 22.7281229], [120.3299601, 22.7280745]]}, "id": 232002873}, {"type": "Feature", "properties": {"osm_id": 232002874, "name": "興楠路355巷", "highway": "residential", "nodes": [2261377006, 4722147716, 12175986885, 2261357295]}, "geometry": {"type": "LineString", "coordinates": [[120.3323406, 22.7277762], [120.3319709, 22.7283422], [120.3318348, 22.7285506], [120.3315585, 22.728995]]}, "id": 232002874}, {"type": "Feature", "properties": {"osm_id": 232002875, "name": "興楠路355巷82弄", "highway": "residential", "nodes": [2261377007, 2261377006]}, "geometry": {"type": "LineString", "coordinates": [[120.3331104, 22.7283919], [120.3323406, 22.7277762]]}, "id": 232002875}, {"type": "Feature", "properties": {"osm_id": 232002876, "name": "楠梓舊街29巷31弄", "highway": "unclassified", "nodes": [4425215253, 2261344398, 2261344401]}, "geometry": {"type": "LineString", "coordinates": [[120.3304552, 22.7272758], [120.3297162, 22.7273931], [120.3296225, 22.7274299]]}, "id": 232002876}, {"type": "Feature", "properties": {"osm_id": 232002877, "name": "楠梓舊街", "highway": "residential", "nodes": [2261344393, 4425215253, 2261344386, 3012755203, 2261344374, 2261344363, 2261344359, 2261344357, 2261344346, 2261344333]}, "geometry": {"type": "LineString", "coordinates": [[120.3304567, 22.7273046], [120.3304552, 22.7272758], [120.3303838, 22.7271527], [120.3303022, 22.727056], [120.3302532, 22.7270089], [120.3300361, 22.726864], [120.3299355, 22.7267946], [120.3298761, 22.7267411], [120.3296321, 22.7265227], [120.3293798, 22.7263285]]}, "id": 232002877}, {"type": "Feature", "properties": {"osm_id": 232002878, "name": "楠梓舊街", "highway": "residential", "bridge": "yes", "layer": "1", "nodes": [2261344404, 2261344393]}, "geometry": {"type": "LineString", "coordinates": [[120.3304623, 22.7274532], [120.3304567, 22.7273046]]}, "id": 232002878}, {"type": "Feature", "properties": {"osm_id": 232002880, "name": "興楠橋", "highway": "tertiary", "oneway": "yes", "bridge": "yes", "layer": "1", "nodes": [2261344413, 2261344406]}, "geometry": {"type": "LineString", "coordinates": [[120.3296165, 22.7276301], [120.3295091, 22.727461]]}, "id": 232002880}, {"type": "Feature", "properties": {"osm_id": 232002881, "name": "楠梓路", "highway": "tertiary", "oneway": "yes", "nodes": [2261344408, 12556630818, 302211401]}, "geometry": {"type": "LineString", "coordinates": [[120.3297196, 22.7275869], [120.3299361, 22.7278921], [120.330018, 22.7279846]]}, "id": 232002881}, {"type": "Feature", "properties": {"osm_id": 232002882, "highway": "unclassified", "nodes": [2261344408, 2261344413]}, "geometry": {"type": "LineString", "coordinates": [[120.3297196, 22.7275869], [120.3296165, 22.7276301]]}, "id": 232002882}, {"type": "Feature", "properties": {"osm_id": 232641211, "name": "惠昌街125巷", "highway": "residential", "nodes": [1398634746, 1398634568]}, "geometry": {"type": "LineString", "coordinates": [[120.2800174, 22.7193783], [120.281593, 22.720027]]}, "id": 232641211}, {"type": "Feature", "properties": {"osm_id": 232641212, "highway": "residential", "nodes": [1398634568, 4079445222, 1398635894, 1398634090, 1398635186]}, "geometry": {"type": "LineString", "coordinates": [[120.281593, 22.720027], [120.2817586, 22.7200975], [120.2818293, 22.7200935], [120.282305, 22.719854], [120.2823922, 22.7198395]]}, "id": 232641212}, {"type": "Feature", "properties": {"osm_id": 232641215, "name": "三山街", "highway": "residential", "oneway": "no", "nodes": [1398636072, 1398634219, 1398635940]}, "geometry": {"type": "LineString", "coordinates": [[120.2814137, 22.7187026], [120.2812254, 22.7190279], [120.2810458, 22.7193392]]}, "id": 232641215}, {"type": "Feature", "properties": {"osm_id": 232641219, "name": "仁昌街86巷", "highway": "residential", "nodes": [1398634145, 1398635345, 1398634887]}, "geometry": {"type": "LineString", "coordinates": [[120.2832474, 22.7207982], [120.2820049, 22.720294], [120.2825476, 22.7199714]]}, "id": 232641219}, {"type": "Feature", "properties": {"osm_id": 232641220, "name": "仁昌街9巷", "highway": "residential", "nodes": [2409813950, 2409813951]}, "geometry": {"type": "LineString", "coordinates": [[120.2837704, 22.7198995], [120.2845461, 22.7203194]]}, "id": 232641220}, {"type": "Feature", "properties": {"osm_id": 232641221, "name": "國昌街27巷", "highway": "residential", "nodes": [2384936083, 2409813952]}, "geometry": {"type": "LineString", "coordinates": [[120.2851525, 22.7210434], [120.2843553, 22.7206066]]}, "id": 232641221}, {"type": "Feature", "properties": {"osm_id": 232641222, "name": "仁昌街27巷", "highway": "residential", "nodes": [2409813952, 2409813953]}, "geometry": {"type": "LineString", "coordinates": [[120.2843553, 22.7206066], [120.2838427, 22.7203349]]}, "id": 232641222}, {"type": "Feature", "properties": {"osm_id": 232641223, "name": "仁昌街", "highway": "residential", "oneway": "no", "nodes": [2409813952, 1398634842, 2409813955]}, "geometry": {"type": "LineString", "coordinates": [[120.2843553, 22.7206066], [120.2842604, 22.7207493], [120.2841702, 22.720899]]}, "id": 232641223}, {"type": "Feature", "properties": {"osm_id": 232641224, "name": "仁昌街", "highway": "residential", "oneway": "no", "nodes": [2409813951, 2409813952]}, "geometry": {"type": "LineString", "coordinates": [[120.2845461, 22.7203194], [120.2843553, 22.7206066]]}, "id": 232641224}, {"type": "Feature", "properties": {"osm_id": 232641225, "name": "國昌街9巷", "highway": "residential", "nodes": [2409813951, 2409813954]}, "geometry": {"type": "LineString", "coordinates": [[120.2845461, 22.7203194], [120.2853211, 22.7207663]]}, "id": 232641225}, {"type": "Feature", "properties": {"osm_id": 232641226, "name": "國昌街45巷", "highway": "residential", "nodes": [2409813955, 2409813956]}, "geometry": {"type": "LineString", "coordinates": [[120.2841702, 22.720899], [120.2847647, 22.7212511]]}, "id": 232641226}, {"type": "Feature", "properties": {"osm_id": 232641227, "name": "藍昌路367巷205弄", "highway": "residential", "nodes": [2409813957, 2409813958]}, "geometry": {"type": "LineString", "coordinates": [[120.2851581, 22.721573], [120.2852525, 22.7213857]]}, "id": 232641227}, {"type": "Feature", "properties": {"osm_id": 232641228, "highway": "residential", "nodes": [1400036794, 1400036209]}, "geometry": {"type": "LineString", "coordinates": [[120.2920632, 22.7196281], [120.292151, 22.719397]]}, "id": 232641228}, {"type": "Feature", "properties": {"osm_id": 233066881, "highway": "unclassified", "nodes": [13984790969, 12822612535, 12822612534, 12822612533, 12822612532, 12822612531, 291010007, 291010017, 291010020, 291010021, 291010026, 291010031]}, "geometry": {"type": "LineString", "coordinates": [[120.2744054, 22.7114896], [120.2761262, 22.7166596], [120.2763688, 22.7178703], [120.2757636, 22.7189824], [120.2755084, 22.7189891], [120.2752252, 22.7189212], [120.275037, 22.718655], [120.274594, 22.7184874], [120.2739918, 22.71821], [120.2734212, 22.7179802], [120.2728824, 22.7177979], [120.2719976, 22.7176447]]}, "id": 233066881}, {"type": "Feature", "properties": {"osm_id": 233473525, "name": "德賢路209巷", "highway": "residential", "nodes": [1401138390, 1401138336]}, "geometry": {"type": "LineString", "coordinates": [[120.3056817, 22.7260426], [120.3065373, 22.7261242]]}, "id": 233473525}, {"type": "Feature", "properties": {"osm_id": 233473526, "name": "後勁南路129巷", "highway": "residential", "nodes": [2379038411, 2379038400, 2379038396]}, "geometry": {"type": "LineString", "coordinates": [[120.3129216, 22.71613], [120.3127826, 22.7161654], [120.3122649, 22.7163747]]}, "id": 233473526}, {"type": "Feature", "properties": {"osm_id": 233474711, "name": "加宏路233巷", "highway": "residential", "nodes": [1400036120, 258769559]}, "geometry": {"type": "LineString", "coordinates": [[120.2933578, 22.7162673], [120.2931963, 22.7166411]]}, "id": 233474711}, {"type": "Feature", "properties": {"osm_id": 233474712, "name": "加宏路233巷5弄", "highway": "residential", "nodes": [1400036120, 1400036135]}, "geometry": {"type": "LineString", "coordinates": [[120.2933578, 22.7162673], [120.2942587, 22.7165988]]}, "id": 233474712}, {"type": "Feature", "properties": {"osm_id": 233474713, "name": "加宏路233巷15弄", "highway": "residential", "nodes": [1400036424, 1400036586]}, "geometry": {"type": "LineString", "coordinates": [[120.2934926, 22.7159582], [120.2943966, 22.716295]]}, "id": 233474713}, {"type": "Feature", "properties": {"osm_id": 233474714, "name": "加宏路233巷", "highway": "residential", "nodes": [1400036424, 1400036120]}, "geometry": {"type": "LineString", "coordinates": [[120.2934926, 22.7159582], [120.2933578, 22.7162673]]}, "id": 233474714}, {"type": "Feature", "properties": {"osm_id": 233474715, "name": "加宏路233巷27弄", "highway": "residential", "nodes": [1400036244, 1400036220, 5144956950, 1400036834]}, "geometry": {"type": "LineString", "coordinates": [[120.2936481, 22.7155997], [120.2941203, 22.7158075], [120.2944693, 22.7159611], [120.2945332, 22.7159892]]}, "id": 233474715}, {"type": "Feature", "properties": {"osm_id": 233474716, "name": "加宏路233巷", "highway": "residential", "nodes": [1400036244, 1400036424]}, "geometry": {"type": "LineString", "coordinates": [[120.2936481, 22.7155997], [120.2934926, 22.7159582]]}, "id": 233474716}, {"type": "Feature", "properties": {"osm_id": 233651855, "name": "益群路9巷", "highway": "residential", "nodes": [2379770336, 1401138215]}, "geometry": {"type": "LineString", "coordinates": [[120.2950005, 22.7238201], [120.2945193, 22.7237576]]}, "id": 233651855}, {"type": "Feature", "properties": {"osm_id": 241059467, "name": "德信街56巷", "highway": "residential", "nodes": [2487478828, 256245297]}, "geometry": {"type": "LineString", "coordinates": [[120.3010012, 22.7265847], [120.3012926, 22.7259713]]}, "id": 241059467}, {"type": "Feature", "properties": {"osm_id": 247974699, "name": "後昌路", "highway": "primary", "lanes": "2", "oneway": "yes", "maxspeed": "50", "nodes": [273103152, 13056406538, 1398635587, 13056406544, 1400036847, 13056406575, 1400036204, 273103133]}, "geometry": {"type": "LineString", "coordinates": [[120.2926461, 22.71641], [120.2926893, 22.7163061], [120.292848, 22.7159429], [120.2932645, 22.7149911], [120.293301, 22.7149077], [120.2936702, 22.7140826], [120.2937392, 22.713927], [120.2937958, 22.7137815]]}, "id": 247974699}, {"type": "Feature", "properties": {"osm_id": 247974700, "name": "後昌路", "highway": "primary", "lanes": "2", "oneway": "yes", "maxspeed": "50", "nodes": [295692587, 262995680]}, "geometry": {"type": "LineString", "coordinates": [[120.3022716, 22.7078322], [120.3023753, 22.7078356]]}, "id": 247974700}, {"type": "Feature", "properties": {"osm_id": 247974701, "name": "後昌路", "highway": "primary", "lanes": "2", "oneway": "yes", "nodes": [258769566, 13056406535, 1398635647, 2401601712, 13056406557, 13056406559]}, "geometry": {"type": "LineString", "coordinates": [[120.2927419, 22.7164552], [120.292701, 22.7165572], [120.2923252, 22.7175156], [120.2921759, 22.7179075], [120.2921603, 22.7179483], [120.2921037, 22.7180968]]}, "id": 247974701}, {"type": "Feature", "properties": {"osm_id": 247974702, "name": "左楠路", "highway": "primary", "oneway": "yes", "maxspeed": "50", "nodes": [295692587, 12468992689, 295692588, 2399424082, 2402045529, 7299115833, 7299115834, 295692590]}, "geometry": {"type": "LineString", "coordinates": [[120.3022716, 22.7078322], [120.3022771, 22.7076625], [120.3023768, 22.7040666], [120.302418, 22.7017449], [120.3024239, 22.7011734], [120.3024247, 22.7011533], [120.3024276, 22.701126], [120.3024334, 22.7010041]]}, "id": 247974702}, {"type": "Feature", "properties": {"osm_id": 254325298, "name": "大學南路", "highway": "tertiary", "lanes": "1", "oneway": "yes", "maxspeed": "50", "nodes": [2601136103, 1080697424, 7242730789, 7242730783, 343046428, 7242730784, 7242885193, 7242885192, 1080696891, 7242885185, 262835711, 256372076, 262835710, 262835709, 1080697335, 7242730725, 7242730723, 256372070, 262840727, 262840893]}, "geometry": {"type": "LineString", "coordinates": [[120.2780815, 22.7296803], [120.2782105, 22.7297178], [120.2792191, 22.7303733], [120.2792422, 22.7303883], [120.2793231, 22.7304409], [120.2793794, 22.7304767], [120.2807616, 22.7313655], [120.2808023, 22.7313888], [120.2808779, 22.7314403], [120.2809366, 22.7314795], [120.2814127, 22.7317976], [120.2817034, 22.7319053], [120.2820229, 22.7319905], [120.2823276, 22.7320297], [120.2826333, 22.7320503], [120.2842561, 22.7321], [120.2842938, 22.7321024], [120.2843957, 22.7321091], [120.2845052, 22.7321128], [120.2847212, 22.7321244]]}, "id": 254325298}, {"type": "Feature", "properties": {"osm_id": 254325299, "name": "大學南路", "highway": "tertiary", "nodes": [260132640, 256245347]}, "geometry": {"type": "LineString", "coordinates": [[120.2924664, 22.7321763], [120.2923514, 22.7322023]]}, "id": 254325299}, {"type": "Feature", "properties": {"osm_id": 254325300, "name": "大學西路", "highway": "residential", "nodes": [1080697160, 265972835, 5375267628, 7242885167, 7243024993, 12658227953, 2206324446, 1080697211]}, "geometry": {"type": "LineString", "coordinates": [[120.2826308, 22.7218069], [120.2825751, 22.7219238], [120.2825517, 22.721981], [120.2825236, 22.7220494], [120.2825101, 22.7220822], [120.2822363, 22.7227497], [120.2820963, 22.723091], [120.281928, 22.7234604]]}, "id": 254325300}, {"type": "Feature", "properties": {"osm_id": 254325301, "name": "大學西路", "highway": "residential", "nodes": [2601136103, 7242730791, 7242730792, 1080696948, 12658236915, 1080697233, 7242885182, 1080696704, 7242885181, 7242882779, 1080696932, 2999030613, 1080697242]}, "geometry": {"type": "LineString", "coordinates": [[120.2780815, 22.7296803], [120.2779974, 22.729798], [120.2779837, 22.7298171], [120.2778516, 22.7300019], [120.277613, 22.7303175], [120.2769598, 22.7311811], [120.2764707, 22.7318496], [120.2764141, 22.7319269], [120.2763671, 22.7319909], [120.2760684, 22.7323902], [120.27532, 22.7334039], [120.2752764, 22.7334734], [120.275262, 22.7334959]]}, "id": 254325301}, {"type": "Feature", "properties": {"osm_id": 254325302, "name": "德民路", "highway": "tertiary", "lanes": "2", "oneway": "yes", "maxspeed": "60", "nodes": [262841034, 262841035, 4309157533, 4309157576, 1398635524]}, "geometry": {"type": "LineString", "coordinates": [[120.2910387, 22.7217484], [120.290939, 22.7217056], [120.2908007, 22.7216454], [120.2899727, 22.7212845], [120.2898888, 22.721249]]}, "id": 254325302}, {"type": "Feature", "properties": {"osm_id": 254325303, "name": "德民路", "highway": "tertiary", "lanes": "2", "oneway": "yes", "maxspeed": "60", "nodes": [2896476582, 262840998, 262840999, 1400036178, 1400036274, 262841018, 1400036399, 262841021, 262841041, 262841033, 12468600350, 4309157709, 262841034]}, "geometry": {"type": "LineString", "coordinates": [[120.2978165, 22.7232993], [120.2959251, 22.7226468], [120.295611, 22.7225385], [120.2947026, 22.7222272], [120.2940154, 22.7219948], [120.2936067, 22.7218923], [120.2933437, 22.7218395], [120.2929422, 22.7217863], [120.2926918, 22.7217593], [120.2919888, 22.721735], [120.2912476, 22.7217338], [120.2911811, 22.7217337], [120.2910387, 22.7217484]]}, "id": 254325303}, {"type": "Feature", "properties": {"osm_id": 254325305, "name": "德民路", "highway": "tertiary", "lanes": "2", "oneway": "yes", "maxspeed": "60", "nodes": [256455755, 4309157595, 2400006090, 1398635729, 256455759, 1400036090, 256455764, 1400036819, 256455769, 1400036436, 13049704155]}, "geometry": {"type": "LineString", "coordinates": [[120.2910705, 22.7216084], [120.2911924, 22.7216536], [120.2919137, 22.7216658], [120.2926808, 22.7216955], [120.2929651, 22.7217202], [120.2933675, 22.7217746], [120.2936464, 22.7218291], [120.2940438, 22.7219372], [120.2944594, 22.7220734], [120.2947853, 22.7221816], [120.2956348, 22.7224806]]}, "id": 254325305}, {"type": "Feature", "properties": {"osm_id": 254325307, "name": "藍昌路", "highway": "tertiary", "oneway": "yes", "nodes": [256245347, 7243024905, 12658227994, 7243024888, 7243024886, 5302825713, 7243024891, 7243024880, 7243024823, 260269166, 7243024826, 7243024830, 7243024828, 2081844137, 7243024832, 7243024842, 7243024837, 1080697512, 7243024840, 1080697450, 7243024852, 7243024849, 1080696959, 7243024857, 7243024851, 7242885247, 4309157540, 260130548]}, "geometry": {"type": "LineString", "coordinates": [[120.2923514, 22.7322023], [120.2923247, 22.7320101], [120.2922969, 22.7318045], [120.2922835, 22.7317049], [120.2922786, 22.7316692], [120.2922706, 22.7316106], [120.2922555, 22.7315001], [120.2921999, 22.7310933], [120.292196, 22.7310647], [120.2921879, 22.7310051], [120.2921767, 22.7309232], [120.2921161, 22.7304656], [120.2921129, 22.7304426], [120.2921057, 22.7303938], [120.292093, 22.7303091], [120.2920465, 22.7299408], [120.2920434, 22.7299175], [120.2920273, 22.7298088], [120.2920166, 22.7297447], [120.2920007, 22.729635], [120.2919146, 22.7290046], [120.2919096, 22.7289696], [120.2918958, 22.7288672], [120.2918668, 22.7286547], [120.2918551, 22.7285696], [120.2917044, 22.7274658], [120.2916964, 22.7274076], [120.2916806, 22.7272916]]}, "id": 254325307}, {"type": "Feature", "properties": {"osm_id": 254325308, "name": "藍田路", "highway": "tertiary", "oneway": "yes", "nodes": [258784609, 260132634, 4309157685, 1401138375, 7242885256, 258784618, 7242885258, 7242885267, 7242885260, 1401138517, 7242885262, 258784629, 7242885277, 7242885269, 2400006089, 258784649]}, "geometry": {"type": "LineString", "coordinates": [[120.2916651, 22.7272035], [120.2918015, 22.7271811], [120.2918789, 22.7271657], [120.2922283, 22.7271054], [120.2936162, 22.7268645], [120.2936996, 22.72685], [120.2938228, 22.7268286], [120.2942479, 22.7267549], [120.2942762, 22.72675], [120.2943789, 22.7267322], [120.2945359, 22.726705], [120.2954328, 22.7265495], [120.2955762, 22.7264966], [120.2956104, 22.7264833], [120.2957332, 22.7264159], [120.2958633, 22.726293]]}, "id": 254325308}, {"type": "Feature", "properties": {"osm_id": 254325309, "name": "藍田路", "highway": "tertiary", "oneway": "yes", "nodes": [291592355, 4309157599, 7242882727, 4309157569, 1080697129, 4309157527, 4309157647, 1080696728, 4309157401, 7242885214, 4309157639, 343046730]}, "geometry": {"type": "LineString", "coordinates": [[120.2798729, 22.7268425], [120.2800082, 22.7269033], [120.2803799, 22.7270594], [120.2804099, 22.7270718], [120.2805263, 22.7271246], [120.2806512, 22.7271798], [120.2813575, 22.7275061], [120.2814733, 22.7275596], [120.2815279, 22.7275846], [120.2817915, 22.7277052], [120.2818233, 22.7277192], [120.2820058, 22.7278005]]}, "id": 254325309}, {"type": "Feature", "properties": {"osm_id": 254325310, "name": "中央路", "highway": "tertiary", "oneway": "yes", "nodes": [289125976, 289126017, 1218537279, 289126047, 289126058, 289126140, 289126110]}, "geometry": {"type": "LineString", "coordinates": [[120.3047939, 22.7217211], [120.3047479, 22.7217944], [120.3047136, 22.7218261], [120.304658, 22.7218592], [120.3045776, 22.7218819], [120.3045041, 22.7218822], [120.3044277, 22.7218621]]}, "id": 254325310}, {"type": "Feature", "properties": {"osm_id": 254325311, "highway": "tertiary", "oneway": "yes", "nodes": [2377741127, 2377564327, 2377564328, 2377564337, 2377564329, 2377564338, 2377564330, 2377566100, 2377564331, 2377564332, 2377564335, 2377564333, 2377564334, 1218537325]}, "geometry": {"type": "LineString", "coordinates": [[120.3053579, 22.7187992], [120.3053668, 22.7187418], [120.30542, 22.7186439], [120.3054644, 22.7186073], [120.3055135, 22.7185939], [120.3055578, 22.7185901], [120.3056185, 22.7185987], [120.3058133, 22.7186702], [120.3060668, 22.7187624], [120.3061229, 22.7188033], [120.3061439, 22.7188529], [120.3061481, 22.7188883], [120.3061404, 22.718938], [120.3060777, 22.7190525]]}, "id": 254325311}, {"type": "Feature", "properties": {"osm_id": 254325312, "name": "德惠路", "highway": "tertiary", "lanes": "2", "oneway": "yes", "nodes": [2378612823, 4425362017, 2378612821, 5312828176, 260131171, 260131174, 4589310020, 258785000]}, "geometry": {"type": "LineString", "coordinates": [[120.3028387, 22.726212], [120.3028246, 22.726643], [120.3028555, 22.7269132], [120.3028924, 22.7270416], [120.3029394, 22.727155], [120.3030214, 22.7273449], [120.3031287, 22.7277736], [120.3031983, 22.7281432]]}, "id": 254325312}, {"type": "Feature", "properties": {"osm_id": 254325314, "name": "德賢路", "highway": "residential", "oneway": "no", "nodes": [2378612823, 258785457]}, "geometry": {"type": "LineString", "coordinates": [[120.3028387, 22.726212], [120.3027515, 22.7261996]]}, "id": 254325314}, {"type": "Feature", "properties": {"osm_id": 254325315, "name": "益群路", "highway": "residential", "oneway": "no", "nodes": [256456070, 1401138367, 1401138311, 2968251748]}, "geometry": {"type": "LineString", "coordinates": [[120.2973372, 22.7241354], [120.2975145, 22.7238261], [120.2976247, 22.7236342], [120.2977708, 22.7233806]]}, "id": 254325315}, {"type": "Feature", "properties": {"osm_id": 254325316, "name": "益群路", "highway": "residential", "oneway": "no", "nodes": [256456070, 2788516495, 1401138532, 258784711, 1401138374, 7242885285, 7242885283, 1401138362]}, "geometry": {"type": "LineString", "coordinates": [[120.2973372, 22.7241354], [120.2972068, 22.7243666], [120.2971178, 22.7245251], [120.2969043, 22.7249007], [120.2967335, 22.7252095], [120.2966215, 22.725409], [120.2966109, 22.7254278], [120.2965754, 22.7254911]]}, "id": 254325316}, {"type": "Feature", "properties": {"osm_id": 256044033, "name": "德民路", "highway": "tertiary", "lanes": "2", "oneway": "yes", "maxspeed": "60", "nodes": [2876350350, 3010545862, 262840996, 1400036527, 12556881688, 262841036, 12556881684, 3004986158, 1401138329, 2896477970, 1400036413]}, "geometry": {"type": "LineString", "coordinates": [[120.3029082, 22.7253344], [120.3015875, 22.7252071], [120.3014002, 22.7251777], [120.3011975, 22.7250953], [120.300126, 22.7245237], [120.3000165, 22.7244653], [120.2999076, 22.7244024], [120.2993177, 22.7240615], [120.2988906, 22.7238377], [120.2980523, 22.7233984], [120.297977, 22.7233668]]}, "id": 256044033}, {"type": "Feature", "properties": {"osm_id": 256044034, "name": "德民路", "highway": "tertiary", "lanes": "2", "oneway": "yes", "maxspeed": "60", "nodes": [262840955, 12556881638, 262840957, 1400036253, 262840958, 1400036201, 262840959, 262840960, 4425355581, 12556881651, 12556881672, 12556881666, 1400036033]}, "geometry": {"type": "LineString", "coordinates": [[120.3104056, 22.7266732], [120.3103191, 22.7266297], [120.3095619, 22.7262466], [120.3092821, 22.7261216], [120.308993, 22.7260296], [120.3086941, 22.7259408], [120.3083976, 22.7258687], [120.3080712, 22.7258072], [120.3076367, 22.7257552], [120.3070478, 22.7256974], [120.3048654, 22.7254831], [120.3047579, 22.7254726], [120.304607, 22.7254604]]}, "id": 256044034}, {"type": "Feature", "properties": {"osm_id": 256044035, "name": "德民路", "highway": "tertiary", "lanes": "2", "oneway": "yes", "maxspeed": "60", "nodes": [258785439, 2876350352]}, "geometry": {"type": "LineString", "coordinates": [[120.3029237, 22.7252543], [120.3030044, 22.7252607]]}, "id": 256044035}, {"type": "Feature", "properties": {"osm_id": 256044036, "name": "德民路", "highway": "tertiary", "lanes": "2", "oneway": "yes", "maxspeed": "60", "nodes": [1400036864, 2896476582]}, "geometry": {"type": "LineString", "coordinates": [[120.2979026, 22.7233355], [120.2978165, 22.7232993]]}, "id": 256044036}, {"type": "Feature", "properties": {"osm_id": 256044037, "name": "德民路", "highway": "tertiary", "lanes": "2", "oneway": "yes", "maxspeed": "60", "nodes": [1398635095, 5223362441, 1398634938, 2956870897, 1398634853, 265968442]}, "geometry": {"type": "LineString", "coordinates": [[120.2873063, 22.7198867], [120.2857466, 22.7189561], [120.2853434, 22.7187156], [120.2852849, 22.718679], [120.2848944, 22.7184262], [120.2848675, 22.7182839]]}, "id": 256044037}, {"type": "Feature", "properties": {"osm_id": 256044038, "name": "德民路", "highway": "tertiary", "lanes": "2", "oneway": "yes", "maxspeed": "60", "nodes": [261697052, 2384936096, 1398635433, 2384936106, 4309157500, 265968403]}, "geometry": {"type": "LineString", "coordinates": [[120.2873564, 22.7198157], [120.2880996, 22.7202501], [120.2883216, 22.7203619], [120.289182, 22.7207954], [120.2898272, 22.7211205], [120.2899239, 22.7211692]]}, "id": 256044038}, {"type": "Feature", "properties": {"osm_id": 256044039, "name": "德民路", "highway": "tertiary", "lanes": "2", "oneway": "yes", "maxspeed": "60", "nodes": [265748817, 12556881648, 258785670, 1400036409, 258785692, 258785715, 4425355586, 12556881625, 258785726, 12556881630, 4425355690, 258785735]}, "geometry": {"type": "LineString", "coordinates": [[120.3105336, 22.7266391], [120.3106551, 22.7267103], [120.31103, 22.72693], [120.3114538, 22.727193], [120.3118271, 22.7274355], [120.3122585, 22.727781], [120.3127561, 22.7282464], [120.3130204, 22.7284955], [120.3130825, 22.7285541], [120.3131759, 22.7286463], [120.3136124, 22.7290771], [120.3138883, 22.7293175]]}, "id": 256044039}, {"type": "Feature", "properties": {"osm_id": 256044041, "name": "後昌新路", "highway": "tertiary", "oneway": "yes", "nodes": [13056406558, 13056406560]}, "geometry": {"type": "LineString", "coordinates": [[120.2919746, 22.7181039], [120.2920085, 22.718013]]}, "id": 256044041}, {"type": "Feature", "properties": {"osm_id": 256044043, "name": "後昌路", "highway": "primary", "oneway": "yes", "nodes": [261697050, 4309157542, 4309157549, 1398635805, 4309157392, 265968419]}, "geometry": {"type": "LineString", "coordinates": [[120.2894971, 22.7167397], [120.2894302, 22.7166983], [120.2889969, 22.7164656], [120.2889277, 22.7164284], [120.2888686, 22.7163982], [120.2881018, 22.7160072]]}, "id": 256044043}, {"type": "Feature", "properties": {"osm_id": 256044044, "name": "後昌路", "highway": "primary", "oneway": "yes", "nodes": [1372607168, 4309157529, 1372607349, 4309151561, 1398634156, 4309157610, 1398635191]}, "geometry": {"type": "LineString", "coordinates": [[120.2895359, 22.7166848], [120.2901773, 22.7170338], [120.2903461, 22.7171256], [120.2906031, 22.7172578], [120.2907762, 22.7173469], [120.2914506, 22.7177138], [120.2914957, 22.7177383]]}, "id": 256044044}, {"type": "Feature", "properties": {"osm_id": 256044045, "name": "後昌路", "highway": "primary", "oneway": "yes", "nodes": [13056406558, 13056406551, 1398634091, 4309157519, 4309151557, 262675908, 4309157479, 261697050]}, "geometry": {"type": "LineString", "coordinates": [[120.2919746, 22.7181039], [120.2918707, 22.7180446], [120.2914736, 22.7178183], [120.2914266, 22.7177925], [120.2905643, 22.7173205], [120.2903571, 22.717207], [120.2901438, 22.7170911], [120.2894971, 22.7167397]]}, "id": 256044045}, {"type": "Feature", "properties": {"osm_id": 256044046, "name": "外環西路", "highway": "tertiary", "oneway": "yes", "motorcycle": "no", "nodes": [1400036864, 2896477627]}, "geometry": {"type": "LineString", "coordinates": [[120.2979026, 22.7233355], [120.2979322, 22.7232713]]}, "id": 256044046}, {"type": "Feature", "properties": {"osm_id": 256044048, "name": "德祥路", "highway": "residential", "oneway": "no", "nodes": [262087980, 2400262791, 262087981, 3881378734, 1401138189, 262087982, 262087983, 262087984, 3326622861, 262087985, 262087986, 3326622862, 262087987, 1401138321, 262087988, 3326622863, 262087990, 262087991]}, "geometry": {"type": "LineString", "coordinates": [[120.3101179, 22.7271428], [120.3096336, 22.7268888], [120.3095591, 22.7268497], [120.3093562, 22.726751], [120.3093377, 22.7267442], [120.3092449, 22.7267102], [120.308984, 22.7266384], [120.308656, 22.7265696], [120.3084095, 22.7265356], [120.3083016, 22.7265313], [120.308208, 22.7265444], [120.3081399, 22.7265611], [120.3080621, 22.726586], [120.3079294, 22.7266462], [120.3078195, 22.7267132], [120.3077443, 22.7267713], [120.3076711, 22.7268388], [120.3075202, 22.7270454]]}, "id": 256044048}, {"type": "Feature", "properties": {"osm_id": 256044049, "name": "壽民路54巷", "highway": "residential", "oneway": "no", "nodes": [13049704154, 262840999, 13049704155]}, "geometry": {"type": "LineString", "coordinates": [[120.295581, 22.7226088], [120.295611, 22.7225385], [120.2956348, 22.7224806]]}, "id": 256044049}, {"type": "Feature", "properties": {"osm_id": 256044050, "name": "民昌街", "highway": "residential", "oneway": "no", "nodes": [1398635095, 261697052]}, "geometry": {"type": "LineString", "coordinates": [[120.2873063, 22.7198867], [120.2873564, 22.7198157]]}, "id": 256044050}, {"type": "Feature", "properties": {"osm_id": 256044051, "name": "海專路", "highway": "residential", "oneway": "no", "nodes": [262087980, 12944021033, 12556881642, 12944021029]}, "geometry": {"type": "LineString", "coordinates": [[120.3101179, 22.7271428], [120.3103441, 22.7268278], [120.310376, 22.7267835], [120.3103992, 22.7267512]]}, "id": 256044051}, {"type": "Feature", "properties": {"osm_id": 256795148, "highway": "primary_link", "lanes": "1", "oneway": "yes", "maxspeed": "40", "motorcycle": "yes", "nodes": [1196964722, 280507431, 280507425, 2973908551, 280507424, 2973908552, 280507414, 280507409, 2982250994, 280507408, 2982250993, 280507407, 280507406, 280507401, 2982250998, 280507400, 3380582005, 265748785]}, "geometry": {"type": "LineString", "coordinates": [[120.3237032, 22.7246024], [120.3235309, 22.7243593], [120.3231545, 22.7237503], [120.3229855, 22.7234658], [120.3228593, 22.7232038], [120.32283, 22.7231107], [120.3228169, 22.7230236], [120.3228111, 22.7228572], [120.3228125, 22.7227842], [120.3228179, 22.7227199], [120.3228339, 22.7226419], [120.3228956, 22.7225244], [120.3230117, 22.7223644], [120.3230839, 22.7221862], [120.323104, 22.7221087], [120.3231086, 22.7220201], [120.3231089, 22.7218864], [120.3230889, 22.7217386]]}, "id": 256795148}, {"type": "Feature", "properties": {"osm_id": 256795154, "name": "高楠公路", "highway": "primary", "lanes": "1", "oneway": "yes", "maxspeed": "40", "nodes": [280507467, 1196964667, 2982282050, 2982394397]}, "geometry": {"type": "LineString", "coordinates": [[120.3249811, 22.718898], [120.3251107, 22.7183147], [120.3251233, 22.7182543], [120.3252895, 22.7173048]]}, "id": 256795154}, {"type": "Feature", "properties": {"osm_id": 256795157, "highway": "primary_link", "oneway": "yes", "nodes": [2982310568, 5792509225, 5346067179]}, "geometry": {"type": "LineString", "coordinates": [[120.3251277, 22.7191826], [120.3251278, 22.7193881], [120.3251283, 22.7196048]]}, "id": 256795157}, {"type": "Feature", "properties": {"osm_id": 256795158, "name": "金和街", "highway": "residential", "nodes": [2261344322, 2624297551, 2624297523, 2971587484, 2624297527, 2624297529, 2624297540, 2624297531, 2971587489, 2971587490, 2624297533, 2971587488, 2624297535, 2624297536, 12862457490]}, "geometry": {"type": "LineString", "coordinates": [[120.3193525, 22.7260989], [120.3187275, 22.7255423], [120.3181758, 22.7250117], [120.3179506, 22.7248137], [120.3178308, 22.7246355], [120.3177253, 22.7242854], [120.3177146, 22.724179], [120.3176441, 22.7239962], [120.3175638, 22.7238201], [120.3175158, 22.7237293], [120.3174702, 22.7236695], [120.3174222, 22.7236164], [120.3173599, 22.7235594], [120.3169258, 22.7232059], [120.3168552, 22.7231478]]}, "id": 256795158}, {"type": "Feature", "properties": {"osm_id": 256795162, "name": "金富街", "highway": "residential", "nodes": [2624297542, 2624297544, 2624297546, 2971587487, 2624297548, 2971587486, 2624297550, 2971587485, 2261344322]}, "geometry": {"type": "LineString", "coordinates": [[120.3191663, 22.7237648], [120.3198765, 22.7245802], [120.3203444, 22.7252466], [120.3203349, 22.7252886], [120.3202131, 22.7254474], [120.3199999, 22.7256639], [120.3198524, 22.7257851], [120.3196619, 22.7259212], [120.3193525, 22.7260989]]}, "id": 256795162}, {"type": "Feature", "properties": {"osm_id": 256795165, "highway": "tertiary", "oneway": "yes", "nodes": [4916071634, 2982365565, 13057548167, 2624297555, 13057548168, 13057548172, 2624297557, 2982365558, 2624297559, 2982365557, 1196965105]}, "geometry": {"type": "LineString", "coordinates": [[120.3194319, 22.7239313], [120.3192936, 22.7237772], [120.3192542, 22.7237234], [120.3192253, 22.7236732], [120.3192233, 22.7236244], [120.3192395, 22.7235781], [120.3192952, 22.7234756], [120.3193733, 22.7233917], [120.3194697, 22.7233446], [120.3197641, 22.7232483], [120.320058, 22.7231072]]}, "id": 256795165}, {"type": "Feature", "properties": {"osm_id": 267715853, "name": "翠華路", "highway": "primary", "lanes": "2", "oneway": "yes", "maxspeed": "60", "motorcycle": "no", "nodes": [1389952862, 7253300506, 1389952908, 2225667843, 256456148, 1389952951, 256456143, 4643446179, 2225667877, 256456138, 295692580, 7644002636, 256456133, 295692618, 295692576, 256456121, 258769881]}, "geometry": {"type": "LineString", "coordinates": [[120.3028097, 22.6936111], [120.3028099, 22.6937146], [120.3028129, 22.6939455], [120.3028309, 22.6943065], [120.302875, 22.6945935], [120.3029852, 22.695072], [120.3031245, 22.6955114], [120.3032789, 22.6960393], [120.3033601, 22.6963171], [120.3034046, 22.6965739], [120.3033949, 22.6971876], [120.3033798, 22.6972931], [120.3033334, 22.6976168], [120.3032144, 22.6980415], [120.3029013, 22.6987719], [120.3028452, 22.6989001], [120.3027913, 22.6990249]]}, "id": 267715853}, {"type": "Feature", "properties": {"osm_id": 267715869, "name": "大學西路", "highway": "residential", "nodes": [1080697211, 12468600332, 7242885166, 265972866]}, "geometry": {"type": "LineString", "coordinates": [[120.281928, 22.7234604], [120.2816599, 22.7240671], [120.2816448, 22.7241012], [120.2816221, 22.7241509]]}, "id": 267715869}, {"type": "Feature", "properties": {"osm_id": 267715871, "name": "大學西路", "highway": "residential", "nodes": [265972844, 291592355]}, "geometry": {"type": "LineString", "coordinates": [[120.2798188, 22.7269344], [120.2798729, 22.7268425]]}, "id": 267715871}, {"type": "Feature", "properties": {"osm_id": 267715873, "name": "大學西路", "highway": "residential", "nodes": [265972866, 7242885164, 7243025004, 265972836, 265972838, 12468600330, 343046602]}, "geometry": {"type": "LineString", "coordinates": [[120.2816221, 22.7241509], [120.281566, 22.7242702], [120.2815448, 22.7243123], [120.2813223, 22.7247795], [120.2809966, 22.7253481], [120.2809783, 22.7253796], [120.2808932, 22.7255138]]}, "id": 267715873}, {"type": "Feature", "properties": {"osm_id": 267715875, "name": "大學西路", "highway": "residential", "nodes": [343046602, 12468600323, 12468600319, 1080696694, 265972840, 1080697095, 265972842, 7242882717, 4309157504, 291592355]}, "geometry": {"type": "LineString", "coordinates": [[120.2808932, 22.7255138], [120.2808372, 22.7255908], [120.280814, 22.7256215], [120.2807822, 22.7256648], [120.2806314, 22.7258434], [120.2805231, 22.7259786], [120.2802147, 22.7263926], [120.2799441, 22.7267421], [120.2799335, 22.7267558], [120.2798729, 22.7268425]]}, "id": 267715875}, {"type": "Feature", "properties": {"osm_id": 267715878, "name": "德民路", "highway": "tertiary", "lanes": "2", "maxspeed": "60", "nodes": [1372607254, 2409813948, 1398635893, 2409781795, 265968442]}, "geometry": {"type": "LineString", "coordinates": [[120.2825867, 22.7168903], [120.2828039, 22.7170248], [120.2837644, 22.7176194], [120.2840765, 22.7178126], [120.2848675, 22.7182839]]}, "id": 267715878}, {"type": "Feature", "properties": {"osm_id": 267715881, "name": "德民路", "highway": "tertiary", "lanes": "2", "oneway": "yes", "maxspeed": "60", "nodes": [256455983, 1398634137, 261697052]}, "geometry": {"type": "LineString", "coordinates": [[120.285009, 22.71835], [120.2854522, 22.718649], [120.2873564, 22.7198157]]}, "id": 267715881}, {"type": "Feature", "properties": {"osm_id": 267715892, "name": "軍校路", "highway": "tertiary", "oneway": "yes", "maxspeed": "50", "nodes": [262083246, 2401176460, 2401176462, 2401176466, 1372607199, 262083253, 2417585430, 11808717001, 262083266, 262083269, 4315351832, 262083274, 4315351822, 1389897865, 262083277, 2417585426, 1372607193, 2417585428, 262083278, 4315351831, 262083279, 2178152798, 262083281, 4315351846, 2938751970, 262083287, 2938751968, 4315351816, 4315349243, 2941444517, 4315351841, 2941444513, 4315349191, 3005304549, 4315351854, 2941444512, 13056402564, 13056402559, 7299115804, 4315349257, 2399424084, 262083290]}, "geometry": {"type": "LineString", "coordinates": [[120.2929611, 22.7088393], [120.2929731, 22.7086649], [120.292968, 22.7085939], [120.292958, 22.7085321], [120.2929408, 22.7084812], [120.2928335, 22.7080972], [120.2927939, 22.7079187], [120.2927927, 22.7079042], [120.2927762, 22.7077032], [120.2927561, 22.7073403], [120.2927735, 22.7067794], [120.2927765, 22.7066826], [120.2927957, 22.70647], [120.2928395, 22.7059847], [120.2928417, 22.7059044], [120.2928339, 22.7058418], [120.2928214, 22.705741], [120.2927776, 22.7056266], [120.2927724, 22.7056131], [120.2925789, 22.7053068], [120.2925515, 22.7052582], [120.2924999, 22.7051486], [120.2924707, 22.7050518], [120.2924356, 22.7048985], [120.2924318, 22.7048425], [120.2924327, 22.7047534], [120.2924284, 22.704477], [120.2924289, 22.7041924], [120.2924281, 22.70414], [120.2924275, 22.7040949], [120.2924281, 22.703985], [120.2924345, 22.7027562], [120.2924357, 22.702275], [120.2924366, 22.7018967], [120.2924367, 22.7018528], [120.2924369, 22.7017614], [120.2924336, 22.7014271], [120.2924352, 22.701284], [120.292435, 22.700902], [120.2924332, 22.7008623], [120.2924314, 22.7008059], [120.2924282, 22.7007623]]}, "id": 267715892}, {"type": "Feature", "properties": {"osm_id": 267715897, "name": "軍校路", "highway": "tertiary", "lanes": "2", "oneway": "yes", "maxspeed": "50", "nodes": [1389897877, 2206361943, 13056402580, 262083237, 2206361958]}, "geometry": {"type": "LineString", "coordinates": [[120.2930314, 22.708801], [120.2930078, 22.7090134], [120.2930004, 22.7090736], [120.292971, 22.7093545], [120.2928941, 22.7096523]]}, "id": 267715897}, {"type": "Feature", "properties": {"osm_id": 267715899, "name": "藍田路", "highway": "tertiary", "oneway": "yes", "nodes": [265972844, 4309157697, 4309157668, 1080697180, 4309157496, 1080697161, 4309157467, 7242882729, 4309151565, 1080696934]}, "geometry": {"type": "LineString", "coordinates": [[120.2798188, 22.7269344], [120.2797084, 22.7268863], [120.2788221, 22.726501], [120.2787376, 22.7264671], [120.278653, 22.726432], [120.2782588, 22.7262664], [120.2781818, 22.7262332], [120.2779554, 22.7261318], [120.2779357, 22.726123], [120.277775, 22.7260511]]}, "id": 267715899}, {"type": "Feature", "properties": {"osm_id": 267715901, "name": "藍田路", "highway": "tertiary", "oneway": "yes", "nodes": [1080696934, 4309157622, 7242882734, 4309157618, 1080697481, 1080697457, 4315402334, 1080697216, 9851577262, 7391695983, 7391695982, 7391695981, 9849621809]}, "geometry": {"type": "LineString", "coordinates": [[120.277775, 22.7260511], [120.2775808, 22.7259513], [120.2760539, 22.7251528], [120.2760254, 22.7251369], [120.275887, 22.7250593], [120.2757808, 22.7249985], [120.2757101, 22.7249605], [120.2744941, 22.7243071], [120.2744688, 22.7242941], [120.2744019, 22.7242597], [120.2742566, 22.7241849], [120.2741586, 22.7241345], [120.2740837, 22.7240959]]}, "id": 267715901}, {"type": "Feature", "properties": {"osm_id": 267715902, "name": "藍田路", "highway": "tertiary", "oneway": "yes", "nodes": [7242885211, 1080697004, 4309157699, 13049704169, 4309157448, 1080696734, 4309157683, 7242882724, 4309157447, 1080696887, 4309157682, 7242882718, 4309157417, 265972844]}, "geometry": {"type": "LineString", "coordinates": [[120.2820773, 22.7279471], [120.2819739, 22.7279026], [120.281764, 22.7278124], [120.2816016, 22.7277431], [120.2814782, 22.727689], [120.2814007, 22.7276533], [120.2813099, 22.7276065], [120.2806199, 22.7272832], [120.2805545, 22.7272547], [120.2804476, 22.7272082], [120.2803502, 22.7271636], [120.2799836, 22.7270096], [120.2799581, 22.7269979], [120.2798188, 22.7269344]]}, "id": 267715902}, {"type": "Feature", "properties": {"osm_id": 267715909, "name": "右昌街", "highway": "residential", "nodes": [1372607229, 4585333826, 1372607316, 1398634490, 1398634305, 1372607285, 265968306, 265968378, 259974863, 3004962043]}, "geometry": {"type": "LineString", "coordinates": [[120.28897, 22.7113142], [120.289116, 22.7116423], [120.2893093, 22.7122041], [120.2893951, 22.7124327], [120.2894619, 22.7125747], [120.2895725, 22.7127702], [120.2896534, 22.7128981], [120.2898483, 22.7132019], [120.2900811, 22.7136402], [120.2901512, 22.7137308]]}, "id": 267715909}, {"type": "Feature", "properties": {"osm_id": 267715911, "name": "右昌街", "highway": "primary", "lanes": "2", "oneway": "yes", "maxspeed": "60", "nodes": [265968442, 1398636099, 265968440, 265968437]}, "geometry": {"type": "LineString", "coordinates": [[120.2848675, 22.7182839], [120.2853798, 22.7179879], [120.2859718, 22.717632], [120.2865393, 22.7172953]]}, "id": 267715911}, {"type": "Feature", "properties": {"osm_id": 267715913, "name": "右昌街", "highway": "primary", "lanes": "2", "oneway": "yes", "maxspeed": "60", "nodes": [256455983, 1398634853, 2956870896, 1398634359]}, "geometry": {"type": "LineString", "coordinates": [[120.285009, 22.71835], [120.2848944, 22.7184262], [120.2846943, 22.7185499], [120.2834759, 22.7192729]]}, "id": 267715913}, {"type": "Feature", "properties": {"osm_id": 267715922, "name": "三山街", "highway": "residential", "oneway": "no", "nodes": [1372607254, 1398635885, 1398634345]}, "geometry": {"type": "LineString", "coordinates": [[120.2825867, 22.7168903], [120.2821324, 22.7175835], [120.2816189, 22.7183121]]}, "id": 267715922}, {"type": "Feature", "properties": {"osm_id": 267715924, "name": "大學二十一路", "highway": "residential", "lanes_forward": "1", "lanes_backward": "1", "oneway": "no", "nodes": [265972873, 1080697412, 1080697177, 7243025009, 12468600327, 343046602, 12468600324, 7243025007, 343046624, 343046640, 343046653, 343046671, 343046699, 1080697504, 7242885215, 4309157679, 343046730]}, "geometry": {"type": "LineString", "coordinates": [[120.279993, 22.724396], [120.2802384, 22.7247499], [120.2804723, 22.7250344], [120.2807701, 22.7253738], [120.2807857, 22.7253909], [120.2808932, 22.7255138], [120.2809623, 22.725592], [120.280992, 22.7256281], [120.2812465, 22.7259344], [120.2814647, 22.7262779], [120.2815325, 22.7264089], [120.2816163, 22.726611], [120.2818649, 22.7271972], [120.2819393, 22.727455], [120.2819994, 22.7276682], [120.2820079, 22.7277374], [120.2820058, 22.7278005]]}, "id": 267715924}, {"type": "Feature", "properties": {"osm_id": 267715925, "name": "大學二十一路", "highway": "residential", "nodes": [1080697107, 1080697241, 265972873]}, "geometry": {"type": "LineString", "coordinates": [[120.2794687, 22.7233973], [120.2796571, 22.7237822], [120.279993, 22.724396]]}, "id": 267715925}, {"type": "Feature", "properties": {"osm_id": 267715927, "name": "大學二十一路", "highway": "residential", "nodes": [343046730, 1080697004]}, "geometry": {"type": "LineString", "coordinates": [[120.2820058, 22.7278005], [120.2819739, 22.7279026]]}, "id": 267715927}, {"type": "Feature", "properties": {"osm_id": 267715928, "name": "大學二十一路", "highway": "residential", "nodes": [1080697360, 1080697388, 1080696961, 1080697493, 1080697107]}, "geometry": {"type": "LineString", "coordinates": [[120.2790039, 22.7220328], [120.2792456, 22.7225438], [120.2793259, 22.7229501], [120.2793756, 22.7231486], [120.2794687, 22.7233973]]}, "id": 267715928}, {"type": "Feature", "properties": {"osm_id": 267715930, "name": "大學二十九路", "highway": "residential", "nodes": [262101345, 1080697202, 1080697034, 12658236936, 1080697487, 1080696768, 7242885112, 7242885107, 262101330, 7242885109, 7242885113, 1080697171, 1080697532, 343045932, 2430791063, 7242882728, 262101327, 1080696934]}, "geometry": {"type": "LineString", "coordinates": [[120.2738186, 22.7314115], [120.2740073, 22.7311481], [120.2743843, 22.7306433], [120.2745757, 22.730379], [120.2749351, 22.7298827], [120.275512, 22.7291577], [120.2759588, 22.7285557], [120.2759724, 22.7285379], [120.2760579, 22.7284261], [120.2761617, 22.7282955], [120.2761812, 22.728271], [120.2766417, 22.7276917], [120.2771925, 22.7269655], [120.2774128, 22.7266838], [120.2775672, 22.7264348], [120.2777119, 22.726163], [120.2777135, 22.7261597], [120.277775, 22.7260511]]}, "id": 267715930}, {"type": "Feature", "properties": {"osm_id": 267715932, "name": "大學十街", "highway": "residential", "nodes": [265972866, 12468600331, 7242885163, 7243025005, 265972867, 265972853, 265972869, 265972872, 265972873]}, "geometry": {"type": "LineString", "coordinates": [[120.2816221, 22.7241509], [120.2815527, 22.7241268], [120.2815383, 22.7241236], [120.2814878, 22.7241125], [120.2812795, 22.7240877], [120.2809808, 22.724092], [120.2807391, 22.7241288], [120.2804869, 22.7241856], [120.279993, 22.724396]]}, "id": 267715932}, {"type": "Feature", "properties": {"osm_id": 267715934, "name": "德中路", "highway": "primary", "lanes": "2", "oneway": "yes", "maxspeed": "60", "nodes": [1080697360, 2206324436, 4309157502, 2206324442, 4585345353, 4309157633, 262101303, 256455971, 4309157404, 256455969, 256455966]}, "geometry": {"type": "LineString", "coordinates": [[120.2790039, 22.7220328], [120.2789236, 22.7220755], [120.278827, 22.7221224], [120.2779422, 22.7225735], [120.2776658, 22.7227034], [120.277547, 22.7227593], [120.2774307, 22.7228712], [120.2773913, 22.7229126], [120.277375, 22.7229373], [120.2773481, 22.7229779], [120.2772941, 22.7230926]]}, "id": 267715934}, {"type": "Feature", "properties": {"osm_id": 267715937, "name": "德中路", "highway": "primary", "lanes": "2", "oneway": "yes", "maxspeed": "60", "nodes": [4615786626, 588290633, 588290630, 4309157432, 2206324441, 9853009726, 4309157596, 4615786628, 4615786627, 4309157428, 7242885124, 4315402376, 588290649, 588290646, 588290644, 588290652]}, "geometry": {"type": "LineString", "coordinates": [[120.2772661, 22.7229166], [120.2773043, 22.722843], [120.2774081, 22.7227491], [120.2775681, 22.7226418], [120.2778948, 22.7224841], [120.2785028, 22.7221724], [120.2788236, 22.722008], [120.2789491, 22.7219354], [120.2791688, 22.7218027], [120.2792675, 22.7217445], [120.2800365, 22.721255], [120.2800686, 22.7212375], [120.2803033, 22.7210968], [120.2804194, 22.7210291], [120.2806168, 22.7209144], [120.2807386, 22.7208484]]}, "id": 267715937}, {"type": "Feature", "properties": {"osm_id": 268219222, "name": "旗楠路", "highway": "primary", "oneway": "yes", "nodes": [265591745, 2261357299, 11013305177, 265591747, 2985497853, 2261357300, 280277394, 2261377023, 2261377025, 265591748, 8198448995, 8806916641, 8806916631, 1400036592, 1400036403, 1400036212, 265591750]}, "geometry": {"type": "LineString", "coordinates": [[120.328504, 22.7310385], [120.3288513, 22.7312218], [120.32935, 22.7315256], [120.3295249, 22.7316651], [120.3296914, 22.7318], [120.3298986, 22.731983], [120.3301039, 22.7322045], [120.3302053, 22.7323215], [120.3305602, 22.7326778], [120.3311266, 22.7332916], [120.3321207, 22.7343761], [120.3326954, 22.7349908], [120.3327362, 22.7350416], [120.3327781, 22.7350933], [120.3328435, 22.7351766], [120.3329089, 22.7352491], [120.3329652, 22.7353114]]}, "id": 268219222}, {"type": "Feature", "properties": {"osm_id": 268219223, "name": "旗楠路", "highway": "primary", "oneway": "yes", "nodes": [1196965148, 280277349]}, "geometry": {"type": "LineString", "coordinates": [[120.32857, 22.7311485], [120.3284705, 22.7310983]]}, "id": 268219223}, {"type": "Feature", "properties": {"osm_id": 268219224, "name": "加昌路", "highway": "tertiary", "lanes": "2", "oneway": "yes", "motorcycle": "no", "nodes": [1196964845, 13057548172, 2982365564, 1196964639, 259480547]}, "geometry": {"type": "LineString", "coordinates": [[120.3184422, 22.7231696], [120.3192395, 22.7235781], [120.3193456, 22.7236325], [120.3193776, 22.7236595], [120.3198787, 22.7239301]]}, "id": 268219224}, {"type": "Feature", "properties": {"osm_id": 268219225, "name": "加昌路", "highway": "tertiary", "lanes": "2", "oneway": "yes", "maxspeed": "50", "motorcycle": "yes", "nodes": [1400036464, 262092582, 1400036079, 7244182798, 13056406621, 2383902809, 13056406626, 13056406630, 1218537224, 7374641400, 7374641390, 799202632]}, "geometry": {"type": "LineString", "coordinates": [[120.3009893, 22.7163091], [120.3010553, 22.716336], [120.3011099, 22.7163567], [120.3011958, 22.7163888], [120.3026316, 22.7169322], [120.3028108, 22.717], [120.3028667, 22.7170212], [120.3034704, 22.7172495], [120.3036863, 22.7173311], [120.3040187, 22.7174558], [120.3040574, 22.7174706], [120.3043449, 22.7175802]]}, "id": 268219225}, {"type": "Feature", "properties": {"osm_id": 268219227, "name": "加昌路", "highway": "tertiary", "lanes": "2", "oneway": "yes", "nodes": [1196964687, 2624297538, 1196965133, 265748808]}, "geometry": {"type": "LineString", "coordinates": [[120.3188825, 22.7236125], [120.3183272, 22.7233262], [120.3181287, 22.7232247], [120.317269, 22.7228563]]}, "id": 268219227}, {"type": "Feature", "properties": {"osm_id": 268219228, "highway": "primary_link", "oneway": "yes", "motorcycle": "no", "nodes": [1196964712, 2982310583, 1196964652, 2982310582, 1196964943, 2982310581, 1196964580, 2982310579, 2982310578, 2982310580, 1196964884, 2982310577, 2385248866, 2385248867, 1196964512, 2982310575, 2385249004, 2982310574, 1196964825, 2982310576, 1196965122]}, "geometry": {"type": "LineString", "coordinates": [[120.3247175, 22.722838], [120.3248047, 22.722911], [120.3248758, 22.7229629], [120.3249549, 22.7230013], [120.325022, 22.7230198], [120.3250957, 22.7230297], [120.3251842, 22.7230433], [120.3252406, 22.7230433], [120.3252859, 22.7230338], [120.3253255, 22.7230201], [120.325365, 22.7230065], [120.3254105, 22.7229809], [120.325456, 22.7229545], [120.3254935, 22.7229235], [120.3255311, 22.7228843], [120.3255538, 22.7228551], [120.3255772, 22.7228256], [120.3256104, 22.7227792], [120.3256295, 22.7227366], [120.3256501, 22.7226562], [120.325658, 22.7225999]]}, "id": 268219228}, {"type": "Feature", "properties": {"osm_id": 268219230, "name": "加昌路", "highway": "tertiary", "oneway": "yes", "maxspeed": "50", "nodes": [260269192, 260269205, 256456060, 7244182803, 10894062953, 13056406616, 304709043]}, "geometry": {"type": "LineString", "coordinates": [[120.3010067, 22.7164492], [120.3009389, 22.7164246], [120.300864, 22.7163975], [120.3007761, 22.7163646], [120.3000992, 22.7161202], [120.2999483, 22.7160655], [120.299778, 22.7160037]]}, "id": 268219230}, {"type": "Feature", "properties": {"osm_id": 268219231, "name": "壽民路", "highway": "residential", "nodes": [1400036726, 1400036407]}, "geometry": {"type": "LineString", "coordinates": [[120.2983978, 22.7222718], [120.2984625, 22.7222943]]}, "id": 268219231}, {"type": "Feature", "properties": {"osm_id": 268219232, "name": "壽民路", "highway": "residential", "nodes": [1400036407, 1400036823]}, "geometry": {"type": "LineString", "coordinates": [[120.2984625, 22.7222943], [120.2985321, 22.7223208]]}, "id": 268219232}, {"type": "Feature", "properties": {"osm_id": 268219233, "name": "壽民路", "highway": "residential", "nodes": [1400036801, 1400036596, 1400036179, 1400036356, 1400036062, 5212312110, 1400036166]}, "geometry": {"type": "LineString", "coordinates": [[120.2959886, 22.7213706], [120.296092, 22.7214093], [120.2964713, 22.7215511], [120.2971245, 22.7217954], [120.2978643, 22.722072], [120.2982691, 22.7222234], [120.2983055, 22.722237]]}, "id": 268219233}, {"type": "Feature", "properties": {"osm_id": 268219234, "name": "外環西路", "highway": "tertiary", "oneway": "yes", "motorcycle": "no", "nodes": [7244182804, 7244182792, 7244167981, 2206324424, 7244167984, 2206324417]}, "geometry": {"type": "LineString", "coordinates": [[120.3010405, 22.7161603], [120.3014525, 22.7152364], [120.3014778, 22.7151778], [120.301526, 22.7150662], [120.3015707, 22.7149565], [120.3023099, 22.7131322]]}, "id": 268219234}, {"type": "Feature", "properties": {"osm_id": 268219235, "name": "外環西路", "highway": "tertiary", "oneway": "yes", "motorcycle": "no", "nodes": [1400036407, 2896477972, 260269196]}, "geometry": {"type": "LineString", "coordinates": [[120.2984625, 22.7222943], [120.2980379, 22.7232356], [120.2980073, 22.7233019]]}, "id": 268219235}, {"type": "Feature", "properties": {"osm_id": 268219236, "name": "外環西路", "highway": "tertiary", "oneway": "yes", "motorcycle": "no", "nodes": [260269192, 7244182820, 7244182835, 7244182832, 1400036092, 7244182822, 7244182851, 7244182844, 2206232309, 7244182840, 7244182872, 7244182865, 1218537112]}, "geometry": {"type": "LineString", "coordinates": [[120.3010067, 22.7164492], [120.3009504, 22.7165751], [120.300618, 22.7173374], [120.300596, 22.7173877], [120.3005562, 22.7174786], [120.3005144, 22.717574], [120.3002082, 22.7182741], [120.300198, 22.7182973], [120.300155, 22.7183957], [120.3001348, 22.7184419], [120.2996629, 22.71952], [120.2996409, 22.719571], [120.2995676, 22.7197379]]}, "id": 268219236}, {"type": "Feature", "properties": {"osm_id": 268219237, "name": "外環西路", "highway": "tertiary", "oneway": "yes", "motorcycle": "no", "nodes": [1400036726, 1400036767]}, "geometry": {"type": "LineString", "coordinates": [[120.2983978, 22.7222718], [120.2992515, 22.7203052]]}, "id": 268219237}, {"type": "Feature", "properties": {"osm_id": 268219238, "name": "智群路", "highway": "residential", "nodes": [304709042, 1400036126]}, "geometry": {"type": "LineString", "coordinates": [[120.2981984, 22.719949], [120.2967301, 22.7194556]]}, "id": 268219238}, {"type": "Feature", "properties": {"osm_id": 268219239, "name": "楠梓路", "highway": "tertiary", "lanes": "2", "oneway": "yes", "nodes": [1196965148, 3432299162, 2264502028, 2264502044, 1196964634, 1196964928, 1196964558, 1932046239, 2264502067, 2264502074, 1400036034]}, "geometry": {"type": "LineString", "coordinates": [[120.32857, 22.7311485], [120.3284278, 22.7315501], [120.3283034, 22.7319229], [120.3280931, 22.7326039], [120.327981, 22.732967], [120.3278436, 22.7332489], [120.3276613, 22.7335037], [120.3274135, 22.7338699], [120.3265535, 22.7349818], [120.3260653, 22.7356399], [120.3257492, 22.7360948]]}, "id": 268219239}, {"type": "Feature", "properties": {"osm_id": 268219240, "name": "楠陽路", "highway": "tertiary", "oneway": "yes", "nodes": [12598724570, 2261344230, 2261344229, 331257857, 12599118902, 257743123]}, "geometry": {"type": "LineString", "coordinates": [[120.3301755, 22.724145], [120.3288808, 22.7233963], [120.3286009, 22.7232344], [120.3284525, 22.7231486], [120.3280213, 22.722918], [120.3279072, 22.722857]]}, "id": 268219240}, {"type": "Feature", "properties": {"osm_id": 268219241, "name": "楠陽路", "highway": "tertiary", "oneway": "yes", "nodes": [12598724568, 12599114594, 8806789886, 12556600790, 12556600784, 12556600791, 2264426751, 1451069085, 1451069598, 2982365553, 1451068219, 2982365554, 2982365552, 1451069489, 12556231071, 1451068111]}, "geometry": {"type": "LineString", "coordinates": [[120.3303923, 22.7240752], [120.3304576, 22.7241149], [120.3312892, 22.7246203], [120.3313238, 22.7246413], [120.3313885, 22.7246806], [120.3314427, 22.7247133], [120.3316031, 22.7248099], [120.3318553, 22.7249286], [120.3320779, 22.7250078], [120.3322281, 22.7250424], [120.3323327, 22.7250573], [120.3324293, 22.7250697], [120.3325393, 22.7250721], [120.3327002, 22.7250598], [120.332953, 22.7250279], [120.333014, 22.7250202]]}, "id": 268219241}, {"type": "Feature", "properties": {"osm_id": 268219242, "name": "樂群路", "highway": "residential", "nodes": [1400036126, 1400036123, 1400036189, 1400036383, 1400036548, 1400036110, 1400036801]}, "geometry": {"type": "LineString", "coordinates": [[120.2967301, 22.7194556], [120.2966257, 22.7197253], [120.2964864, 22.7200849], [120.2963508, 22.7204352], [120.2962068, 22.720807], [120.2960832, 22.7211263], [120.2959886, 22.7213706]]}, "id": 268219242}, {"type": "Feature", "properties": {"osm_id": 268219243, "name": "秀群路", "highway": "residential", "nodes": [258769484, 10050864418, 10050864420, 2206232318, 1400036035, 304709042]}, "geometry": {"type": "LineString", "coordinates": [[120.2985909, 22.7189506], [120.2985561, 22.719037], [120.2985459, 22.7190623], [120.2984756, 22.7192369], [120.2983632, 22.7195371], [120.2981984, 22.719949]]}, "id": 268219243}, {"type": "Feature", "properties": {"osm_id": 268219244, "name": "高楠公路", "highway": "primary", "lanes": "2", "oneway": "yes", "maxspeed": "60", "motorcycle": "no", "nodes": [2735721820, 2982282053, 2982394400]}, "geometry": {"type": "LineString", "coordinates": [[120.3250886, 22.7189127], [120.3252098, 22.7182665], [120.3253843, 22.7172556]]}, "id": 268219244}, {"type": "Feature", "properties": {"osm_id": 268219245, "name": "高楠公路", "highway": "primary", "lanes": "2", "oneway": "yes", "maxspeed": "60", "nodes": [2982238056, 2982310568, 5792509224, 1196964696, 1196964975, 1196964780]}, "geometry": {"type": "LineString", "coordinates": [[120.3251673, 22.7189219], [120.3251277, 22.7191826], [120.3250479, 22.7196012], [120.3250019, 22.7198757], [120.3247636, 22.7213654], [120.3246997, 22.7216943]]}, "id": 268219245}, {"type": "Feature", "properties": {"osm_id": 268219246, "name": "高楠公路", "highway": "primary", "lanes": "2", "oneway": "yes", "maxspeed": "60", "nodes": [1196964780, 1196964635, 1196964607, 1196964929, 1196964560]}, "geometry": {"type": "LineString", "coordinates": [[120.3246997, 22.7216943], [120.3245881, 22.7222232], [120.3244889, 22.7224867], [120.3243413, 22.7228021], [120.3240772, 22.7232363]]}, "id": 268219246}, {"type": "Feature", "properties": {"osm_id": 268219247, "name": "鳳楠路", "highway": "secondary", "oneway": "yes", "nodes": [12598724570, 12598724569, 331257955, 12599114591, 2264426743, 12599114584, 12599114576, 12599114582, 1451069646, 12599114566, 12599114572]}, "geometry": {"type": "LineString", "coordinates": [[120.3301755, 22.724145], [120.330271, 22.7240059], [120.3302967, 22.7239701], [120.3303324, 22.7239169], [120.3308198, 22.7231914], [120.3308375, 22.7231651], [120.3308659, 22.7231227], [120.3309368, 22.7230108], [120.331169, 22.7226441], [120.3311911, 22.7226094], [120.3313259, 22.7223965]]}, "id": 268219247}, {"type": "Feature", "properties": {"osm_id": 268219248, "name": "鳳楠路", "highway": "secondary", "oneway": "yes", "nodes": [12598724568, 12598724571, 12599114596, 302211364, 302211365, 12556630802, 12598724572, 12556600800, 2261344309, 2261344333, 302211555, 12556630811, 302211368, 12598724578]}, "geometry": {"type": "LineString", "coordinates": [[120.3303923, 22.7240752], [120.3303037, 22.724213], [120.3302296, 22.7243348], [120.3299122, 22.7248567], [120.329704, 22.7253207], [120.3296668, 22.7254035], [120.3296096, 22.725531], [120.3295836, 22.7256224], [120.3295347, 22.7257942], [120.3293798, 22.7263285], [120.3292855, 22.7266504], [120.3292742, 22.7266889], [120.3292675, 22.7267116], [120.3292538, 22.7267824]]}, "id": 268219248}, {"type": "Feature", "properties": {"osm_id": 269838139, "name": "世運大道", "highway": "tertiary", "lanes": "3", "oneway": "yes", "maxspeed": "60", "nodes": [2399424078, 453417799]}, "geometry": {"type": "LineString", "coordinates": [[120.3024375, 22.7008879], [120.3026195, 22.700893]]}, "id": 269838139}, {"type": "Feature", "properties": {"osm_id": 269838141, "name": "右昌街", "highway": "residential", "nodes": [262083246, 5211912386, 1398635510, 262083222, 1372607172, 1398634223, 1398634295, 1398634424, 1398635039, 1398634738, 1372607351, 1398635437, 2402509127, 1372607218, 1398635526, 1372607190, 1372607271, 1372607229]}, "geometry": {"type": "LineString", "coordinates": [[120.2929611, 22.7088393], [120.2928954, 22.7088691], [120.2927998, 22.7089104], [120.2926715, 22.7089759], [120.2925571, 22.7090414], [120.2921585, 22.7092816], [120.2917305, 22.7095186], [120.291461, 22.7096587], [120.2911719, 22.7098073], [120.2910195, 22.7098822], [120.2908378, 22.7099783], [120.2905785, 22.710099], [120.2903226, 22.710226], [120.2902436, 22.7102634], [120.2898464, 22.7104978], [120.2897765, 22.7105459], [120.2894907, 22.7107715], [120.28897, 22.7113142]]}, "id": 269838141}, {"type": "Feature", "properties": {"osm_id": 269838142, "name": "左楠路", "highway": "primary", "oneway": "yes", "maxspeed": "60", "nodes": [295692590, 2399424078]}, "geometry": {"type": "LineString", "coordinates": [[120.3024334, 22.7010041], [120.3024375, 22.7008879]]}, "id": 269838142}, {"type": "Feature", "properties": {"osm_id": 269838143, "name": "左楠路", "highway": "primary", "oneway": "yes", "maxspeed": "60", "nodes": [453417799, 256456112]}, "geometry": {"type": "LineString", "coordinates": [[120.3026195, 22.700893], [120.3026156, 22.7010069]]}, "id": 269838143}, {"type": "Feature", "properties": {"osm_id": 271982114, "name": "旗楠路", "highway": "primary", "oneway": "yes", "motorcycle": "no", "nodes": [1400036862, 8806916630, 3009902051, 8198448994, 3009902049, 1932046238]}, "geometry": {"type": "LineString", "coordinates": [[120.3326825, 22.73516], [120.3326474, 22.7351055], [120.3321792, 22.7345531], [120.3320616, 22.7344221], [120.3319743, 22.7343212], [120.3310795, 22.7333564]]}, "id": 271982114}, {"type": "Feature", "properties": {"osm_id": 271982115, "name": "旗楠路", "highway": "primary", "lanes": "2", "oneway": "yes", "maxspeed": "60", "nodes": [265591750, 8806916621, 2264426851, 2397419580, 1451069527, 266750975, 266750977]}, "geometry": {"type": "LineString", "coordinates": [[120.3329652, 22.7353114], [120.3329937, 22.7353454], [120.3334068, 22.7358377], [120.3338896, 22.7364079], [120.3340453, 22.7366044], [120.3348277, 22.7374474], [120.334998, 22.7376086]]}, "id": 271982115}, {"type": "Feature", "properties": {"osm_id": 271982116, "highway": "residential", "nodes": [1932046529, 988779683]}, "geometry": {"type": "LineString", "coordinates": [[120.3314978, 22.751703], [120.3314206, 22.751701]]}, "id": 271982116}, {"type": "Feature", "properties": {"osm_id": 271982117, "highway": "residential", "oneway": "no", "nodes": [2386005114, 2261344476]}, "geometry": {"type": "LineString", "coordinates": [[120.3207214, 22.7305992], [120.3205372, 22.7305837]]}, "id": 271982117}, {"type": "Feature", "properties": {"osm_id": 271982118, "name": "卓越路", "highway": "residential", "nodes": [988779683, 2264444100, 1209084106, 1209082846, 988779623]}, "geometry": {"type": "LineString", "coordinates": [[120.3314206, 22.751701], [120.3299734, 22.7516643], [120.3287187, 22.7516425], [120.3273677, 22.7516112], [120.3261026, 22.7515759]]}, "id": 271982118}, {"type": "Feature", "properties": {"osm_id": 271982119, "name": "創新路", "highway": "residential", "lanes": "2", "oneway": "yes", "turn_lanes": "through;left|through;right", "nodes": [988779670, 2983244003, 988779616, 988779636, 12650180514, 988779646, 12650180510, 2264471283, 2264471280, 12650180492, 12650180498, 1932046325]}, "geometry": {"type": "LineString", "coordinates": [[120.3301581, 22.7461073], [120.3298917, 22.745685], [120.3295555, 22.7452747], [120.3288631, 22.7446367], [120.3276657, 22.7435334], [120.3275745, 22.7434493], [120.3274287, 22.743315], [120.326824, 22.7427579], [120.3261735, 22.7421585], [120.3257946, 22.7418094], [120.3257696, 22.7417863], [120.3256778, 22.7417018]]}, "id": 271982119}, {"type": "Feature", "properties": {"osm_id": 271982123, "name": "創新路", "highway": "residential", "oneway": "yes", "nodes": [1932046371, 2983244005]}, "geometry": {"type": "LineString", "coordinates": [[120.3303839, 22.7462824], [120.3304061, 22.7463304]]}, "id": 271982123}, {"type": "Feature", "properties": {"osm_id": 271982126, "name": "土庫一路", "highway": "unclassified", "oneway": "yes", "nodes": [1400036862, 1400036592]}, "geometry": {"type": "LineString", "coordinates": [[120.3326825, 22.73516], [120.3327781, 22.7350933]]}, "id": 271982126}, {"type": "Feature", "properties": {"osm_id": 271982128, "name": "土庫一路", "highway": "unclassified", "oneway": "yes", "nodes": [12954233421, 12650180437, 2985497855, 8806916635, 1400036124, 8806916625, 1400036190, 1400036862]}, "geometry": {"type": "LineString", "coordinates": [[120.3313782, 22.7356511], [120.3315328, 22.7356], [120.3323637, 22.7353252], [120.332457, 22.7353004], [120.3324694, 22.7352949], [120.33253, 22.7352573], [120.3325906, 22.7352261], [120.3326825, 22.73516]]}, "id": 271982128}, {"type": "Feature", "properties": {"osm_id": 271982129, "name": "土庫一路", "highway": "unclassified", "oneway": "yes", "nodes": [265591753, 12954233406, 11622032918, 265591767, 12954233417, 265591768, 2985502678, 265591769, 2388124367, 2985349944, 265591770, 9194792300, 895427240, 1196964860, 265591741]}, "geometry": {"type": "LineString", "coordinates": [[120.3298223, 22.7362606], [120.3297008, 22.7362806], [120.3284217, 22.7364906], [120.3279516, 22.7365678], [120.3277006, 22.736606], [120.3275539, 22.7366283], [120.3272922, 22.7366424], [120.3270478, 22.7366352], [120.3267618, 22.7366012], [120.326747, 22.7365994], [120.3264444, 22.7365537], [120.3263049, 22.7365238], [120.3260573, 22.7364707], [120.3255632, 22.7363434], [120.3254573, 22.7363101]]}, "id": 271982129}, {"type": "Feature", "properties": {"osm_id": 271982130, "name": "土庫六路", "highway": "residential", "lanes": "2", "nodes": [2264426952, 7472962180]}, "geometry": {"type": "LineString", "coordinates": [[120.3303251, 22.7434598], [120.3304399, 22.7433787]]}, "id": 271982130}, {"type": "Feature", "properties": {"osm_id": 271982132, "name": "土庫六路", "highway": "residential", "nodes": [2189270906, 2264471281, 12469016053, 2264426949]}, "geometry": {"type": "LineString", "coordinates": [[120.333182, 22.741962], [120.3326673, 22.7422279], [120.3305852, 22.7432826], [120.3305529, 22.743299]]}, "id": 271982132}, {"type": "Feature", "properties": {"osm_id": 271982134, "name": "土庫六路", "highway": "residential", "lanes": "2", "nodes": [988779636, 2264426993, 2264443954, 12469016055, 12469016048, 2264426952]}, "geometry": {"type": "LineString", "coordinates": [[120.3288631, 22.7446367], [120.328939, 22.7445548], [120.3296829, 22.743988], [120.3301994, 22.7435632], [120.3302632, 22.7435107], [120.3303251, 22.7434598]]}, "id": 271982134}, {"type": "Feature", "properties": {"osm_id": 271982136, "name": "寶溪南街", "highway": "residential", "oneway": "yes", "nodes": [1932046371, 988779686]}, "geometry": {"type": "LineString", "coordinates": [[120.3303839, 22.7462824], [120.3302767, 22.7463319]]}, "id": 271982136}, {"type": "Feature", "properties": {"osm_id": 271982138, "name": "寶溪南街", "highway": "residential", "oneway": "-1", "nodes": [1932046371, 12469016065, 2985504664, 7472962171, 988779570]}, "geometry": {"type": "LineString", "coordinates": [[120.3303839, 22.7462824], [120.3305929, 22.7461804], [120.331566, 22.745709], [120.331689, 22.7456494], [120.3318088, 22.7455946]]}, "id": 271982138}, {"type": "Feature", "properties": {"osm_id": 271982140, "name": "建楠路", "highway": "tertiary", "oneway": "yes", "nodes": [12598724577, 12598724578]}, "geometry": {"type": "LineString", "coordinates": [[120.3291276, 22.7267865], [120.3292538, 22.7267824]]}, "id": 271982140}, {"type": "Feature", "properties": {"osm_id": 271982142, "name": "建楠路", "highway": "tertiary", "oneway": "yes", "nodes": [302211504, 280277428, 8198448997, 257742645]}, "geometry": {"type": "LineString", "coordinates": [[120.3253105, 22.7270397], [120.3251959, 22.7270418], [120.3245863, 22.7270783], [120.3244512, 22.7270832]]}, "id": 271982142}, {"type": "Feature", "properties": {"osm_id": 271982144, "name": "建楠路", "highway": "tertiary", "oneway": "yes", "nodes": [257742648, 11013518359, 2985906104, 2261344367, 295682987, 2261344364, 2261344362, 2985906103, 2987047184, 2388051406, 12556630806, 12598724577]}, "geometry": {"type": "LineString", "coordinates": [[120.32518, 22.7269746], [120.325837, 22.7269377], [120.3265082, 22.7269047], [120.3270608, 22.7268867], [120.3273413, 22.7268811], [120.3279738, 22.7268541], [120.3281416, 22.7268451], [120.3285623, 22.7268224], [120.328727, 22.7268135], [120.3289464, 22.7267987], [120.3289793, 22.7267965], [120.3291276, 22.7267865]]}, "id": 271982144}, {"type": "Feature", "properties": {"osm_id": 271982146, "name": "楠梓新路", "highway": "primary", "oneway": "yes", "nodes": [4296928275, 302211686, 2385998135, 2985497852, 2985906110, 2985497849, 2985497850, 295683209]}, "geometry": {"type": "LineString", "coordinates": [[120.3265539, 22.7290789], [120.3265686, 22.7291045], [120.3272723, 22.7302071], [120.3273355, 22.7302933], [120.3274059, 22.7303709], [120.3274169, 22.7303831], [120.3275124, 22.7304794], [120.3276296, 22.73059]]}, "id": 271982146}, {"type": "Feature", "properties": {"osm_id": 271982148, "name": "楠陽路", "highway": "tertiary", "oneway": "yes", "nodes": [1196964834, 13698337440, 1196964542]}, "geometry": {"type": "LineString", "coordinates": [[120.327671, 22.7227366], [120.327424, 22.7226311], [120.3272313, 22.7225488]]}, "id": 271982148}, {"type": "Feature", "properties": {"osm_id": 271982150, "name": "楠陽高架橋", "highway": "tertiary", "oneway": "yes", "bridge": "yes", "layer": "1", "motorcycle": "no", "nodes": [1196965107, 1196964932, 4425214677, 1196964565, 1196964874, 2982310614, 2982310615]}, "geometry": {"type": "LineString", "coordinates": [[120.3248915, 22.7217769], [120.3251276, 22.7218131], [120.325451, 22.7218732], [120.3258514, 22.7219739], [120.3265676, 22.7221929], [120.3268452, 22.722282], [120.3271563, 22.7223945]]}, "id": 271982150}, {"type": "Feature", "properties": {"osm_id": 271982152, "name": "清豐一路", "highway": "residential", "nodes": [2264471174, 2264471175]}, "geometry": {"type": "LineString", "coordinates": [[120.3329682, 22.7372088], [120.3338869, 22.737202]]}, "id": 271982152}, {"type": "Feature", "properties": {"osm_id": 271982154, "name": "清豐一路", "highway": "residential", "nodes": [12954233421, 12954233420, 12954233419, 12954233418]}, "geometry": {"type": "LineString", "coordinates": [[120.3313782, 22.7356511], [120.3314021, 22.7357317], [120.3314228, 22.7357906], [120.3314581, 22.7358913]]}, "id": 271982154}, {"type": "Feature", "properties": {"osm_id": 271982156, "name": "清豐路", "highway": "residential", "oneway": "yes", "nodes": [2264426949, 12469016054, 2264443956, 988779674, 988779570]}, "geometry": {"type": "LineString", "coordinates": [[120.3305529, 22.743299], [120.3306166, 22.7434126], [120.3310393, 22.744166], [120.331543, 22.7451072], [120.3318088, 22.7455946]]}, "id": 271982156}, {"type": "Feature", "properties": {"osm_id": 271982158, "name": "清豐路", "highway": "residential", "oneway": "yes", "nodes": [2264426952, 12469016047, 8198449014, 8198449010, 988779668, 8198449007, 7472962183, 12556695127, 12556695132, 12556695124, 12556695103, 12556695110, 1932046287]}, "geometry": {"type": "LineString", "coordinates": [[120.3303251, 22.7434598], [120.3302624, 22.7433453], [120.3293207, 22.7416241], [120.3292525, 22.7414995], [120.3291686, 22.7413462], [120.3290648, 22.7411668], [120.327765, 22.739917], [120.3277176, 22.7398715], [120.3276459, 22.7398025], [120.3275744, 22.7397348], [120.3264195, 22.7386402], [120.3263593, 22.7385832], [120.3262881, 22.7385157]]}, "id": 271982158}, {"type": "Feature", "properties": {"osm_id": 271982159, "name": "高楠公路", "highway": "primary", "oneway": "yes", "bridge": "yes", "layer": "1", "nodes": [1196964578, 1196964808, 2973908558, 1196965093, 2969768232, 1196964742, 2969769535, 1196964675, 1196965012, 1196964918]}, "geometry": {"type": "LineString", "coordinates": [[120.3235079, 22.7239395], [120.3228521, 22.7246768], [120.3226549, 22.7248784], [120.3224604, 22.7251394], [120.3222794, 22.7254474], [120.322124, 22.7257068], [120.3220475, 22.7258812], [120.3219903, 22.726041], [120.3218499, 22.7265349], [120.3216431, 22.7273165]]}, "id": 271982159}, {"type": "Feature", "properties": {"osm_id": 271982162, "name": "高楠公路", "highway": "primary", "lanes": "2", "oneway": "yes", "maxspeed": "60", "nodes": [1196964965, 265748807, 3006200128]}, "geometry": {"type": "LineString", "coordinates": [[120.3246389, 22.7212531], [120.3249273, 22.7198742], [120.324955, 22.719713]]}, "id": 271982162}, {"type": "Feature", "properties": {"osm_id": 271982165, "name": "高楠公路", "highway": "primary", "lanes": "3", "oneway": "yes", "nodes": [2261344476, 12599118923, 9608233856, 78928093, 12599118911, 1196964794, 2261344432, 257742644]}, "geometry": {"type": "LineString", "coordinates": [[120.3205372, 22.7305837], [120.3206014, 22.7303499], [120.3206567, 22.7301483], [120.320918, 22.729196], [120.3210583, 22.7286866], [120.3211404, 22.7283886], [120.3212582, 22.7280327], [120.3213994, 22.727602]]}, "id": 271982165}, {"type": "Feature", "properties": {"osm_id": 271982167, "name": "高楠公路", "highway": "primary", "lanes": "3", "oneway": "yes", "nodes": [2386005114, 1196964776, 12599118999, 11955886539, 12599119007, 12599118977, 1400036214]}, "geometry": {"type": "LineString", "coordinates": [[120.3207214, 22.7305992], [120.3206571, 22.7308246], [120.3204389, 22.73158], [120.3201303, 22.7326485], [120.3200422, 22.7329536], [120.3200268, 22.7330067], [120.3199891, 22.7331373]]}, "id": 271982167}, {"type": "Feature", "properties": {"osm_id": 271982170, "name": "鳳楠路", "highway": "secondary", "lanes": "3", "oneway": "yes", "nodes": [12598724577, 280507639, 12556630810, 2985906105, 302211367, 12556600799, 12598724573, 12556630801, 1196965125, 280507610, 12599114595, 12598724570]}, "geometry": {"type": "LineString", "coordinates": [[120.3291276, 22.7267865], [120.3291371, 22.7267143], [120.3291525, 22.72666], [120.3292549, 22.7262983], [120.3294367, 22.7256328], [120.3294474, 22.7255938], [120.3294734, 22.7254988], [120.3295308, 22.7253659], [120.3297832, 22.7247812], [120.3300745, 22.7243087], [120.3301005, 22.7242665], [120.3301755, 22.724145]]}, "id": 271982170}, {"type": "Feature", "properties": {"osm_id": 274075736, "highway": "residential", "nodes": [2788516486, 2788516492, 1401138366]}, "geometry": {"type": "LineString", "coordinates": [[120.2976639, 22.7249882], [120.2978425, 22.7246726], [120.2979777, 22.7244359]]}, "id": 274075736}, {"type": "Feature", "properties": {"osm_id": 277509898, "name": "高楠公路", "highway": "primary", "lanes": "2", "oneway": "yes", "maxspeed": "60", "motorcycle": "no", "nodes": [5792509211, 5792509214, 5792509208, 7287812060, 259978243, 259978244, 3006200116, 3006200125, 3006200117, 3006200122, 3006200118, 3006200126, 265748771]}, "geometry": {"type": "LineString", "coordinates": [[120.3245191, 22.7065833], [120.3245401, 22.7066849], [120.3245571, 22.7067674], [120.3245829, 22.7068919], [120.3250126, 22.7092788], [120.3255607, 22.7119135], [120.3258115, 22.7132703], [120.3258682, 22.713575], [120.3259135, 22.7138614], [120.3259205, 22.7140322], [120.3259254, 22.7142004], [120.325928, 22.7144142], [120.3259211, 22.7146171]]}, "id": 277509898}, {"type": "Feature", "properties": {"osm_id": 280015650, "name": "加宏路", "highway": "residential", "oneway": "no", "nodes": [1400036257, 5144956968, 7244182787, 5144956959, 1400036074, 2379654850, 258769513]}, "geometry": {"type": "LineString", "coordinates": [[120.2971177, 22.7184534], [120.2970738, 22.718439], [120.2970214, 22.7184209], [120.2967879, 22.7183402], [120.2964356, 22.7182181], [120.296286, 22.7181721], [120.2960922, 22.718112]]}, "id": 280015650}, {"type": "Feature", "properties": {"osm_id": 280015651, "name": "加昌路", "highway": "tertiary", "lanes": "2", "oneway": "yes", "maxspeed": "50", "motorcycle": "yes", "nodes": [1400036815, 13056406608, 13056406612, 2206324427]}, "geometry": {"type": "LineString", "coordinates": [[120.2983191, 22.7153518], [120.2984503, 22.7153983], [120.299695, 22.7158389], [120.2998272, 22.7158857]]}, "id": 280015651}, {"type": "Feature", "properties": {"osm_id": 280015652, "name": "軍校路", "highway": "tertiary", "oneway": "yes", "motorcycle": "no", "nodes": [262083221, 3004962042, 265968352]}, "geometry": {"type": "LineString", "coordinates": [[120.2912693, 22.713199], [120.291313, 22.7131714], [120.2913897, 22.7131066]]}, "id": 280015652}, {"type": "Feature", "properties": {"osm_id": 280015654, "name": "軍校路", "highway": "tertiary", "lanes": "2", "oneway": "yes", "maxspeed": "50", "nodes": [588290619, 3004962041, 3004962040]}, "geometry": {"type": "LineString", "coordinates": [[120.2914863, 22.7131439], [120.2914139, 22.7132255], [120.291357, 22.7132748]]}, "id": 280015654}, {"type": "Feature", "properties": {"osm_id": 280015655, "name": "加昌路", "highway": "tertiary", "oneway": "yes", "maxspeed": "50", "nodes": [1400036073, 2206232294, 13056406604, 1400036098, 1400036046, 1400036430, 13056406599, 1398635826]}, "geometry": {"type": "LineString", "coordinates": [[120.2982716, 22.7154666], [120.297833, 22.7153084], [120.2976909, 22.7152567], [120.2974198, 22.71516], [120.2967828, 22.7149279], [120.2961382, 22.7146975], [120.2953425, 22.7144199], [120.2952729, 22.7143967]]}, "id": 280015655}, {"type": "Feature", "properties": {"osm_id": 280015656, "name": "樂群路", "highway": "residential", "nodes": [1400036257, 2206324426, 1400036855, 1400036084, 1400036169, 1400036840, 1400036740, 7244167982, 1400036706, 7244182785, 1400036676, 7244167977, 1400036073]}, "geometry": {"type": "LineString", "coordinates": [[120.2971177, 22.7184534], [120.2971683, 22.7183227], [120.2973592, 22.717829], [120.2975009, 22.7174621], [120.2975669, 22.7172912], [120.2976402, 22.7171016], [120.2977609, 22.7167889], [120.2978269, 22.716618], [120.2978606, 22.7165309], [120.2979154, 22.7163891], [120.2980476, 22.7160467], [120.2982275, 22.7155807], [120.2982716, 22.7154666]]}, "id": 280015656}, {"type": "Feature", "properties": {"osm_id": 280015657, "name": "樂群路", "highway": "residential", "nodes": [1400036257, 1631504650, 1400036170, 1400036842, 1400036126]}, "geometry": {"type": "LineString", "coordinates": [[120.2971177, 22.7184534], [120.2970764, 22.7185603], [120.2969306, 22.7189378], [120.2967515, 22.7194003], [120.2967301, 22.7194556]]}, "id": 280015657}, {"type": "Feature", "properties": {"osm_id": 280277090, "name": "德民路", "highway": "tertiary", "oneway": "yes", "nodes": [258785797, 895427266]}, "geometry": {"type": "LineString", "coordinates": [[120.3197566, 22.7330906], [120.3199716, 22.7332049]]}, "id": 280277090}, {"type": "Feature", "properties": {"osm_id": 280277091, "name": "德民路", "highway": "tertiary", "lanes": "2", "oneway": "yes", "maxspeed": "60", "nodes": [260269180, 1401138187, 3004986157, 12556881683, 256455798, 12556881691, 1400036576, 256455808, 3010545863, 12556881676, 258785439]}, "geometry": {"type": "LineString", "coordinates": [[120.2980896, 22.7233355], [120.2989348, 22.7237733], [120.2993589, 22.7239967], [120.2999489, 22.7243307], [120.3000594, 22.7243932], [120.300169, 22.724452], [120.3012387, 22.725026], [120.30143, 22.7251191], [120.3016029, 22.7251374], [120.3027035, 22.7252348], [120.3029237, 22.7252543]]}, "id": 280277091}, {"type": "Feature", "properties": {"osm_id": 280277092, "name": "後昌路", "highway": "primary", "lanes": "2", "oneway": "yes", "nodes": [295692586, 12468992684, 258769477, 13068073864, 12468992700, 13056406638, 13056406637, 4309157681, 13056406639, 2401070575, 258769470, 2399424075, 258769463, 13056406651, 2401070583, 13056406645, 258769460, 2401070554, 2401070553, 258769459, 13056406654, 265599432, 13056406658, 258769458, 13056406662, 13056406663, 2206324403, 13056406670, 1407167166, 258769454, 13056406673, 2401499622, 13056406682, 258769453, 13056406678, 2401499615, 13056406690, 258769452, 13056406686, 1407167184, 13056406694, 8420632597, 1372607321, 1372607292, 1407167189, 13056406697, 258769450, 2206349218, 1407167209, 13056406584, 258769611, 1400036497]}, "geometry": {"type": "LineString", "coordinates": [[120.3022695, 22.7079426], [120.3019959, 22.7079373], [120.301001, 22.7079182], [120.3009725, 22.7079177], [120.3008378, 22.707915], [120.3000519, 22.7078969], [120.2999892, 22.7078955], [120.2999637, 22.7078949], [120.2998784, 22.7078936], [120.2997222, 22.7079137], [120.2995601, 22.7079557], [120.2992572, 22.7080445], [120.2988629, 22.708187], [120.2984893, 22.7083697], [120.2984371, 22.7083952], [120.2983258, 22.7084649], [120.2978232, 22.7087797], [120.2976403, 22.7089296], [120.2974675, 22.7090824], [120.2971279, 22.7094052], [120.2969948, 22.7095318], [120.2969794, 22.7095465], [120.2968882, 22.7096458], [120.2967074, 22.7098238], [120.2966927, 22.7098383], [120.2966445, 22.7098883], [120.2961617, 22.7104455], [120.2958711, 22.7107756], [120.295838, 22.7108132], [120.2956361, 22.7110423], [120.2955389, 22.7111455], [120.2952785, 22.711422], [120.2951979, 22.7115115], [120.2951769, 22.7115348], [120.2951134, 22.7116046], [120.2950636, 22.7116594], [120.2948693, 22.7118723], [120.2948177, 22.7119288], [120.2947505, 22.7120067], [120.29463, 22.7121464], [120.2945806, 22.7122035], [120.2945479, 22.7122412], [120.2944327, 22.7123741], [120.2943395, 22.712528], [120.2942655, 22.7127259], [120.2942557, 22.7127535], [120.2942401, 22.7127971], [120.2941584, 22.7130313], [120.2940576, 22.7133244], [120.2939192, 22.7137009], [120.2938804, 22.7138064], [120.2938231, 22.7139525]]}, "id": 280277092}, {"type": "Feature", "properties": {"osm_id": 280277093, "name": "加昌路", "highway": "tertiary", "lanes": "2", "oneway": "yes", "maxspeed": "50", "motorcycle": "yes", "nodes": [262092587, 13134650826, 262092598, 261608516, 2396293721, 262092599, 2417585495, 1219300453, 9608284758, 1219300560, 262092600]}, "geometry": {"type": "LineString", "coordinates": [[120.3109182, 22.7199922], [120.3111008, 22.720066], [120.3126307, 22.7207288], [120.313224, 22.7209525], [120.3134728, 22.7210562], [120.314706, 22.7215596], [120.3149728, 22.721666], [120.3152588, 22.7217984], [120.3155929, 22.7219386], [120.316335, 22.7222501], [120.3172644, 22.7226544]]}, "id": 280277093}, {"type": "Feature", "properties": {"osm_id": 280277095, "name": "左楠路", "highway": "primary", "oneway": "yes", "maxspeed": "60", "nodes": [262995680, 256456106]}, "geometry": {"type": "LineString", "coordinates": [[120.3023753, 22.7078356], [120.3023726, 22.7079436]]}, "id": 280277095}, {"type": "Feature", "properties": {"osm_id": 280277096, "name": "加昌路", "highway": "tertiary", "oneway": "yes", "maxspeed": "50", "nodes": [289126281, 11959599186, 256730893, 1218537176, 2417585459, 9608284782, 2377566099, 7374641397, 7374641395, 256463915, 799202642, 7374641389, 1218537327, 13056406629, 13056406625, 2383902811, 13056406622, 7244182809, 7244182797, 260269177, 260269192]}, "geometry": {"type": "LineString", "coordinates": [[120.3108376, 22.7201781], [120.3106886, 22.7201216], [120.3090917, 22.7195159], [120.3083072, 22.7192183], [120.3082033, 22.7191789], [120.3068952, 22.7186819], [120.3059787, 22.7183351], [120.304668, 22.7178379], [120.3045783, 22.7178039], [120.3045176, 22.7177809], [120.3043782, 22.717728], [120.3040093, 22.7175881], [120.3036363, 22.7174466], [120.3034206, 22.7173648], [120.3028176, 22.7171361], [120.3027604, 22.7171144], [120.3025837, 22.7170474], [120.301216, 22.7165287], [120.3011373, 22.7164982], [120.3010611, 22.7164699], [120.3010067, 22.7164492]]}, "id": 280277096}, {"type": "Feature", "properties": {"osm_id": 280277097, "name": "區東路", "highway": "residential", "nodes": [289126281, 262092587]}, "geometry": {"type": "LineString", "coordinates": [[120.3108376, 22.7201781], [120.3109182, 22.7199922]]}, "id": 280277097}, {"type": "Feature", "properties": {"osm_id": 280277098, "name": "外環西路", "highway": "residential", "oneway": "yes", "nodes": [260269180, 2896477970]}, "geometry": {"type": "LineString", "coordinates": [[120.2980896, 22.7233355], [120.2980523, 22.7233984]]}, "id": 280277098}, {"type": "Feature", "properties": {"osm_id": 280277099, "name": "外環西路", "highway": "residential", "oneway": "yes", "nodes": [1400036116, 1400036823]}, "geometry": {"type": "LineString", "coordinates": [[120.2993896, 22.7203516], [120.2985321, 22.7223208]]}, "id": 280277099}, {"type": "Feature", "properties": {"osm_id": 280277100, "name": "外環西路", "highway": "tertiary", "oneway": "yes", "motorcycle": "no", "nodes": [1218537310, 7244182866, 7244182846, 7244182843, 2206232308, 7244182845, 7244182828, 7244182823, 1400036721, 7244182834, 7244182818, 7244182814, 260269205, 1400036464]}, "geometry": {"type": "LineString", "coordinates": [[120.2995023, 22.7197133], [120.2995742, 22.7195495], [120.3000427, 22.7184762], [120.3000686, 22.718417], [120.3000884, 22.7183716], [120.3001307, 22.7182747], [120.3004105, 22.7176341], [120.3004487, 22.7175466], [120.3004891, 22.7174542], [120.3005306, 22.7173593], [120.3008497, 22.7166286], [120.3008816, 22.7165518], [120.3009389, 22.7164246], [120.3009893, 22.7163091]]}, "id": 280277100}, {"type": "Feature", "properties": {"osm_id": 280277101, "name": "智群路", "highway": "residential", "nodes": [1400036767, 2853047507, 5212312116, 304709042]}, "geometry": {"type": "LineString", "coordinates": [[120.2992515, 22.7203052], [120.2991662, 22.7202726], [120.2991163, 22.7202559], [120.2981984, 22.719949]]}, "id": 280277101}, {"type": "Feature", "properties": {"osm_id": 280277104, "name": "高楠公路", "highway": "primary", "lanes": "3", "oneway": "yes", "nodes": [257742644, 3159205138, 257742658]}, "geometry": {"type": "LineString", "coordinates": [[120.3213994, 22.727602], [120.3214598, 22.7274547], [120.3215252, 22.727279]]}, "id": 280277104}, {"type": "Feature", "properties": {"osm_id": 280277105, "name": "高楠公路", "highway": "primary", "lanes": "3", "oneway": "yes", "nodes": [280507636, 1196964796]}, "geometry": {"type": "LineString", "coordinates": [[120.3215735, 22.7276632], [120.3215563, 22.727723]]}, "id": 280277105}, {"type": "Feature", "properties": {"osm_id": 280277106, "name": "高楠公路", "highway": "primary", "lanes": "3", "oneway": "yes", "nodes": [895427279, 3164174108, 12599118983, 1196964494]}, "geometry": {"type": "LineString", "coordinates": [[120.3199479, 22.7332803], [120.3199233, 22.7333645], [120.319904, 22.7334313], [120.3195229, 22.7347515]]}, "id": 280277106}, {"type": "Feature", "properties": {"osm_id": 280277107, "name": "高楠公路", "highway": "primary", "lanes": "3", "oneway": "yes", "nodes": [258785797, 3164174107, 12599118976, 11955886538, 7048711979, 2261344476]}, "geometry": {"type": "LineString", "coordinates": [[120.3197566, 22.7330906], [120.3197753, 22.7330188], [120.319806, 22.7329207], [120.3199158, 22.7325697], [120.3201551, 22.731805], [120.3205372, 22.7305837]]}, "id": 280277107}, {"type": "Feature", "properties": {"osm_id": 280277108, "name": "高楠公路", "highway": "primary", "lanes": "5", "oneway": "yes", "turn_lanes": "left|through|through|through|right", "nodes": [1196964796, 1196964692, 302211637]}, "geometry": {"type": "LineString", "coordinates": [[120.3215563, 22.727723], [120.3214578, 22.7280549], [120.321318, 22.728529]]}, "id": 280277108}, {"type": "Feature", "properties": {"osm_id": 281341654, "name": "旗楠路", "highway": "primary", "oneway": "yes", "nodes": [280277349, 280277411]}, "geometry": {"type": "LineString", "coordinates": [[120.3284705, 22.7310983], [120.3276133, 22.7306789]]}, "id": 281341654}, {"type": "Feature", "properties": {"osm_id": 281341657, "name": "德民路", "highway": "tertiary", "lanes": "2", "maxspeed": "60", "nodes": [256456052, 10960958178, 1398634437, 1398635289, 1372607254]}, "geometry": {"type": "LineString", "coordinates": [[120.2808137, 22.7159535], [120.2814874, 22.7163069], [120.2816527, 22.7163946], [120.2820114, 22.7165849], [120.2825867, 22.7168903]]}, "id": 281341657}, {"type": "Feature", "properties": {"osm_id": 281341658, "name": "海專路", "highway": "tertiary", "lanes": "2", "oneway": "yes", "maxspeed": "50", "nodes": [256455958, 262092600]}, "geometry": {"type": "LineString", "coordinates": [[120.3171828, 22.7228141], [120.3172644, 22.7226544]]}, "id": 281341658}, {"type": "Feature", "properties": {"osm_id": 281341659, "name": "後昌路", "highway": "primary", "lanes": "2", "oneway": "yes", "maxspeed": "50", "nodes": [273103133, 5211912337, 13056406583, 2206349225, 2206349219, 273103130, 13056406696, 8420632598, 1372607154, 1372607237, 2206349208, 13056406693, 1407167183, 13056406685, 273103125, 13056406689, 2421446018, 13056406677, 273103121, 13056406681, 2421446017, 13056406674, 273103117, 1407167164]}, "geometry": {"type": "LineString", "coordinates": [[120.2937958, 22.7137815], [120.2938094, 22.7137456], [120.2938361, 22.7136753], [120.2939257, 22.7134393], [120.2940203, 22.71316], [120.2941535, 22.7127714], [120.2941706, 22.712724], [120.2941812, 22.7126947], [120.2942515, 22.7124999], [120.2943335, 22.7123478], [120.2944836, 22.7121767], [120.2945106, 22.712146], [120.294559, 22.7120908], [120.2946815, 22.7119513], [120.2947478, 22.7118758], [120.2948026, 22.711816], [120.2949941, 22.7116067], [120.2950465, 22.7115495], [120.2951063, 22.7114842], [120.2951307, 22.711458], [120.2952136, 22.711369], [120.2954772, 22.711086], [120.2955708, 22.7109856], [120.2957743, 22.7107613]]}, "id": 281341659}, {"type": "Feature", "properties": {"osm_id": 281341660, "name": "後昌路", "highway": "primary", "oneway": "yes", "nodes": [13056406560, 13056406559]}, "geometry": {"type": "LineString", "coordinates": [[120.2920085, 22.718013], [120.2921037, 22.7180968]]}, "id": 281341660}, {"type": "Feature", "properties": {"osm_id": 281341661, "name": "後昌路", "highway": "primary", "oneway": "yes", "nodes": [1372607153, 4586442323, 4309151567, 1398635085, 4309157664, 4309157692, 1372607168]}, "geometry": {"type": "LineString", "coordinates": [[120.2881442, 22.7159367], [120.2883344, 22.7160362], [120.2889027, 22.7163334], [120.288968, 22.7163676], [120.2890259, 22.7164], [120.2894616, 22.716644], [120.2895359, 22.7166848]]}, "id": 281341661}, {"type": "Feature", "properties": {"osm_id": 281341662, "name": "後昌路", "highway": "primary", "lanes": "2", "oneway": "yes", "nodes": [1400036497, 13056406576, 1400036335, 13056406545, 1398635717, 5126275290, 13056406539, 258769566]}, "geometry": {"type": "LineString", "coordinates": [[120.2938231, 22.7139525], [120.2937517, 22.7141139], [120.293393, 22.7149477], [120.2933591, 22.7150259], [120.292947, 22.7159761], [120.2928064, 22.7163019], [120.2927881, 22.7163444], [120.2927419, 22.7164552]]}, "id": 281341662}, {"type": "Feature", "properties": {"osm_id": 281341665, "name": "加昌路", "highway": "tertiary", "lanes": "2", "oneway": "yes", "maxspeed": "50", "motorcycle": "yes", "nodes": [273103133, 258769611, 5224378387, 13056406589, 2206349232, 13056406596, 1400036211, 13056406600, 2206349235, 2206349237, 1400036052, 1400036405, 2927603695, 2206232291, 13056406603, 2206232292, 1400036815]}, "geometry": {"type": "LineString", "coordinates": [[120.2937958, 22.7137815], [120.2938804, 22.7138064], [120.2939148, 22.713817], [120.2939854, 22.7138389], [120.2945943, 22.7140273], [120.2951188, 22.7141892], [120.2953236, 22.7142603], [120.2953939, 22.7142803], [120.2955899, 22.7143433], [120.2958517, 22.7144334], [120.2961591, 22.7145391], [120.2964683, 22.7146483], [120.2967818, 22.7147639], [120.2971015, 22.7148867], [120.297746, 22.7151343], [120.2978803, 22.7151859], [120.2983191, 22.7153518]]}, "id": 281341665}, {"type": "Feature", "properties": {"osm_id": 281341668, "name": "加昌路", "highway": "tertiary", "lanes": "2", "oneway": "yes", "maxspeed": "50", "motorcycle": "yes", "nodes": [262092601, 1196964845]}, "geometry": {"type": "LineString", "coordinates": [[120.3173543, 22.7226934], [120.3184422, 22.7231696]]}, "id": 281341668}, {"type": "Feature", "properties": {"osm_id": 281341671, "name": "加昌路", "highway": "tertiary", "lanes": "2", "oneway": "yes", "nodes": [1400036497, 1400036204]}, "geometry": {"type": "LineString", "coordinates": [[120.2938231, 22.7139525], [120.2937392, 22.713927]]}, "id": 281341671}, {"type": "Feature", "properties": {"osm_id": 281341673, "name": "右昌街", "highway": "tertiary", "oneway": "yes", "nodes": [1372607153, 265968419]}, "geometry": {"type": "LineString", "coordinates": [[120.2881442, 22.7159367], [120.2881018, 22.7160072]]}, "id": 281341673}, {"type": "Feature", "properties": {"osm_id": 281341675, "name": "右昌街", "highway": "tertiary", "oneway": "yes", "nodes": [588290608, 2384947821, 588290611, 1372607153]}, "geometry": {"type": "LineString", "coordinates": [[120.2884749, 22.7153211], [120.2884383, 22.7153804], [120.2882277, 22.715771], [120.2881442, 22.7159367]]}, "id": 281341675}, {"type": "Feature", "properties": {"osm_id": 281341676, "name": "右昌街", "highway": "tertiary", "oneway": "yes", "nodes": [265968456, 265968460, 265968462, 265968465, 265968467, 588290617, 259974863]}, "geometry": {"type": "LineString", "coordinates": [[120.2883756, 22.715264], [120.2884619, 22.7151533], [120.2891387, 22.7145115], [120.2893839, 22.714265], [120.2897782, 22.7138784], [120.2898967, 22.7137824], [120.2900811, 22.7136402]]}, "id": 281341676}, {"type": "Feature", "properties": {"osm_id": 281341684, "name": "久昌街", "highway": "residential", "oneway": "no", "nodes": [1398635326, 1398635754, 1398634348, 1398634242, 1398635808, 1398635782, 1398634212, 13250501702, 1398635567]}, "geometry": {"type": "LineString", "coordinates": [[120.283791, 22.7106536], [120.284007, 22.7102876], [120.2841991, 22.7099269], [120.2843791, 22.7095937], [120.2844276, 22.7095027], [120.2845279, 22.7093341], [120.2845753, 22.7092753], [120.284728, 22.7091126], [120.2848985, 22.708952]]}, "id": 281341684}, {"type": "Feature", "properties": {"osm_id": 281341686, "name": "久昌街", "highway": "residential", "oneway": "no", "nodes": [1398634314, 1398634760, 1398634154, 2386415852, 1398634513]}, "geometry": {"type": "LineString", "coordinates": [[120.2793398, 22.7186677], [120.2794991, 22.7183425], [120.2796001, 22.7181602], [120.2798131, 22.7177757], [120.2799763, 22.7174711]]}, "id": 281341686}, {"type": "Feature", "properties": {"osm_id": 281341689, "name": "楠梓路", "highway": "tertiary", "oneway": "yes", "nodes": [280277349, 265591745]}, "geometry": {"type": "LineString", "coordinates": [[120.3284705, 22.7310983], [120.328504, 22.7310385]]}, "id": 281341689}, {"type": "Feature", "properties": {"osm_id": 281341691, "name": "楠梓路", "highway": "residential", "nodes": [280507399, 12556630826, 2264502001, 280507396, 265591745]}, "geometry": {"type": "LineString", "coordinates": [[120.3299601, 22.7280745], [120.3299126, 22.7281444], [120.3291961, 22.7292419], [120.3287817, 22.7299849], [120.328504, 22.7310385]]}, "id": 281341691}, {"type": "Feature", "properties": {"osm_id": 281341693, "name": "楠梓路", "highway": "tertiary", "oneway": "yes", "maxspeed": "60", "nodes": [7472962385, 1196965092]}, "geometry": {"type": "LineString", "coordinates": [[120.3250032, 22.7370926], [120.3249149, 22.7372091]]}, "id": 281341693}, {"type": "Feature", "properties": {"osm_id": 281341695, "name": "清豐路", "highway": "residential", "oneway": "yes", "nodes": [988779711, 1196964946, 12556695119, 12556689099, 12556695113, 1932046284, 12556695139, 2853047508, 12556695135, 12556695128, 12556695134, 12556695131, 2264471252, 8198449021, 7473019241, 12469016040]}, "geometry": {"type": "LineString", "coordinates": [[120.324993, 22.7369236], [120.3250792, 22.7369936], [120.3251669, 22.7370649], [120.3263407, 22.7381817], [120.3264057, 22.7382435], [120.3264811, 22.7383198], [120.3265593, 22.7383905], [120.327353, 22.7391542], [120.3277196, 22.739507], [120.3277694, 22.7395549], [120.3278371, 22.73962], [120.3279128, 22.7396914], [120.3287542, 22.7404856], [120.3291765, 22.7409044], [120.3292273, 22.7409622], [120.3293271, 22.7411034]]}, "id": 281341695}, {"type": "Feature", "properties": {"osm_id": 281341698, "name": "加昌路", "highway": "tertiary", "oneway": "yes", "nodes": [265968352, 588290619]}, "geometry": {"type": "LineString", "coordinates": [[120.2913897, 22.7131066], [120.2914863, 22.7131439]]}, "id": 281341698}, {"type": "Feature", "properties": {"osm_id": 281341701, "name": "盛昌街", "highway": "residential", "nodes": [265968456, 588290608]}, "geometry": {"type": "LineString", "coordinates": [[120.2883756, 22.715264], [120.2884749, 22.7153211]]}, "id": 281341701}, {"type": "Feature", "properties": {"osm_id": 281341702, "name": "盛昌街", "highway": "residential", "nodes": [588290608, 1398635897]}, "geometry": {"type": "LineString", "coordinates": [[120.2884749, 22.7153211], [120.2893257, 22.7159112]]}, "id": 281341702}, {"type": "Feature", "properties": {"osm_id": 283723056, "name": "德賢路380巷9弄", "highway": "residential", "nodes": [2875587165, 2875587166]}, "geometry": {"type": "LineString", "coordinates": [[120.3037196, 22.7266486], [120.3040054, 22.7266352]]}, "id": 283723056}, {"type": "Feature", "properties": {"osm_id": 283723057, "name": "德賢路220巷25弄", "highway": "residential", "nodes": [1401138509, 3320370079, 1401138340, 2857418543, 1401138530, 2857418544, 2857418546, 1401138371, 258785074]}, "geometry": {"type": "LineString", "coordinates": [[120.3081695, 22.7275936], [120.3076776, 22.7277347], [120.30732, 22.7278373], [120.3072992, 22.7278337], [120.3068578, 22.7272765], [120.3068438, 22.7272733], [120.3063871, 22.7273728], [120.3063753, 22.7273742], [120.3060488, 22.727372]]}, "id": 283723057}, {"type": "Feature", "properties": {"osm_id": 283771745, "name": "德賢路380巷37弄", "highway": "residential", "nodes": [2876013255, 2876013256]}, "geometry": {"type": "LineString", "coordinates": [[120.3037301, 22.7269819], [120.3039985, 22.7269657]]}, "id": 283771745}, {"type": "Feature", "properties": {"osm_id": 286011739, "name": "德民路", "highway": "residential", "oneway": "yes", "maxspeed": "60", "nodes": [2968251748, 1400036100, 13049704154, 1401138287, 3164180314, 1400036240]}, "geometry": {"type": "LineString", "coordinates": [[120.2977708, 22.7233806], [120.2958943, 22.7227166], [120.295581, 22.7226088], [120.2952755, 22.7225036], [120.2946211, 22.7222782], [120.2942702, 22.7221573]]}, "id": 286011739}, {"type": "Feature", "properties": {"osm_id": 286062630, "name": "德民路", "highway": "tertiary", "lanes": "2", "oneway": "yes", "maxspeed": "60", "nodes": [260269196, 260269180]}, "geometry": {"type": "LineString", "coordinates": [[120.2980073, 22.7233019], [120.2980896, 22.7233355]]}, "id": 286062630}, {"type": "Feature", "properties": {"osm_id": 286062631, "name": "外環西路", "highway": "residential", "oneway": "yes", "nodes": [2896476581, 1400036166]}, "geometry": {"type": "LineString", "coordinates": [[120.2978818, 22.7231703], [120.2983055, 22.722237]]}, "id": 286062631}, {"type": "Feature", "properties": {"osm_id": 286062632, "name": "外環西路", "highway": "tertiary", "oneway": "yes", "motorcycle": "no", "nodes": [260269196, 1400036413]}, "geometry": {"type": "LineString", "coordinates": [[120.2980073, 22.7233019], [120.297977, 22.7233668]]}, "id": 286062632}, {"type": "Feature", "properties": {"osm_id": 286062633, "name": "益群路", "highway": "residential", "nodes": [2896476582, 2896477629]}, "geometry": {"type": "LineString", "coordinates": [[120.2978165, 22.7232993], [120.2978481, 22.7232369]]}, "id": 286062633}, {"type": "Feature", "properties": {"osm_id": 286063954, "name": "加宏路", "highway": "residential", "oneway": "no", "nodes": [258769566, 273103152]}, "geometry": {"type": "LineString", "coordinates": [[120.2927419, 22.7164552], [120.2926461, 22.71641]]}, "id": 286063954}, {"type": "Feature", "properties": {"osm_id": 286063955, "name": "壽民路", "highway": "residential", "nodes": [1400036166, 1400036726]}, "geometry": {"type": "LineString", "coordinates": [[120.2983055, 22.722237], [120.2983978, 22.7222718]]}, "id": 286063955}, {"type": "Feature", "properties": {"osm_id": 286063956, "name": "外環西路", "highway": "residential", "oneway": "yes", "nodes": [1400036166, 7244182857, 2853047507, 7244182868, 7244182870, 1218537141, 2206232321, 7244182864, 7244182849, 7244182839, 2206232306, 7244182842, 7244182829, 7244182824, 1400036844, 7244182833, 7244182819, 7244182802, 256456060, 1400036188, 7244182804]}, "geometry": {"type": "LineString", "coordinates": [[120.2983055, 22.722237], [120.2991019, 22.7204195], [120.2991662, 22.7202726], [120.2993404, 22.7198749], [120.2993972, 22.7197453], [120.2994242, 22.7196836], [120.2994612, 22.7195993], [120.2994943, 22.7195237], [120.2999688, 22.7184411], [120.2999906, 22.7183912], [120.3000115, 22.7183436], [120.3000523, 22.7182505], [120.3003359, 22.7176029], [120.3003741, 22.7175157], [120.3004132, 22.7174264], [120.3004529, 22.7173357], [120.300772, 22.7166074], [120.3008063, 22.7165245], [120.300864, 22.7163975], [120.300914, 22.7162836], [120.3010405, 22.7161603]]}, "id": 286063956}, {"type": "Feature", "properties": {"osm_id": 286063957, "name": "外環西路", "highway": "residential", "oneway": "yes", "nodes": [1400036823, 1400036142]}, "geometry": {"type": "LineString", "coordinates": [[120.2985321, 22.7223208], [120.2981182, 22.7232692]]}, "id": 286063957}, {"type": "Feature", "properties": {"osm_id": 286066488, "name": "旗楠路", "highway": "primary", "lanes": "2", "oneway": "yes", "maxspeed": "60", "nodes": [2264426909, 2264426904, 2985344161]}, "geometry": {"type": "LineString", "coordinates": [[120.3378633, 22.7411085], [120.3374188, 22.7406448], [120.3372071, 22.7404295]]}, "id": 286066488}, {"type": "Feature", "properties": {"osm_id": 286066489, "name": "旗楠路", "highway": "primary", "lanes": "2", "oneway": "yes", "maxspeed": "60", "nodes": [266750999, 2985344164]}, "geometry": {"type": "LineString", "coordinates": [[120.3367507, 22.739698], [120.3371334, 22.7402137]]}, "id": 286066489}, {"type": "Feature", "properties": {"osm_id": 286066490, "name": "旗楠路", "highway": "primary", "lanes": "2", "oneway": "yes", "maxspeed": "60", "nodes": [280277328, 2264426897, 2264426896, 1451068275, 280277329, 1451068029, 280277432, 280277330]}, "geometry": {"type": "LineString", "coordinates": [[120.3366776, 22.739811], [120.3360115, 22.7390138], [120.3357739, 22.7387467], [120.3355161, 22.738483], [120.3348447, 22.7377416], [120.3347601, 22.7376732], [120.3343729, 22.737219], [120.3340505, 22.7368619]]}, "id": 286066490}, {"type": "Feature", "properties": {"osm_id": 286066491, "name": "德民路", "highway": "tertiary", "lanes": "2", "oneway": "yes", "maxspeed": "60", "nodes": [256245283, 265748817]}, "geometry": {"type": "LineString", "coordinates": [[120.3104303, 22.7265855], [120.3105336, 22.7266391]]}, "id": 286066491}, {"type": "Feature", "properties": {"osm_id": 286066492, "name": "德民路", "highway": "tertiary", "lanes": "2", "oneway": "yes", "maxspeed": "60", "nodes": [2876350357, 262840955]}, "geometry": {"type": "LineString", "coordinates": [[120.310463, 22.7267022], [120.3104056, 22.7266732]]}, "id": 286066492}, {"type": "Feature", "properties": {"osm_id": 286066493, "name": "海專路", "highway": "tertiary", "lanes": "2", "oneway": "yes", "maxspeed": "50", "nodes": [256245283, 1400036141, 12556881643, 1401138317, 265748818, 256245274, 1401138511, 256455902, 256455906]}, "geometry": {"type": "LineString", "coordinates": [[120.3104303, 22.7265855], [120.3104791, 22.7265177], [120.3105308, 22.7264458], [120.3106557, 22.7263177], [120.3109256, 22.7260505], [120.3112945, 22.7257665], [120.3115841, 22.725557], [120.3120628, 22.7252674], [120.3126131, 22.7250255]]}, "id": 286066493}, {"type": "Feature", "properties": {"osm_id": 286066494, "name": "海專路", "highway": "tertiary", "lanes": "2", "oneway": "yes", "maxspeed": "50", "nodes": [2876350357, 12944021029]}, "geometry": {"type": "LineString", "coordinates": [[120.310463, 22.7267022], [120.3103992, 22.7267512]]}, "id": 286066494}, {"type": "Feature", "properties": {"osm_id": 286066495, "name": "海專路", "highway": "tertiary", "lanes": "2", "oneway": "yes", "maxspeed": "50", "nodes": [265748808, 265748810, 2624297536, 2980828297, 265748812, 2980828537, 265748814, 2400003881, 265748815, 2384404477, 2378756847, 2384404480, 262087969, 5735688081, 5735688079, 262087970, 262087971, 1401138456, 262087972, 262087973, 262087974, 1401138347, 262087975, 262087978, 1400036105, 12556881644, 12944021028, 265748817]}, "geometry": {"type": "LineString", "coordinates": [[120.317269, 22.7228563], [120.3170527, 22.7230795], [120.3169258, 22.7232059], [120.3167316, 22.7233844], [120.316688, 22.7234259], [120.316391, 22.7236602], [120.3163043, 22.7237287], [120.3160764, 22.723891], [120.3158297, 22.7240345], [120.3156151, 22.7241532], [120.3154005, 22.7242522], [120.3150925, 22.7243729], [120.3148265, 22.7244749], [120.3146833, 22.7245193], [120.3145418, 22.7245572], [120.3143157, 22.7246225], [120.3138261, 22.7247492], [120.3134586, 22.724841], [120.3133247, 22.7248783], [120.312639, 22.7251076], [120.3121121, 22.7253507], [120.3116132, 22.7256772], [120.3113575, 22.7258449], [120.3109963, 22.7261423], [120.3107053, 22.7264295], [120.31064, 22.7265083], [120.3105843, 22.7265719], [120.3105336, 22.7266391]]}, "id": 286066495}, {"type": "Feature", "properties": {"osm_id": 286066496, "name": "加昌路", "highway": "tertiary", "lanes": "2", "oneway": "yes", "nodes": [265748808, 256455958]}, "geometry": {"type": "LineString", "coordinates": [[120.317269, 22.7228563], [120.3171828, 22.7228141]]}, "id": 286066496}, {"type": "Feature", "properties": {"osm_id": 286066499, "name": "安泰街", "highway": "residential", "nodes": [12650171883, 12650171895, 12650171885, 2264426940, 12650171890, 2264426948, 12650171891, 2264426991]}, "geometry": {"type": "LineString", "coordinates": [[120.33948, 22.7427301], [120.339379, 22.7428144], [120.3393535, 22.7428358], [120.3390865, 22.7430588], [120.3388218, 22.7432744], [120.338757, 22.7433272], [120.3387141, 22.7433626], [120.3373775, 22.7444643]]}, "id": 286066499}, {"type": "Feature", "properties": {"osm_id": 286066500, "name": "安泰街", "highway": "residential", "nodes": [2264426991, 2264426999, 2388503492, 2264427007, 2388503493, 2388503491, 2264427006]}, "geometry": {"type": "LineString", "coordinates": [[120.3373775, 22.7444643], [120.3368188, 22.7448963], [120.3365667, 22.7450139], [120.3363387, 22.745065], [120.3361045, 22.7450821], [120.3358765, 22.745065], [120.3354452, 22.7450252]]}, "id": 286066500}, {"type": "Feature", "properties": {"osm_id": 286066501, "name": "常德路", "highway": "residential", "nodes": [2264426813, 12556231051, 12598724591, 2264426824]}, "geometry": {"type": "LineString", "coordinates": [[120.3362635, 22.7311256], [120.3362617, 22.7312551], [120.3362612, 22.7312905], [120.3362514, 22.7319939]]}, "id": 286066501}, {"type": "Feature", "properties": {"osm_id": 286066502, "name": "常德路", "highway": "residential", "nodes": [266750999, 280277328]}, "geometry": {"type": "LineString", "coordinates": [[120.3367507, 22.739698], [120.3366776, 22.739811]]}, "id": 286066502}, {"type": "Feature", "properties": {"osm_id": 286066503, "name": "立民路", "highway": "residential", "nodes": [2264426909, 2264426907]}, "geometry": {"type": "LineString", "coordinates": [[120.3378633, 22.7411085], [120.3379387, 22.7410508]]}, "id": 286066503}, {"type": "Feature", "properties": {"osm_id": 286066504, "name": "立民路", "highway": "residential", "nodes": [2264426931, 2264426923, 2264426919, 2264426916, 2264426909]}, "geometry": {"type": "LineString", "coordinates": [[120.3357921, 22.7427064], [120.3364443, 22.7421919], [120.3368043, 22.7419192], [120.3371278, 22.7416708], [120.3378633, 22.7411085]]}, "id": 286066504}, {"type": "Feature", "properties": {"osm_id": 286066505, "name": "興楠路", "highway": "tertiary", "oneway": "yes", "nodes": [2264426810, 12556231047, 302211431, 12556231038, 12598724593, 12556231035, 302211432, 12556231032, 12598724596, 12556231027, 2264426820]}, "geometry": {"type": "LineString", "coordinates": [[120.3362692, 22.7309976], [120.3363904, 22.7310258], [120.3367887, 22.7311184], [120.3372091, 22.731222], [120.3379388, 22.7314019], [120.3379685, 22.7314092], [120.3380714, 22.7314346], [120.3381917, 22.7314538], [120.3392287, 22.7316194], [120.3392711, 22.7316262], [120.339433, 22.7316463]]}, "id": 286066505}, {"type": "Feature", "properties": {"osm_id": 286066506, "name": "興楠路", "highway": "tertiary", "oneway": "yes", "nodes": [2264426813, 12556231045, 12598724584, 2992144192, 1451068806]}, "geometry": {"type": "LineString", "coordinates": [[120.3362635, 22.7311256], [120.3361456, 22.731101], [120.3347833, 22.7307883], [120.334701, 22.7307681], [120.3345581, 22.7307278]]}, "id": 286066506}, {"type": "Feature", "properties": {"osm_id": 286894918, "highway": "residential", "nodes": [2905702855, 2905702859, 2949315203, 2905702860, 2905702857]}, "geometry": {"type": "LineString", "coordinates": [[120.2986864, 22.7306551], [120.2986309, 22.7306921], [120.2985336, 22.7305753], [120.2985058, 22.7305497], [120.2983949, 22.7305127]]}, "id": 286894918}, {"type": "Feature", "properties": {"osm_id": 287447933, "highway": "residential", "nodes": [2910467975, 2910467976, 2910471530, 2910471533, 2910471529, 2910471532, 2910471528, 2910471531, 2910471527, 2910467977, 2910471526, 2910471525, 2910467978, 2910471524, 2910471523, 2910471522, 2910471518, 2910471521, 2910471519, 2910471520, 2910467979, 2910471517, 2910471516, 2910471513, 2910471515, 2910471514, 2910471510, 2910471512, 2910471511, 2910467980, 2910471509, 2910471507, 2910471508, 2910471506, 2910467981, 2910467982, 2910471505, 2910471504, 2912439380, 2910467983, 2912439378, 2910471502, 2912439379, 2910471501, 2912439377, 2910467984, 2912439376, 2910471503, 2905702857, 2910467996, 2910467985, 2912434651, 2912434652, 2910467986, 2912434654, 2912434653, 2910467987, 2912434656, 2912434655, 2912434657, 2910467988, 2912434662, 2912434659, 2912434658, 2912434661, 2910467989, 2912434660, 2905702801, 2910467990]}, "geometry": {"type": "LineString", "coordinates": [[120.3035609, 22.7292484], [120.3033703, 22.7294636], [120.3033348, 22.7294927], [120.3033053, 22.7295057], [120.3032724, 22.7295143], [120.3032215, 22.7295199], [120.3031638, 22.7295156], [120.3031102, 22.7295075], [120.3030619, 22.7294884], [120.3030051, 22.7294376], [120.3029117, 22.7293152], [120.3028151, 22.7292113], [120.3027266, 22.729147], [120.3026113, 22.729095], [120.3024584, 22.7290406], [120.3022143, 22.7289713], [120.3019488, 22.7289194], [120.301702, 22.7288773], [120.3014445, 22.7288451], [120.3012863, 22.7288328], [120.3011441, 22.7288229], [120.3010073, 22.7288229], [120.3008839, 22.7288377], [120.3006613, 22.7289169], [120.3005379, 22.7289763], [120.3004306, 22.7290406], [120.3003233, 22.7291296], [120.3002804, 22.7291791], [120.3002402, 22.7292336], [120.3001436, 22.7293746], [120.3000229, 22.7295873], [120.2999156, 22.7298372], [120.2998647, 22.7299782], [120.2998271, 22.7301167], [120.2997601, 22.730571], [120.2996984, 22.7313116], [120.2996769, 22.7313611], [120.2996294, 22.7314091], [120.2996012, 22.7314326], [120.2995696, 22.7314477], [120.2995234, 22.7314635], [120.2994812, 22.7314722], [120.2994336, 22.7314685], [120.2993856, 22.7314608], [120.2993236, 22.7314425], [120.2992659, 22.7314165], [120.2991976, 22.7313831], [120.2991299, 22.7313329], [120.2983949, 22.7305127], [120.2981991, 22.730313], [120.2972213, 22.7290932], [120.2970419, 22.7287705], [120.2969764, 22.7286106], [120.296944, 22.728451], [120.2969445, 22.7283592], [120.2969799, 22.7282596], [120.297172, 22.7278201], [120.2972294, 22.7276704], [120.2972843, 22.7275105], [120.2973206, 22.7273404], [120.2973366, 22.7272017], [120.2973383, 22.7270597], [120.2973189, 22.7269503], [120.2972684, 22.7267205], [120.2971905, 22.7264903], [120.297079, 22.7262733], [120.296895, 22.7260448], [120.2966846, 22.7258383], [120.2965072, 22.725675]]}, "id": 287447933}, {"type": "Feature", "properties": {"osm_id": 287447934, "highway": "residential", "nodes": [2910467991, 2915635810, 2910467992]}, "geometry": {"type": "LineString", "coordinates": [[120.2963975, 22.7255975], [120.2962513, 22.725538], [120.2960074, 22.7254387]]}, "id": 287447934}, {"type": "Feature", "properties": {"osm_id": 287447935, "highway": "residential", "nodes": [2910467990, 2910467991]}, "geometry": {"type": "LineString", "coordinates": [[120.2965072, 22.725675], [120.2963975, 22.7255975]]}, "id": 287447935}, {"type": "Feature", "properties": {"osm_id": 287673498, "highway": "residential", "nodes": [2912433398, 2947383476, 2912433399, 2912438460, 2912438458, 2912438457, 4425361912, 2912438455, 2912438206, 2912438452, 4425361913, 2912438449, 2912438209, 2912438211, 2912438214, 2912439381, 2912438445, 2912438217, 4425361920, 4425361919, 2912438441, 2912438437, 4425361918, 2912438222, 2912438432, 2912438433, 2912438430, 4425361915, 2912438226, 2912438427, 4425361914, 2912438282, 2912438228, 2912438425, 2912438231, 4425361916, 4425361917, 2912438233, 2912438422, 2912438419, 2912438236]}, "geometry": {"type": "LineString", "coordinates": [[120.2957019, 22.7259574], [120.2957201, 22.7259633], [120.2962083, 22.7261216], [120.2964363, 22.7262923], [120.2966375, 22.7265645], [120.2967421, 22.7268143], [120.2967796, 22.7271211], [120.2967615, 22.7273612], [120.2964443, 22.728175], [120.2964014, 22.7284546], [120.2964417, 22.7287564], [120.2965329, 22.7289988], [120.2966723, 22.729271], [120.2976212, 22.7303724], [120.2986008, 22.7315271], [120.2989415, 22.7318215], [120.2992177, 22.7319428], [120.2994404, 22.7319625], [120.2996603, 22.7319106], [120.2998507, 22.731824], [120.3000251, 22.7316855], [120.3001485, 22.7314604], [120.300245, 22.7305376], [120.3003228, 22.7301616], [120.3004221, 22.7298301], [120.3005689, 22.7295796], [120.3007218, 22.7294076], [120.3008398, 22.7293334], [120.3009743, 22.7292964], [120.3011456, 22.729279], [120.3014996, 22.7293136], [120.3016324, 22.7293433], [120.3022533, 22.7295202], [120.3024022, 22.7295932], [120.3025846, 22.7297651], [120.3027388, 22.729895], [120.3029145, 22.7300014], [120.3030607, 22.7300088], [120.303176, 22.7300001], [120.3033691, 22.7299618], [120.3036454, 22.7300286]]}, "id": 287673498}, {"type": "Feature", "properties": {"osm_id": 288143238, "highway": "residential", "nodes": [2915635819, 260132616]}, "geometry": {"type": "LineString", "coordinates": [[120.295523, 22.7252156], [120.2955363, 22.7251787]]}, "id": 288143238}, {"type": "Feature", "properties": {"osm_id": 288425896, "highway": "residential", "nodes": [2919858675, 2919858687, 2919858676, 2919858686, 8566486501, 2919858677, 2919858685, 2919858684, 2919858678, 2919858683, 2919858679, 2919858682, 2919858680, 2919858681]}, "geometry": {"type": "LineString", "coordinates": [[120.3022461, 22.7106995], [120.3020433, 22.710753], [120.302031, 22.7107623], [120.3020254, 22.7107808], [120.302047, 22.7108269], [120.3020521, 22.7108379], [120.3020567, 22.7108509], [120.3020533, 22.7109035], [120.3020567, 22.7109251], [120.3020757, 22.7110179], [120.3020679, 22.7110303], [120.3011112, 22.7116221], [120.3010822, 22.7116344], [120.2996673, 22.7121289]]}, "id": 288425896}, {"type": "Feature", "properties": {"osm_id": 288801531, "highway": "residential", "nodes": [2923562876, 2923562879, 2923562877, 2923562878, 3706158405, 3706158404, 3706158403, 2920524064, 3706158401]}, "geometry": {"type": "LineString", "coordinates": [[120.2934189, 22.7212068], [120.2935129, 22.7211414], [120.2935452, 22.7211301], [120.2935822, 22.7211343], [120.2936115, 22.7211514], [120.2939735, 22.7215549], [120.2939796, 22.7215834], [120.2939719, 22.7216089], [120.2938613, 22.7217167]]}, "id": 288801531}, {"type": "Feature", "properties": {"osm_id": 289555544, "highway": "residential", "nodes": [2931074520, 2931074521, 2931074522, 12469141406, 7242885286, 2931074523, 1401138362]}, "geometry": {"type": "LineString", "coordinates": [[120.2961328, 22.725392], [120.2963154, 22.7253943], [120.2964185, 22.7254108], [120.296434, 22.725415], [120.2964672, 22.7254241], [120.2964946, 22.7254315], [120.2965754, 22.7254911]]}, "id": 289555544}, {"type": "Feature", "properties": {"osm_id": 292145504, "highway": "residential", "oneway": "yes", "nodes": [2956870895, 2956870898, 2956870896]}, "geometry": {"type": "LineString", "coordinates": [[120.2849644, 22.7189519], [120.2849306, 22.7189016], [120.2846943, 22.7185499]]}, "id": 292145504}, {"type": "Feature", "properties": {"osm_id": 292145505, "highway": "residential", "oneway": "yes", "nodes": [2956870897, 2956870898]}, "geometry": {"type": "LineString", "coordinates": [[120.2852849, 22.718679], [120.2849306, 22.7189016]]}, "id": 292145505}, {"type": "Feature", "properties": {"osm_id": 292327872, "name": "高楠公路", "highway": "primary", "lanes": "2", "oneway": "yes", "maxspeed": "60", "nodes": [78928096, 259978299, 7287812065, 5792509207, 5792509215, 5792509213]}, "geometry": {"type": "LineString", "coordinates": [[120.3254816, 22.7120078], [120.3249489, 22.7092876], [120.3245061, 22.7069674], [120.3244938, 22.706905], [120.3244674, 22.7067719], [120.3244501, 22.7066851]]}, "id": 292327872}, {"type": "Feature", "properties": {"osm_id": 293250174, "name": "新經一路", "highway": "unclassified", "oneway": "no", "nodes": [1218537145, 1218537231, 1218537154, 1218537113, 1218537318]}, "geometry": {"type": "LineString", "coordinates": [[120.3098308, 22.7221304], [120.3100389, 22.7216364], [120.3101411, 22.7213937], [120.3103802, 22.7208261], [120.3106308, 22.7202312]]}, "id": 293250174}, {"type": "Feature", "properties": {"osm_id": 293250175, "name": "新東三街", "highway": "unclassified", "oneway": "no", "nodes": [1218537145, 1218537298, 1218537182]}, "geometry": {"type": "LineString", "coordinates": [[120.3098308, 22.7221304], [120.3106278, 22.7224152], [120.3115494, 22.7227446]]}, "id": 293250175}, {"type": "Feature", "properties": {"osm_id": 293250176, "name": "新經一路", "highway": "unclassified", "oneway": "no", "nodes": [1218537244, 1218537108, 1218537145]}, "geometry": {"type": "LineString", "coordinates": [[120.3092992, 22.7233933], [120.309593, 22.7226954], [120.3098308, 22.7221304]]}, "id": 293250176}, {"type": "Feature", "properties": {"osm_id": 293250177, "name": "新東五街", "highway": "unclassified", "oneway": "no", "nodes": [1218537209, 1218537192]}, "geometry": {"type": "LineString", "coordinates": [[120.3090049, 22.7240925], [120.310641, 22.7246816]]}, "id": 293250177}, {"type": "Feature", "properties": {"osm_id": 293250178, "name": "新經一路", "highway": "unclassified", "oneway": "no", "nodes": [4582683631, 1218537263]}, "geometry": {"type": "LineString", "coordinates": [[120.3086058, 22.7250417], [120.308768, 22.7246486]]}, "id": 293250178}, {"type": "Feature", "properties": {"osm_id": 293250179, "name": "新東六街", "highway": "unclassified", "oneway": "no", "nodes": [1218537263, 1218537292, 1218537164]}, "geometry": {"type": "LineString", "coordinates": [[120.308768, 22.7246486], [120.3097007, 22.7249883], [120.3105899, 22.7253046]]}, "id": 293250179}, {"type": "Feature", "properties": {"osm_id": 293422500, "name": "海專路", "highway": "tertiary", "lanes": "2", "oneway": "yes", "maxspeed": "50", "nodes": [262840955, 256245283]}, "geometry": {"type": "LineString", "coordinates": [[120.3104056, 22.7266732], [120.3104303, 22.7265855]]}, "id": 293422500}, {"type": "Feature", "properties": {"osm_id": 293422501, "name": "海專路", "highway": "tertiary", "lanes": "2", "oneway": "yes", "maxspeed": "50", "nodes": [265748817, 2876350357]}, "geometry": {"type": "LineString", "coordinates": [[120.3105336, 22.7266391], [120.310463, 22.7267022]]}, "id": 293422501}, {"type": "Feature", "properties": {"osm_id": 293422502, "name": "加昌路", "highway": "tertiary", "lanes": "2", "oneway": "yes", "maxspeed": "50", "motorcycle": "yes", "nodes": [2206324427, 2968256713, 13056406617, 7244182807, 7244182801, 1400036188, 1400036464]}, "geometry": {"type": "LineString", "coordinates": [[120.2998272, 22.7158857], [120.2999518, 22.7159309], [120.3000007, 22.7159488], [120.3007889, 22.7162377], [120.3008229, 22.7162502], [120.300914, 22.7162836], [120.3009893, 22.7163091]]}, "id": 293422502}, {"type": "Feature", "properties": {"osm_id": 293422503, "name": "加昌路", "highway": "tertiary", "oneway": "yes", "maxspeed": "50", "nodes": [304709043, 13056406611, 1400036749, 13056406607, 1400036073]}, "geometry": {"type": "LineString", "coordinates": [[120.299778, 22.7160037], [120.2996434, 22.7159559], [120.2987823, 22.71565], [120.2984024, 22.7155136], [120.2982716, 22.7154666]]}, "id": 293422503}, {"type": "Feature", "properties": {"osm_id": 293422504, "name": "秀群路", "highway": "residential", "nodes": [304709043, 13056406613, 1400036260, 10050857414, 10050857409, 1400036186, 10050857408, 10050857413, 7244167958, 1400036863, 10050864421, 10050864419, 258769484]}, "geometry": {"type": "LineString", "coordinates": [[120.299778, 22.7160037], [120.2997413, 22.7160949], [120.2995716, 22.716516], [120.2994322, 22.716862], [120.2994157, 22.7169029], [120.2993603, 22.7170405], [120.2993226, 22.7171367], [120.2993004, 22.7171892], [120.2990141, 22.7178999], [120.2989856, 22.7179708], [120.2986452, 22.7188158], [120.2986303, 22.7188528], [120.2985909, 22.7189506]]}, "id": 293422504}, {"type": "Feature", "properties": {"osm_id": 294635304, "name": "高楠公路", "highway": "primary", "oneway": "yes", "nodes": [2982282054, 5346067178]}, "geometry": {"type": "LineString", "coordinates": [[120.3253588, 22.7182863], [120.325255, 22.7188562]]}, "id": 294635304}, {"type": "Feature", "properties": {"osm_id": 294641776, "name": "中山高速公路", "highway": "motorway", "lanes": "4", "oneway": "yes", "maxspeed": "100", "nodes": [2982340695, 59867135, 2397952308, 2222785438, 2397952306, 59867136]}, "geometry": {"type": "LineString", "coordinates": [[120.3284847, 22.7053826], [120.3281172, 22.7038447], [120.3279309, 22.7029186], [120.3277912, 22.7020189], [120.3276175, 22.7009073], [120.3275085, 22.6998261]]}, "id": 294641776}, {"type": "Feature", "properties": {"osm_id": 294641777, "name": "中山高速公路", "highway": "motorway", "lanes": "4", "oneway": "yes", "maxspeed": "100", "bridge": "yes", "nodes": [2982340693, 2982340695]}, "geometry": {"type": "LineString", "coordinates": [[120.3285747, 22.7057592], [120.3284847, 22.7053826]]}, "id": 294641777}, {"type": "Feature", "properties": {"osm_id": 294641778, "name": "中山高速公路", "highway": "motorway", "lanes": "4", "oneway": "yes", "maxspeed": "100", "bridge": "yes", "nodes": [2982340694, 2982340692]}, "geometry": {"type": "LineString", "coordinates": [[120.3287191, 22.7052964], [120.3288086, 22.7056942]]}, "id": 294641778}, {"type": "Feature", "properties": {"osm_id": 294647549, "name": "高楠公路", "highway": "primary", "lanes": "1", "oneway": "yes", "maxspeed": "40", "bridge": "yes", "layer": "1", "motorcycle": "yes", "nodes": [2982394397, 2982394393]}, "geometry": {"type": "LineString", "coordinates": [[120.3252895, 22.7173048], [120.3253948, 22.7167375]]}, "id": 294647549}, {"type": "Feature", "properties": {"osm_id": 294647550, "name": "高楠公路", "highway": "primary", "lanes": "1", "oneway": "yes", "maxspeed": "40", "motorcycle": "yes", "nodes": [2982394393, 1196964954, 5792508540]}, "geometry": {"type": "LineString", "coordinates": [[120.3253948, 22.7167375], [120.3254679, 22.7163772], [120.3257306, 22.7148857]]}, "id": 294647550}, {"type": "Feature", "properties": {"osm_id": 294647551, "name": "高楠公路", "highway": "primary", "lanes": "2", "oneway": "yes", "maxspeed": "60", "bridge": "yes", "layer": "1", "motorcycle": "no", "nodes": [2982394400, 2982394396]}, "geometry": {"type": "LineString", "coordinates": [[120.3253843, 22.7172556], [120.3254887, 22.716675]]}, "id": 294647551}, {"type": "Feature", "properties": {"osm_id": 294647552, "name": "高楠公路", "highway": "primary", "lanes": "2", "oneway": "yes", "maxspeed": "60", "motorcycle": "no", "nodes": [2982394396, 78928095, 5792509206]}, "geometry": {"type": "LineString", "coordinates": [[120.3254887, 22.716675], [120.325534, 22.7164343], [120.3258097, 22.7149101]]}, "id": 294647552}, {"type": "Feature", "properties": {"osm_id": 294647553, "name": "高楠公路", "highway": "primary", "lanes": "2", "oneway": "yes", "maxspeed": "60", "motorcycle": "no", "nodes": [2982394399, 2982282052, 2982238056]}, "geometry": {"type": "LineString", "coordinates": [[120.3254889, 22.7172165], [120.3252888, 22.7182771], [120.3251673, 22.7189219]]}, "id": 294647553}, {"type": "Feature", "properties": {"osm_id": 294647554, "name": "高楠公路", "highway": "primary", "lanes": "2", "oneway": "yes", "maxspeed": "60", "bridge": "yes", "layer": "1", "motorcycle": "no", "nodes": [2982394395, 2982394399]}, "geometry": {"type": "LineString", "coordinates": [[120.3255912, 22.7166354], [120.3254889, 22.7172165]]}, "id": 294647554}, {"type": "Feature", "properties": {"osm_id": 294647555, "name": "高楠公路", "highway": "primary", "oneway": "yes", "motorcycle": "yes", "nodes": [2982394398, 2982282054]}, "geometry": {"type": "LineString", "coordinates": [[120.3255794, 22.7171704], [120.3253588, 22.7182863]]}, "id": 294647555}, {"type": "Feature", "properties": {"osm_id": 294647556, "name": "高楠公路", "highway": "primary", "oneway": "yes", "bridge": "yes", "layer": "1", "motorcycle": "yes", "nodes": [2982394394, 2982394398]}, "geometry": {"type": "LineString", "coordinates": [[120.325677, 22.7166017], [120.3255794, 22.7171704]]}, "id": 294647556}, {"type": "Feature", "properties": {"osm_id": 294665430, "name": "仁武橋", "highway": "tertiary", "lanes": "2", "oneway": "yes", "maxspeed": "50", "bridge": "yes", "layer": "1", "nodes": [2982557027, 2982557026]}, "geometry": {"type": "LineString", "coordinates": [[120.3270414, 22.7065121], [120.3275993, 22.7064973]]}, "id": 294665430}, {"type": "Feature", "properties": {"osm_id": 294665439, "name": "仁武橋", "highway": "tertiary", "lanes": "2", "oneway": "yes", "maxspeed": "50", "bridge": "yes", "nodes": [2982557024, 2982557025]}, "geometry": {"type": "LineString", "coordinates": [[120.3275967, 22.7065717], [120.3270361, 22.7065915]]}, "id": 294665439}, {"type": "Feature", "properties": {"osm_id": 294665441, "name": "水管路", "highway": "tertiary", "lanes": "2", "oneway": "yes", "maxspeed": "50", "nodes": [2982557025, 7287812069, 7287812063, 5792509218, 5792509214, 5792509213]}, "geometry": {"type": "LineString", "coordinates": [[120.3270361, 22.7065915], [120.3247386, 22.706679], [120.3246832, 22.7066811], [120.3246231, 22.7066809], [120.3245401, 22.7066849], [120.3244501, 22.7066851]]}, "id": 294665441}, {"type": "Feature", "properties": {"osm_id": 294715679, "name": "創新路", "highway": "residential", "oneway": "yes", "bridge": "yes", "nodes": [12954233438, 12469016064, 1932046373]}, "geometry": {"type": "LineString", "coordinates": [[120.3304702, 22.7467065], [120.3303125, 22.7464012], [120.3302994, 22.7463764]]}, "id": 294715679}, {"type": "Feature", "properties": {"osm_id": 294715680, "name": "創新路", "highway": "residential", "lanes": "2", "oneway": "yes", "maxspeed": "50", "nodes": [12954233441, 12954233448, 2264443984, 12954233427, 12954233432, 12954233430, 1932046437, 5965331454, 1932046441]}, "geometry": {"type": "LineString", "coordinates": [[120.330591, 22.7467073], [120.3306319, 22.7467948], [120.3308359, 22.7472306], [120.330848, 22.7472564], [120.3308914, 22.7473487], [120.3309213, 22.7474077], [120.3315396, 22.7486263], [120.3315827, 22.7487656], [120.331601, 22.74888]]}, "id": 294715680}, {"type": "Feature", "properties": {"osm_id": 294715681, "name": "創新路", "highway": "residential", "oneway": "yes", "bridge": "yes", "nodes": [2983244005, 2983244004, 12954233439]}, "geometry": {"type": "LineString", "coordinates": [[120.3304061, 22.7463304], [120.3305586, 22.7466406], [120.3305676, 22.7466589]]}, "id": 294715681}, {"type": "Feature", "properties": {"osm_id": 294715682, "name": "創新路", "highway": "residential", "oneway": "yes", "nodes": [1932046373, 988779686, 2985504661, 988779670]}, "geometry": {"type": "LineString", "coordinates": [[120.3302994, 22.7463764], [120.3302767, 22.7463319], [120.3302195, 22.7462211], [120.3301581, 22.7461073]]}, "id": 294715682}, {"type": "Feature", "properties": {"osm_id": 294715685, "name": "中山高速公路", "highway": "motorway", "lanes": "3", "oneway": "yes", "maxspeed": "110", "bridge": "yes", "layer": "1", "nodes": [2983244014, 2983244016]}, "geometry": {"type": "LineString", "coordinates": [[120.3348103, 22.7471295], [120.3347839, 22.7477751]]}, "id": 294715685}, {"type": "Feature", "properties": {"osm_id": 294715686, "name": "中山高速公路", "highway": "motorway", "lanes": "3", "oneway": "yes", "maxspeed": "110", "nodes": [2983244013, 4425325802, 59867129, 2388503507]}, "geometry": {"type": "LineString", "coordinates": [[120.3346466, 22.7470293], [120.3346399, 22.745602], [120.334589, 22.7439991], [120.334542, 22.742787]]}, "id": 294715686}, {"type": "Feature", "properties": {"osm_id": 294715687, "name": "中山高速公路", "highway": "motorway", "lanes": "3", "oneway": "yes", "maxspeed": "110", "bridge": "yes", "layer": "1", "nodes": [2983244015, 2983244013]}, "geometry": {"type": "LineString", "coordinates": [[120.3346232, 22.7476805], [120.3346466, 22.7470293]]}, "id": 294715687}, {"type": "Feature", "properties": {"osm_id": 294715688, "name": "中山高速公路", "highway": "motorway", "lanes": "3", "oneway": "yes", "maxspeed": "110", "nodes": [2983244016, 493976624, 4425325813, 2984391040, 2983244024]}, "geometry": {"type": "LineString", "coordinates": [[120.3347839, 22.7477751], [120.3347221, 22.7485956], [120.3345829, 22.7500291], [120.3345199, 22.7505238], [120.3342463, 22.7522429]]}, "id": 294715688}, {"type": "Feature", "properties": {"osm_id": 294715689, "name": "檨仔橋", "highway": "primary", "oneway": "yes", "bridge": "yes", "nodes": [2983244017, 2983244019]}, "geometry": {"type": "LineString", "coordinates": [[120.3408572, 22.7441362], [120.3406969, 22.7439705]]}, "id": 294715689}, {"type": "Feature", "properties": {"osm_id": 294715691, "name": "旗楠路", "highway": "primary", "oneway": "yes", "nodes": [2983244019, 2264426965, 280277314, 759519318, 12650171896, 12650171883]}, "geometry": {"type": "LineString", "coordinates": [[120.3406969, 22.7439705], [120.340668, 22.7439407], [120.3403004, 22.7435606], [120.339607, 22.7428587], [120.3395726, 22.7428239], [120.33948, 22.7427301]]}, "id": 294715691}, {"type": "Feature", "properties": {"osm_id": 294715693, "name": "中山高速公路", "highway": "motorway", "lanes": "3", "oneway": "yes", "maxspeed": "110", "bridge": "yes", "nodes": [2983244021, 2983244023]}, "geometry": {"type": "LineString", "coordinates": [[120.3339929, 22.7526461], [120.3340894, 22.7521959]]}, "id": 294715693}, {"type": "Feature", "properties": {"osm_id": 294715695, "name": "中山高速公路", "highway": "motorway", "lanes": "3", "oneway": "yes", "maxspeed": "110", "nodes": [2983244023, 2984391041, 4425325812, 59867128, 2983244015]}, "geometry": {"type": "LineString", "coordinates": [[120.3340894, 22.7521959], [120.3343711, 22.7504533], [120.3344884, 22.749394], [120.3345528, 22.7486], [120.3346232, 22.7476805]]}, "id": 294715695}, {"type": "Feature", "properties": {"osm_id": 294715696, "name": "中山高速公路", "highway": "motorway", "lanes": "3", "oneway": "yes", "maxspeed": "110", "bridge": "yes", "nodes": [2983244024, 2983244022]}, "geometry": {"type": "LineString", "coordinates": [[120.3342463, 22.7522429], [120.3341588, 22.7526918]]}, "id": 294715696}, {"type": "Feature", "properties": {"osm_id": 294820978, "name": "高楠公路", "highway": "primary", "lanes": "1", "oneway": "yes", "maxspeed": "40", "nodes": [280507466, 3006200130, 280507467]}, "geometry": {"type": "LineString", "coordinates": [[120.3248443, 22.7196969], [120.3249354, 22.7191496], [120.3249811, 22.718898]]}, "id": 294820978}, {"type": "Feature", "properties": {"osm_id": 294820979, "name": "高楠公路", "highway": "primary", "lanes": "2", "oneway": "yes", "maxspeed": "60", "nodes": [3006200128, 3006200129]}, "geometry": {"type": "LineString", "coordinates": [[120.324955, 22.719713], [120.3250419, 22.7191613]]}, "id": 294820979}, {"type": "Feature", "properties": {"osm_id": 294896756, "name": "立仁街", "highway": "residential", "nodes": [2264426915, 2264426917]}, "geometry": {"type": "LineString", "coordinates": [[120.3359898, 22.7416503], [120.3360933, 22.7417788]]}, "id": 294896756}, {"type": "Feature", "properties": {"osm_id": 294896757, "name": "立仁街", "highway": "residential", "bridge": "yes", "layer": "1", "nodes": [2264426911, 2264426915]}, "geometry": {"type": "LineString", "coordinates": [[120.3357741, 22.74141], [120.3359898, 22.7416503]]}, "id": 294896757}, {"type": "Feature", "properties": {"osm_id": 294896758, "name": "旗楠路", "highway": "primary", "lanes": "2", "oneway": "yes", "maxspeed": "60", "nodes": [2985344162, 280277328]}, "geometry": {"type": "LineString", "coordinates": [[120.3370724, 22.7402748], [120.3366776, 22.739811]]}, "id": 294896758}, {"type": "Feature", "properties": {"osm_id": 294896760, "name": "土庫橋", "highway": "primary", "lanes": "2", "oneway": "yes", "maxspeed": "60", "bridge": "yes", "layer": "1", "nodes": [2985344161, 2985344162]}, "geometry": {"type": "LineString", "coordinates": [[120.3372071, 22.7404295], [120.3370724, 22.7402748]]}, "id": 294896760}, {"type": "Feature", "properties": {"osm_id": 294896761, "name": "土庫橋", "highway": "primary", "lanes": "2", "oneway": "yes", "maxspeed": "60", "bridge": "yes", "layer": "1", "nodes": [2985344164, 2985344163]}, "geometry": {"type": "LineString", "coordinates": [[120.3371334, 22.7402137], [120.3372611, 22.7403646]]}, "id": 294896761}, {"type": "Feature", "properties": {"osm_id": 294896762, "name": "旗楠路", "highway": "primary", "lanes": "2", "oneway": "yes", "maxspeed": "60", "nodes": [2985344163, 4425325574, 2264426907, 4425325794, 2264426921, 266751042, 12650180401, 12650171884]}, "geometry": {"type": "LineString", "coordinates": [[120.3372611, 22.7403646], [120.3373066, 22.7404217], [120.3379387, 22.7410508], [120.3385857, 22.7417514], [120.3390079, 22.7421172], [120.3393429, 22.7424519], [120.3393658, 22.7424747], [120.3395658, 22.7426745]]}, "id": 294896762}, {"type": "Feature", "properties": {"osm_id": 294906105, "name": "寶溪南街", "highway": "residential", "lanes": "4", "oneway": "yes", "nodes": [2985512598, 7472962176]}, "geometry": {"type": "LineString", "coordinates": [[120.3314489, 22.7454984], [120.3315726, 22.7454365]]}, "id": 294906105}, {"type": "Feature", "properties": {"osm_id": 294950908, "highway": "residential", "nodes": [2261344372, 2261344364]}, "geometry": {"type": "LineString", "coordinates": [[120.3279967, 22.7269074], [120.3279738, 22.7268541]]}, "id": 294950908}, {"type": "Feature", "properties": {"osm_id": 294950912, "highway": "residential", "nodes": [2261344333, 2985906105]}, "geometry": {"type": "LineString", "coordinates": [[120.3293798, 22.7263285], [120.3292549, 22.7262983]]}, "id": 294950912}, {"type": "Feature", "properties": {"osm_id": 295479916, "name": "德民路", "highway": "residential", "oneway": "yes", "maxspeed": "60", "nodes": [1400036065, 12556881669, 12556881659, 3152683413, 12556881664, 4425355564, 12556881653, 1400036787, 2398001485, 1400036246, 1400036148, 1400036650, 1400036804, 1400036193, 1400036503, 2876350356, 12556881640, 1400036141, 12944021028, 12556881647, 1400036583, 1400036761, 1400036174, 1400036462, 1400036119, 12556881627, 4425355587, 12556881631, 1400036366, 1400036066]}, "geometry": {"type": "LineString", "coordinates": [[120.3029822, 22.725175], [120.3044747, 22.7252825], [120.3045201, 22.7252859], [120.3046257, 22.7252951], [120.3047738, 22.725307], [120.305129, 22.7253502], [120.3070646, 22.7255319], [120.3080209, 22.7256216], [120.3082771, 22.7256631], [120.3084996, 22.7257174], [120.3087642, 22.7257979], [120.3090155, 22.7258874], [120.3092609, 22.7259802], [120.3095552, 22.7261024], [120.3101671, 22.726382], [120.3102744, 22.726428], [120.3104011, 22.7264824], [120.3104791, 22.7265177], [120.3105843, 22.7265719], [120.3107104, 22.7266405], [120.3111192, 22.7268633], [120.3114873, 22.7271072], [120.3118639, 22.7273645], [120.3121702, 22.7276005], [120.3127717, 22.728145], [120.3130858, 22.7284355], [120.313164, 22.7285078], [120.3132438, 22.7285882], [120.3136383, 22.7289857], [120.313949, 22.7292672]]}, "id": 295479916}, {"type": "Feature", "properties": {"osm_id": 295479919, "name": "德惠路", "highway": "tertiary", "oneway": "yes", "nodes": [1400036065, 2876350352]}, "geometry": {"type": "LineString", "coordinates": [[120.3029822, 22.725175], [120.3030044, 22.7252607]]}, "id": 295479919}, {"type": "Feature", "properties": {"osm_id": 296122588, "highway": "unclassified", "nodes": [2983128636, 4315402386, 4425490237, 4425490238, 4425490243, 4425490245, 4425490244, 2999030613]}, "geometry": {"type": "LineString", "coordinates": [[120.2696905, 22.7327282], [120.2697733, 22.7327717], [120.2709647, 22.7329391], [120.2724077, 22.7331036], [120.2746782, 22.7334252], [120.2750537, 22.7334722], [120.275165, 22.7334697], [120.2752764, 22.7334734]]}, "id": 296122588}, {"type": "Feature", "properties": {"osm_id": 296682027, "name": "軍校路", "highway": "tertiary", "lanes": "2", "oneway": "yes", "maxspeed": "50", "nodes": [3004962040, 259974857, 13056406516, 2384947095, 588290624, 2384947096, 2384947097, 588290614, 3004962043]}, "geometry": {"type": "LineString", "coordinates": [[120.291357, 22.7132748], [120.291203, 22.7133312], [120.2910646, 22.7133666], [120.2909311, 22.7133947], [120.2906602, 22.7134765], [120.2904477, 22.7135541], [120.290317, 22.7136165], [120.2902002, 22.7136919], [120.2901512, 22.7137308]]}, "id": 296682027}, {"type": "Feature", "properties": {"osm_id": 296682030, "name": "加昌路", "highway": "tertiary", "lanes": "2", "oneway": "yes", "nodes": [3004962040, 262083221]}, "geometry": {"type": "LineString", "coordinates": [[120.291357, 22.7132748], [120.2912693, 22.713199]]}, "id": 296682030}, {"type": "Feature", "properties": {"osm_id": 296797965, "name": "藍昌路", "highway": "residential", "oneway": "no", "nodes": [265968406, 1398636069, 1398635233, 265968409, 1398635824, 5257606653, 4309151570, 262675908, 1372607349, 5257606652, 4309157395, 1398636089, 5295609515, 2379713966, 1398635799, 5154956449, 1398635930, 1398634688, 1398634590, 3004962044, 588290617]}, "geometry": {"type": "LineString", "coordinates": [[120.2906947, 22.7197185], [120.2906236, 22.7191894], [120.2905751, 22.7188287], [120.2905513, 22.7186519], [120.2904118, 22.7176144], [120.2903725, 22.7173216], [120.2903689, 22.7172948], [120.2903571, 22.717207], [120.2903461, 22.7171256], [120.290338, 22.717065], [120.2903269, 22.7169825], [120.2902851, 22.7166719], [120.2902198, 22.7161866], [120.2901895, 22.715961], [120.29018, 22.7158901], [120.290153, 22.7156886], [120.2901332, 22.7155414], [120.2900977, 22.7152779], [120.289945, 22.7141419], [120.2899151, 22.713919], [120.2898967, 22.7137824]]}, "id": 296797965}, {"type": "Feature", "properties": {"osm_id": 296800656, "highway": "residential", "lanes": "2", "oneway": "yes", "nodes": [2210767359, 3006200114, 3006200113, 13698337412, 3006200112, 3006200115, 2210767365]}, "geometry": {"type": "LineString", "coordinates": [[120.3284862, 22.7225254], [120.3284373, 22.7225784], [120.3283356, 22.7226474], [120.3282395, 22.7226857], [120.3282047, 22.7226996], [120.3280892, 22.7227306], [120.3279576, 22.7227316]]}, "id": 296800656}, {"type": "Feature", "properties": {"osm_id": 296800657, "highway": "primary_link", "oneway": "yes", "nodes": [280507466, 3006200131, 3006200129]}, "geometry": {"type": "LineString", "coordinates": [[120.3248443, 22.7196969], [120.3249452, 22.7194309], [120.3250419, 22.7191613]]}, "id": 296800657}, {"type": "Feature", "properties": {"osm_id": 296800658, "highway": "primary_link", "oneway": "yes", "nodes": [3006200128, 3006200131, 3006200130]}, "geometry": {"type": "LineString", "coordinates": [[120.324955, 22.719713], [120.3249452, 22.7194309], [120.3249354, 22.7191496]]}, "id": 296800658}, {"type": "Feature", "properties": {"osm_id": 296983291, "name": "內環北路", "highway": "unclassified", "oneway": "no", "nodes": [1218537284, 1218537171]}, "geometry": {"type": "LineString", "coordinates": [[120.3006136, 22.724421], [120.2994596, 22.7237972]]}, "id": 296983291}, {"type": "Feature", "properties": {"osm_id": 296983292, "name": "海專路", "highway": "tertiary", "lanes": "2", "oneway": "yes", "maxspeed": "50", "nodes": [256455906, 256455911, 1401138484, 256455915, 256455919, 262087968, 2384404481, 256455939, 2384404478, 2384404479, 256455945, 256455949, 256455954, 12862457490, 256455956, 256455958]}, "geometry": {"type": "LineString", "coordinates": [[120.3126131, 22.7250255], [120.3133098, 22.7248165], [120.3134451, 22.7247738], [120.3137846, 22.7246946], [120.3143098, 22.7245535], [120.3148095, 22.724408], [120.3150855, 22.7243018], [120.3153713, 22.7241793], [120.3156062, 22.7240714], [120.3157183, 22.7240132], [120.3158227, 22.7239592], [120.316256, 22.7236749], [120.3166579, 22.7233383], [120.3168552, 22.7231478], [120.3169835, 22.723024], [120.3171828, 22.7228141]]}, "id": 296983292}, {"type": "Feature", "properties": {"osm_id": 296983294, "name": "德賢路", "highway": "residential", "oneway": "no", "nodes": [1401138505, 2401086117, 2378608808, 1401138537, 1401138242, 256245293]}, "geometry": {"type": "LineString", "coordinates": [[120.3064093, 22.7266578], [120.3060945, 22.7265738], [120.3056543, 22.7264757], [120.3056158, 22.726472], [120.3053889, 22.7264504], [120.3046145, 22.7263767]]}, "id": 296983294}, {"type": "Feature", "properties": {"osm_id": 296983296, "name": "德賢路", "highway": "residential", "oneway": "no", "nodes": [256245293, 1401138389, 2378612823]}, "geometry": {"type": "LineString", "coordinates": [[120.3046145, 22.7263767], [120.3040114, 22.7263192], [120.3028387, 22.726212]]}, "id": 296983296}, {"type": "Feature", "properties": {"osm_id": 296983298, "name": "德惠路", "highway": "tertiary", "lanes": "2", "oneway": "yes", "nodes": [258785000, 260131176, 2401086122, 260131179]}, "geometry": {"type": "LineString", "coordinates": [[120.3031983, 22.7281432], [120.303239, 22.728809], [120.303239, 22.7291021], [120.3032411, 22.7292671]]}, "id": 296983298}, {"type": "Feature", "properties": {"osm_id": 296983301, "name": "秀群路539巷", "highway": "residential", "nodes": [1400036863, 1400036084]}, "geometry": {"type": "LineString", "coordinates": [[120.2989856, 22.7179708], [120.2975009, 22.7174621]]}, "id": 296983301}, {"type": "Feature", "properties": {"osm_id": 296983302, "name": "加宏路", "highway": "residential", "oneway": "no", "nodes": [258769513, 2384916843, 1400036482, 258769527, 1400036705, 258769544, 258769552, 258769559, 5211912321, 258769566]}, "geometry": {"type": "LineString", "coordinates": [[120.2960922, 22.718112], [120.2958728, 22.7179727], [120.2955115, 22.717747], [120.2953199, 22.7176231], [120.2949046, 22.717371], [120.2947019, 22.7172435], [120.2940869, 22.7169793], [120.2931963, 22.7166411], [120.2927792, 22.7164698], [120.2927419, 22.7164552]]}, "id": 296983302}, {"type": "Feature", "properties": {"osm_id": 296983303, "name": "民昌街", "highway": "residential", "oneway": "no", "nodes": [1398635040, 1398634691, 2380808006, 1398634502, 1398634243, 265968414, 1398634174, 1398634152, 1398634224, 4309157480, 261697050]}, "geometry": {"type": "LineString", "coordinates": [[120.2876375, 22.7194124], [120.2879484, 22.7189619], [120.2881087, 22.7187318], [120.2883792, 22.7183438], [120.2886162, 22.7180037], [120.2888989, 22.7175981], [120.2890616, 22.7173645], [120.2891107, 22.7172941], [120.289223, 22.717133], [120.2894689, 22.7167801], [120.2894971, 22.7167397]]}, "id": 296983303}, {"type": "Feature", "properties": {"osm_id": 296983304, "name": "中泰街", "highway": "residential", "nodes": [1398635462, 1398634084, 1398634182, 1398634266]}, "geometry": {"type": "LineString", "coordinates": [[120.2846872, 22.7151443], [120.2844237, 22.7149374], [120.2843875, 22.7149053], [120.2840311, 22.7146692]]}, "id": 296983304}, {"type": "Feature", "properties": {"osm_id": 296983305, "name": "福興街", "highway": "residential", "oneway": "no", "nodes": [1372607170, 3152368444, 1398635572, 13271617168, 1398634144, 1398636099]}, "geometry": {"type": "LineString", "coordinates": [[120.283082, 22.7161391], [120.2836495, 22.7164354], [120.2843892, 22.7169675], [120.2846349, 22.7171814], [120.2850041, 22.7175028], [120.2853798, 22.7179879]]}, "id": 296983305}, {"type": "Feature", "properties": {"osm_id": 296983306, "name": "久昌街", "highway": "residential", "oneway": "no", "nodes": [1398636086, 10960958187, 1398634276, 256456052]}, "geometry": {"type": "LineString", "coordinates": [[120.2803957, 22.7166877], [120.2805424, 22.716437], [120.2806624, 22.7162152], [120.2808137, 22.7159535]]}, "id": 296983306}, {"type": "Feature", "properties": {"osm_id": 296983307, "name": "德民路", "highway": "tertiary", "lanes": "2", "maxspeed": "60", "nodes": [9849594308, 6444502209, 6444502202, 9849594309, 9849594284, 1372607160, 1398636087, 1398634495, 256456052]}, "geometry": {"type": "LineString", "coordinates": [[120.2793841, 22.7152531], [120.2794337, 22.7152769], [120.279522, 22.7153193], [120.2795863, 22.7153499], [120.2796729, 22.7153914], [120.2797549, 22.7154308], [120.2799747, 22.7155409], [120.2804098, 22.7157563], [120.2808137, 22.7159535]]}, "id": 296983307}, {"type": "Feature", "properties": {"osm_id": 296983308, "name": "福興街", "highway": "residential", "oneway": "no", "nodes": [1398635002, 13271617162, 1398635661, 1398634214, 1372607170]}, "geometry": {"type": "LineString", "coordinates": [[120.2812319, 22.7151759], [120.2815499, 22.7153389], [120.2822509, 22.7157003], [120.2824694, 22.7158181], [120.283082, 22.7161391]]}, "id": 296983308}, {"type": "Feature", "properties": {"osm_id": 297133461, "name": "晉昌街", "highway": "residential", "oneway": "no", "nodes": [1398635739, 2956870895, 1398634938]}, "geometry": {"type": "LineString", "coordinates": [[120.2839971, 22.7195561], [120.2849644, 22.7189519], [120.2853434, 22.7187156]]}, "id": 297133461}, {"type": "Feature", "properties": {"osm_id": 297133462, "name": "民昌街", "highway": "residential", "oneway": "no", "nodes": [2384936086, 4586446598, 1398635095]}, "geometry": {"type": "LineString", "coordinates": [[120.2866481, 22.7210241], [120.2870341, 22.720357], [120.2873063, 22.7198867]]}, "id": 297133462}, {"type": "Feature", "properties": {"osm_id": 297133983, "name": "久昌街", "highway": "residential", "oneway": "no", "nodes": [1398634513, 1398634247, 1398636086]}, "geometry": {"type": "LineString", "coordinates": [[120.2799763, 22.7174711], [120.2801634, 22.7171275], [120.2803957, 22.7166877]]}, "id": 297133983}, {"type": "Feature", "properties": {"osm_id": 297133984, "name": "三山街", "highway": "residential", "oneway": "no", "nodes": [1398634345, 1398636072]}, "geometry": {"type": "LineString", "coordinates": [[120.2816189, 22.7183121], [120.2814137, 22.7187026]]}, "id": 297133984}, {"type": "Feature", "properties": {"osm_id": 297133985, "name": "智昌街", "highway": "residential", "oneway": "no", "nodes": [1398634345, 1398635585, 1398635618, 1398635659]}, "geometry": {"type": "LineString", "coordinates": [[120.2816189, 22.7183121], [120.2821104, 22.7185709], [120.2824585, 22.7187718], [120.2833547, 22.7192108]]}, "id": 297133985}, {"type": "Feature", "properties": {"osm_id": 297133986, "name": "加昌路", "highway": "tertiary", "lanes": "2", "oneway": "yes", "maxspeed": "50", "nodes": [1400036204, 5144956952, 13056406579, 1400036664, 13056406509, 3004962040]}, "geometry": {"type": "LineString", "coordinates": [[120.2937392, 22.713927], [120.2936023, 22.7138866], [120.2934573, 22.713846], [120.2924894, 22.7135809], [120.29155, 22.7133281], [120.291357, 22.7132748]]}, "id": 297133986}, {"type": "Feature", "properties": {"osm_id": 297138317, "name": "藍田路", "highway": "tertiary", "oneway": "yes", "nodes": [262840695, 262840830]}, "geometry": {"type": "LineString", "coordinates": [[120.2845003, 22.7283066], [120.2846134, 22.7282999]]}, "id": 297138317}, {"type": "Feature", "properties": {"osm_id": 297138318, "name": "藍田路", "highway": "tertiary", "oneway": "yes", "nodes": [262840830, 262840842]}, "geometry": {"type": "LineString", "coordinates": [[120.2846134, 22.7282999], [120.2848232, 22.7282806]]}, "id": 297138318}, {"type": "Feature", "properties": {"osm_id": 297138319, "name": "高雄大學路", "highway": "tertiary", "oneway": "yes", "nodes": [262841211, 7242730675, 7243024786, 4309157589, 291592365, 4309157700, 7243004776, 1080697000, 7242730703, 7242730696, 262840700]}, "geometry": {"type": "LineString", "coordinates": [[120.2863242, 22.7233546], [120.2862817, 22.7234687], [120.2857153, 22.7255088], [120.2856927, 22.725592], [120.2856653, 22.7256895], [120.285649, 22.7257531], [120.2852751, 22.7271334], [120.2852498, 22.7272268], [120.2850286, 22.728031], [120.285018, 22.7280696], [120.2849461, 22.7282716]]}, "id": 297138319}, {"type": "Feature", "properties": {"osm_id": 297138320, "name": "大學二十一路", "highway": "residential", "nodes": [4615786628, 1080697360]}, "geometry": {"type": "LineString", "coordinates": [[120.2789491, 22.7219354], [120.2790039, 22.7220328]]}, "id": 297138320}, {"type": "Feature", "properties": {"osm_id": 297138321, "name": "藍田路", "highway": "tertiary", "oneway": "yes", "nodes": [1080697205, 1401138221]}, "geometry": {"type": "LineString", "coordinates": [[120.2959408, 22.7262149], [120.296027, 22.7261366]]}, "id": 297138321}, {"type": "Feature", "properties": {"osm_id": 297138322, "name": "藍田路", "highway": "tertiary", "oneway": "yes", "nodes": [258784649, 1080697205]}, "geometry": {"type": "LineString", "coordinates": [[120.2958633, 22.726293], [120.2959408, 22.7262149]]}, "id": 297138322}, {"type": "Feature", "properties": {"osm_id": 297138323, "name": "藍昌路", "highway": "tertiary", "oneway": "yes", "nodes": [13305979122, 7243024805, 4309151577, 256455741, 4309157530, 7242885293, 4309157588, 256254914, 260856509, 1080697284]}, "geometry": {"type": "LineString", "coordinates": [[120.2915634, 22.7264939], [120.2915483, 22.7263934], [120.2915406, 22.7263423], [120.291533, 22.72628], [120.2915222, 22.7261914], [120.2914592, 22.7255153], [120.2914553, 22.7254836], [120.2914324, 22.7253426], [120.2914145, 22.725248], [120.2913823, 22.7250597]]}, "id": 297138323}, {"type": "Feature", "properties": {"osm_id": 297138324, "name": "藍昌路", "highway": "tertiary", "oneway": "yes", "nodes": [260130548, 258784609]}, "geometry": {"type": "LineString", "coordinates": [[120.2916806, 22.7272916], [120.2916651, 22.7272035]]}, "id": 297138324}, {"type": "Feature", "properties": {"osm_id": 297138325, "name": "高雄大學路", "highway": "tertiary", "oneway": "yes", "nodes": [262840695, 7242730694, 7243004770, 1080697454, 7243004779, 4309151554, 265972865, 4309157489, 7242730689, 7242730676, 262840696, 262840697]}, "geometry": {"type": "LineString", "coordinates": [[120.2845003, 22.7283066], [120.2845313, 22.7281639], [120.2847645, 22.727351], [120.2848001, 22.7272268], [120.2852545, 22.7256818], [120.2852717, 22.7256233], [120.2852955, 22.7255429], [120.2853218, 22.7254525], [120.2859197, 22.723388], [120.2859334, 22.72334], [120.285978, 22.7232225], [120.286025, 22.7231026]]}, "id": 297138325}, {"type": "Feature", "properties": {"osm_id": 297138326, "name": "高雄大學路", "highway": "tertiary", "nodes": [1080696942, 262840695]}, "geometry": {"type": "LineString", "coordinates": [[120.2844734, 22.7284247], [120.2845003, 22.7283066]]}, "id": 297138326}, {"type": "Feature", "properties": {"osm_id": 297138327, "name": "藍田路", "highway": "tertiary", "oneway": "yes", "nodes": [1080697114, 7242885218, 7242730700, 7242730690, 1080697521, 1080696793, 1080696984]}, "geometry": {"type": "LineString", "coordinates": [[120.2872019, 22.7281476], [120.2871271, 22.7281556], [120.2851041, 22.7283721], [120.2850689, 22.7283759], [120.2849199, 22.7283892], [120.2847973, 22.7283978], [120.2845869, 22.7284147]]}, "id": 297138327}, {"type": "Feature", "properties": {"osm_id": 297138328, "name": "大學十一街", "highway": "residential", "nodes": [256593792, 7242885221, 7242885227, 260857394, 1080697510, 7243025017, 7243024799, 256455736, 7243024803, 7243025020, 7243025033, 5375267630, 262104086, 260856473]}, "geometry": {"type": "LineString", "coordinates": [[120.2872116, 22.7280215], [120.2872153, 22.7279505], [120.2872206, 22.7278742], [120.2872383, 22.7275851], [120.2872918, 22.7271842], [120.2874987, 22.7261188], [120.2875041, 22.7260873], [120.2875163, 22.7260206], [120.2875306, 22.7259443], [120.2875342, 22.7259248], [120.2878811, 22.7241319], [120.2878906, 22.7240658], [120.2878898, 22.7239415], [120.2879159, 22.7238313]]}, "id": 297138328}, {"type": "Feature", "properties": {"osm_id": 297138329, "name": "藍田路", "highway": "tertiary", "oneway": "yes", "nodes": [256593792, 7242885219, 1080696829, 7242885237, 7242885231, 1080697175, 7242885233, 7242885244, 4309151573, 260130551, 4309157390, 7242885249, 4309151562, 5375267640, 258784609]}, "geometry": {"type": "LineString", "coordinates": [[120.2872116, 22.7280215], [120.2873256, 22.7280012], [120.2877874, 22.7279188], [120.2884812, 22.7277614], [120.2885135, 22.7277539], [120.2886361, 22.7277262], [120.2887381, 22.7277046], [120.2897568, 22.727489], [120.2898055, 22.7274787], [120.2899046, 22.7274633], [120.2900405, 22.7274422], [120.2914957, 22.7272303], [120.2915515, 22.7272223], [120.2915948, 22.7272153], [120.2916651, 22.7272035]]}, "id": 297138329}, {"type": "Feature", "properties": {"osm_id": 297138330, "name": "大學十一街", "highway": "residential", "nodes": [1080697114, 256593792]}, "geometry": {"type": "LineString", "coordinates": [[120.2872019, 22.7281476], [120.2872116, 22.7280215]]}, "id": 297138330}, {"type": "Feature", "properties": {"osm_id": 297138331, "name": "高雄大學路", "highway": "tertiary", "oneway": "yes", "motorcycle": "no", "nodes": [262840842, 1080696793, 7242730693, 262840867, 262840880, 262840944, 1080697375, 7243024985, 7242730716, 343046180, 7242730714, 7242730733, 7242730729, 262840893]}, "geometry": {"type": "LineString", "coordinates": [[120.2848232, 22.7282806], [120.2847973, 22.7283978], [120.2847867, 22.7284937], [120.2847588, 22.7286994], [120.2847417, 22.72887], [120.2847282, 22.7290592], [120.2847206, 22.7291986], [120.2847293, 22.7298714], [120.2847297, 22.729906], [120.2847307, 22.7299801], [120.2847303, 22.7300422], [120.2847188, 22.7319508], [120.2847184, 22.7320199], [120.2847212, 22.7321244]]}, "id": 297138331}, {"type": "Feature", "properties": {"osm_id": 297138332, "name": "藍田路", "highway": "tertiary", "oneway": "yes", "nodes": [262840842, 262840700]}, "geometry": {"type": "LineString", "coordinates": [[120.2848232, 22.7282806], [120.2849461, 22.7282716]]}, "id": 297138332}, {"type": "Feature", "properties": {"osm_id": 297138333, "name": "高雄大學路", "highway": "tertiary", "oneway": "yes", "nodes": [262840700, 1080697521, 7242730691, 262840702, 262840703, 262840945, 1080696711, 7243024984, 7242730718, 343046154, 7242730712, 7242730732, 7242730728, 262840704, 262840705, 1080696796]}, "geometry": {"type": "LineString", "coordinates": [[120.2849461, 22.7282716], [120.2849199, 22.7283892], [120.2849026, 22.7284817], [120.2848713, 22.7287044], [120.2848407, 22.7288608], [120.2848289, 22.7290328], [120.2848199, 22.7291981], [120.2848378, 22.7298418], [120.2848389, 22.72988], [120.2848411, 22.729958], [120.2848406, 22.7300254], [120.2848275, 22.7319546], [120.284827, 22.7320292], [120.2848297, 22.7321312], [120.2848278, 22.7321979], [120.2847174, 22.7323516]]}, "id": 297138333}, {"type": "Feature", "properties": {"osm_id": 297138334, "name": "藍田路", "highway": "tertiary", "oneway": "yes", "nodes": [262840700, 7242730701, 7242885226, 7242885220, 256593792]}, "geometry": {"type": "LineString", "coordinates": [[120.2849461, 22.7282716], [120.2850655, 22.728261], [120.2870611, 22.7280383], [120.2871003, 22.7280339], [120.2872116, 22.7280215]]}, "id": 297138334}, {"type": "Feature", "properties": {"osm_id": 297138335, "name": "大學十街", "highway": "residential", "nodes": [289127215, 7243024798, 7243025025, 7243025014, 7243024797, 1080696753, 7243024800, 7243025016, 7243025018, 7243024802, 256455736, 7243024795, 7243025019, 7243025022, 7243024791, 265972862, 7243024790, 12465769083, 7243004784, 7242730673, 291592365, 291592362, 291592360, 265972865, 4309157669, 7243004783, 1080697181, 343047096, 1080697219, 1080696772, 1080697470, 7243025003, 12468600333, 7242885165, 265972866]}, "geometry": {"type": "LineString", "coordinates": [[120.2897221, 22.7261653], [120.28962, 22.7261593], [120.2895806, 22.726157], [120.2888071, 22.7261076], [120.2887715, 22.7261055], [120.2886871, 22.7261005], [120.2886208, 22.7260961], [120.2885879, 22.726094], [120.287593, 22.7260256], [120.2875799, 22.7260252], [120.2875163, 22.7260206], [120.2874475, 22.7260152], [120.2874174, 22.7260129], [120.2867717, 22.7259392], [120.2867253, 22.7259334], [120.2866577, 22.7259225], [120.286582, 22.7259066], [120.2865449, 22.7258982], [120.2857917, 22.7257272], [120.2857591, 22.7257175], [120.2856653, 22.7256895], [120.28558, 22.7256557], [120.2853908, 22.7255878], [120.2852955, 22.7255429], [120.285182, 22.7254979], [120.285153, 22.7254864], [120.2850986, 22.7254649], [120.2838209, 22.7249559], [120.2832699, 22.7247434], [120.2829132, 22.7246058], [120.2823002, 22.7243695], [120.2817707, 22.7242003], [120.2817232, 22.7241868], [120.2817142, 22.7241833], [120.2816221, 22.7241509]]}, "id": 297138335}, {"type": "Feature", "properties": {"osm_id": 297138336, "name": "大學三十二街", "highway": "residential", "nodes": [260269164, 12658227995, 4079445230, 12658227992, 7243024884, 260269166, 260269170, 7243024882, 5302825716, 2081844150, 2081844145, 4079446797, 2081844132, 4079446798, 2081844108]}, "geometry": {"type": "LineString", "coordinates": [[120.2904486, 22.7311361], [120.2913314, 22.7310645], [120.2913657, 22.7310617], [120.2917204, 22.7310373], [120.292041, 22.7310152], [120.2921879, 22.7310051], [120.2923089, 22.7309928], [120.2923848, 22.7309832], [120.2931164, 22.7308908], [120.2942336, 22.7307497], [120.2956984, 22.7305496], [120.2959722, 22.7304122], [120.2959962, 22.7303921], [120.2959932, 22.7303627], [120.2957586, 22.7299965]]}, "id": 297138336}, {"type": "Feature", "properties": {"osm_id": 297139353, "name": "土庫路", "highway": "residential", "lanes": "4", "nodes": [12469016040, 12469016041, 12469016038, 12469016039, 2264471253, 2264471241, 2264471235, 12650180451, 988779599, 12650180454, 3670358268, 3670358265, 2264471201, 11065424561, 2264471194, 12650180421, 1932046277]}, "geometry": {"type": "LineString", "coordinates": [[120.3293271, 22.7411034], [120.3293748, 22.7410234], [120.3294346, 22.7409321], [120.3296498, 22.7405898], [120.3296786, 22.7405451], [120.3298731, 22.7402201], [120.3300537, 22.7398961], [120.3301639, 22.739694], [120.3302421, 22.7395557], [120.3302996, 22.7394651], [120.3305112, 22.7391318], [120.3307438, 22.7387631], [120.3309503, 22.7384434], [120.3310066, 22.7383457], [120.3311808, 22.7380437], [120.3313261, 22.737792], [120.3313822, 22.7376947]]}, "id": 297139353}, {"type": "Feature", "properties": {"osm_id": 297139354, "name": "土庫路", "highway": "residential", "lanes": "4", "nodes": [988779668, 7472962181]}, "geometry": {"type": "LineString", "coordinates": [[120.3291686, 22.7413462], [120.3292517, 22.741217]]}, "id": 297139354}, {"type": "Feature", "properties": {"osm_id": 297139356, "name": "清豐路", "highway": "residential", "oneway": "yes", "nodes": [2985512598, 988779648, 2264443959, 12469016056, 12469016050, 2264426952]}, "geometry": {"type": "LineString", "coordinates": [[120.3314489, 22.7454984], [120.3313131, 22.7452472], [120.3308088, 22.7442873], [120.3304536, 22.7436797], [120.3303754, 22.7435459], [120.3303251, 22.7434598]]}, "id": 297139356}, {"type": "Feature", "properties": {"osm_id": 297139359, "name": "芎林五街", "highway": "residential", "nodes": [2264444037, 2264444074]}, "geometry": {"type": "LineString", "coordinates": [[120.3315964, 22.749018], [120.3334372, 22.7496721]]}, "id": 297139359}, {"type": "Feature", "properties": {"osm_id": 297205387, "name": "左楠路", "highway": "tertiary", "oneway": "yes", "maxspeed": "50", "nodes": [3010545850, 7244167970, 7244167962, 1631504647, 1631504648, 1631504652]}, "geometry": {"type": "LineString", "coordinates": [[120.3024914, 22.7112792], [120.3027183, 22.7120002], [120.3027298, 22.7120368], [120.3027363, 22.7120574], [120.3027675, 22.7121493], [120.3028061, 22.712267]]}, "id": 297205387}, {"type": "Feature", "properties": {"osm_id": 297205389, "name": "加昌路", "highway": "tertiary", "lanes": "2", "oneway": "yes", "maxspeed": "50", "motorcycle": "yes", "nodes": [799202632, 262092584]}, "geometry": {"type": "LineString", "coordinates": [[120.3043449, 22.7175802], [120.3044773, 22.7176249]]}, "id": 297205389}, {"type": "Feature", "properties": {"osm_id": 297205390, "name": "加昌路", "highway": "tertiary", "lanes": "2", "oneway": "yes", "maxspeed": "50", "motorcycle": "yes", "nodes": [262092584, 7374641396, 1219300551, 2377566101, 9608284783, 2375698108, 2417585462, 265599589, 262092597, 11959599193, 262092587]}, "geometry": {"type": "LineString", "coordinates": [[120.3044773, 22.7176249], [120.3046387, 22.717687], [120.3056641, 22.7180816], [120.3060306, 22.7182204], [120.3063158, 22.7183187], [120.3082746, 22.7190134], [120.3083897, 22.7190597], [120.3089414, 22.7192692], [120.3091623, 22.719353], [120.3106927, 22.7199091], [120.3109182, 22.7199922]]}, "id": 297205390}, {"type": "Feature", "properties": {"osm_id": 297205391, "name": "左楠路", "highway": "tertiary", "oneway": "yes", "maxspeed": "50", "nodes": [3010545851, 3010545856, 3010545853, 799202631, 2919858675, 4586456368, 12468992695, 12468992687, 295692586]}, "geometry": {"type": "LineString", "coordinates": [[120.3023959, 22.7113039], [120.3022867, 22.7110227], [120.3022593, 22.7109421], [120.3022471, 22.7108549], [120.3022461, 22.7106995], [120.3022548, 22.7096753], [120.3022684, 22.7080753], [120.3022687, 22.7080423], [120.3022695, 22.7079426]]}, "id": 297205391}, {"type": "Feature", "properties": {"osm_id": 297205393, "name": "外環西路", "highway": "residential", "oneway": "yes", "nodes": [2896477970, 1400036284]}, "geometry": {"type": "LineString", "coordinates": [[120.2980523, 22.7233984], [120.2980194, 22.7234691]]}, "id": 297205393}, {"type": "Feature", "properties": {"osm_id": 297205394, "name": "外環西路", "highway": "residential", "oneway": "yes", "nodes": [1400036142, 260269180]}, "geometry": {"type": "LineString", "coordinates": [[120.2981182, 22.7232692], [120.2980896, 22.7233355]]}, "id": 297205394}, {"type": "Feature", "properties": {"osm_id": 297229540, "name": "中路巷", "highway": "residential", "bridge": "yes", "layer": "1", "nodes": [2264444077, 2264444073]}, "geometry": {"type": "LineString", "coordinates": [[120.3348299, 22.7499772], [120.3342329, 22.7497608]]}, "id": 297229540}, {"type": "Feature", "properties": {"osm_id": 297229541, "name": "芎蕉路", "highway": "residential", "lanes": "2", "nodes": [1209084106, 1209079905, 1209080056, 2264444046, 1209083263]}, "geometry": {"type": "LineString", "coordinates": [[120.3287187, 22.7516425], [120.3287455, 22.7506778], [120.328774, 22.7499485], [120.3287984, 22.7492713], [120.3288189, 22.7475928]]}, "id": 297229541}, {"type": "Feature", "properties": {"osm_id": 306702027, "name": "鳳楠路", "highway": "secondary", "lanes": "4", "oneway": "yes", "nodes": [12599114572, 8806789751, 12556231081, 331257820, 1451068543]}, "geometry": {"type": "LineString", "coordinates": [[120.3313259, 22.7223965], [120.331616, 22.7219832], [120.3319716, 22.7214257], [120.3320954, 22.7212315], [120.3326349, 22.720416]]}, "id": 306702027}, {"type": "Feature", "properties": {"osm_id": 306702028, "name": "鳳楠路", "highway": "secondary", "oneway": "yes", "nodes": [12599114574, 12599114573, 12599114567, 2264426744, 12599114583, 12599114575, 12599114585, 302211358, 12599114592, 12598724568]}, "geometry": {"type": "LineString", "coordinates": [[120.3315132, 22.722446], [120.3314641, 22.7225175], [120.33133, 22.7227123], [120.331097, 22.723051], [120.3310745, 22.7230837], [120.3310031, 22.7231874], [120.3309702, 22.7232352], [120.3304917, 22.7239307], [120.3304547, 22.7239844], [120.3303923, 22.7240752]]}, "id": 306702028}, {"type": "Feature", "properties": {"osm_id": 310659476, "highway": "residential", "nodes": [262090140, 4585528630, 3161160332, 261608508]}, "geometry": {"type": "LineString", "coordinates": [[120.3135622, 22.719053], [120.3136372, 22.7190484], [120.3137123, 22.7190661], [120.3138327, 22.7190851]]}, "id": 310659476}, {"type": "Feature", "properties": {"osm_id": 312871462, "name": "大學二十九路", "highway": "residential", "nodes": [256455966, 4615786626]}, "geometry": {"type": "LineString", "coordinates": [[120.2772941, 22.7230926], [120.2772661, 22.7229166]]}, "id": 312871462}, {"type": "Feature", "properties": {"osm_id": 312871463, "name": "德中路", "highway": "primary", "lanes": "2", "oneway": "yes", "maxspeed": "60", "nodes": [256455966, 256455963, 256455961, 3006170856, 4309157409, 4309157453, 2206324454, 7242882738, 4309157414, 259481979, 1080697481, 4309157505, 7242882747, 4315402333, 1080697254, 4315402385, 1080696851, 7242882760, 7242882753, 256455721, 7242882752, 4668515918, 7242885195, 1080697514, 1080697102, 1080697358, 7242882777, 7242882771, 262101348]}, "geometry": {"type": "LineString", "coordinates": [[120.2772941, 22.7230926], [120.2772428, 22.7232111], [120.2771877, 22.7233305], [120.27713, 22.7234221], [120.276801, 22.7238502], [120.2766483, 22.7240489], [120.2763895, 22.7243858], [120.2760635, 22.7248221], [120.276036, 22.7248589], [120.2759426, 22.724984], [120.275887, 22.7250593], [120.2757964, 22.7251802], [120.2754005, 22.7257095], [120.2753863, 22.7257284], [120.2753564, 22.7257685], [120.2752881, 22.7258598], [120.2747883, 22.7265288], [120.2743257, 22.7271478], [120.2743002, 22.727182], [120.2742196, 22.7272898], [120.2741525, 22.7273796], [120.2736746, 22.7280192], [120.2731817, 22.7286791], [120.2731208, 22.7287615], [120.2725709, 22.7294964], [120.2721925, 22.7300027], [120.2716132, 22.7307547], [120.2715748, 22.7308069], [120.2715377, 22.730848]]}, "id": 312871463}, {"type": "Feature", "properties": {"osm_id": 312878598, "name": "德惠路", "highway": "tertiary", "oneway": "yes", "nodes": [2876350351, 2378612823]}, "geometry": {"type": "LineString", "coordinates": [[120.3029961, 22.7254313], [120.3028387, 22.726212]]}, "id": 312878598}, {"type": "Feature", "properties": {"osm_id": 312878599, "name": "德惠路", "highway": "tertiary", "lanes": "2", "oneway": "yes", "nodes": [258785457, 12556881673, 1400036337, 2876350350]}, "geometry": {"type": "LineString", "coordinates": [[120.3027515, 22.7261996], [120.3028795, 22.7255099], [120.302896, 22.7254209], [120.3029082, 22.7253344]]}, "id": 312878599}, {"type": "Feature", "properties": {"osm_id": 312878600, "name": "德民路", "highway": "tertiary", "lanes": "2", "oneway": "yes", "maxspeed": "60", "nodes": [256455840, 12556881665, 12556881654, 4425355578, 256455865, 256455871, 1400036542, 256455877, 1400036682, 256455884, 256455895, 12944021032, 12556881641, 256245283]}, "geometry": {"type": "LineString", "coordinates": [[120.3046159, 22.7253721], [120.304766, 22.7253879], [120.3070562, 22.7256143], [120.3076183, 22.7256699], [120.3079919, 22.7257214], [120.3083273, 22.7257805], [120.3087414, 22.7258775], [120.3090143, 22.7259508], [120.3093032, 22.7260645], [120.3095965, 22.7261876], [120.3101542, 22.726458], [120.3102403, 22.726497], [120.3103622, 22.7265522], [120.3104303, 22.7265855]]}, "id": 312878600}, {"type": "Feature", "properties": {"osm_id": 312878601, "name": "德賢路", "highway": "residential", "oneway": "no", "nodes": [258785457, 256245295, 2400006086, 3853782603, 256245297, 2400424984, 1401138514, 256245306, 1401138392, 256245307, 3674524705, 256245309]}, "geometry": {"type": "LineString", "coordinates": [[120.3027515, 22.7261996], [120.3019332, 22.7260942], [120.301625, 22.7260555], [120.3013743, 22.725992], [120.3012926, 22.7259713], [120.3011151, 22.7259064], [120.3007976, 22.7257667], [120.3006514, 22.7257047], [120.300496, 22.725631], [120.3002156, 22.725498], [120.3001181, 22.7254514], [120.2996511, 22.7252208]]}, "id": 312878601}, {"type": "Feature", "properties": {"osm_id": 312878602, "name": "民昌街", "highway": "residential", "oneway": "no", "nodes": [261697050, 1372607168]}, "geometry": {"type": "LineString", "coordinates": [[120.2894971, 22.7167397], [120.2895359, 22.7166848]]}, "id": 312878602}, {"type": "Feature", "properties": {"osm_id": 312878603, "name": "民昌街", "highway": "residential", "oneway": "no", "nodes": [261697052, 1398635040]}, "geometry": {"type": "LineString", "coordinates": [[120.2873564, 22.7198157], [120.2876375, 22.7194124]]}, "id": 312878603}, {"type": "Feature", "properties": {"osm_id": 312878896, "name": "德惠路", "highway": "tertiary", "lanes": "2", "oneway": "yes", "nodes": [2876350350, 258785439, 1400036065]}, "geometry": {"type": "LineString", "coordinates": [[120.3029082, 22.7253344], [120.3029237, 22.7252543], [120.3029822, 22.725175]]}, "id": 312878896}, {"type": "Feature", "properties": {"osm_id": 312878897, "name": "德民路", "highway": "tertiary", "lanes": "2", "oneway": "yes", "maxspeed": "60", "nodes": [2896477629, 2896477627]}, "geometry": {"type": "LineString", "coordinates": [[120.2978481, 22.7232369], [120.2979322, 22.7232713]]}, "id": 312878897}, {"type": "Feature", "properties": {"osm_id": 312878898, "name": "外環西路", "highway": "residential", "oneway": "yes", "nodes": [2896477629, 2896476581]}, "geometry": {"type": "LineString", "coordinates": [[120.2978481, 22.7232369], [120.2978818, 22.7231703]]}, "id": 312878898}, {"type": "Feature", "properties": {"osm_id": 313518314, "name": "高楠公路", "highway": "primary", "lanes": "2", "oneway": "yes", "maxspeed": "60", "nodes": [3006200129, 2735721820]}, "geometry": {"type": "LineString", "coordinates": [[120.3250419, 22.7191613], [120.3250886, 22.7189127]]}, "id": 313518314}, {"type": "Feature", "properties": {"osm_id": 314279538, "highway": "unclassified", "nodes": [3203289724, 3368117955, 4581621182, 4581621183, 4581621104, 3368117954, 4581621103, 4581620983, 4581620984, 1284623334, 1284623434, 4581716234, 1284623412, 1284623478, 4581621220, 4581716347, 1284623598, 3203289723, 1284623581, 1284623405, 1284623411, 4581621635, 1284623398, 4581621632, 1284623353, 4581621650, 1284623463, 4581716404, 1284623506]}, "geometry": {"type": "LineString", "coordinates": [[120.2775304, 22.7068282], [120.2765728, 22.7068392], [120.2753359, 22.7068718], [120.275202, 22.7068581], [120.2751365, 22.7067885], [120.2750716, 22.7050321], [120.2750459, 22.7035802], [120.2750122, 22.7020689], [120.2749811, 22.7007271], [120.2749875, 22.7006077], [120.274996, 22.7004425], [120.275018, 22.699878], [120.2750433, 22.6992738], [120.2750158, 22.6984507], [120.2750155, 22.6983689], [120.2750132, 22.6976032], [120.2750074, 22.6956954], [120.2750104, 22.6956264], [120.2750457, 22.6947827], [120.2750694, 22.6943399], [120.2751951, 22.6919253], [120.2752328, 22.6914186], [120.2752412, 22.6913059], [120.2752613, 22.6908187], [120.2752786, 22.6904004], [120.2752849, 22.6900272], [120.2752893, 22.6897636], [120.2752841, 22.6893586], [120.2752955, 22.6879333]]}, "id": 314279538}, {"type": "Feature", "properties": {"osm_id": 326044359, "name": "德祥路118巷17弄", "highway": "residential", "nodes": [3326617330, 3326617334, 3326617331]}, "geometry": {"type": "LineString", "coordinates": [[120.3087863, 22.7271501], [120.3090251, 22.7272631], [120.3090439, 22.7272737]]}, "id": 326044359}, {"type": "Feature", "properties": {"osm_id": 326044360, "name": "德祥路118巷11弄", "highway": "residential", "nodes": [3326617332, 3326617335, 3326617333]}, "geometry": {"type": "LineString", "coordinates": [[120.3088681, 22.727008], [120.3091007, 22.7271173], [120.3091236, 22.72713]]}, "id": 326044360}, {"type": "Feature", "properties": {"osm_id": 329864448, "highway": "unclassified", "nodes": [3368117928, 3368117927, 4424524763, 9044636121, 4581621182, 4581620977, 4581620978, 4581620979, 4581620980, 4581620981, 4581620982]}, "geometry": {"type": "LineString", "coordinates": [[120.2762741, 22.7088928], [120.2758341, 22.708009], [120.275385, 22.7070179], [120.2753598, 22.706943], [120.2753359, 22.7068718], [120.2752701, 22.704954], [120.275262, 22.7041771], [120.2752701, 22.7038554], [120.275262, 22.7033457], [120.2752352, 22.7031156], [120.2751761, 22.7006112]]}, "id": 329864448}, {"type": "Feature", "properties": {"osm_id": 329864450, "highway": "residential", "nodes": [3368117927, 4581621147, 3368117933, 3368117935, 3368117940, 4581621160, 4586095125, 4581621116, 3368117929]}, "geometry": {"type": "LineString", "coordinates": [[120.2758341, 22.708009], [120.2756581, 22.708077], [120.2754475, 22.7081686], [120.2748595, 22.7084133], [120.2736887, 22.7088986], [120.2733955, 22.7090145], [120.2728129, 22.7092447], [120.2715247, 22.7097537], [120.2702641, 22.7102519]]}, "id": 329864450}, {"type": "Feature", "properties": {"osm_id": 329864451, "highway": "residential", "nodes": [3368117934, 3368117935, 4581621165]}, "geometry": {"type": "LineString", "coordinates": [[120.275189, 22.7091415], [120.2748595, 22.7084133], [120.2747795, 22.7082365]]}, "id": 329864451}, {"type": "Feature", "properties": {"osm_id": 329864452, "highway": "residential", "nodes": [3368117938, 4586095125, 3368117937, 4581621159]}, "geometry": {"type": "LineString", "coordinates": [[120.2731614, 22.709958], [120.2728129, 22.7092447], [120.2724507, 22.7085036], [120.2722494, 22.708079]]}, "id": 329864452}, {"type": "Feature", "properties": {"osm_id": 329864454, "highway": "residential", "nodes": [3368117940, 3368117941, 3368117942]}, "geometry": {"type": "LineString", "coordinates": [[120.2736887, 22.7088986], [120.2731283, 22.7077421], [120.2733439, 22.707641]]}, "id": 329864454}, {"type": "Feature", "properties": {"osm_id": 331486696, "name": "德賢路106巷", "highway": "residential", "nodes": [1401138411, 1401138515]}, "geometry": {"type": "LineString", "coordinates": [[120.3088859, 22.7275584], [120.3086984, 22.7279133]]}, "id": 331486696}, {"type": "Feature", "properties": {"osm_id": 331486698, "name": "德賢路", "highway": "residential", "oneway": "no", "nodes": [256245284, 1401138411, 256245287, 262087991, 1401138239, 256245290, 1401138505]}, "geometry": {"type": "LineString", "coordinates": [[120.3095417, 22.7278922], [120.3088859, 22.7275584], [120.3083229, 22.7273255], [120.3075202, 22.7270454], [120.3072012, 22.7269341], [120.30683, 22.7268046], [120.3064093, 22.7266578]]}, "id": 331486698}, {"type": "Feature", "properties": {"osm_id": 331488481, "name": "德賢路18巷", "highway": "residential", "nodes": [3385654996, 3413872287, 1401138458]}, "geometry": {"type": "LineString", "coordinates": [[120.3106191, 22.7289988], [120.3108069, 22.7288189], [120.3108599, 22.7287723]]}, "id": 331488481}, {"type": "Feature", "properties": {"osm_id": 331488482, "name": "德賢路34巷", "highway": "residential", "nodes": [1401138310, 1401138413]}, "geometry": {"type": "LineString", "coordinates": [[120.3104962, 22.7284872], [120.3100468, 22.7290319]]}, "id": 331488482}, {"type": "Feature", "properties": {"osm_id": 331488483, "name": "德賢路", "highway": "residential", "oneway": "no", "nodes": [1401138291, 1401138458, 1401138310, 1401138480, 256245284]}, "geometry": {"type": "LineString", "coordinates": [[120.3111684, 22.7290222], [120.3108599, 22.7287723], [120.3104962, 22.7284872], [120.3100235, 22.7281708], [120.3095417, 22.7278922]]}, "id": 331488483}, {"type": "Feature", "properties": {"osm_id": 331488484, "name": "德祥路22巷7弄", "highway": "residential", "nodes": [3385654997, 3385654998]}, "geometry": {"type": "LineString", "coordinates": [[120.3112264, 22.7283978], [120.3110228, 22.728213]]}, "id": 331488484}, {"type": "Feature", "properties": {"osm_id": 334873629, "name": "翠屏路66巷", "highway": "residential", "nodes": [3419944752, 3419944754, 3419944753]}, "geometry": {"type": "LineString", "coordinates": [[120.2993469, 22.7260704], [120.2993817, 22.726079], [120.2996985, 22.7261567]]}, "id": 334873629}, {"type": "Feature", "properties": {"osm_id": 336151598, "highway": "residential", "nodes": [12909313032, 3432299140, 3432299141, 3432299142, 3432299144, 3432299143, 12909313031, 12909313030, 280277415]}, "geometry": {"type": "LineString", "coordinates": [[120.3265152, 22.7295377], [120.3262839, 22.729725], [120.3262694, 22.7297665], [120.3262834, 22.7298096], [120.3263428, 22.7298992], [120.3264377, 22.7300259], [120.3264941, 22.7300338], [120.3265585, 22.7300066], [120.3269019, 22.7297943]]}, "id": 336151598}, {"type": "Feature", "properties": {"osm_id": 336151599, "highway": "residential", "nodes": [3432299144, 3432299145, 3432299146, 3432299147, 3432299148, 3432299149, 3432299150, 3432299151, 11622035442]}, "geometry": {"type": "LineString", "coordinates": [[120.3263428, 22.7298992], [120.3258305, 22.7300982], [120.3257861, 22.7301262], [120.3257698, 22.7301542], [120.3257838, 22.730193], [120.3257721, 22.730221], [120.3257417, 22.7302382], [120.3254333, 22.7303418], [120.3255419, 22.7306881]]}, "id": 336151599}, {"type": "Feature", "properties": {"osm_id": 339750703, "name": "大學南路", "highway": "tertiary", "lanes": "2", "oneway": "yes", "maxspeed": "50", "nodes": [262840726, 262835712, 7242730722, 1080696909, 262835713, 262835714, 262835715, 262835716, 7242885188, 7242885184, 1080697168]}, "geometry": {"type": "LineString", "coordinates": [[120.2845005, 22.7321864], [120.284395, 22.7321828], [120.2842904, 22.7321758], [120.2826314, 22.7321207], [120.2822834, 22.7320985], [120.2819632, 22.7320481], [120.2816466, 22.7319582], [120.2813408, 22.7318394], [120.2809097, 22.7315682], [120.2808811, 22.7315502], [120.2808299, 22.731518]]}, "id": 339750703}, {"type": "Feature", "properties": {"osm_id": 339750705, "name": "大學南路", "highway": "tertiary", "nodes": [256245347, 7243024902, 7243024903, 1080696752, 12658227989, 1080696831, 7243024935, 7243024934, 256245350, 260130552]}, "geometry": {"type": "LineString", "coordinates": [[120.2923514, 22.7322023], [120.2922593, 22.7322247], [120.2922236, 22.7322329], [120.2916748, 22.7323378], [120.2915108, 22.7323642], [120.2911722, 22.732403], [120.2907647, 22.7324303], [120.290693, 22.7324355], [120.2906652, 22.7324396], [120.2905522, 22.7324528]]}, "id": 339750705}, {"type": "Feature", "properties": {"osm_id": 339750709, "name": "大學南路", "highway": "tertiary", "oneway": "yes", "maxspeed": "50", "nodes": [262840893, 262840704, 7242730719, 7243024977, 7243024966, 1080696894, 7243024964, 7243024973, 7243024962, 260130530, 7243024967, 7243024948, 7243024949, 1080697527, 7243024947, 7243024940, 7243024938, 1080696905, 260130552]}, "geometry": {"type": "LineString", "coordinates": [[120.2847212, 22.7321244], [120.2848297, 22.7321312], [120.2849385, 22.7321351], [120.2861562, 22.7322011], [120.2862005, 22.7322027], [120.2862958, 22.7322061], [120.2863848, 22.7322091], [120.2873081, 22.7322447], [120.2873569, 22.7322464], [120.2874782, 22.7322505], [120.2875512, 22.7322552], [120.2888375, 22.7323506], [120.2888815, 22.7323534], [120.2889582, 22.7323584], [120.2890523, 22.7323638], [120.2904055, 22.732428], [120.2904269, 22.7324293], [120.2904487, 22.7324305], [120.2905522, 22.7324528]]}, "id": 339750709}, {"type": "Feature", "properties": {"osm_id": 339750710, "name": "德民路", "highway": "tertiary", "lanes": "2", "oneway": "yes", "maxspeed": "60", "nodes": [2896477627, 260269196]}, "geometry": {"type": "LineString", "coordinates": [[120.2979322, 22.7232713], [120.2980073, 22.7233019]]}, "id": 339750710}, {"type": "Feature", "properties": {"osm_id": 339750711, "name": "德民路", "highway": "tertiary", "lanes": "2", "oneway": "yes", "maxspeed": "60", "nodes": [1400036413, 1400036864]}, "geometry": {"type": "LineString", "coordinates": [[120.297977, 22.7233668], [120.2979026, 22.7233355]]}, "id": 339750711}, {"type": "Feature", "properties": {"osm_id": 339750712, "name": "德民路", "highway": "tertiary", "lanes": "2", "oneway": "yes", "maxspeed": "60", "nodes": [265968403, 4309157554, 12468600352, 4309157601, 256455746]}, "geometry": {"type": "LineString", "coordinates": [[120.2899239, 22.7211692], [120.2900109, 22.7212077], [120.2907359, 22.7215182], [120.2908116, 22.7215503], [120.2909648, 22.7216039]]}, "id": 339750712}, {"type": "Feature", "properties": {"osm_id": 339750713, "name": "德民路", "highway": "tertiary", "lanes": "2", "oneway": "yes", "maxspeed": "60", "nodes": [1398635524, 4309151560, 2384936105, 2417585439, 1398636098, 1398635095]}, "geometry": {"type": "LineString", "coordinates": [[120.2898888, 22.721249], [120.2897908, 22.7211989], [120.2891387, 22.7208656], [120.2882797, 22.7204265], [120.2880645, 22.7203163], [120.2873063, 22.7198867]]}, "id": 339750713}, {"type": "Feature", "properties": {"osm_id": 339750714, "name": "東昌街", "highway": "residential", "oneway": "no", "nodes": [265968403, 1398635524]}, "geometry": {"type": "LineString", "coordinates": [[120.2899239, 22.7211692], [120.2898888, 22.721249]]}, "id": 339750714}, {"type": "Feature", "properties": {"osm_id": 339750715, "name": "東昌街", "highway": "residential", "oneway": "no", "nodes": [1398635703, 4309157714, 343047253, 4309157706, 1398635524]}, "geometry": {"type": "LineString", "coordinates": [[120.2894846, 22.7221415], [120.2895126, 22.7220814], [120.2896347, 22.7218101], [120.28986, 22.7213126], [120.2898888, 22.721249]]}, "id": 339750715}, {"type": "Feature", "properties": {"osm_id": 339750716, "name": "東昌街", "highway": "residential", "oneway": "no", "nodes": [265968403, 4309157658, 1398635876, 1398635900, 265968406]}, "geometry": {"type": "LineString", "coordinates": [[120.2899239, 22.7211692], [120.2899715, 22.7210754], [120.2901507, 22.7207223], [120.2906034, 22.71983], [120.2906947, 22.7197185]]}, "id": 339750716}, {"type": "Feature", "properties": {"osm_id": 339750717, "name": "高雄大學路", "highway": "tertiary", "oneway": "yes", "motorcycle": "no", "nodes": [262840893, 262840908, 1080696796, 7242730744, 262840943]}, "geometry": {"type": "LineString", "coordinates": [[120.2847212, 22.7321244], [120.284721, 22.7321942], [120.2847174, 22.7323516], [120.2847113, 22.7324459], [120.2847057, 22.7325319]]}, "id": 339750717}, {"type": "Feature", "properties": {"osm_id": 339750718, "name": "高雄大學路", "highway": "tertiary", "oneway": "yes", "motorcycle": "no", "nodes": [1080696984, 262840830, 7242730695, 7243004769, 1080697419, 7243004780, 4309157459, 291592360, 4309157684, 7242730687, 7242730680, 7242697842, 262840832]}, "geometry": {"type": "LineString", "coordinates": [[120.2845869, 22.7284147], [120.2846134, 22.7282999], [120.2846506, 22.7281381], [120.2848747, 22.7273648], [120.2849142, 22.7272284], [120.2853558, 22.7257081], [120.2853705, 22.7256573], [120.2853908, 22.7255878], [120.2854211, 22.7254898], [120.2860251, 22.7234153], [120.286036, 22.7233779], [120.2860804, 22.7232616], [120.2861245, 22.7231405]]}, "id": 339750718}, {"type": "Feature", "properties": {"osm_id": 339750719, "name": "高雄大學路", "highway": "tertiary", "oneway": "yes", "motorcycle": "no", "nodes": [262840726, 262840727, 7242730726, 7243024980, 7242730711, 343046204, 7242730715, 1080697163, 262840822, 262840824, 7242730698, 7242730692, 4660094181, 1080696984]}, "geometry": {"type": "LineString", "coordinates": [[120.2845005, 22.7321864], [120.2845052, 22.7321128], [120.2845013, 22.7320087], [120.2845, 22.7301502], [120.2845, 22.7300852], [120.2845, 22.7300172], [120.284498, 22.7299506], [120.2844752, 22.7292002], [120.2844748, 22.728899], [120.2845207, 22.7286071], [120.2845283, 22.7285788], [120.28455, 22.7285256], [120.2845693, 22.7284718], [120.2845869, 22.7284147]]}, "id": 339750719}, {"type": "Feature", "properties": {"osm_id": 339750720, "name": "藍田路", "highway": "tertiary", "oneway": "yes", "nodes": [1080696984, 1080696942, 4309157475, 1080696720, 1080697110, 4309157419, 1080697506, 1080697262, 4309157465, 7242885206, 1080696807, 1080696758, 4309157503, 4309157568, 1080697333, 13049704156, 4309157442, 4309157506, 7242885211]}, "geometry": {"type": "LineString", "coordinates": [[120.2845869, 22.7284147], [120.2844734, 22.7284247], [120.284405, 22.7284279], [120.2841388, 22.7284342], [120.2840734, 22.7284358], [120.2840035, 22.728437], [120.2838103, 22.7284407], [120.2835982, 22.728425], [120.2833094, 22.7283725], [120.2829961, 22.7282951], [120.2829607, 22.7282863], [120.282852, 22.7282553], [120.2827645, 22.7282303], [120.2824913, 22.7281272], [120.2824102, 22.7280966], [120.2823299, 22.7280602], [120.2823168, 22.7280528], [120.2821404, 22.7279768], [120.2820773, 22.7279471]]}, "id": 339750720}, {"type": "Feature", "properties": {"osm_id": 339750721, "name": "藍田路", "highway": "tertiary", "oneway": "yes", "nodes": [262101326, 4309157509, 4309157676, 343046018, 12658227961, 4309157466, 259481980, 4309157557, 7242882721, 4309157638, 291592355]}, "geometry": {"type": "LineString", "coordinates": [[120.2778138, 22.7259667], [120.2779774, 22.726039], [120.2782241, 22.7261507], [120.2782949, 22.7261813], [120.2784292, 22.7262361], [120.2787156, 22.7263529], [120.2787854, 22.7263798], [120.2788648, 22.7264133], [120.2797332, 22.7267807], [120.2797534, 22.7267896], [120.2798729, 22.7268425]]}, "id": 339750721}, {"type": "Feature", "properties": {"osm_id": 339750722, "name": "右昌街", "highway": "primary", "lanes": "2", "oneway": "yes", "maxspeed": "60", "nodes": [1398634359, 1398634117, 256456786]}, "geometry": {"type": "LineString", "coordinates": [[120.2834759, 22.7192729], [120.2824681, 22.7199111], [120.2823595, 22.7199851]]}, "id": 339750722}, {"type": "Feature", "properties": {"osm_id": 339750723, "name": "右昌街", "highway": "primary", "lanes": "2", "oneway": "yes", "maxspeed": "60", "nodes": [1398635659, 1398635978, 1398635709, 9849621805, 265968442]}, "geometry": {"type": "LineString", "coordinates": [[120.2833547, 22.7192108], [120.2836838, 22.7190069], [120.2841733, 22.7187014], [120.2845625, 22.7184608], [120.2848675, 22.7182839]]}, "id": 339750723}, {"type": "Feature", "properties": {"osm_id": 339750724, "name": "右昌街", "highway": "primary", "lanes": "2", "oneway": "yes", "maxspeed": "60", "nodes": [265968430, 1398634927, 265968432, 1398634826, 256455983]}, "geometry": {"type": "LineString", "coordinates": [[120.2865971, 22.7173801], [120.2862038, 22.7176149], [120.2860264, 22.7177208], [120.2856473, 22.7179552], [120.285009, 22.71835]]}, "id": 339750724}, {"type": "Feature", "properties": {"osm_id": 339750725, "name": "右昌街", "highway": "primary", "lanes": "2", "oneway": "yes", "maxspeed": "60", "nodes": [265968437, 1398634474, 265968435, 1398635837, 265968411, 265968445, 4309157413, 265968447]}, "geometry": {"type": "LineString", "coordinates": [[120.2865393, 22.7172953], [120.2868877, 22.7170969], [120.2870499, 22.7169992], [120.2871693, 22.7169064], [120.2874272, 22.71666], [120.287691, 22.7163386], [120.2879405, 22.7160231], [120.2879981, 22.7159254]]}, "id": 339750725}, {"type": "Feature", "properties": {"osm_id": 339750726, "name": "三山街", "highway": "residential", "oneway": "no", "nodes": [1398634266, 1398634439, 1398634515, 1372607170, 1372607254]}, "geometry": {"type": "LineString", "coordinates": [[120.2840311, 22.7146692], [120.2835534, 22.7154176], [120.2834062, 22.7156547], [120.283082, 22.7161391], [120.2825867, 22.7168903]]}, "id": 339750726}, {"type": "Feature", "properties": {"osm_id": 339750727, "name": "三山街", "highway": "residential", "oneway": "no", "nodes": [1372607294, 1398635623, 1372607155, 1372607331, 1398634333, 1372607209, 1398634266]}, "geometry": {"type": "LineString", "coordinates": [[120.2858991, 22.7122228], [120.2854652, 22.712667], [120.284978, 22.7132192], [120.2849413, 22.7132704], [120.2847992, 22.7134959], [120.2842818, 22.7143069], [120.2840311, 22.7146692]]}, "id": 339750727}, {"type": "Feature", "properties": {"osm_id": 339750728, "name": "中泰街", "highway": "residential", "nodes": [265968437, 1398635738, 1398634674]}, "geometry": {"type": "LineString", "coordinates": [[120.2865393, 22.7172953], [120.2860349, 22.716667], [120.2854177, 22.7158982]]}, "id": 339750728}, {"type": "Feature", "properties": {"osm_id": 339750729, "name": "外環西路", "highway": "tertiary", "oneway": "yes", "motorcycle": "no", "nodes": [1400036413, 2968251749]}, "geometry": {"type": "LineString", "coordinates": [[120.297977, 22.7233668], [120.2979407, 22.7234411]]}, "id": 339750729}, {"type": "Feature", "properties": {"osm_id": 339750730, "name": "外環西路", "highway": "tertiary", "oneway": "yes", "motorcycle": "no", "nodes": [2896477627, 2896477971]}, "geometry": {"type": "LineString", "coordinates": [[120.2979322, 22.7232713], [120.2979631, 22.7232043]]}, "id": 339750730}, {"type": "Feature", "properties": {"osm_id": 339750731, "name": "大學二十九路", "highway": "residential", "nodes": [262101326, 4309157430, 7242882732, 262101309, 262101308, 4309157444, 1080697387, 262101307, 4585345340, 7242885116, 262101306, 256455966]}, "geometry": {"type": "LineString", "coordinates": [[120.2778138, 22.7259667], [120.277853, 22.7258764], [120.2778588, 22.7258542], [120.2778892, 22.7257391], [120.277912, 22.7255672], [120.2779093, 22.725394], [120.2778489, 22.7251919], [120.2775933, 22.7245249], [120.2774571, 22.7239628], [120.2773901, 22.7236302], [120.277346, 22.7234179], [120.2772941, 22.7230926]]}, "id": 339750731}, {"type": "Feature", "properties": {"osm_id": 339750732, "name": "智昌街", "highway": "residential", "oneway": "no", "nodes": [1398635659, 1398634359]}, "geometry": {"type": "LineString", "coordinates": [[120.2833547, 22.7192108], [120.2834759, 22.7192729]]}, "id": 339750732}, {"type": "Feature", "properties": {"osm_id": 339750733, "name": "智昌街", "highway": "residential", "oneway": "no", "nodes": [1398635703, 4309151568, 2379751404, 1398635559, 4079446816, 1398634311, 1398635753]}, "geometry": {"type": "LineString", "coordinates": [[120.2894846, 22.7221415], [120.2895451, 22.7221667], [120.2902456, 22.7224479], [120.2904734, 22.7225438], [120.2905106, 22.7225888], [120.2905349, 22.722632], [120.2906137, 22.7232076]]}, "id": 339750733}, {"type": "Feature", "properties": {"osm_id": 339750734, "name": "智昌街", "highway": "residential", "oneway": "no", "nodes": [1398634359, 4586446596, 1398635739, 1398635313, 5223362439, 1398634429, 2384936086, 1398635493, 2384936103, 4309157546, 1398635703]}, "geometry": {"type": "LineString", "coordinates": [[120.2834759, 22.7192729], [120.2836883, 22.7193877], [120.2839971, 22.7195561], [120.2847695, 22.7199838], [120.2849472, 22.7200822], [120.2855387, 22.7204098], [120.2866481, 22.7210241], [120.2874892, 22.7214007], [120.2886495, 22.7218255], [120.2894147, 22.7221151], [120.2894846, 22.7221415]]}, "id": 339750734}, {"type": "Feature", "properties": {"osm_id": 339750735, "name": "盛昌街", "highway": "residential", "oneway": "no", "nodes": [1372607294, 1398635980, 1398634493, 1398635794, 1398634141, 1398635483, 1398634150, 2400508439]}, "geometry": {"type": "LineString", "coordinates": [[120.2858991, 22.7122228], [120.2861275, 22.7124473], [120.2862754, 22.7125863], [120.2864634, 22.7128258], [120.2867638, 22.7132146], [120.2870222, 22.713536], [120.2872683, 22.7138407], [120.2875505, 22.7141757]]}, "id": 339750735}, {"type": "Feature", "properties": {"osm_id": 362261999, "highway": "unclassified", "nodes": [8189251393, 8189251390, 8189251391, 8189251392]}, "geometry": {"type": "LineString", "coordinates": [[120.3177422, 22.7319807], [120.3177869, 22.7319236], [120.3178416, 22.7318536], [120.3178849, 22.7317984]]}, "id": 362261999}, {"type": "Feature", "properties": {"osm_id": 362686116, "name": "經建路", "highway": "unclassified", "oneway": "yes", "nodes": [3669557694, 1451068102, 1451069485, 1451068193, 12599114570, 12599114573, 12599114572]}, "geometry": {"type": "LineString", "coordinates": [[120.3339621, 22.7237344], [120.333385, 22.723509], [120.3325378, 22.7230748], [120.3315503, 22.7225623], [120.3315214, 22.7225472], [120.3314641, 22.7225175], [120.3313259, 22.7223965]]}, "id": 362686116}, {"type": "Feature", "properties": {"osm_id": 362686117, "name": "經建路", "highway": "unclassified", "oneway": "yes", "bridge": "yes", "nodes": [3669557695, 2260235062]}, "geometry": {"type": "LineString", "coordinates": [[120.3340267, 22.7236717], [120.3344383, 22.7238422]]}, "id": 362686117}, {"type": "Feature", "properties": {"osm_id": 362686118, "name": "興西路", "highway": "tertiary", "lanes": "2", "oneway": "yes", "nodes": [3669557696, 2264426749, 2264426745, 1451069485, 1451069052, 1451068931, 331257820]}, "geometry": {"type": "LineString", "coordinates": [[120.3329217, 22.7246495], [120.3327475, 22.7239654], [120.3325912, 22.723297], [120.3325378, 22.7230748], [120.3325049, 22.7229632], [120.3321147, 22.721543], [120.3320954, 22.7212315]]}, "id": 362686118}, {"type": "Feature", "properties": {"osm_id": 362686119, "name": "興西路", "highway": "tertiary", "lanes": "2", "oneway": "yes", "bridge": "yes", "nodes": [3669557697, 3669557696]}, "geometry": {"type": "LineString", "coordinates": [[120.3329759, 22.7248684], [120.3329217, 22.7246495]]}, "id": 362686119}, {"type": "Feature", "properties": {"osm_id": 362686120, "name": "楠興東路", "highway": "tertiary", "lanes": "2", "oneway": "yes", "nodes": [1451069408, 1451068197, 12556231078, 1451068646, 1451068085, 1451068485]}, "geometry": {"type": "LineString", "coordinates": [[120.3337061, 22.7248987], [120.3337344, 22.72502], [120.3337432, 22.7250575], [120.3343134, 22.7275], [120.3344271, 22.7282315], [120.3344438, 22.729064]]}, "id": 362686120}, {"type": "Feature", "properties": {"osm_id": 362686121, "name": "楠興東路", "highway": "tertiary", "lanes": "1", "oneway": "yes", "bridge": "yes", "nodes": [3669557699, 3669557698]}, "geometry": {"type": "LineString", "coordinates": [[120.3335181, 22.7241004], [120.3335943, 22.7244239]]}, "id": 362686121}, {"type": "Feature", "properties": {"osm_id": 363270863, "name": "德賢路608巷", "highway": "residential", "oneway": "no", "nodes": [3674524704, 3674524705]}, "geometry": {"type": "LineString", "coordinates": [[120.2998363, 22.7259752], [120.3001181, 22.7254514]]}, "id": 363270863}, {"type": "Feature", "properties": {"osm_id": 383026294, "name": "軍校路", "highway": "tertiary", "lanes": "2", "oneway": "yes", "maxspeed": "50", "nodes": [259974864, 2399424083, 4315349211, 3005304550, 13056402560, 13056402563, 2940002896, 2940002897, 2091782036, 4315351812, 2930748140, 4315351817, 2931268534, 4315351818, 258786215, 2938751972, 2938751971, 4315351839, 262083282, 2178152797, 258786223, 4315351814, 262083286, 1372607221, 2206361912, 258786235, 1389897866, 4315351850, 258786242, 4315351853, 258786293, 11808717000, 1372607276, 262083268, 1372607225, 2401176456, 2401176458, 2401176454, 1389897877]}, "geometry": {"type": "LineString", "coordinates": [[120.2925307, 22.700763], [120.2925314, 22.7008081], [120.2925334, 22.700861], [120.2925339, 22.7012525], [120.2925332, 22.7012846], [120.2925322, 22.7014277], [120.2925328, 22.7015299], [120.2925348, 22.7016699], [120.292534, 22.7017624], [120.2925312, 22.701856], [120.2925258, 22.7027677], [120.2925112, 22.7039799], [120.2925101, 22.7040935], [120.2925094, 22.704189], [120.2925082, 22.7042909], [120.2925083, 22.70447], [120.2925069, 22.7048345], [120.2925132, 22.7048887], [120.2925431, 22.7050334], [120.2925755, 22.7051287], [120.2926247, 22.7052327], [120.2926464, 22.7052713], [120.2928426, 22.7055997], [120.2929035, 22.7057292], [120.2929228, 22.7058301], [120.2929345, 22.7058912], [120.2929263, 22.7059913], [120.2928813, 22.706476], [120.2928629, 22.7066804], [120.292858, 22.7067785], [120.2928304, 22.7073367], [120.2928776, 22.7078928], [120.2928787, 22.7079061], [120.2929078, 22.7080765], [120.2930066, 22.7084456], [120.2930384, 22.7085877], [120.2930434, 22.708651], [120.29304, 22.7087035], [120.2930314, 22.708801]]}, "id": 383026294}, {"type": "Feature", "properties": {"osm_id": 383026301, "name": "左楠路", "highway": "primary", "oneway": "yes", "maxspeed": "60", "nodes": [2399424078, 4315349245, 2399424080, 295692594, 295692598]}, "geometry": {"type": "LineString", "coordinates": [[120.3024375, 22.7008879], [120.302445, 22.700724], [120.3024725, 22.6996769], [120.3024901, 22.6995505], [120.3025171, 22.6994391]]}, "id": 383026301}, {"type": "Feature", "properties": {"osm_id": 383026304, "name": "左楠路", "highway": "primary", "oneway": "yes", "maxspeed": "50", "nodes": [256456112, 7299115831, 5115186359, 2399424081, 256456107, 265599564, 4309157672, 12468992694, 12468992690, 262995680]}, "geometry": {"type": "LineString", "coordinates": [[120.3026156, 22.7010069], [120.3026085, 22.7011323], [120.3025825, 22.7016826], [120.3025555, 22.7022528], [120.3025416, 22.7025468], [120.3025028, 22.7040718], [120.3024968, 22.7043365], [120.3023824, 22.7076298], [120.3023813, 22.7076637], [120.3023753, 22.7078356]]}, "id": 383026304}, {"type": "Feature", "properties": {"osm_id": 383563018, "highway": "primary_link", "lanes": "1", "oneway": "yes", "maxspeed": "40", "nodes": [265748792, 2982250977, 265748793, 2982250978, 265748794, 2982250979, 265748800, 2982250980, 265748802, 265748803, 265748804, 2982250981, 265748805, 265748806, 2982250984, 2982250982, 2982250983, 280507465, 2982250985, 280507466]}, "geometry": {"type": "LineString", "coordinates": [[120.323062, 22.721083], [120.3231027, 22.7210191], [120.3231491, 22.7209636], [120.3231956, 22.7209185], [120.3232403, 22.7208817], [120.323303, 22.7208344], [120.3233727, 22.7207938], [120.3234846, 22.7207398], [120.3235939, 22.7206935], [120.3239828, 22.7205604], [120.3242743, 22.7204525], [120.3243729, 22.7203993], [120.3244683, 22.7203318], [120.3246422, 22.7201878], [120.3246723, 22.720145], [120.3246959, 22.7201097], [120.3247244, 22.7200639], [120.3247513, 22.7200188], [120.3247774, 22.7199635], [120.3248443, 22.7196969]]}, "id": 383563018}, {"type": "Feature", "properties": {"osm_id": 383563022, "highway": "primary_link", "oneway": "yes", "nodes": [313349834, 2624297510, 2973908563, 4425214659, 4425214665, 4425214668, 2973908564, 4425214673, 2624297516, 2624297518, 2624297519, 2982310618, 2982310617, 1196964504]}, "geometry": {"type": "LineString", "coordinates": [[120.3250385, 22.7204557], [120.3249372, 22.7211825], [120.3249347, 22.7213213], [120.3249459, 22.7214003], [120.3249754, 22.7214844], [120.3250075, 22.7215611], [120.3250518, 22.7216068], [120.3251242, 22.7216662], [120.3252624, 22.7217157], [120.3259731, 22.7219136], [120.3266843, 22.7221335], [120.3269565, 22.72223], [120.3275935, 22.7224848], [120.3276928, 22.7226172]]}, "id": 383563022}, {"type": "Feature", "properties": {"osm_id": 383563027, "name": "高楠公路", "highway": "primary", "lanes": "2", "oneway": "yes", "maxspeed": "60", "motorcycle": "no", "nodes": [1196964685, 3006200127, 3006200121, 3006200123, 3006200120, 3006200124, 3006200119, 78928096]}, "geometry": {"type": "LineString", "coordinates": [[120.3258356, 22.7146217], [120.3258401, 22.7144001], [120.3258434, 22.7142641], [120.3258335, 22.7140781], [120.3258188, 22.7138976], [120.3257788, 22.7135867], [120.3257255, 22.7132934], [120.3254816, 22.7120078]]}, "id": 383563027}, {"type": "Feature", "properties": {"osm_id": 383563031, "name": "高楠公路", "highway": "primary", "lanes": "2", "oneway": "yes", "maxspeed": "60", "motorcycle": "no", "nodes": [265748771, 5792509205]}, "geometry": {"type": "LineString", "coordinates": [[120.3259211, 22.7146171], [120.3258882, 22.7149314]]}, "id": 383563031}, {"type": "Feature", "properties": {"osm_id": 383642188, "name": "軍校路", "highway": "tertiary", "lanes": "2", "oneway": "yes", "maxspeed": "50", "nodes": [3004962043, 3004962044]}, "geometry": {"type": "LineString", "coordinates": [[120.2901512, 22.7137308], [120.2899151, 22.713919]]}, "id": 383642188}, {"type": "Feature", "properties": {"osm_id": 385650788, "name": "大學南路", "highway": "tertiary", "oneway": "yes", "nodes": [1080697145, 7242730782, 7242730794, 7242730793, 1080696906, 2601136103]}, "geometry": {"type": "LineString", "coordinates": [[120.2792589, 22.730525], [120.2791769, 22.7304717], [120.2781715, 22.7298181], [120.2781437, 22.7298], [120.2781278, 22.7297897], [120.2780815, 22.7296803]]}, "id": 385650788}, {"type": "Feature", "properties": {"osm_id": 385650789, "name": "大學二十三街", "highway": "residential", "nodes": [1080696728, 1080696734]}, "geometry": {"type": "LineString", "coordinates": [[120.2814733, 22.7275596], [120.2814007, 22.7276533]]}, "id": 385650789}, {"type": "Feature", "properties": {"osm_id": 386127052, "name": "常德路", "highway": "residential", "nodes": [2264426843, 2264426848, 2264426854]}, "geometry": {"type": "LineString", "coordinates": [[120.3365434, 22.7351791], [120.3366598, 22.7355849], [120.336763, 22.7358988]]}, "id": 386127052}, {"type": "Feature", "properties": {"osm_id": 386127053, "name": "常德路", "highway": "unclassified", "nodes": [2264426883, 2264426890, 2264426893, 10941309894, 266750999]}, "geometry": {"type": "LineString", "coordinates": [[120.3374427, 22.7378986], [120.3376333, 22.7385357], [120.3375218, 22.7386738], [120.3370815, 22.7392586], [120.3367507, 22.739698]]}, "id": 386127053}, {"type": "Feature", "properties": {"osm_id": 386127054, "name": "常盛街", "highway": "residential", "nodes": [2264426843, 7947276801, 11065424557, 2264426842]}, "geometry": {"type": "LineString", "coordinates": [[120.3365434, 22.7351791], [120.337411, 22.7349461], [120.337498, 22.7349227], [120.3382608, 22.7347178]]}, "id": 386127054}, {"type": "Feature", "properties": {"osm_id": 386127055, "name": "常盛街", "highway": "residential", "nodes": [2264426842, 2403368153]}, "geometry": {"type": "LineString", "coordinates": [[120.3382608, 22.7347178], [120.3389471, 22.7345296]]}, "id": 386127055}, {"type": "Feature", "properties": {"osm_id": 386127056, "name": "清安街", "highway": "residential", "nodes": [2264426883, 2264426884]}, "geometry": {"type": "LineString", "coordinates": [[120.3374427, 22.7378986], [120.3369342, 22.7381391]]}, "id": 386127056}, {"type": "Feature", "properties": {"osm_id": 386127057, "name": "清平街", "highway": "residential", "nodes": [2264426874, 2264426885]}, "geometry": {"type": "LineString", "coordinates": [[120.3392761, 22.7374144], [120.339566, 22.7381856]]}, "id": 386127057}, {"type": "Feature", "properties": {"osm_id": 386557628, "name": "外環西路", "highway": "residential", "oneway": "yes", "nodes": [3010545860, 1631504647]}, "geometry": {"type": "LineString", "coordinates": [[120.3026786, 22.7121831], [120.3027363, 22.7120574]]}, "id": 386557628}, {"type": "Feature", "properties": {"osm_id": 386557630, "name": "左楠路", "highway": "tertiary", "oneway": "yes", "maxspeed": "50", "nodes": [3010545860, 7244167963, 4916071649, 3010545851]}, "geometry": {"type": "LineString", "coordinates": [[120.3026786, 22.7121831], [120.3026392, 22.7120603], [120.3026123, 22.7119764], [120.3023959, 22.7113039]]}, "id": 386557630}, {"type": "Feature", "properties": {"osm_id": 386557633, "name": "德民路", "highway": "residential", "oneway": "yes", "nodes": [1400036132, 1400036765, 12599119008, 12599118986, 3164174108, 1400036566]}, "geometry": {"type": "LineString", "coordinates": [[120.3213154, 22.7340511], [120.3209132, 22.7338505], [120.3201039, 22.7334532], [120.3200614, 22.7334323], [120.3199233, 22.7333645], [120.3197058, 22.7332563]]}, "id": 386557633}, {"type": "Feature", "properties": {"osm_id": 386557643, "name": "高楠公路", "highway": "primary", "lanes": "3", "oneway": "yes", "nodes": [1196964561, 12599119010, 12599118982, 1400036566]}, "geometry": {"type": "LineString", "coordinates": [[120.3192709, 22.7348026], [120.3196694, 22.7333855], [120.3196765, 22.7333605], [120.3197058, 22.7332563]]}, "id": 386557643}, {"type": "Feature", "properties": {"osm_id": 387148919, "name": "左楠路", "highway": "tertiary", "oneway": "yes", "maxspeed": "50", "nodes": [1631504652, 7374641402, 7374641392, 262092584, 256463915]}, "geometry": {"type": "LineString", "coordinates": [[120.3028061, 22.712267], [120.3043806, 22.7173146], [120.3044302, 22.7174853], [120.3044773, 22.7176249], [120.3045176, 22.7177809]]}, "id": 387148919}, {"type": "Feature", "properties": {"osm_id": 387148921, "name": "德民路", "highway": "residential", "oneway": "yes", "nodes": [1400036214, 12599118984, 1400036481, 1400036199, 1400036109]}, "geometry": {"type": "LineString", "coordinates": [[120.3199891, 22.7331373], [120.3201305, 22.7332056], [120.3210158, 22.7336334], [120.3214404, 22.7338645], [120.321518, 22.7338934]]}, "id": 387148921}, {"type": "Feature", "properties": {"osm_id": 387148922, "name": "德民路", "highway": "residential", "oneway": "yes", "maxspeed": "60", "nodes": [1400036142, 5212312081, 5212312080, 1401138442, 3004986156, 12556881686, 1400036708, 12556881690, 1400036213, 1400036173, 3010545864, 12556881677, 1400036065]}, "geometry": {"type": "LineString", "coordinates": [[120.2981182, 22.7232692], [120.2981389, 22.7232801], [120.2981522, 22.7232872], [120.2989743, 22.7237221], [120.2993936, 22.7239439], [120.29999, 22.7242594], [120.3000952, 22.724315], [120.3002136, 22.7243777], [120.3012845, 22.7249452], [120.3015331, 22.7250419], [120.3015839, 22.7250561], [120.3027105, 22.7251519], [120.3029822, 22.725175]]}, "id": 387148922}, {"type": "Feature", "properties": {"osm_id": 387148931, "name": "高楠公路", "highway": "primary", "lanes": "3", "oneway": "yes", "nodes": [1400036214, 895427266, 895427279]}, "geometry": {"type": "LineString", "coordinates": [[120.3199891, 22.7331373], [120.3199716, 22.7332049], [120.3199479, 22.7332803]]}, "id": 387148931}, {"type": "Feature", "properties": {"osm_id": 387524924, "name": "德民路", "highway": "residential", "oneway": "yes", "maxspeed": "60", "nodes": [2896476581, 2896477971]}, "geometry": {"type": "LineString", "coordinates": [[120.2978818, 22.7231703], [120.2979631, 22.7232043]]}, "id": 387524924}, {"type": "Feature", "properties": {"osm_id": 387524925, "name": "德民路", "highway": "residential", "oneway": "yes", "maxspeed": "60", "nodes": [2896477971, 2896477972, 1400036142]}, "geometry": {"type": "LineString", "coordinates": [[120.2979631, 22.7232043], [120.2980379, 22.7232356], [120.2981182, 22.7232692]]}, "id": 387524925}, {"type": "Feature", "properties": {"osm_id": 387524926, "name": "德民路", "highway": "residential", "oneway": "yes", "maxspeed": "60", "nodes": [2968251749, 2968251747, 2968251748]}, "geometry": {"type": "LineString", "coordinates": [[120.2979407, 22.7234411], [120.2978636, 22.7234137], [120.2977708, 22.7233806]]}, "id": 387524926}, {"type": "Feature", "properties": {"osm_id": 387524927, "name": "外環西路", "highway": "tertiary", "oneway": "yes", "motorcycle": "no", "nodes": [2896477971, 1400036726]}, "geometry": {"type": "LineString", "coordinates": [[120.2979631, 22.7232043], [120.2983978, 22.7222718]]}, "id": 387524927}, {"type": "Feature", "properties": {"osm_id": 387524928, "name": "外環西路", "highway": "tertiary", "oneway": "yes", "motorcycle": "no", "nodes": [1400036454, 1400036407]}, "geometry": {"type": "LineString", "coordinates": [[120.2993161, 22.7203287], [120.2984625, 22.7222943]]}, "id": 387524928}, {"type": "Feature", "properties": {"osm_id": 387524931, "name": "智群路", "highway": "residential", "nodes": [1400036454, 1400036767]}, "geometry": {"type": "LineString", "coordinates": [[120.2993161, 22.7203287], [120.2992515, 22.7203052]]}, "id": 387524931}, {"type": "Feature", "properties": {"osm_id": 401774642, "highway": "residential", "nodes": [4041807556, 2264444069]}, "geometry": {"type": "LineString", "coordinates": [[120.3294662, 22.7499679], [120.3294668, 22.7494793]]}, "id": 401774642}, {"type": "Feature", "properties": {"osm_id": 405791589, "name": "壽豐路433巷2弄", "highway": "residential", "nodes": [1401138268, 1401138467]}, "geometry": {"type": "LineString", "coordinates": [[120.295046, 22.7241249], [120.2957203, 22.7243551]]}, "id": 405791589}, {"type": "Feature", "properties": {"osm_id": 405792318, "highway": "residential", "nodes": [260132616, 2379770331, 260132619]}, "geometry": {"type": "LineString", "coordinates": [[120.2955363, 22.7251787], [120.2943147, 22.7248856], [120.293102, 22.7245967]]}, "id": 405792318}, {"type": "Feature", "properties": {"osm_id": 411019962, "highway": "residential", "nodes": [4127587373, 4127587375, 4127587374]}, "geometry": {"type": "LineString", "coordinates": [[120.2965132, 22.7179981], [120.2965379, 22.7180066], [120.2968454, 22.718112]]}, "id": 411019962}, {"type": "Feature", "properties": {"osm_id": 411019965, "highway": "residential", "nodes": [4127587376, 4127587378, 4127587377]}, "geometry": {"type": "LineString", "coordinates": [[120.2965682, 22.7178565], [120.2965867, 22.7178629], [120.2967982, 22.7179366]]}, "id": 411019965}, {"type": "Feature", "properties": {"osm_id": 411019967, "highway": "residential", "nodes": [4127587379, 4127587381, 4127587380]}, "geometry": {"type": "LineString", "coordinates": [[120.2966278, 22.7177032], [120.2966454, 22.7177094], [120.2968542, 22.7177836]]}, "id": 411019967}, {"type": "Feature", "properties": {"osm_id": 413710338, "name": "中山高速公路", "highway": "motorway", "oneway": "yes", "maxspeed": "110", "bridge": "yes", "layer": "1", "nodes": [4149792720, 4149792724]}, "geometry": {"type": "LineString", "coordinates": [[120.3329509, 22.7230678], [120.3330257, 22.7233782]]}, "id": 413710338}, {"type": "Feature", "properties": {"osm_id": 413710344, "name": "中山高速公路", "highway": "motorway", "oneway": "yes", "maxspeed": "110", "nodes": [4149792719, 307352113]}, "geometry": {"type": "LineString", "coordinates": [[120.3327808, 22.7230114], [120.3323743, 22.721348]]}, "id": 413710344}, {"type": "Feature", "properties": {"osm_id": 413710350, "name": "中山高速公路", "highway": "motorway", "oneway": "yes", "maxspeed": "110", "nodes": [4149792724, 1451067995]}, "geometry": {"type": "LineString", "coordinates": [[120.3330257, 22.7233782], [120.3333658, 22.7247977]]}, "id": 413710350}, {"type": "Feature", "properties": {"osm_id": 413710353, "name": "中山高速公路", "highway": "motorway", "oneway": "yes", "maxspeed": "110", "bridge": "yes", "layer": "1", "nodes": [4149792723, 4149792719]}, "geometry": {"type": "LineString", "coordinates": [[120.3328573, 22.7233245], [120.3327808, 22.7230114]]}, "id": 413710353}, {"type": "Feature", "properties": {"osm_id": 413710356, "name": "楠梓交流道", "highway": "motorway_link", "lanes": "1", "oneway": "yes", "nodes": [4149792718, 1451068081]}, "geometry": {"type": "LineString", "coordinates": [[120.3326249, 22.7229208], [120.3322773, 22.7215072]]}, "id": 413710356}, {"type": "Feature", "properties": {"osm_id": 413710358, "name": "楠梓交流道", "highway": "motorway_link", "lanes": "1", "oneway": "yes", "bridge": "yes", "layer": "1", "nodes": [4149792722, 4149792718]}, "geometry": {"type": "LineString", "coordinates": [[120.332715, 22.7232871], [120.3326249, 22.7229208]]}, "id": 413710358}, {"type": "Feature", "properties": {"osm_id": 413710360, "name": "楠梓交流道", "highway": "motorway_link", "lanes": "2", "oneway": "yes", "nodes": [1451069088, 4149792721]}, "geometry": {"type": "LineString", "coordinates": [[120.3325781, 22.7209855], [120.3331049, 22.7231613]]}, "id": 413710360}, {"type": "Feature", "properties": {"osm_id": 413710362, "name": "楠梓交流道", "highway": "motorway_link", "lanes": "1", "oneway": "yes", "bridge": "yes", "layer": "1", "nodes": [4149792721, 4149792725]}, "geometry": {"type": "LineString", "coordinates": [[120.3331049, 22.7231613], [120.333175, 22.7234507]]}, "id": 413710362}, {"type": "Feature", "properties": {"osm_id": 425897485, "name": "創意北路", "highway": "unclassified", "nodes": [2206324421, 2206324422, 7244167979, 2375698064, 7244182788, 7244167980, 2206324423, 2206324424, 2206324425]}, "geometry": {"type": "LineString", "coordinates": [[120.2997245, 22.7144546], [120.3004631, 22.7147054], [120.3005427, 22.7147324], [120.3013701, 22.7150133], [120.3014042, 22.7150249], [120.30142, 22.7150303], [120.3014738, 22.7150487], [120.301526, 22.7150662], [120.3016076, 22.7150929]]}, "id": 425897485}, {"type": "Feature", "properties": {"osm_id": 425897486, "name": "宏毅三路5巷", "highway": "residential", "nodes": [1219300443, 1219300407, 1219300494, 1219300657, 1219300396, 265599575]}, "geometry": {"type": "LineString", "coordinates": [[120.3075668, 22.7169624], [120.3079778, 22.7171132], [120.3082685, 22.7172199], [120.3085768, 22.717333], [120.308936, 22.7174649], [120.3096048, 22.7177103]]}, "id": 425897486}, {"type": "Feature", "properties": {"osm_id": 425897487, "name": "宏毅三路9巷", "highway": "residential", "nodes": [1219300448, 1219300499, 1219300392, 1219300780]}, "geometry": {"type": "LineString", "coordinates": [[120.3089793, 22.7191837], [120.3083089, 22.7189309], [120.3076358, 22.7186772], [120.3069292, 22.7184108]]}, "id": 425897487}, {"type": "Feature", "properties": {"osm_id": 425897488, "name": "宏毅二路北一巷", "highway": "residential", "nodes": [1219300435, 1219300563, 1219300419]}, "geometry": {"type": "LineString", "coordinates": [[120.3056046, 22.7149709], [120.3068251, 22.7154149], [120.3080516, 22.715861]]}, "id": 425897488}, {"type": "Feature", "properties": {"osm_id": 425897489, "name": "宏毅二路北七巷", "highway": "residential", "nodes": [1219300488, 1219300610, 1219300676, 1219300648, 1219300472]}, "geometry": {"type": "LineString", "coordinates": [[120.3070765, 22.7180763], [120.3064227, 22.7178314], [120.3058658, 22.7176228], [120.3052349, 22.7173865], [120.3046569, 22.7171699]]}, "id": 425897489}, {"type": "Feature", "properties": {"osm_id": 425897490, "name": "宏毅二路北三巷", "highway": "residential", "nodes": [1219300778, 1219300542, 1219300768]}, "geometry": {"type": "LineString", "coordinates": [[120.3053133, 22.7156468], [120.3065272, 22.7160813], [120.3077475, 22.7165606]]}, "id": 425897490}, {"type": "Feature", "properties": {"osm_id": 425897491, "name": "宏毅二路北二巷", "highway": "residential", "nodes": [1219300367, 1219300681, 1219300403, 1219300745]}, "geometry": {"type": "LineString", "coordinates": [[120.304122, 22.7148047], [120.3054623, 22.7153012], [120.3066787, 22.7157519], [120.3079004, 22.7162045]]}, "id": 425897491}, {"type": "Feature", "properties": {"osm_id": 425897492, "name": "宏毅二路北五巷", "highway": "residential", "nodes": [1219300531, 1219300478, 1219300397, 1219300539, 1219300456]}, "geometry": {"type": "LineString", "coordinates": [[120.3049632, 22.7164592], [120.3055382, 22.7166726], [120.3061749, 22.7169112], [120.3067366, 22.7171217], [120.3073891, 22.7173661]]}, "id": 425897492}, {"type": "Feature", "properties": {"osm_id": 425897493, "name": "宏毅二路北六巷", "highway": "residential", "nodes": [1219300524, 1219300424, 1219300421, 1219300508, 1219300466]}, "geometry": {"type": "LineString", "coordinates": [[120.3048072, 22.7168212], [120.3053841, 22.7170354], [120.3060186, 22.717271], [120.3065786, 22.7174789], [120.3072326, 22.7177217]]}, "id": 425897493}, {"type": "Feature", "properties": {"osm_id": 425897494, "name": "宏毅二路南十二巷", "highway": "residential", "nodes": [1219300425, 1219300790, 2375698009, 1219300682]}, "geometry": {"type": "LineString", "coordinates": [[120.3075693, 22.7104116], [120.3074821, 22.7101362], [120.3073437, 22.7097715], [120.3064688, 22.7094336]]}, "id": 425897494}, {"type": "Feature", "properties": {"osm_id": 430411156, "name": "慈雲橋", "highway": "primary", "oneway": "yes", "bridge": "yes", "layer": "1", "nodes": [302211687, 4296928275]}, "geometry": {"type": "LineString", "coordinates": [[120.3264804, 22.7289513], [120.3265539, 22.7290789]]}, "id": 430411156}, {"type": "Feature", "properties": {"osm_id": 430411157, "name": "慈雲橋", "highway": "primary", "oneway": "yes", "bridge": "yes", "layer": "1", "nodes": [4296928276, 4296928274]}, "geometry": {"type": "LineString", "coordinates": [[120.3265069, 22.7291582], [120.3264311, 22.7290313]]}, "id": 430411157}, {"type": "Feature", "properties": {"osm_id": 430411158, "name": "楠梓新路", "highway": "primary", "oneway": "yes", "nodes": [302211504, 2985906109, 2985906108, 2985906106, 2985906107, 302211602, 302211687]}, "geometry": {"type": "LineString", "coordinates": [[120.3253105, 22.7270397], [120.3256413, 22.7276006], [120.3257116, 22.7277138], [120.3259093, 22.7280533], [120.3262275, 22.7285536], [120.3264414, 22.7288885], [120.3264804, 22.7289513]]}, "id": 430411158}, {"type": "Feature", "properties": {"osm_id": 430411159, "name": "楠梓新路", "highway": "primary", "oneway": "yes", "nodes": [4296928274, 302211671, 280277421, 2261344435, 2261344421, 2261344414, 280277428, 257742648]}, "geometry": {"type": "LineString", "coordinates": [[120.3264311, 22.7290313], [120.3263965, 22.7289725], [120.3261548, 22.7285927], [120.3258402, 22.728093], [120.3256379, 22.7277579], [120.3255644, 22.7276398], [120.3251959, 22.7270418], [120.32518, 22.7269746]]}, "id": 430411159}, {"type": "Feature", "properties": {"osm_id": 431690458, "highway": "residential", "nodes": [2188495523, 4586456378, 2188495520, 2188495514, 2188495503]}, "geometry": {"type": "LineString", "coordinates": [[120.3012941, 22.7075451], [120.3012955, 22.7074652], [120.3013022, 22.7070834], [120.3013087, 22.7067095], [120.301318, 22.7061818]]}, "id": 431690458}, {"type": "Feature", "properties": {"osm_id": 431690485, "name": "藍田路812巷", "highway": "residential", "nodes": [4309157585, 4309157631, 4309157635, 1080697333, 259481981]}, "geometry": {"type": "LineString", "coordinates": [[120.2819953, 22.7289659], [120.2820027, 22.7288923], [120.2823502, 22.7282137], [120.2824102, 22.7280966], [120.282457, 22.7280018]]}, "id": 431690485}, {"type": "Feature", "properties": {"osm_id": 431690500, "name": "宏毅二路", "highway": "residential", "nodes": [2375698005, 1219300682, 5693087382, 1219300449, 5693087387, 1219300624, 5693087359, 1219300381, 1219300746, 1219300695, 1219300411, 1219300458, 1219300545, 1219300415, 1219300440, 1219300461, 265599569, 1219300367, 265599571]}, "geometry": {"type": "LineString", "coordinates": [[120.3067497, 22.7087907], [120.3064688, 22.7094336], [120.3064592, 22.7094557], [120.306348, 22.70971], [120.3063206, 22.7097727], [120.3061796, 22.7100956], [120.30605, 22.7103921], [120.3060162, 22.7104695], [120.3058576, 22.7108326], [120.3056726, 22.7112558], [120.3055173, 22.7116113], [120.3053585, 22.7119747], [120.3051733, 22.7123986], [120.3050038, 22.7127866], [120.304868, 22.7130973], [120.304693, 22.7134979], [120.304523, 22.7138994], [120.304122, 22.7148047], [120.303936, 22.7152304]]}, "id": 431690500}, {"type": "Feature", "properties": {"osm_id": 432524878, "name": "師俊路", "highway": "unclassified", "nodes": [4315349215, 4315349231, 4315349193, 4315349258, 4315349194, 4315349239, 4315349190, 4315349223, 4315349207, 4315349210, 4315347987]}, "geometry": {"type": "LineString", "coordinates": [[120.2891895, 22.7054044], [120.2892201, 22.7062939], [120.2892407, 22.706355], [120.2891641, 22.7065436], [120.2888311, 22.7073814], [120.2893795, 22.7081888], [120.2894918, 22.7083057], [120.2896367, 22.7083828], [120.290524, 22.7086639], [120.2909835, 22.7088177], [120.2917659, 22.7090834]]}, "id": 432524878}, {"type": "Feature", "properties": {"osm_id": 432524880, "name": "繼光路", "highway": "unclassified", "nodes": [4315349192, 4315349251, 4315349231, 4315349205, 4315349250]}, "geometry": {"type": "LineString", "coordinates": [[120.2886531, 22.7061016], [120.2890323, 22.7062303], [120.2892201, 22.7062939], [120.2911863, 22.706961], [120.2916471, 22.7071174]]}, "id": 432524880}, {"type": "Feature", "properties": {"osm_id": 432524881, "highway": "unclassified", "nodes": [4315349251, 4315349204, 4315349249, 4315349258]}, "geometry": {"type": "LineString", "coordinates": [[120.2890323, 22.7062303], [120.2889919, 22.706376], [120.2890383, 22.7064772], [120.2891641, 22.7065436]]}, "id": 432524881}, {"type": "Feature", "properties": {"osm_id": 432524884, "highway": "unclassified", "nodes": [4315349248, 7909174820, 4315349215, 4315349195, 4315349222, 4315349217, 4315349244, 4315349234, 4315347986, 4315349220, 4315349221, 4315349260, 4315349232, 4315349263, 4315349242, 4315349259, 4315349202, 4315349201, 4315349198, 4315349200, 4315349248]}, "geometry": {"type": "LineString", "coordinates": [[120.2892993, 22.7053862], [120.2892459, 22.7054032], [120.2891895, 22.7054044], [120.2891324, 22.7053883], [120.289084, 22.7053561], [120.2890495, 22.7053113], [120.2890324, 22.7052586], [120.2890346, 22.7052036], [120.2890559, 22.7051522], [120.289094, 22.7051099], [120.2891449, 22.7050811], [120.2892031, 22.705069], [120.2892564, 22.7050734], [120.2893061, 22.7050919], [120.2893478, 22.7051229], [120.289378, 22.7051637], [120.2893941, 22.7052108], [120.2893943, 22.7052629], [120.2893772, 22.7053125], [120.2893445, 22.705355], [120.2892993, 22.7053862]]}, "id": 432524884}, {"type": "Feature", "properties": {"osm_id": 442776189, "highway": "residential", "nodes": [4404352048, 4404352050, 4404352049]}, "geometry": {"type": "LineString", "coordinates": [[120.3283253, 22.7352912], [120.3289249, 22.7357132], [120.3295599, 22.7355602]]}, "id": 442776189}, {"type": "Feature", "properties": {"osm_id": 445064101, "name": "惠忠街", "highway": "residential", "nodes": [4425215268, 4425215275, 4425215278, 11013495488, 4425215281, 4425215285, 4425215288, 4425215390, 4425215393, 4425215397, 4425215407, 4425215410, 4425215411]}, "geometry": {"type": "LineString", "coordinates": [[120.3251544, 22.7306282], [120.3253622, 22.7311768], [120.3254092, 22.7315596], [120.3254507, 22.7318571], [120.3254777, 22.7321744], [120.3254624, 22.7324827], [120.3254421, 22.7329271], [120.3253677, 22.7333952], [120.3253221, 22.7336624], [120.3252134, 22.7342017], [120.3248889, 22.7351479], [120.3247521, 22.7354584], [120.3246652, 22.7356492]]}, "id": 445064101}, {"type": "Feature", "properties": {"osm_id": 445064107, "highway": "residential", "nodes": [4425215393, 4425215391]}, "geometry": {"type": "LineString", "coordinates": [[120.3253221, 22.7336624], [120.3249414, 22.7335027]]}, "id": 445064107}, {"type": "Feature", "properties": {"osm_id": 445064122, "highway": "unclassified", "nodes": [4425214632, 4425214631, 4425214629, 259978276]}, "geometry": {"type": "LineString", "coordinates": [[120.3228571, 22.7176081], [120.3228262, 22.7175425], [120.3228142, 22.7174485], [120.3228209, 22.7173559]]}, "id": 445064122}, {"type": "Feature", "properties": {"osm_id": 445064124, "name": "惠誠街", "highway": "residential", "nodes": [4425215288, 4425215286, 4425215284, 4425215282, 1196964720]}, "geometry": {"type": "LineString", "coordinates": [[120.3254421, 22.7329271], [120.3252758, 22.7328702], [120.3242848, 22.7325522], [120.3236208, 22.7323544], [120.3234762, 22.7323072]]}, "id": 445064124}, {"type": "Feature", "properties": {"osm_id": 445064125, "name": "惠智街", "highway": "residential", "nodes": [4425215410, 4425215406, 4425215403, 4425215402, 4425215401, 4425215396]}, "geometry": {"type": "LineString", "coordinates": [[120.3247521, 22.7354584], [120.3240735, 22.7350848], [120.3233533, 22.7346358], [120.3232407, 22.7345443], [120.3231253, 22.7344311], [120.322616, 22.733996]]}, "id": 445064125}, {"type": "Feature", "properties": {"osm_id": 445064127, "name": "惠勇街", "highway": "residential", "nodes": [4425215285, 4425215286, 4425215389, 4425215391, 4425215400, 4425215406, 4425215409]}, "geometry": {"type": "LineString", "coordinates": [[120.3254624, 22.7324827], [120.3252758, 22.7328702], [120.3251787, 22.7330614], [120.3249414, 22.7335027], [120.3244425, 22.7344307], [120.3240735, 22.7350848], [120.3239869, 22.7352489]]}, "id": 445064127}, {"type": "Feature", "properties": {"osm_id": 445064128, "name": "惠正街", "highway": "residential", "nodes": [4425215275, 4425215276, 4425215277, 4425215284, 4425215398, 4425215399, 4425215401]}, "geometry": {"type": "LineString", "coordinates": [[120.3253622, 22.7311768], [120.3250654, 22.7312802], [120.3250104, 22.7313452], [120.3242848, 22.7325522], [120.3232824, 22.7342179], [120.3231778, 22.7343849], [120.3231253, 22.7344311]]}, "id": 445064128}, {"type": "Feature", "properties": {"osm_id": 445064130, "name": "惠義街", "highway": "residential", "nodes": [4425215396, 4425215282, 4425215273, 4425215271, 4425215269, 4425215267, 4425215266, 4425215268]}, "geometry": {"type": "LineString", "coordinates": [[120.322616, 22.733996], [120.3236208, 22.7323544], [120.3245482, 22.7308174], [120.324614, 22.730763], [120.3248285, 22.7306727], [120.3250216, 22.7306059], [120.3251021, 22.7306035], [120.3251544, 22.7306282]]}, "id": 445064130}, {"type": "Feature", "properties": {"osm_id": 445077147, "highway": "residential", "nodes": [4425325794, 4425325793, 4425325792, 4425325790, 4425325789, 4425325587, 4425325578, 4425325575, 4425325573, 4425325571, 4425325567, 4425325566]}, "geometry": {"type": "LineString", "coordinates": [[120.3385857, 22.7417514], [120.3387451, 22.7416194], [120.3388805, 22.7414611], [120.3389696, 22.7413447], [120.3390669, 22.7412175], [120.3391984, 22.7410901], [120.339488, 22.7408662], [120.3400084, 22.7405865], [120.340286, 22.740458], [120.340378, 22.7403866], [120.3405969, 22.7402831], [120.3408291, 22.7402107]]}, "id": 445077147}, {"type": "Feature", "properties": {"osm_id": 445082584, "highway": "unclassified", "nodes": [4425362016, 2261344345, 2261344325, 2261344281, 2261344266]}, "geometry": {"type": "LineString", "coordinates": [[120.3197694, 22.7266034], [120.3200245, 22.7264363], [120.3203542, 22.7261749], [120.3210604, 22.7253586], [120.3212237, 22.725103]]}, "id": 445082584}, {"type": "Feature", "properties": {"osm_id": 445082838, "highway": "residential", "nodes": [1372607256, 4425376095, 4581716034, 4425376098, 4581715798, 4581716022, 4425376103, 4425376105, 4425376106, 4581715609, 4425376108, 4425376111, 4425376114, 4581715610, 4425376118, 4425376122]}, "geometry": {"type": "LineString", "coordinates": [[120.2860679, 22.7005845], [120.2859241, 22.7008582], [120.2856543, 22.7008755], [120.2854173, 22.7008863], [120.2854181, 22.7009706], [120.2854356, 22.7026384], [120.2854393, 22.7029929], [120.2853854, 22.7031257], [120.2851513, 22.703438], [120.2850389, 22.7035879], [120.2849125, 22.7037443], [120.284667, 22.7040838], [120.2844173, 22.7044168], [120.2840118, 22.7049455], [120.2835913, 22.7055184], [120.2828218, 22.7065447]]}, "id": 445082838}, {"type": "Feature", "properties": {"osm_id": 445082839, "highway": "residential", "nodes": [4425376106, 4425376109, 4581715639, 4425376112, 4425376115, 4425376116, 4425376121, 4425376118, 4425376117]}, "geometry": {"type": "LineString", "coordinates": [[120.2851513, 22.703438], [120.285877, 22.7038608], [120.2859161, 22.7039972], [120.2857216, 22.7042503], [120.2854594, 22.7045915], [120.2852095, 22.7049168], [120.2843558, 22.7060278], [120.2835913, 22.7055184], [120.2828028, 22.7049938]]}, "id": 445082839}, {"type": "Feature", "properties": {"osm_id": 445082845, "highway": "residential", "nodes": [4425376120, 4425376117, 4581715611, 4425376110, 4425376104, 4425376099]}, "geometry": {"type": "LineString", "coordinates": [[120.2820465, 22.7060092], [120.2828028, 22.7049938], [120.2832155, 22.7044212], [120.2835991, 22.703889], [120.2841907, 22.7030696], [120.2848016, 22.7022657]]}, "id": 445082845}, {"type": "Feature", "properties": {"osm_id": 447494006, "name": "高楠公路1117巷", "highway": "residential", "nodes": [2261344366, 2261344380, 257742644]}, "geometry": {"type": "LineString", "coordinates": [[120.3207574, 22.7268951], [120.3209045, 22.7270686], [120.3213994, 22.727602]]}, "id": 447494006}, {"type": "Feature", "properties": {"osm_id": 462826472, "highway": "residential", "nodes": [4581621115, 4581621116, 4581621117]}, "geometry": {"type": "LineString", "coordinates": [[120.2711806, 22.7090281], [120.2715247, 22.7097537], [120.271871, 22.7104777]]}, "id": 462826472}, {"type": "Feature", "properties": {"osm_id": 462826486, "highway": "residential", "nodes": [3368117937, 4581621115, 4581621158]}, "geometry": {"type": "LineString", "coordinates": [[120.2724507, 22.7085036], [120.2711806, 22.7090281], [120.2700152, 22.7094892]]}, "id": 462826486}, {"type": "Feature", "properties": {"osm_id": 462826487, "highway": "residential", "nodes": [4581621160, 4581621161]}, "geometry": {"type": "LineString", "coordinates": [[120.2733955, 22.7090145], [120.2737431, 22.7097238]]}, "id": 462826487}, {"type": "Feature", "properties": {"osm_id": 462826490, "highway": "residential", "nodes": [3368117933, 3368117931, 3368117934, 4581621161, 3368117938, 4581621117, 3368117930, 3368117929]}, "geometry": {"type": "LineString", "coordinates": [[120.2754475, 22.7081686], [120.2758204, 22.7088872], [120.275189, 22.7091415], [120.2737431, 22.7097238], [120.2731614, 22.709958], [120.271871, 22.7104777], [120.2706379, 22.7109743], [120.2702641, 22.7102519]]}, "id": 462826490}, {"type": "Feature", "properties": {"osm_id": 462826597, "highway": "unclassified", "nodes": [4581621558, 4581621581, 4581621544, 4581621280, 4581621541, 4581621283, 1284623575, 1284623504, 1284623458, 1284623596, 4581716201, 1284623594, 4581620687, 3368117953, 3203289724, 1284623416, 3368117922, 3368117928, 12989190147, 12989190146, 4581621156, 3368117923, 4581621170, 3368117924, 4581716687, 4581716681, 3368117925, 4424524762, 3368117926, 4424524761, 4424524760, 4581716841, 4424524759, 4424524758, 4424524757, 4424524756, 4581717095, 4424524755]}, "geometry": {"type": "LineString", "coordinates": [[120.2773086, 22.6881557], [120.2773073, 22.6894195], [120.2773065, 22.6901172], [120.2773045, 22.6906175], [120.2773012, 22.6914074], [120.2773006, 22.6915659], [120.2772991, 22.6919123], [120.2771985, 22.694229], [120.2771832, 22.6955513], [120.2772514, 22.6974419], [120.2772797, 22.6980561], [120.2773966, 22.7005902], [120.2774755, 22.7048971], [120.2774777, 22.7050261], [120.2775304, 22.7068282], [120.2775613, 22.7082766], [120.2774686, 22.7084366], [120.2762741, 22.7088928], [120.2713657, 22.710825], [120.2710619, 22.710913], [120.2705288, 22.710981], [120.2701485, 22.7109123], [120.2691209, 22.7098624], [120.2687931, 22.7095199], [120.2638414, 22.7084107], [120.2633462, 22.7082998], [120.2626501, 22.7081439], [120.2626437, 22.7052877], [120.2626422, 22.7018711], [120.2626478, 22.70143], [120.2626398, 22.7013533], [120.2625802, 22.7011892], [120.2624601, 22.7008584], [120.2624386, 22.6982231], [120.2624547, 22.6981489], [120.262511, 22.6981093], [120.262666, 22.6980423], [120.2637441, 22.6975944]]}, "id": 462826597}, {"type": "Feature", "properties": {"osm_id": 462837654, "highway": "unclassified", "nodes": [4581716664, 4581716665]}, "geometry": {"type": "LineString", "coordinates": [[120.2634, 22.7018827], [120.2634247, 22.705293]]}, "id": 462837654}, {"type": "Feature", "properties": {"osm_id": 462837656, "highway": "unclassified", "nodes": [4581716666, 4581716665, 4424524762]}, "geometry": {"type": "LineString", "coordinates": [[120.2660189, 22.7053105], [120.2634247, 22.705293], [120.2626437, 22.7052877]]}, "id": 462837656}, {"type": "Feature", "properties": {"osm_id": 462837710, "highway": "unclassified", "nodes": [4581717130, 2414133681, 4581717140, 4581717129, 291010000, 291009992]}, "geometry": {"type": "LineString", "coordinates": [[120.2798658, 22.7206776], [120.277359, 22.7196888], [120.2772633, 22.719613], [120.2771849, 22.719551], [120.2770519, 22.7196778], [120.2769694, 22.7197756]]}, "id": 462837710}, {"type": "Feature", "properties": {"osm_id": 462942236, "highway": "unclassified", "nodes": [4582683631, 4582683632]}, "geometry": {"type": "LineString", "coordinates": [[120.3086058, 22.7250417], [120.3095372, 22.7253808]]}, "id": 462942236}, {"type": "Feature", "properties": {"osm_id": 463034274, "highway": "unclassified", "nodes": [4583506642, 4583506643]}, "geometry": {"type": "LineString", "coordinates": [[120.3236695, 22.7296862], [120.3237547, 22.729752]]}, "id": 463034274}, {"type": "Feature", "properties": {"osm_id": 463372472, "name": "富昌街", "highway": "residential", "nodes": [4586446598, 4586446599, 2384936104]}, "geometry": {"type": "LineString", "coordinates": [[120.2870341, 22.720357], [120.2878441, 22.7207317], [120.2889042, 22.721258]]}, "id": 463372472}, {"type": "Feature", "properties": {"osm_id": 463372740, "name": "新昌街", "highway": "residential", "nodes": [2188495553, 4586448451, 4586448452, 4586448453, 4586448454, 4586448455, 4586448456, 4586448458, 4586448457]}, "geometry": {"type": "LineString", "coordinates": [[120.2981001, 22.711681], [120.2979368, 22.71183], [120.2979262, 22.7118561], [120.2979351, 22.7118822], [120.298132, 22.7119936], [120.2982475, 22.7120443], [120.2982954, 22.7120712], [120.2983193, 22.7120997], [120.2983433, 22.7121412]]}, "id": 463372740}, {"type": "Feature", "properties": {"osm_id": 466861878, "name": "大學六街51巷", "highway": "unclassified", "nodes": [4615786607, 4615786617, 12658227944, 4615786608, 4615786609, 4615786610, 4615786611, 4615786632, 4615786612]}, "geometry": {"type": "LineString", "coordinates": [[120.2804721, 22.7232761], [120.2804798, 22.7231847], [120.2805047, 22.7228863], [120.2805165, 22.7227451], [120.2805257, 22.722711], [120.280555, 22.7226854], [120.2805889, 22.7226797], [120.2807243, 22.7226958], [120.2809889, 22.7227273]]}, "id": 466861878}, {"type": "Feature", "properties": {"osm_id": 466861880, "name": "德中路111巷1弄", "highway": "residential", "lanes": "2", "nodes": [4615786626, 4309157612, 4309157556]}, "geometry": {"type": "LineString", "coordinates": [[120.2772661, 22.7229166], [120.2772297, 22.722838], [120.2769735, 22.7222844]]}, "id": 466861880}, {"type": "Feature", "properties": {"osm_id": 479051556, "name": "興楠路355巷37弄", "highway": "residential", "nodes": [4722147716, 4722147717]}, "geometry": {"type": "LineString", "coordinates": [[120.3319709, 22.7283422], [120.3328085, 22.7288229]]}, "id": 479051556}, {"type": "Feature", "properties": {"osm_id": 481397618, "name": "新安街", "highway": "residential", "nodes": [2264502039, 2264502050]}, "geometry": {"type": "LineString", "coordinates": [[120.3264831, 22.7321393], [120.3259682, 22.7331447]]}, "id": 481397618}, {"type": "Feature", "properties": {"osm_id": 481397619, "highway": "residential", "nodes": [4425215273, 302211616]}, "geometry": {"type": "LineString", "coordinates": [[120.3245482, 22.7308174], [120.324039, 22.7307406]]}, "id": 481397619}, {"type": "Feature", "properties": {"osm_id": 507743146, "name": "仁武橋", "highway": "unclassified", "lanes": "2", "oneway": "yes", "maxspeed": "50", "bridge": "yes", "layer": "1", "nodes": [4971940822, 4971940821]}, "geometry": {"type": "LineString", "coordinates": [[120.3270467, 22.7064617], [120.327618, 22.7064605]]}, "id": 507743146}, {"type": "Feature", "properties": {"osm_id": 529670421, "name": "信昌街", "highway": "residential", "oneway": "no", "nodes": [1400036031, 2401585701, 1400036391, 1398634262, 1400036082, 1400036209]}, "geometry": {"type": "LineString", "coordinates": [[120.2930409, 22.7170152], [120.2928841, 22.7173941], [120.2928227, 22.7175454], [120.292564, 22.718174], [120.2924702, 22.718476], [120.292151, 22.719397]]}, "id": 529670421}, {"type": "Feature", "properties": {"osm_id": 529670422, "highway": "residential", "nodes": [1400036705, 5144956942, 5144956941]}, "geometry": {"type": "LineString", "coordinates": [[120.2949046, 22.717371], [120.2949498, 22.717319], [120.2951501, 22.7170883]]}, "id": 529670422}, {"type": "Feature", "properties": {"osm_id": 529670429, "highway": "unclassified", "nodes": [5144956958, 5144956959]}, "geometry": {"type": "LineString", "coordinates": [[120.2966068, 22.7188059], [120.2967879, 22.7183402]]}, "id": 529670429}, {"type": "Feature", "properties": {"osm_id": 548131444, "highway": "unclassified", "nodes": [5295609515, 5295609516, 5295609517, 5295609518, 5295609519]}, "geometry": {"type": "LineString", "coordinates": [[120.2902198, 22.7161866], [120.2904309, 22.7162713], [120.2905539, 22.7163127], [120.290632, 22.7162891], [120.2906934, 22.7162229]]}, "id": 548131444}, {"type": "Feature", "properties": {"osm_id": 553882498, "name": "高楠公路", "highway": "primary", "oneway": "yes", "nodes": [5346067178, 5792509226, 5346067179]}, "geometry": {"type": "LineString", "coordinates": [[120.325255, 22.7188562], [120.3251929, 22.7191841], [120.3251283, 22.7196048]]}, "id": 553882498}, {"type": "Feature", "properties": {"osm_id": 564743841, "name": "高楠公路", "highway": "primary", "oneway": "yes", "motorcycle": "yes", "nodes": [5792509222, 5792509223, 7287812039, 8276931521, 8276931522, 8276922659, 8276922648, 5456271561, 8276922654, 7287812076, 7287812072, 5792509216, 5792509217, 5792509218, 5792509219, 7287812061, 5456271567, 5792509230, 5456271571, 5456271574, 5456271572, 5456271573, 5456271570, 5792509204]}, "geometry": {"type": "LineString", "coordinates": [[120.3235892, 22.7012674], [120.3236032, 22.7013465], [120.3236326, 22.7014974], [120.3237971, 22.702349], [120.3239122, 22.7029453], [120.3240564, 22.7036921], [120.3240611, 22.7037164], [120.3240837, 22.7038327], [120.3241068, 22.7039534], [120.3245521, 22.7063302], [120.3245573, 22.7063555], [120.3245859, 22.706497], [120.324603, 22.7065817], [120.3246231, 22.7066809], [120.3246395, 22.7067619], [120.3246638, 22.7068819], [120.3251185, 22.7092667], [120.3256185, 22.7118276], [120.3257476, 22.7125404], [120.32582, 22.7128995], [120.3259049, 22.7133289], [120.325968, 22.7136985], [120.3260376, 22.7142881], [120.3259735, 22.7149594]]}, "id": 564743841}, {"type": "Feature", "properties": {"osm_id": 564743848, "name": "高楠公路", "highway": "primary", "oneway": "yes", "motorcycle": "yes", "nodes": [5792508540, 5456271578, 11013532978, 11013532979, 5456271577, 5456271576, 5456271575, 5792509231, 6689473837, 6689435450, 5456271568, 7287812067, 7287812059, 5456271565, 5456271564, 7287812078, 8276922658, 8276922651, 5792509197, 8276922645, 7287812053, 7287812043, 5456271579]}, "geometry": {"type": "LineString", "coordinates": [[120.3257306, 22.7148857], [120.3257598, 22.7146001], [120.3257659, 22.7143991], [120.3257565, 22.7141863], [120.3257212, 22.713857], [120.3256517, 22.7133553], [120.325576, 22.7129929], [120.3254017, 22.7120826], [120.3253868, 22.7119783], [120.3253343, 22.7116887], [120.3248721, 22.7093034], [120.3244226, 22.7069831], [120.3244105, 22.7069157], [120.3243653, 22.7066904], [120.3243445, 22.7065869], [120.3243049, 22.7063896], [120.3238275, 22.7040323], [120.3238202, 22.7039941], [120.3237988, 22.7038763], [120.3237754, 22.7037618], [120.3233552, 22.7015787], [120.3233438, 22.7015229], [120.3233138, 22.7013764]]}, "id": 564743848}, {"type": "Feature", "properties": {"osm_id": 565158730, "highway": "unclassified", "nodes": [257742645, 4583506612]}, "geometry": {"type": "LineString", "coordinates": [[120.3244512, 22.7270832], [120.3240804, 22.7261612]]}, "id": 565158730}, {"type": "Feature", "properties": {"osm_id": 566619276, "name": "水管路", "highway": "unclassified", "lanes": "1", "oneway": "yes", "maxspeed": "50", "nodes": [5456271564, 5792509209, 5792509210, 5792509216, 7287812075, 4971940823, 4971940822]}, "geometry": {"type": "LineString", "coordinates": [[120.3243445, 22.7065869], [120.3244128, 22.7064977], [120.3245021, 22.7065011], [120.3245859, 22.706497], [120.3246476, 22.7064993], [120.3255862, 22.7064852], [120.3270467, 22.7064617]]}, "id": 566619276}, {"type": "Feature", "properties": {"osm_id": 566619277, "name": "水管路", "highway": "tertiary", "lanes": "2", "oneway": "yes", "maxspeed": "50", "nodes": [5792509211, 5792509217, 7287812070, 2982557027]}, "geometry": {"type": "LineString", "coordinates": [[120.3245191, 22.7065833], [120.324603, 22.7065817], [120.3246582, 22.706584], [120.3270414, 22.7065121]]}, "id": 566619277}, {"type": "Feature", "properties": {"osm_id": 566619278, "highway": "residential", "oneway": "no", "nodes": [5456271567, 8806789843, 259978298]}, "geometry": {"type": "LineString", "coordinates": [[120.3251185, 22.7092667], [120.3254797, 22.7092717], [120.3255304, 22.7092699]]}, "id": 566619278}, {"type": "Feature", "properties": {"osm_id": 566619279, "highway": "residential", "nodes": [5456271567, 259978243, 259978299, 5456271568]}, "geometry": {"type": "LineString", "coordinates": [[120.3251185, 22.7092667], [120.3250126, 22.7092788], [120.3249489, 22.7092876], [120.3248721, 22.7093034]]}, "id": 566619279}, {"type": "Feature", "properties": {"osm_id": 566619280, "name": "高楠公路", "highway": "primary", "oneway": "yes", "motorcycle": "yes", "nodes": [5792509204, 2624297508, 2982394394]}, "geometry": {"type": "LineString", "coordinates": [[120.3259735, 22.7149594], [120.3258219, 22.715703], [120.325677, 22.7166017]]}, "id": 566619280}, {"type": "Feature", "properties": {"osm_id": 570146936, "highway": "residential", "nodes": [2387148106, 12599118935, 2261344444, 7477787896]}, "geometry": {"type": "LineString", "coordinates": [[120.3178314, 22.7290453], [120.3177685, 22.7289788], [120.3173679, 22.7285549], [120.3172834, 22.728465]]}, "id": 570146936}, {"type": "Feature", "properties": {"osm_id": 570146937, "highway": "residential", "nodes": [2387148105, 12599118943, 7477787917, 5481843043]}, "geometry": {"type": "LineString", "coordinates": [[120.3166348, 22.7299343], [120.316586, 22.7298827], [120.3157369, 22.728985], [120.315726, 22.7289222]]}, "id": 570146937}, {"type": "Feature", "properties": {"osm_id": 611848238, "highway": "primary_link", "oneway": "yes", "nodes": [5792509226, 5792509225, 5792509224]}, "geometry": {"type": "LineString", "coordinates": [[120.3251929, 22.7191841], [120.3251278, 22.7193881], [120.3250479, 22.7196012]]}, "id": 611848238}, {"type": "Feature", "properties": {"osm_id": 611848239, "highway": "primary_link", "oneway": "yes", "nodes": [5346067179, 313349834]}, "geometry": {"type": "LineString", "coordinates": [[120.3251283, 22.7196048], [120.3250385, 22.7204557]]}, "id": 611848239}, {"type": "Feature", "properties": {"osm_id": 631715740, "name": "土庫北路", "highway": "residential", "nodes": [5965331452, 2264444073]}, "geometry": {"type": "LineString", "coordinates": [[120.3337922, 22.7496062], [120.3342329, 22.7497608]]}, "id": 631715740}, {"type": "Feature", "properties": {"osm_id": 631715741, "name": "土庫北路", "highway": "residential", "oneway": "no", "nodes": [1932046441, 1932046443, 2264444033, 2264444032, 2264444031, 2264444027, 2264444016, 2264444018, 2264444025, 2264444029, 2264444030, 2264444023, 2264444014, 2264444010, 2264444006, 2264443999, 2264443991, 2264443985]}, "geometry": {"type": "LineString", "coordinates": [[120.331601, 22.74888], [120.331511, 22.7488397], [120.3314051, 22.7488382], [120.3311425, 22.7488582], [120.3307634, 22.7487741], [120.3306105, 22.7486616], [120.3304814, 22.7485872], [120.3303563, 22.7485939], [120.3301654, 22.7486565], [120.3299641, 22.7487019], [120.32984, 22.7487038], [120.3297622, 22.7486444], [120.3297116, 22.7485538], [120.3296974, 22.7484694], [120.329692, 22.7483729], [120.3297565, 22.7479724], [120.3296121, 22.7477742], [120.3293278, 22.7473588]]}, "id": 631715741}, {"type": "Feature", "properties": {"osm_id": 631715742, "name": "創新路", "highway": "residential", "oneway": "yes", "nodes": [1932046441, 2264444037, 2264444048, 1932046475, 1932046518, 1932046529]}, "geometry": {"type": "LineString", "coordinates": [[120.331601, 22.74888], [120.3315964, 22.749018], [120.3315701, 22.7492992], [120.3315462, 22.7499945], [120.3315252, 22.7507256], [120.3314978, 22.751703]]}, "id": 631715742}, {"type": "Feature", "properties": {"osm_id": 631715743, "name": "土庫北路", "highway": "residential", "lanes": "2", "oneway": "-1", "nodes": [5965331452, 5965331453, 5965331454, 1932046443]}, "geometry": {"type": "LineString", "coordinates": [[120.3337922, 22.7496062], [120.3334948, 22.7494357], [120.3315827, 22.7487656], [120.331511, 22.7488397]]}, "id": 631715743}, {"type": "Feature", "properties": {"osm_id": 631715744, "name": "芎蕉五街", "highway": "residential", "nodes": [988779696, 2983244012, 2264443979, 988779722, 5965331461, 2264443995, 4041807541, 4041807543, 11065364261, 4041807545, 2264444063]}, "geometry": {"type": "LineString", "coordinates": [[120.3337517, 22.7464973], [120.3337599, 22.7465654], [120.3337361, 22.7469871], [120.3337292, 22.7472847], [120.3337112, 22.7473597], [120.3335962, 22.7477679], [120.3335789, 22.7481104], [120.3335714, 22.7483906], [120.3335637, 22.7486427], [120.3335573, 22.7488452], [120.3335411, 22.7493398]]}, "id": 631715744}, {"type": "Feature", "properties": {"osm_id": 631715745, "name": "芎林路", "highway": "residential", "lanes": "2", "oneway": "yes", "nodes": [5965331469, 5965331468, 5965331467, 5965331466, 988779623]}, "geometry": {"type": "LineString", "coordinates": [[120.3261394, 22.748538], [120.3261335, 22.7492084], [120.3261232, 22.7499346], [120.3261181, 22.7506482], [120.3261026, 22.7515759]]}, "id": 631715745}, {"type": "Feature", "properties": {"osm_id": 633158170, "name": "芎蕉二街", "highway": "residential", "nodes": [2264444071, 2264444076, 2264444084, 2264444100]}, "geometry": {"type": "LineString", "coordinates": [[120.330074, 22.7495122], [120.3300301, 22.7499767], [120.3300135, 22.7507013], [120.3299734, 22.7516643]]}, "id": 633158170}, {"type": "Feature", "properties": {"osm_id": 637554211, "name": "盛昌街", "highway": "residential", "oneway": "no", "nodes": [1398635326, 1398635878, 1398634124, 1398634957, 1398636064, 1398634306, 1372607294]}, "geometry": {"type": "LineString", "coordinates": [[120.283791, 22.7106536], [120.2841416, 22.7108323], [120.2844235, 22.7109695], [120.2847009, 22.7111287], [120.2848239, 22.7112201], [120.2851747, 22.7115376], [120.2858991, 22.7122228]]}, "id": 637554211}, {"type": "Feature", "properties": {"osm_id": 676539848, "highway": "residential", "nodes": [1196964786, 6335435837, 302211616]}, "geometry": {"type": "LineString", "coordinates": [[120.323106, 22.7322034], [120.3231827, 22.732115], [120.324039, 22.7307406]]}, "id": 676539848}, {"type": "Feature", "properties": {"osm_id": 676539849, "highway": "residential", "nodes": [1196964786, 6335435838, 1400036263]}, "geometry": {"type": "LineString", "coordinates": [[120.323106, 22.7322034], [120.3230513, 22.7323386], [120.3219708, 22.7341118]]}, "id": 676539849}, {"type": "Feature", "properties": {"osm_id": 676539850, "name": "慈雲寺旁機車地下道", "highway": "unclassified", "oneway": "yes", "maxspeed": "20", "motorcycle": "yes", "nodes": [6335435840, 7148346408, 7148346407, 6335435839, 7148346404, 4425215273]}, "geometry": {"type": "LineString", "coordinates": [[120.3250901, 22.7304142], [120.3249939, 22.7304673], [120.3248615, 22.7305279], [120.3247675, 22.7305891], [120.324568, 22.7307243], [120.3245482, 22.7308174]]}, "id": 676539850}, {"type": "Feature", "properties": {"osm_id": 676539851, "name": "慈雲寺旁機車地下道", "highway": "unclassified", "oneway": "yes", "maxspeed": "20", "layer": "-1", "motorcycle": "yes", "nodes": [2261344474, 6335435840]}, "geometry": {"type": "LineString", "coordinates": [[120.325418, 22.7301172], [120.3250901, 22.7304142]]}, "id": 676539851}, {"type": "Feature", "properties": {"osm_id": 676539852, "name": "楠梓新路", "highway": "primary", "oneway": "yes", "nodes": [302211677, 4296928276]}, "geometry": {"type": "LineString", "coordinates": [[120.3265222, 22.7291838], [120.3265069, 22.7291582]]}, "id": 676539852}, {"type": "Feature", "properties": {"osm_id": 676539853, "name": "慈雲寺旁機車地下道", "highway": "unclassified", "oneway": "yes", "maxspeed": "20", "motorcycle": "yes", "nodes": [302211677, 7148346406, 2261344466, 4425215263, 7148346405, 2261344471, 2261344474]}, "geometry": {"type": "LineString", "coordinates": [[120.3265222, 22.7291838], [120.3264266, 22.7293186], [120.3262787, 22.7294996], [120.3261252, 22.72964], [120.3258639, 22.7297962], [120.3256381, 22.7299336], [120.325418, 22.7301172]]}, "id": 676539853}, {"type": "Feature", "properties": {"osm_id": 687492752, "name": "楠海路", "highway": "tertiary", "lanes": "2", "oneway": "yes", "maxspeed": "60", "motorcycle": "no", "nodes": [7391695982, 8512750889, 7391695960, 6444502200, 7391695961, 7391695962, 7390303850, 7391695963, 7390303865, 7390303849, 8515170837, 7391695965]}, "geometry": {"type": "LineString", "coordinates": [[120.2742566, 22.7241849], [120.2738512, 22.7249753], [120.2729876, 22.726693], [120.2727444, 22.7271814], [120.2725216, 22.7276557], [120.2722965, 22.7281899], [120.2721873, 22.7284534], [120.2720757, 22.7286828], [120.2719113, 22.7289576], [120.2717535, 22.7291862], [120.2714175, 22.7296491], [120.2713325, 22.7297661]]}, "id": 687492752}, {"type": "Feature", "properties": {"osm_id": 687492753, "name": "楠海路", "highway": "tertiary", "lanes": "2", "oneway": "yes", "maxspeed": "60", "nodes": [8512801619, 8512801628, 7391695964, 7390303835, 7390303868, 7390303867, 7391695959, 7390303869, 8512750890, 9849594292, 7391695981]}, "geometry": {"type": "LineString", "coordinates": [[120.2713146, 22.7295866], [120.2716234, 22.7291874], [120.2717873, 22.7289565], [120.2719492, 22.7287082], [120.2720618, 22.7284855], [120.27222, 22.7281122], [120.2724064, 22.7276605], [120.2725266, 22.7273842], [120.2737668, 22.7249302], [120.2741212, 22.7242132], [120.2741586, 22.7241345]]}, "id": 687492753}, {"type": "Feature", "properties": {"osm_id": 712542177, "highway": "unclassified", "oneway": "yes", "nodes": [6699350777, 2982340665, 6699353492]}, "geometry": {"type": "LineString", "coordinates": [[120.3281983, 22.7220664], [120.3286024, 22.7222043], [120.328632, 22.7222142]]}, "id": 712542177}, {"type": "Feature", "properties": {"osm_id": 765913728, "name": "高楠路橋-台南", "highway": "primary_link", "lanes": "1", "oneway": "yes", "bridge": "yes", "layer": "1", "motorcycle": "no", "nodes": [1196964999, 1196964680, 1196964962, 2982310595, 2982310596, 1196964708, 1196964985, 1196964650, 1196964578]}, "geometry": {"type": "LineString", "coordinates": [[120.3261643, 22.7227923], [120.3260211, 22.7228201], [120.3245646, 22.7233248], [120.3243527, 22.723399], [120.3241958, 22.7234732], [120.3240537, 22.7235548], [120.3238136, 22.7237119], [120.3236299, 22.7238764], [120.3235079, 22.7239395]]}, "id": 765913728}, {"type": "Feature", "properties": {"osm_id": 765913729, "name": "高楠公路", "highway": "primary", "lanes": "3", "oneway": "yes", "turn_lanes": "left|through|through;right", "nodes": [302211637, 12599118912, 280507606, 9608233857, 12599118924, 2386005114]}, "geometry": {"type": "LineString", "coordinates": [[120.321318, 22.728529], [120.3212583, 22.728738], [120.3211314, 22.729182], [120.3208029, 22.7303172], [120.3207785, 22.7304017], [120.3207214, 22.7305992]]}, "id": 765913729}, {"type": "Feature", "properties": {"osm_id": 772722766, "name": "大學南路", "highway": "tertiary", "nodes": [4119630512, 1401138236, 7243024901, 7243024898, 260132640]}, "geometry": {"type": "LineString", "coordinates": [[120.2958572, 22.7312558], [120.294326, 22.7316562], [120.2926203, 22.7321333], [120.2925643, 22.7321478], [120.2924664, 22.7321763]]}, "id": 772722766}, {"type": "Feature", "properties": {"osm_id": 776417979, "name": "研發路", "highway": "unclassified", "nodes": [2206324416, 2206324421]}, "geometry": {"type": "LineString", "coordinates": [[120.3004977, 22.7125169], [120.2997245, 22.7144546]]}, "id": 776417979}, {"type": "Feature", "properties": {"osm_id": 776417980, "name": "外環西路", "highway": "residential", "oneway": "yes", "nodes": [7244167950, 7244167951, 7244167957, 7244167952, 7244167953, 7244167954, 7244167955, 2206324420, 7244167956]}, "geometry": {"type": "LineString", "coordinates": [[120.3029396, 22.7130324], [120.3028528, 22.712983], [120.3028432, 22.7129814], [120.3027828, 22.7129711], [120.3027174, 22.7129658], [120.3026193, 22.712983], [120.3025605, 22.7130091], [120.3024773, 22.713054], [120.3024086, 22.7131177]]}, "id": 776417980}, {"type": "Feature", "properties": {"osm_id": 777724465, "name": "土庫三路", "highway": "residential", "nodes": [1932046359, 7258094196]}, "geometry": {"type": "LineString", "coordinates": [[120.3231387, 22.7442533], [120.3243611, 22.7430259]]}, "id": 777724465}, {"type": "Feature", "properties": {"osm_id": 780459010, "name": "水管路", "highway": "unclassified", "lanes": "1", "oneway": "yes", "maxspeed": "50", "nodes": [4971940816, 7287812068, 7287812062, 5792509219, 5792509208, 5792509215, 5456271565]}, "geometry": {"type": "LineString", "coordinates": [[120.3270346, 22.7066485], [120.3247479, 22.7067582], [120.3246937, 22.7067608], [120.3246395, 22.7067619], [120.3245571, 22.7067674], [120.3244674, 22.7067719], [120.3243653, 22.7066904]]}, "id": 780459010}, {"type": "Feature", "properties": {"osm_id": 780459011, "name": "仁武橋", "highway": "unclassified", "lanes": "1", "oneway": "yes", "maxspeed": "50", "bridge": "yes", "layer": "1", "nodes": [4971940817, 4971940816]}, "geometry": {"type": "LineString", "coordinates": [[120.3276005, 22.7066287], [120.3270346, 22.7066485]]}, "id": 780459011}, {"type": "Feature", "properties": {"osm_id": 781783341, "name": "世運大道", "highway": "tertiary", "lanes": "3", "oneway": "yes", "maxspeed": "60", "nodes": [256456112, 295692590]}, "geometry": {"type": "LineString", "coordinates": [[120.3026156, 22.7010069], [120.3024334, 22.7010041]]}, "id": 781783341}, {"type": "Feature", "properties": {"osm_id": 784099125, "name": "創新路", "highway": "residential", "lanes": "2", "oneway": "yes", "turn_lanes": "left|left;right", "nodes": [12650180487, 12650180482, 1932046293, 988779595]}, "geometry": {"type": "LineString", "coordinates": [[120.3243585, 22.7404862], [120.3242977, 22.7404302], [120.3232194, 22.7394366], [120.3231514, 22.7393739]]}, "id": 784099125}, {"type": "Feature", "properties": {"osm_id": 784099126, "name": "創新路", "highway": "residential", "lanes": "2", "oneway": "yes", "turn_lanes": "through;left|through;right", "nodes": [1932046306, 12650180486, 12650180490, 12650180504, 1932046323]}, "geometry": {"type": "LineString", "coordinates": [[120.3244346, 22.7404049], [120.3245057, 22.7404704], [120.3256048, 22.741483], [120.3256304, 22.7415066], [120.3257585, 22.7416246]]}, "id": 784099126}, {"type": "Feature", "properties": {"osm_id": 784130564, "name": "創新路", "highway": "residential", "lanes": "2", "oneway": "yes", "nodes": [1932046323, 12650180499, 12650180511, 1932046331, 12650180515, 2264426993, 1932046365, 1932046369, 2264443975, 12469016067, 988779582, 2985504662, 1932046371]}, "geometry": {"type": "LineString", "coordinates": [[120.3257585, 22.7416246], [120.3258519, 22.7417107], [120.3275037, 22.7432324], [120.3276434, 22.7433611], [120.3277465, 22.7434561], [120.328939, 22.7445548], [120.3296403, 22.7452008], [120.33005, 22.7457098], [120.3301761, 22.7459002], [120.3302167, 22.7459701], [120.3302698, 22.7460614], [120.3303268, 22.7461698], [120.3303839, 22.7462824]]}, "id": 784130564}, {"type": "Feature", "properties": {"osm_id": 784130565, "name": "創新路", "highway": "residential", "lanes": "2", "oneway": "yes", "turn_lanes": "through;left|through", "nodes": [1932046325, 12650180503, 1932046314, 1932046308, 12650180484, 12650180487]}, "geometry": {"type": "LineString", "coordinates": [[120.3256778, 22.7417018], [120.3255499, 22.7415839], [120.3250867, 22.7411571], [120.324451, 22.7405714], [120.3244257, 22.7405481], [120.3243585, 22.7404862]]}, "id": 784130565}, {"type": "Feature", "properties": {"osm_id": 790514211, "name": "援中港大橋", "highway": "tertiary", "lanes": "2", "oneway": "yes", "maxspeed": "50", "bridge": "yes", "layer": "1", "nodes": [6444502207, 7390303830, 8512750898, 6444502208, 8523113178]}, "geometry": {"type": "LineString", "coordinates": [[120.2768755, 22.7194398], [120.277622, 22.7184795], [120.27782, 22.7181825], [120.2780058, 22.7178712], [120.2787351, 22.7165462]]}, "id": 790514211}, {"type": "Feature", "properties": {"osm_id": 790514214, "name": "援中港大橋", "highway": "tertiary", "lanes": "2", "oneway": "-1", "maxspeed": "60", "bridge": "yes", "layer": "1", "motorcycle": "no", "nodes": [6444502204, 7390303829, 6444502203, 9849621806, 8523113179]}, "geometry": {"type": "LineString", "coordinates": [[120.276962, 22.7194947], [120.277713, 22.7185294], [120.2779616, 22.7181355], [120.2785321, 22.7171166], [120.2788259, 22.7165918]]}, "id": 790514214}, {"type": "Feature", "properties": {"osm_id": 790514217, "name": "楠海路", "highway": "tertiary", "lanes": "2", "oneway": "yes", "maxspeed": "60", "nodes": [7391695981, 7391735986, 6444502210, 8512750903, 8512750902]}, "geometry": {"type": "LineString", "coordinates": [[120.2741586, 22.7241345], [120.274206, 22.7240433], [120.2748903, 22.7226961], [120.2752783, 22.7219569], [120.2757934, 22.7210702]]}, "id": 790514217}, {"type": "Feature", "properties": {"osm_id": 790514218, "name": "楠海路", "highway": "tertiary", "lanes": "2", "oneway": "yes", "maxspeed": "60", "motorcycle": "no", "nodes": [7390303854, 7390303879, 6444502201, 9849594293, 7391735985, 7391695982]}, "geometry": {"type": "LineString", "coordinates": [[120.2758842, 22.7211209], [120.2750993, 22.722544], [120.2745727, 22.7235712], [120.27436, 22.7239921], [120.2743021, 22.7240984], [120.2742566, 22.7241849]]}, "id": 790514218}, {"type": "Feature", "properties": {"osm_id": 790514219, "name": "援中港大橋", "highway": "unclassified", "lanes": "1", "oneway": "yes", "maxspeed": "40", "bridge": "yes", "layer": "1", "nodes": [9849594313, 9849594312, 9849594311, 9851577225]}, "geometry": {"type": "LineString", "coordinates": [[120.2788795, 22.7166109], [120.2780368, 22.7181484], [120.2777724, 22.7185619], [120.2770212, 22.7195323]]}, "id": 790514219}, {"type": "Feature", "properties": {"osm_id": 790514220, "name": "楠海路", "highway": "tertiary_link", "lanes": "1", "oneway": "yes", "nodes": [7390303879, 7390303878]}, "geometry": {"type": "LineString", "coordinates": [[120.2750993, 22.722544], [120.2745848, 22.7238945]]}, "id": 790514220}, {"type": "Feature", "properties": {"osm_id": 790514222, "name": "楠海路", "highway": "unclassified", "lanes": "2", "oneway": "yes", "maxspeed": "40", "nodes": [1080697389, 2414133729, 2414133732, 8512750897, 8512750896, 1397382524, 8512750886, 8515170840, 7390303866]}, "geometry": {"type": "LineString", "coordinates": [[120.2731899, 22.7266533], [120.272894, 22.7272288], [120.2723978, 22.7283065], [120.2722899, 22.7286005], [120.2721856, 22.7289366], [120.2720582, 22.7292102], [120.2719401, 22.7293993], [120.27159, 22.7298506], [120.2715291, 22.7299257]]}, "id": 790514222}, {"type": "Feature", "properties": {"osm_id": 790668528, "name": "楠海路", "highway": "unclassified", "lanes": "2", "oneway": "yes", "maxspeed": "40", "nodes": [7390303875, 7390303878, 9849594295, 7391695984, 7391695983, 7647993835, 8512750895]}, "geometry": {"type": "LineString", "coordinates": [[120.2757162, 22.7217581], [120.2745848, 22.7238945], [120.2745038, 22.72406], [120.2744469, 22.7241719], [120.2744019, 22.7242597], [120.2740704, 22.7249366], [120.2740114, 22.7250408]]}, "id": 790668528}, {"type": "Feature", "properties": {"osm_id": 792750235, "name": "藍昌路", "highway": "tertiary", "oneway": "yes", "nodes": [7412899835, 12468600335, 12468600341, 260132643, 260132625, 12468600345, 260132651]}, "geometry": {"type": "LineString", "coordinates": [[120.2913248, 22.7238777], [120.2913364, 22.7239677], [120.2913395, 22.724004], [120.2913542, 22.724117], [120.291369, 22.7242167], [120.2913733, 22.7242519], [120.2913756, 22.7242711]]}, "id": 792750235}, {"type": "Feature", "properties": {"osm_id": 792750236, "name": "右昌大橋", "highway": "tertiary", "oneway": "yes", "bridge": "yes", "layer": "1", "nodes": [262841113, 7412899835]}, "geometry": {"type": "LineString", "coordinates": [[120.2913096, 22.7237467], [120.2913248, 22.7238777]]}, "id": 792750236}, {"type": "Feature", "properties": {"osm_id": 792750237, "name": "右昌大橋", "highway": "tertiary", "oneway": "yes", "bridge": "yes", "layer": "1", "nodes": [7412899836, 7412899837]}, "geometry": {"type": "LineString", "coordinates": [[120.2912186, 22.7239245], [120.2911993, 22.7237718]]}, "id": 792750237}, {"type": "Feature", "properties": {"osm_id": 792750238, "name": "藍昌路", "highway": "tertiary", "oneway": "yes", "nodes": [7412899837, 1398634197, 12468600360, 4309157570, 256455750, 7035724872, 4309157636, 343047197, 12468600348, 4309157398, 262841035, 256455746]}, "geometry": {"type": "LineString", "coordinates": [[120.2911993, 22.7237718], [120.2911773, 22.7235966], [120.2911342, 22.7232549], [120.2911272, 22.7231997], [120.2911206, 22.7231471], [120.2911129, 22.7230858], [120.2910899, 22.7229032], [120.2909926, 22.722131], [120.2909609, 22.7218827], [120.2909566, 22.7218503], [120.290939, 22.7217056], [120.2909648, 22.7216039]]}, "id": 792750238}, {"type": "Feature", "properties": {"osm_id": 799032592, "name": "清豐路", "highway": "residential", "lanes": "4", "maxspeed": "50", "nodes": [7472962171, 7472962174, 7472962176, 7472962172, 7472962173, 12469016058, 12469016052, 7472962180]}, "geometry": {"type": "LineString", "coordinates": [[120.331689, 22.7456494], [120.3316303, 22.7455421], [120.3315726, 22.7454365], [120.3314301, 22.7451759], [120.3309241, 22.7442267], [120.3305737, 22.7436131], [120.330497, 22.7434787], [120.3304399, 22.7433787]]}, "id": 799032592}, {"type": "Feature", "properties": {"osm_id": 799032593, "name": "寶溪南街", "highway": "residential", "lanes": "4", "nodes": [2985504661, 2985504662, 12469016066, 7472962175, 7472962174, 988779570]}, "geometry": {"type": "LineString", "coordinates": [[120.3302195, 22.7462211], [120.3303268, 22.7461698], [120.330527, 22.7460714], [120.3315063, 22.7456016], [120.3316303, 22.7455421], [120.3318088, 22.7455946]]}, "id": 799032593}, {"type": "Feature", "properties": {"osm_id": 799115393, "name": "清豐路", "highway": "residential", "oneway": "yes", "nodes": [1932046287, 12556695111, 12556689097, 12556695117, 1196965092]}, "geometry": {"type": "LineString", "coordinates": [[120.3262881, 22.7385157], [120.3261995, 22.7384314], [120.3250396, 22.7373278], [120.3249735, 22.7372648], [120.3249149, 22.7372091]]}, "id": 799115393}, {"type": "Feature", "properties": {"osm_id": 799115394, "name": "土庫二路", "highway": "residential", "lanes_forward": "1", "lanes_backward": "1", "oneway": "no", "nodes": [1932046287, 7472962184]}, "geometry": {"type": "LineString", "coordinates": [[120.3262881, 22.7385157], [120.3263878, 22.7384133]]}, "id": 799115394}, {"type": "Feature", "properties": {"osm_id": 799115395, "name": "清豐路", "highway": "residential", "lanes": "4", "maxspeed": "50", "nodes": [7472962184, 12556695112, 12556695104, 12556689098, 12556695118, 7472962385]}, "geometry": {"type": "LineString", "coordinates": [[120.3263878, 22.7384133], [120.3263055, 22.7383348], [120.3262254, 22.7382584], [120.325152, 22.7372345], [120.3250744, 22.7371605], [120.3250032, 22.7370926]]}, "id": 799115395}, {"type": "Feature", "properties": {"osm_id": 799115396, "name": "土庫二路", "highway": "residential", "lanes_forward": "1", "lanes_backward": "1", "oneway": "no", "nodes": [7472962184, 1932046284, 12556695114, 12556695101, 2264471192, 2264471188, 7304897796, 7304897797, 12650180469, 1932046274, 1932046271, 12650180475, 1932046268, 1932046265, 1932046260, 1932046256, 265591768, 1400036044, 1400036385]}, "geometry": {"type": "LineString", "coordinates": [[120.3263878, 22.7384133], [120.3264811, 22.7383198], [120.3265514, 22.7382503], [120.3265795, 22.7382229], [120.3268299, 22.7379787], [120.3270206, 22.7377744], [120.3270809, 22.7377098], [120.3270913, 22.7376987], [120.3271557, 22.7376297], [120.3272687, 22.7375086], [120.3272795, 22.7374934], [120.3273185, 22.7374153], [120.3273507, 22.737351], [120.3274517, 22.7371264], [120.3275111, 22.73691], [120.3275488, 22.736662], [120.3275539, 22.7366283], [120.3275645, 22.7365312], [120.3275673, 22.7364675]]}, "id": 799115396}, {"type": "Feature", "properties": {"osm_id": 799115397, "name": "楠梓路", "highway": "tertiary", "oneway": "yes", "maxspeed": "60", "nodes": [1196965092, 2264471182, 2264471191, 2264471198, 2264471207, 2264471214, 1932046291, 1932046293]}, "geometry": {"type": "LineString", "coordinates": [[120.3249149, 22.7372091], [120.324583, 22.7376434], [120.3243254, 22.7379821], [120.3240725, 22.7383146], [120.3238293, 22.7386344], [120.3235869, 22.738953], [120.3232867, 22.7393473], [120.3232194, 22.7394366]]}, "id": 799115397}, {"type": "Feature", "properties": {"osm_id": 799115398, "name": "清豐路", "highway": "residential", "oneway": "yes", "nodes": [1196965092, 988779684]}, "geometry": {"type": "LineString", "coordinates": [[120.3249149, 22.7372091], [120.3248298, 22.737135]]}, "id": 799115398}, {"type": "Feature", "properties": {"osm_id": 799123655, "name": "土庫二路", "highway": "residential", "lanes_forward": "1", "lanes_backward": "1", "oneway": "no", "nodes": [1932046306, 12650180485, 12650180489, 3670358258, 2264471236, 3670358260, 2264471231, 3670358255, 2264471223, 7324415915, 2264471217, 3670358254, 2264471209, 12556689100, 12556695109, 1932046287]}, "geometry": {"type": "LineString", "coordinates": [[120.3244346, 22.7404049], [120.324497, 22.7403416], [120.3245369, 22.7403011], [120.3247706, 22.740064], [120.3248334, 22.7400002], [120.3250663, 22.7397626], [120.3251072, 22.7397209], [120.3252938, 22.7395306], [120.3254075, 22.7394146], [120.3255149, 22.739305], [120.3257068, 22.7391093], [120.3259649, 22.738846], [120.3259904, 22.7388199], [120.3262248, 22.7385804], [120.3262528, 22.7385518], [120.3262881, 22.7385157]]}, "id": 799123655}, {"type": "Feature", "properties": {"osm_id": 799123657, "name": "壽民路54巷", "highway": "residential", "oneway": "no", "nodes": [13049704155, 256455775]}, "geometry": {"type": "LineString", "coordinates": [[120.2956348, 22.7224806], [120.2956702, 22.7223994]]}, "id": 799123657}, {"type": "Feature", "properties": {"osm_id": 799551653, "highway": "unclassified", "nodes": [2824213720, 7477787898, 2824213721, 2824213727, 2824213722, 2824213723, 2824213725, 7477787899, 2824213726, 7477787897, 2824213724, 2824213729, 2824213730, 5481843039, 2824213732, 2824213731, 5481843047, 2261344400, 2261344389, 2261344373, 2971587491, 2971587492, 2261344361, 4425362016]}, "geometry": {"type": "LineString", "coordinates": [[120.3145454, 22.7295704], [120.3146224, 22.7294412], [120.314712, 22.7293137], [120.3147937, 22.7292259], [120.3148998, 22.7291376], [120.315031, 22.7290594], [120.3151817, 22.7289863], [120.3153843, 22.7289198], [120.3156425, 22.7288711], [120.3159174, 22.7288243], [120.3162459, 22.728748], [120.3165835, 22.72863], [120.3169574, 22.7284626], [120.3171707, 22.7283463], [120.3173046, 22.7282732], [120.3176763, 22.7280296], [120.31812, 22.7277165], [120.3185475, 22.7273846], [120.3187617, 22.7272105], [120.3189666, 22.7270248], [120.3190657, 22.7269582], [120.3192066, 22.7268623], [120.3194006, 22.7267627], [120.3197694, 22.7266034]]}, "id": 799551653}, {"type": "Feature", "properties": {"osm_id": 799551655, "name": "惠都街", "highway": "residential", "nodes": [7477787896, 7477787918, 7477787919, 7477787903, 7477787904, 7477787905, 7477787906, 7477787907, 5481843043, 7477787908, 7477787909, 7477787910, 7477787911, 7477787912, 7477787913, 7477787914, 7477787915, 7477787916]}, "geometry": {"type": "LineString", "coordinates": [[120.3172834, 22.728465], [120.3172587, 22.7284418], [120.3172308, 22.7284254], [120.3171969, 22.7284235], [120.3171642, 22.728436], [120.3167624, 22.7286268], [120.3163918, 22.7287689], [120.316026, 22.7288754], [120.315726, 22.7289222], [120.3153715, 22.7289775], [120.3151381, 22.7290663], [120.3149263, 22.7291928], [120.3147819, 22.7293215], [120.3146737, 22.7294636], [120.3145568, 22.7296774], [120.3145222, 22.729753], [120.3144881, 22.7298258], [120.3144531, 22.7298998]]}, "id": 799551655}, {"type": "Feature", "properties": {"osm_id": 822587697, "name": "高楠公路", "highway": "primary", "lanes": "2", "oneway": "yes", "maxspeed": "60", "motorcycle": "no", "nodes": [5792509205, 11013532980, 2982394395]}, "geometry": {"type": "LineString", "coordinates": [[120.3258882, 22.7149314], [120.3257512, 22.7157537], [120.3255912, 22.7166354]]}, "id": 822587697}, {"type": "Feature", "properties": {"osm_id": 822587699, "name": "高楠公路", "highway": "primary", "lanes": "2", "oneway": "yes", "maxspeed": "60", "motorcycle": "no", "nodes": [5792509206, 1196964685]}, "geometry": {"type": "LineString", "coordinates": [[120.3258097, 22.7149101], [120.3258356, 22.7146217]]}, "id": 822587699}, {"type": "Feature", "properties": {"osm_id": 826426153, "name": "中山高速公路", "highway": "motorway", "lanes": "2", "oneway": "yes", "maxspeed": "110", "nodes": [7716138139, 493976634]}, "geometry": {"type": "LineString", "coordinates": [[120.3315568, 22.7172444], [120.3323458, 22.7205237]]}, "id": 826426153}, {"type": "Feature", "properties": {"osm_id": 884582693, "highway": "primary_link", "oneway": "yes", "nodes": [1196964902, 313349845, 1196964899, 2973908553, 1196965046, 2973908554, 1196964732, 1196964701, 1196964980, 1196964641, 2385340423, 2982250997, 2385340419, 1196964930, 2982250995, 2982250992, 2982250996, 1196964563, 280507406]}, "geometry": {"type": "LineString", "coordinates": [[120.3238048, 22.7238032], [120.3237048, 22.7238083], [120.3235838, 22.7238195], [120.3235297, 22.7238164], [120.3234717, 22.7238045], [120.3234161, 22.723768], [120.3233659, 22.7237223], [120.3232721, 22.7235757], [120.3230564, 22.7231146], [120.3229584, 22.7229225], [120.3229358, 22.7228737], [120.3229247, 22.722841], [120.3229188, 22.7228094], [120.3229173, 22.7227575], [120.3229165, 22.7227216], [120.322919, 22.7226855], [120.3229222, 22.7226472], [120.3229293, 22.7226087], [120.3230117, 22.7223644]]}, "id": 884582693}, {"type": "Feature", "properties": {"osm_id": 884582694, "highway": "primary_link", "oneway": "yes", "motorcycle": "no", "nodes": [1196964902, 1196964502, 1196964843]}, "geometry": {"type": "LineString", "coordinates": [[120.3238048, 22.7238032], [120.3237867, 22.7238616], [120.3237445, 22.7239649]]}, "id": 884582694}, {"type": "Feature", "properties": {"osm_id": 884583094, "highway": "primary_link", "lanes": "1", "oneway": "yes", "maxspeed": "40", "motorcycle": "yes", "nodes": [265748785, 265748787, 2982250973, 265748788, 2982250974, 265748789, 2982250975, 265748791, 2982250976, 265748792]}, "geometry": {"type": "LineString", "coordinates": [[120.3230889, 22.7217386], [120.3230653, 22.7216327], [120.3230344, 22.7215689], [120.323003, 22.721491], [120.3229912, 22.7214179], [120.3229871, 22.7213451], [120.3229896, 22.7212888], [120.323001, 22.7212354], [120.3230246, 22.7211596], [120.323062, 22.721083]]}, "id": 884583094}, {"type": "Feature", "properties": {"osm_id": 906829530, "name": "後昌新路53巷13弄", "highway": "residential", "nodes": [1398635576, 1398635509]}, "geometry": {"type": "LineString", "coordinates": [[120.2910783, 22.7191316], [120.2912737, 22.7184825]]}, "id": 906829530}, {"type": "Feature", "properties": {"osm_id": 912306400, "highway": "unclassified", "nodes": [1400036109, 4425325508, 1400036263, 8474942709]}, "geometry": {"type": "LineString", "coordinates": [[120.321518, 22.7338934], [120.3216038, 22.7339075], [120.3219708, 22.7341118], [120.3220274, 22.7341422]]}, "id": 912306400}, {"type": "Feature", "properties": {"osm_id": 912306401, "highway": "unclassified", "bridge": "yes", "layer": "1", "nodes": [8474942709, 8474942708]}, "geometry": {"type": "LineString", "coordinates": [[120.3220274, 22.7341422], [120.3223507, 22.7343318]]}, "id": 912306401}, {"type": "Feature", "properties": {"osm_id": 916562642, "name": "典昌街", "highway": "unclassified", "nodes": [1397383132, 9851577265, 7242882775, 262101347]}, "geometry": {"type": "LineString", "coordinates": [[120.2710209, 22.7304393], [120.2710666, 22.730476], [120.2713805, 22.730728], [120.2714504, 22.7307812]]}, "id": 916562642}, {"type": "Feature", "properties": {"osm_id": 916562647, "name": "楠海路", "highway": "unclassified", "lanes": "1", "oneway": "yes", "maxspeed": "40", "motorcycle": "designated", "nodes": [8512801619, 8512801620, 8512801621, 8512801622, 8512801623, 8512801625, 8512801626, 8512801627, 9849594299, 9849621809, 9849594300, 9849594301, 9849594302]}, "geometry": {"type": "LineString", "coordinates": [[120.2713146, 22.7295866], [120.2716908, 22.729004], [120.2718088, 22.7288012], [120.2719537, 22.7285191], [120.2721548, 22.728059], [120.2723721, 22.727537], [120.2727235, 22.7267997], [120.2736944, 22.7248973], [120.2740412, 22.7241726], [120.2740837, 22.7240959], [120.274133, 22.7240037], [120.275184, 22.721924], [120.2757064, 22.7210264]]}, "id": 916562647}, {"type": "Feature", "properties": {"osm_id": 916562648, "name": "楠海路", "highway": "tertiary", "lanes": "3", "oneway": "yes", "nodes": [9851577281, 7391695970, 8515170836, 7390303836, 8512801619]}, "geometry": {"type": "LineString", "coordinates": [[120.2704736, 22.7308222], [120.2706473, 22.7305549], [120.2711899, 22.7297655], [120.2712407, 22.7296915], [120.2713146, 22.7295866]]}, "id": 916562648}, {"type": "Feature", "properties": {"osm_id": 916797954, "name": "楠海路", "highway": "unclassified", "lanes": "1", "oneway": "yes", "maxspeed": "40", "nodes": [7390303866, 8515170834, 8512750887, 8512750888, 7390306188, 7390306189, 1397383132]}, "geometry": {"type": "LineString", "coordinates": [[120.2715291, 22.7299257], [120.2714967, 22.7299658], [120.2714228, 22.7300574], [120.2713433, 22.730157], [120.2712462, 22.730249], [120.2711456, 22.7303351], [120.2710209, 22.7304393]]}, "id": 916797954}, {"type": "Feature", "properties": {"osm_id": 916797955, "name": "楠海路", "highway": "unclassified", "lanes": "2", "oneway": "yes", "maxspeed": "40", "nodes": [8512750895, 1080697389]}, "geometry": {"type": "LineString", "coordinates": [[120.2740114, 22.7250408], [120.2731899, 22.7266533]]}, "id": 916797955}, {"type": "Feature", "properties": {"osm_id": 917675080, "name": "楠海路", "highway": "tertiary", "lanes": "2", "oneway": "yes", "maxspeed": "50", "nodes": [8523113178, 9849594289, 6444502209]}, "geometry": {"type": "LineString", "coordinates": [[120.2787351, 22.7165462], [120.2793707, 22.7153913], [120.2794337, 22.7152769]]}, "id": 917675080}, {"type": "Feature", "properties": {"osm_id": 917675081, "name": "楠海路", "highway": "tertiary", "lanes": "2", "oneway": "-1", "maxspeed": "60", "motorcycle": "no", "nodes": [8523113179, 6444502202]}, "geometry": {"type": "LineString", "coordinates": [[120.2788259, 22.7165918], [120.279522, 22.7153193]]}, "id": 917675081}, {"type": "Feature", "properties": {"osm_id": 922803647, "name": "宏毅二路", "highway": "residential", "nodes": [8566486312, 8566486313, 8566486295, 8566486296, 8566486297, 8566486298, 8566486310, 8566486299, 8566486300, 8566486301, 8566486302, 8566486311, 8566486303, 8566486304, 8566486305, 8566486306, 8566486307, 8566486314, 8566486308, 8566486309, 8566486312]}, "geometry": {"type": "LineString", "coordinates": [[120.3059035, 22.714526], [120.3059466, 22.7144968], [120.3059767, 22.7144561], [120.30599, 22.7144118], [120.3059876, 22.7143658], [120.3059699, 22.7143228], [120.3059385, 22.714287], [120.3058966, 22.7142621], [120.3058465, 22.7142503], [120.3057949, 22.714254], [120.3057474, 22.7142729], [120.305709, 22.7143049], [120.305684, 22.7143467], [120.3056748, 22.7143952], [120.3056837, 22.7144438], [120.3057097, 22.7144868], [120.3057496, 22.7145195], [120.3057814, 22.7145313], [120.3057991, 22.714538], [120.3058524, 22.7145402], [120.3059035, 22.714526]]}, "id": 922803647}, {"type": "Feature", "properties": {"osm_id": 922803648, "name": "宏毅二路", "highway": "residential", "nodes": [8566486303, 2375698056, 265599569, 8566486336, 2375698049, 261608489]}, "geometry": {"type": "LineString", "coordinates": [[120.305684, 22.7143467], [120.3050851, 22.7141253], [120.304523, 22.7138994], [120.303991, 22.7137069], [120.3039111, 22.7136729], [120.3033788, 22.7134775]]}, "id": 922803648}, {"type": "Feature", "properties": {"osm_id": 922803649, "name": "宏毅二路", "highway": "residential", "nodes": [1219300395, 1219300472, 1219300524, 1219300531, 1219300483, 1219300778, 1219300681, 1219300435, 8566486314]}, "geometry": {"type": "LineString", "coordinates": [[120.304607, 22.7172858], [120.3046569, 22.7171699], [120.3048072, 22.7168212], [120.3049632, 22.7164592], [120.3051411, 22.7160249], [120.3053133, 22.7156468], [120.3054623, 22.7153012], [120.3056046, 22.7149709], [120.3057814, 22.7145313]]}, "id": 922803649}, {"type": "Feature", "properties": {"osm_id": 951469021, "name": "旗楠路", "highway": "residential", "oneway": "yes", "nodes": [2264471159, 8806916643]}, "geometry": {"type": "LineString", "coordinates": [[120.3335896, 22.7365874], [120.3332742, 22.7361544]]}, "id": 951469021}, {"type": "Feature", "properties": {"osm_id": 977468130, "highway": "residential", "nodes": [9044636120, 4581621183]}, "geometry": {"type": "LineString", "coordinates": [[120.2751285, 22.7069232], [120.275202, 22.7068581]]}, "id": 977468130}, {"type": "Feature", "properties": {"osm_id": 977468132, "highway": "residential", "nodes": [4424524755, 9044636126]}, "geometry": {"type": "LineString", "coordinates": [[120.2637441, 22.6975944], [120.2655071, 22.6968044]]}, "id": 977468132}, {"type": "Feature", "properties": {"osm_id": 977468178, "highway": "unclassified", "nodes": [9044636260, 13134650970, 9044636273, 9044636276, 12828470052]}, "geometry": {"type": "LineString", "coordinates": [[120.3117314, 22.711871], [120.311656, 22.7118954], [120.3103418, 22.7123203], [120.30864, 22.712845], [120.3085402, 22.7128758]]}, "id": 977468178}, {"type": "Feature", "properties": {"osm_id": 1013857469, "name": "中山高速公路", "highway": "motorway", "lanes": "3", "oneway": "yes", "maxspeed": "110", "nodes": [2388503508, 1451069117]}, "geometry": {"type": "LineString", "coordinates": [[120.3345285, 22.7424704], [120.3344749, 22.7413016]]}, "id": 1013857469}, {"type": "Feature", "properties": {"osm_id": 1013857470, "name": "興西路", "highway": "tertiary", "lanes": "3", "oneway": "yes", "nodes": [280277330, 1451069527, 2264426844, 1451069419, 1451068246]}, "geometry": {"type": "LineString", "coordinates": [[120.3340505, 22.7368619], [120.3340453, 22.7366044], [120.3340264, 22.7353594], [120.334025, 22.7340703], [120.3339398, 22.7315027]]}, "id": 1013857470}, {"type": "Feature", "properties": {"osm_id": 1013857471, "name": "興楠路", "highway": "tertiary", "oneway": "yes", "nodes": [1451068057, 2992144188, 12556231060, 12598724581, 12556630848, 302211489]}, "geometry": {"type": "LineString", "coordinates": [[120.3338851, 22.7304042], [120.333728, 22.7303221], [120.3336537, 22.7302817], [120.3324237, 22.7296137], [120.3323551, 22.7295764], [120.3323045, 22.7295489]]}, "id": 1013857471}, {"type": "Feature", "properties": {"osm_id": 1013857472, "name": "興楠路", "highway": "tertiary", "oneway": "yes", "nodes": [1451068806, 302211488, 1451068057]}, "geometry": {"type": "LineString", "coordinates": [[120.3345581, 22.7307278], [120.3342688, 22.7305984], [120.3338851, 22.7304042]]}, "id": 1013857472}, {"type": "Feature", "properties": {"osm_id": 1013857473, "name": "楠興東路", "highway": "tertiary", "lanes": "2", "oneway": "yes", "nodes": [1451068116, 1451068917, 1451069290, 1451069511, 12557933010]}, "geometry": {"type": "LineString", "coordinates": [[120.3345648, 22.7316322], [120.3346074, 22.7327279], [120.3346767, 22.7345822], [120.3347285, 22.7357159], [120.3347706, 22.7364078]]}, "id": 1013857473}, {"type": "Feature", "properties": {"osm_id": 1013857474, "name": "楠興東路", "highway": "tertiary", "lanes": "3", "oneway": "yes", "nodes": [3669557698, 12556231075, 1451069408]}, "geometry": {"type": "LineString", "coordinates": [[120.3335943, 22.7244239], [120.3336755, 22.7247689], [120.3337061, 22.7248987]]}, "id": 1013857474}, {"type": "Feature", "properties": {"osm_id": 1013857475, "name": "興西路", "highway": "tertiary", "lanes": "2", "oneway": "yes", "nodes": [1451068111, 12556231076, 3669557697]}, "geometry": {"type": "LineString", "coordinates": [[120.333014, 22.7250202], [120.332981, 22.7248888], [120.3329759, 22.7248684]]}, "id": 1013857475}, {"type": "Feature", "properties": {"osm_id": 1013857476, "name": "楠陽路", "highway": "tertiary", "oneway": "yes", "nodes": [1451068111, 1451069408]}, "geometry": {"type": "LineString", "coordinates": [[120.333014, 22.7250202], [120.3337061, 22.7248987]]}, "id": 1013857476}, {"type": "Feature", "properties": {"osm_id": 1016155582, "name": "中山高速公路", "highway": "motorway", "lanes": "3", "oneway": "yes", "maxspeed": "110", "nodes": [2388503510, 493976625]}, "geometry": {"type": "LineString", "coordinates": [[120.3347007, 22.7426864], [120.3347494, 22.7428104]]}, "id": 1016155582}, {"type": "Feature", "properties": {"osm_id": 1016155583, "name": "楠梓交流道", "highway": "motorway_link", "lanes": "2", "oneway": "yes", "nodes": [1451069342, 2388130694, 1451069003, 1451069737]}, "geometry": {"type": "LineString", "coordinates": [[120.3347963, 22.7395735], [120.3347883, 22.7398382], [120.3347972, 22.7402055], [120.3347789, 22.7403718]]}, "id": 1016155583}, {"type": "Feature", "properties": {"osm_id": 1016155584, "name": "楠梓交流道", "highway": "motorway_link", "lanes": "2", "oneway": "yes", "nodes": [1451069737, 4425325586, 4425325791, 1451068550]}, "geometry": {"type": "LineString", "coordinates": [[120.3347789, 22.7403718], [120.3347821, 22.7410777], [120.3347808, 22.7414586], [120.3347629, 22.7423552]]}, "id": 1016155584}, {"type": "Feature", "properties": {"osm_id": 1016155585, "name": "楠梓交流道", "highway": "motorway_link", "lanes": "2", "oneway": "yes", "nodes": [280277329, 1451069342]}, "geometry": {"type": "LineString", "coordinates": [[120.3348447, 22.7377416], [120.3347963, 22.7395735]]}, "id": 1016155585}, {"type": "Feature", "properties": {"osm_id": 1073754744, "name": "援中港大橋", "highway": "unclassified", "lanes": "1", "oneway": "yes", "maxspeed": "40", "bridge": "yes", "layer": "1", "motorcycle": "designated", "nodes": [9851577226, 9849594304, 9849594305, 9849594306, 9849594307]}, "geometry": {"type": "LineString", "coordinates": [[120.2768087, 22.7193973], [120.2775497, 22.7184398], [120.2777483, 22.7181457], [120.2779387, 22.7178254], [120.2786733, 22.7165176]]}, "id": 1073754744}, {"type": "Feature", "properties": {"osm_id": 1073754745, "name": "楠海路", "highway": "unclassified", "lanes": "1", "oneway": "yes", "maxspeed": "40", "nodes": [9851577225, 7390303877, 7390303880]}, "geometry": {"type": "LineString", "coordinates": [[120.2770212, 22.7195323], [120.2765614, 22.7201439], [120.2759624, 22.7211624]]}, "id": 1073754745}, {"type": "Feature", "properties": {"osm_id": 1073754746, "highway": "unclassified", "lanes": "1", "oneway": "yes", "nodes": [291009992, 9849594316, 9851577245, 9851577244, 9851577227]}, "geometry": {"type": "LineString", "coordinates": [[120.2769694, 22.7197756], [120.2766742, 22.7202003], [120.2760713, 22.7211852], [120.2760626, 22.7211993], [120.2760555, 22.7212111]]}, "id": 1073754746}, {"type": "Feature", "properties": {"osm_id": 1073754747, "name": "楠海路", "highway": "unclassified", "lanes": "1", "oneway": "yes", "maxspeed": "40", "motorcycle": "designated", "nodes": [9849594307, 9849594315, 9849594308]}, "geometry": {"type": "LineString", "coordinates": [[120.2786733, 22.7165176], [120.2793183, 22.7153698], [120.2793841, 22.7152531]]}, "id": 1073754747}, {"type": "Feature", "properties": {"osm_id": 1073754748, "name": "楠海路", "highway": "unclassified", "lanes": "1", "oneway": "yes", "maxspeed": "40", "nodes": [9849594309, 9849594313]}, "geometry": {"type": "LineString", "coordinates": [[120.2795863, 22.7153499], [120.2788795, 22.7166109]]}, "id": 1073754748}, {"type": "Feature", "properties": {"osm_id": 1074006894, "name": "楠海路", "highway": "unclassified", "lanes": "1", "oneway": "yes", "maxspeed": "40", "nodes": [7390303880, 7390303875]}, "geometry": {"type": "LineString", "coordinates": [[120.2759624, 22.7211624], [120.2757162, 22.7217581]]}, "id": 1074006894}, {"type": "Feature", "properties": {"osm_id": 1074006895, "name": "楠海路", "highway": "tertiary", "lanes": "2", "oneway": "yes", "maxspeed": "60", "motorcycle": "no", "nodes": [6444502204, 7390303832, 7390303854]}, "geometry": {"type": "LineString", "coordinates": [[120.276962, 22.7194947], [120.2764994, 22.7201176], [120.2758842, 22.7211209]]}, "id": 1074006895}, {"type": "Feature", "properties": {"osm_id": 1074006896, "name": "楠海路", "highway": "tertiary", "lanes": "2", "oneway": "yes", "maxspeed": "60", "nodes": [8512750902, 7390303831, 6444502207]}, "geometry": {"type": "LineString", "coordinates": [[120.2757934, 22.7210702], [120.2764087, 22.7200636], [120.2768755, 22.7194398]]}, "id": 1074006896}, {"type": "Feature", "properties": {"osm_id": 1074006897, "name": "楠海路", "highway": "unclassified", "lanes": "1", "oneway": "yes", "maxspeed": "40", "motorcycle": "designated", "nodes": [9849594302, 9849594303, 9851577226]}, "geometry": {"type": "LineString", "coordinates": [[120.2757064, 22.7210264], [120.276322, 22.7200261], [120.2768087, 22.7193973]]}, "id": 1074006897}, {"type": "Feature", "properties": {"osm_id": 1074006898, "highway": "unclassified", "lanes": "1", "oneway": "yes", "nodes": [9851577227, 7390303875]}, "geometry": {"type": "LineString", "coordinates": [[120.2760555, 22.7212111], [120.2757162, 22.7217581]]}, "id": 1074006898}, {"type": "Feature", "properties": {"osm_id": 1074006921, "name": "楠海路", "highway": "unclassified", "lanes": "1", "oneway": "yes", "maxspeed": "40", "nodes": [1397383132, 7390303882, 7390303848]}, "geometry": {"type": "LineString", "coordinates": [[120.2710209, 22.7304393], [120.2708948, 22.7305447], [120.2706075, 22.7308201]]}, "id": 1074006921}, {"type": "Feature", "properties": {"osm_id": 1074006923, "name": "楠海路", "highway": "tertiary", "lanes": "3", "oneway": "yes", "nodes": [7390303858, 8515170839, 7390303838, 7390303857, 7390303859, 9851577264, 7391695971, 7390303841, 9851577281]}, "geometry": {"type": "LineString", "coordinates": [[120.2704388, 22.7317539], [120.2703825, 22.7316727], [120.2703261, 22.7315526], [120.2702967, 22.7314375], [120.2702938, 22.7312638], [120.2703091, 22.7311717], [120.2703324, 22.7310868], [120.2704035, 22.73093], [120.2704736, 22.7308222]]}, "id": 1074006923}, {"type": "Feature", "properties": {"osm_id": 1168465206, "name": "楠海路", "highway": "tertiary", "lanes": "2", "oneway": "yes", "maxspeed": "40", "motorcycle": "no", "nodes": [7391695965, 7390303848]}, "geometry": {"type": "LineString", "coordinates": [[120.2713325, 22.7297661], [120.2706075, 22.7308201]]}, "id": 1168465206}, {"type": "Feature", "properties": {"osm_id": 1177767411, "name": "楠梓交流道", "highway": "motorway_link", "nodes": [4425325537, 10939595978, 266750977]}, "geometry": {"type": "LineString", "coordinates": [[120.3349063, 22.7373172], [120.3349095, 22.7373586], [120.334998, 22.7376086]]}, "id": 1177767411}, {"type": "Feature", "properties": {"osm_id": 1177767412, "name": "旗楠路524巷", "highway": "residential", "nodes": [4425325537, 266750975]}, "geometry": {"type": "LineString", "coordinates": [[120.3349063, 22.7373172], [120.3348277, 22.7374474]]}, "id": 1177767412}, {"type": "Feature", "properties": {"osm_id": 1177767413, "name": "旗楠路524巷", "highway": "residential", "nodes": [2264426870, 4425325537]}, "geometry": {"type": "LineString", "coordinates": [[120.3349599, 22.7372952], [120.3349063, 22.7373172]]}, "id": 1177767413}, {"type": "Feature", "properties": {"osm_id": 1185647710, "highway": "residential", "nodes": [11013496770, 11013496764, 11013496763, 11013496758, 11013496762, 11013496761, 11013496760, 11013496759, 11013496757]}, "geometry": {"type": "LineString", "coordinates": [[120.3269266, 22.7285909], [120.3270467, 22.7287585], [120.3273122, 22.7291741], [120.3276797, 22.7290861], [120.3276917, 22.7290832], [120.3277279, 22.7290585], [120.3278171, 22.7287968], [120.3276361, 22.7284975], [120.3274598, 22.7281914]]}, "id": 1185647710}, {"type": "Feature", "properties": {"osm_id": 1185647711, "highway": "residential", "oneway": "yes", "nodes": [11013496765, 11013496757, 11013496766, 11013496767, 11013496768, 11013496770, 11013496769, 302211686]}, "geometry": {"type": "LineString", "coordinates": [[120.3279554, 22.7280736], [120.3274598, 22.7281914], [120.3273793, 22.7282105], [120.3272049, 22.7282748], [120.327052, 22.728401], [120.3269266, 22.7285909], [120.3266591, 22.7290108], [120.3265686, 22.7291045]]}, "id": 1185647711}, {"type": "Feature", "properties": {"osm_id": 1287156675, "name": "楠陽路", "highway": "tertiary", "oneway": "yes", "nodes": [257743123, 1196964834]}, "geometry": {"type": "LineString", "coordinates": [[120.3279072, 22.722857], [120.327671, 22.7227366]]}, "id": 1287156675}, {"type": "Feature", "properties": {"osm_id": 1287156676, "name": "楠陽路", "highway": "tertiary", "oneway": "yes", "nodes": [2982310615, 1196964504, 2210767365]}, "geometry": {"type": "LineString", "coordinates": [[120.3271563, 22.7223945], [120.3276928, 22.7226172], [120.3279576, 22.7227316]]}, "id": 1287156676}, {"type": "Feature", "properties": {"osm_id": 1287156677, "name": "朝仁路", "highway": "residential", "lanes": "2", "oneway": "no", "nodes": [257743123, 2210767365]}, "geometry": {"type": "LineString", "coordinates": [[120.3279072, 22.722857], [120.3279576, 22.7227316]]}, "id": 1287156677}, {"type": "Feature", "properties": {"osm_id": 1292563462, "name": "甲昌路隆昌巷", "highway": "residential", "nodes": [11982467398, 11982467393, 3232581887, 11982467394, 11982467395, 11982467396, 1080697183, 11982467397, 3010553465]}, "geometry": {"type": "LineString", "coordinates": [[120.2938361, 22.737235], [120.2934318, 22.7374138], [120.2933765, 22.7372777], [120.2932655, 22.7370725], [120.293008, 22.7367164], [120.2929383, 22.7364542], [120.292724, 22.7360163], [120.2923536, 22.7351137], [120.2927205, 22.734901]]}, "id": 1292563462}, {"type": "Feature", "properties": {"osm_id": 1292563464, "name": "大學五街", "highway": "unclassified", "nodes": [1080696917, 1080697341, 1080696795, 1080697259, 7243024931, 1080697413]}, "geometry": {"type": "LineString", "coordinates": [[120.2918618, 22.7366765], [120.2917587, 22.7365415], [120.2917343, 22.7364139], [120.2917452, 22.7360018], [120.2918037, 22.7344585], [120.2918053, 22.7344038]]}, "id": 1292563464}, {"type": "Feature", "properties": {"osm_id": 1315447393, "name": "鳳楠路108巷34弄", "highway": "residential", "nodes": [2264426747, 2264426746, 2264426745]}, "geometry": {"type": "LineString", "coordinates": [[120.331824, 22.7236419], [120.3324137, 22.7233268], [120.3325912, 22.723297]]}, "id": 1315447393}, {"type": "Feature", "properties": {"osm_id": 1315447395, "name": "常盛街276巷", "highway": "living_street", "nodes": [12175986890, 12175986891]}, "geometry": {"type": "LineString", "coordinates": [[120.3351579, 22.7355683], [120.3352623, 22.7371689]]}, "id": 1315447395}, {"type": "Feature", "properties": {"osm_id": 1323367353, "highway": "unclassified", "nodes": [4581716686, 3368117925]}, "geometry": {"type": "LineString", "coordinates": [[120.2608828, 22.7076886], [120.2626501, 22.7081439]]}, "id": 1323367353}, {"type": "Feature", "properties": {"osm_id": 1343919277, "highway": "unclassified", "nodes": [291010075, 1397382435]}, "geometry": {"type": "LineString", "coordinates": [[120.2573471, 22.7146779], [120.2566098, 22.7175163]]}, "id": 1343919277}, {"type": "Feature", "properties": {"osm_id": 1356812163, "name": "興西路", "highway": "tertiary", "lanes": "4", "oneway": "yes", "nodes": [1451068246, 12598724587, 2992144190, 1451068057]}, "geometry": {"type": "LineString", "coordinates": [[120.3339398, 22.7315027], [120.3339239, 22.7306083], [120.3339232, 22.7305672], [120.3338851, 22.7304042]]}, "id": 1356812163}, {"type": "Feature", "properties": {"osm_id": 1356812164, "name": "興西路", "highway": "tertiary", "lanes": "4", "oneway": "yes", "nodes": [1451068057, 1451069356, 12556231063, 1451069044]}, "geometry": {"type": "LineString", "coordinates": [[120.3338851, 22.7304042], [120.3338607, 22.7302355], [120.3338448, 22.7301204], [120.333685, 22.7289631]]}, "id": 1356812164}, {"type": "Feature", "properties": {"osm_id": 1356812165, "name": "楠興東路", "highway": "tertiary", "lanes": "4", "oneway": "yes", "nodes": [1451068485, 2264426779, 12598724588, 12556231064, 2992144191, 1451069099, 1451068806]}, "geometry": {"type": "LineString", "coordinates": [[120.3344438, 22.729064], [120.3344904, 22.7297366], [120.3345337, 22.7303091], [120.3345376, 22.7303604], [120.3345437, 22.7304411], [120.3345522, 22.7305535], [120.3345581, 22.7307278]]}, "id": 1356812165}, {"type": "Feature", "properties": {"osm_id": 1356812166, "name": "楠興東路", "highway": "tertiary", "lanes": "3", "oneway": "yes", "nodes": [1451068806, 12556231068, 1451068280, 1451068116]}, "geometry": {"type": "LineString", "coordinates": [[120.3345581, 22.7307278], [120.3345637, 22.7308095], [120.3345713, 22.7310398], [120.3345648, 22.7316322]]}, "id": 1356812166}, {"type": "Feature", "properties": {"osm_id": 1356812167, "name": "楠興東路", "highway": "tertiary", "lanes": "3", "oneway": "yes", "nodes": [12557933010, 4425325534, 266750975, 280277329]}, "geometry": {"type": "LineString", "coordinates": [[120.3347706, 22.7364078], [120.3348009, 22.7369057], [120.3348277, 22.7374474], [120.3348447, 22.7377416]]}, "id": 1356812167}, {"type": "Feature", "properties": {"osm_id": 1366777592, "name": "南昌街32巷26弄", "highway": "residential", "nodes": [11622033923, 1398634183]}, "geometry": {"type": "LineString", "coordinates": [[120.2898942, 22.7199164], [120.2896156, 22.7197467]]}, "id": 1366777592}, {"type": "Feature", "properties": {"osm_id": 1366777593, "name": "久昌街582巷", "highway": "residential", "nodes": [1398634247, 10960958182]}, "geometry": {"type": "LineString", "coordinates": [[120.2801634, 22.7171275], [120.2806013, 22.7173295]]}, "id": 1366777593}, {"type": "Feature", "properties": {"osm_id": 1366777622, "name": "大學三十八街207巷", "highway": "residential", "nodes": [12658236901, 12658236904, 12658236902]}, "geometry": {"type": "LineString", "coordinates": [[120.2912063, 22.7331241], [120.2914217, 22.7330951], [120.291767, 22.7330486]]}, "id": 1366777622}, {"type": "Feature", "properties": {"osm_id": 1366777623, "name": "大學三十八街207巷", "highway": "residential", "nodes": [12658236903, 12658236904]}, "geometry": {"type": "LineString", "coordinates": [[120.2914767, 22.7334952], [120.2914217, 22.7330951]]}, "id": 1366777623}, {"type": "Feature", "properties": {"osm_id": 1366777625, "name": "大學十六街323巷", "highway": "residential", "nodes": [2206324455, 2206324456, 2206324457, 2206324458]}, "geometry": {"type": "LineString", "coordinates": [[120.2823581, 22.7268196], [120.2825894, 22.7268711], [120.2827702, 22.7270035], [120.2828371, 22.7270547]]}, "id": 1366777625}, {"type": "Feature", "properties": {"osm_id": 1366777626, "name": "大學三十六街178巷", "highway": "residential", "nodes": [12658236908, 12658236911, 12658236909]}, "geometry": {"type": "LineString", "coordinates": [[120.2762172, 22.7270527], [120.2759954, 22.7269163], [120.2757781, 22.7267827]]}, "id": 1366777626}, {"type": "Feature", "properties": {"osm_id": 1366777627, "name": "大學三十六街178巷", "highway": "residential", "nodes": [12658236910, 12658236911]}, "geometry": {"type": "LineString", "coordinates": [[120.275829, 22.7271548], [120.2759954, 22.7269163]]}, "id": 1366777627}, {"type": "Feature", "properties": {"osm_id": 1378324141, "highway": "unclassified", "nodes": [4315349195, 12762260935]}, "geometry": {"type": "LineString", "coordinates": [[120.2891324, 22.7053883], [120.2888763, 22.7053896]]}, "id": 1378324141}, {"type": "Feature", "properties": {"osm_id": 1381687557, "name": "橋新一路", "highway": "residential", "oneway": "yes", "maxspeed": "50", "nodes": [2913949237, 7214295265, 2915628493, 7214295263, 3006928553, 1096644922, 7214307476, 7214295261, 1096644212]}, "geometry": {"type": "LineString", "coordinates": [[120.3107248, 22.7365601], [120.3100947, 22.736533], [120.3100243, 22.73653], [120.309923, 22.7365251], [120.3096881, 22.7365137], [120.3096473, 22.736509], [120.30826, 22.7362731], [120.3081612, 22.736254], [120.3080695, 22.7362407]]}, "id": 1381687557}, {"type": "Feature", "properties": {"osm_id": 1381687558, "name": "橋新一路", "highway": "residential", "oneway": "yes", "maxspeed": "50", "nodes": [265591734, 1096644754, 4009087599, 4009087146, 4009087143, 265591733, 3006928554, 7214295264, 1096644165, 7214295266, 2913949238]}, "geometry": {"type": "LineString", "coordinates": [[120.307997, 22.7361583], [120.3080747, 22.7361729], [120.3081773, 22.7361848], [120.3090051, 22.7363324], [120.3090473, 22.7363398], [120.309664, 22.7364481], [120.3096995, 22.7364524], [120.3099272, 22.7364596], [120.3100349, 22.736463], [120.3100937, 22.7364657], [120.3107251, 22.7364943]]}, "id": 1381687558}, {"type": "Feature", "properties": {"osm_id": 1385586715, "name": "園區北路", "highway": "unclassified", "nodes": [4309157643, 12828470049, 13134650868, 13134650886, 12828470050, 13134650891, 13134650894, 13134650879, 13430350784, 13430350783, 13987316076]}, "geometry": {"type": "LineString", "coordinates": [[120.3072872, 22.7088818], [120.30795, 22.7091069], [120.308622, 22.7093829], [120.3087957, 22.7094636], [120.3089384, 22.7095654], [120.309019, 22.7096132], [120.3098041, 22.7100774], [120.3099128, 22.7101441], [120.3100294, 22.7102152], [120.3101781, 22.7103086], [120.3125051, 22.7116862]]}, "id": 1385586715}, {"type": "Feature", "properties": {"osm_id": 1385586716, "highway": "unclassified", "nodes": [12828470053, 12828470056, 12828470055, 11622032952, 13134650959, 12828470054, 13134650955, 12828470051]}, "geometry": {"type": "LineString", "coordinates": [[120.3078724, 22.7109346], [120.307992, 22.710911], [120.3081821, 22.710863], [120.3088073, 22.7106742], [120.3092432, 22.7105283], [120.3094028, 22.7104749], [120.3094879, 22.71045], [120.3096901, 22.7103909]]}, "id": 1385586716}, {"type": "Feature", "properties": {"osm_id": 1394491584, "highway": "unclassified", "oneway": "no", "nodes": [256455840, 1400036033]}, "geometry": {"type": "LineString", "coordinates": [[120.3046159, 22.7253721], [120.304607, 22.7254604]]}, "id": 1394491584}, {"type": "Feature", "properties": {"osm_id": 1394491585, "name": "德民路", "highway": "tertiary", "lanes": "2", "oneway": "yes", "maxspeed": "60", "nodes": [2876350352, 1400036232, 12556881660, 256455840]}, "geometry": {"type": "LineString", "coordinates": [[120.3030044, 22.7252607], [120.3044748, 22.7253627], [120.304512, 22.7253653], [120.3046159, 22.7253721]]}, "id": 1394491585}, {"type": "Feature", "properties": {"osm_id": 1409771849, "name": "創新路", "highway": "residential", "oneway": "yes", "nodes": [12954233440, 12954233438]}, "geometry": {"type": "LineString", "coordinates": [[120.3304956, 22.7467556], [120.3304702, 22.7467065]]}, "id": 1409771849}, {"type": "Feature", "properties": {"osm_id": 1409771850, "name": "創新路", "highway": "residential", "oneway": "yes", "nodes": [12954233439, 12954233441]}, "geometry": {"type": "LineString", "coordinates": [[120.3305676, 22.7466589], [120.330591, 22.7467073]]}, "id": 1409771850}, {"type": "Feature", "properties": {"osm_id": 1420142021, "name": "德民路", "highway": "tertiary", "lanes": "2", "oneway": "yes", "maxspeed": "60", "nodes": [256455746, 256455755]}, "geometry": {"type": "LineString", "coordinates": [[120.2909648, 22.7216039], [120.2910705, 22.7216084]]}, "id": 1420142021}, {"type": "Feature", "properties": {"osm_id": 1420142022, "name": "德民路", "highway": "tertiary", "lanes": "2", "oneway": "yes", "maxspeed": "60", "nodes": [13049704155, 2896477628, 2896477629]}, "geometry": {"type": "LineString", "coordinates": [[120.2956348, 22.7224806], [120.2959519, 22.722586], [120.2978481, 22.7232369]]}, "id": 1420142022}, {"type": "Feature", "properties": {"osm_id": 1420142023, "name": "德民路", "highway": "residential", "oneway": "yes", "maxspeed": "60", "nodes": [256455775, 1401138320, 1400036845, 5212312109, 2896476581]}, "geometry": {"type": "LineString", "coordinates": [[120.2956702, 22.7223994], [120.2959856, 22.7225096], [120.2960743, 22.7225405], [120.2978412, 22.7231562], [120.2978818, 22.7231703]]}, "id": 1420142023}, {"type": "Feature", "properties": {"osm_id": 1420142024, "name": "德民路", "highway": "residential", "oneway": "yes", "maxspeed": "60", "nodes": [1400036151, 4425355689, 12556881628, 1400036692, 12556881624, 4425355585, 1400036097, 1400036549, 1400036313, 1400036045, 12944021030, 12556881645, 12944021029]}, "geometry": {"type": "LineString", "coordinates": [[120.3137778, 22.7294525], [120.3132673, 22.7289778], [120.3130427, 22.7287603], [120.3129713, 22.7286912], [120.3128912, 22.728614], [120.3125117, 22.7282478], [120.3119973, 22.7277935], [120.3116675, 22.7275262], [120.3113486, 22.7273125], [120.3109462, 22.7270594], [120.3106012, 22.7268651], [120.3105537, 22.7268383], [120.3103992, 22.7267512]]}, "id": 1420142024}, {"type": "Feature", "properties": {"osm_id": 1420142025, "highway": "unclassified", "oneway": "no", "nodes": [1400036033, 12556881668]}, "geometry": {"type": "LineString", "coordinates": [[120.304607, 22.7254604], [120.3045994, 22.725538]]}, "id": 1420142025}, {"type": "Feature", "properties": {"osm_id": 1420142026, "name": "德民路", "highway": "residential", "oneway": "yes", "maxspeed": "60", "nodes": [12944021029, 12556881639, 1400036851, 2400262790, 1400036353, 1400036256, 1400036799, 1400036400, 1400036686, 1400036091, 4425355582, 12556881652, 12556881671, 12556881667, 12556881668]}, "geometry": {"type": "LineString", "coordinates": [[120.3103992, 22.7267512], [120.3102818, 22.7266966], [120.3101805, 22.7266495], [120.3098773, 22.7264996], [120.3094812, 22.72631], [120.3092395, 22.726205], [120.3089587, 22.7260907], [120.3086979, 22.7260188], [120.3084332, 22.7259541], [120.3080171, 22.7258782], [120.3075994, 22.7258262], [120.3070402, 22.7257724], [120.3048575, 22.7255622], [120.3047502, 22.7255519], [120.3045994, 22.725538]]}, "id": 1420142026}, {"type": "Feature", "properties": {"osm_id": 1420142027, "name": "德民路", "highway": "tertiary", "lanes": "2", "oneway": "yes", "maxspeed": "60", "nodes": [1400036033, 12556881662, 4425355567, 12556881675, 2876350354, 2876350350]}, "geometry": {"type": "LineString", "coordinates": [[120.304607, 22.7254604], [120.3045022, 22.7254507], [120.3037884, 22.7254048], [120.3032235, 22.7253574], [120.3030028, 22.7253389], [120.3029082, 22.7253344]]}, "id": 1420142027}, {"type": "Feature", "properties": {"osm_id": 1420889378, "highway": "tertiary_link", "oneway": "yes", "nodes": [13057548164, 3159197674]}, "geometry": {"type": "LineString", "coordinates": [[120.3198556, 22.7233453], [120.3197915, 22.7234626]]}, "id": 1420889378}, {"type": "Feature", "properties": {"osm_id": 1446333188, "name": "開發路", "highway": "tertiary", "lanes": "2", "oneway": "no", "nodes": [1218537141, 1218537310]}, "geometry": {"type": "LineString", "coordinates": [[120.2994242, 22.7196836], [120.2995023, 22.7197133]]}, "id": 1446333188}, {"type": "Feature", "properties": {"osm_id": 1446333189, "name": "外環西路", "highway": "tertiary", "oneway": "yes", "motorcycle": "no", "nodes": [1218537112, 7244182858, 1400036454]}, "geometry": {"type": "LineString", "coordinates": [[120.2995676, 22.7197379], [120.2995419, 22.7197982], [120.2993161, 22.7203287]]}, "id": 1446333189}, {"type": "Feature", "properties": {"osm_id": 1446333190, "name": "外環西路", "highway": "tertiary", "oneway": "yes", "motorcycle": "no", "nodes": [1400036767, 7244182867, 7244182869, 1218537310]}, "geometry": {"type": "LineString", "coordinates": [[120.2992515, 22.7203052], [120.2994186, 22.7199108], [120.2994765, 22.7197743], [120.2995023, 22.7197133]]}, "id": 1446333190}, {"type": "Feature", "properties": {"osm_id": 1446333191, "name": "開發路", "highway": "tertiary", "lanes": "2", "oneway": "no", "nodes": [1218537310, 1218537112]}, "geometry": {"type": "LineString", "coordinates": [[120.2995023, 22.7197133], [120.2995676, 22.7197379]]}, "id": 1446333191}, {"type": "Feature", "properties": {"osm_id": 1446434012, "name": "清豐路", "highway": "residential", "lanes": "4", "maxspeed": "50", "nodes": [7472962385, 7472962386]}, "geometry": {"type": "LineString", "coordinates": [[120.3250032, 22.7370926], [120.3249137, 22.7370249]]}, "id": 1446434012}, {"type": "Feature", "properties": {"osm_id": 1446434013, "name": "清豐路", "highway": "residential", "lanes": "4", "maxspeed": "50", "nodes": [7472962181, 8198449009, 8198449019, 7473019236, 1932046300, 12556695129, 12556695133]}, "geometry": {"type": "LineString", "coordinates": [[120.3292517, 22.741217], [120.3291513, 22.7410619], [120.3291019, 22.7410051], [120.3286685, 22.7405886], [120.3278648, 22.7398229], [120.3278183, 22.7397786], [120.3277439, 22.7397077]]}, "id": 1446434013}, {"type": "Feature", "properties": {"osm_id": 1446434014, "name": "清豐路", "highway": "residential", "oneway": "yes", "nodes": [12469016040, 12469016042, 2388124359, 12469016059, 12469016051, 2264426949]}, "geometry": {"type": "LineString", "coordinates": [[120.3293271, 22.7411034], [120.3294028, 22.7412371], [120.3296958, 22.7417761], [120.3304609, 22.7431326], [120.3305058, 22.7432138], [120.3305529, 22.743299]]}, "id": 1446434014}, {"type": "Feature", "properties": {"osm_id": 1450825426, "name": "德民路", "highway": "residential", "oneway": "yes", "maxspeed": "60", "nodes": [12556881668, 12556881661, 12556881674, 2876350351]}, "geometry": {"type": "LineString", "coordinates": [[120.3045994, 22.725538], [120.3044931, 22.7255302], [120.3032097, 22.7254454], [120.3029961, 22.7254313]]}, "id": 1450825426}, {"type": "Feature", "properties": {"osm_id": 1450825427, "name": "德惠路", "highway": "tertiary", "oneway": "yes", "nodes": [2876350352, 2876350354, 2876350351]}, "geometry": {"type": "LineString", "coordinates": [[120.3030044, 22.7252607], [120.3030028, 22.7253389], [120.3029961, 22.7254313]]}, "id": 1450825427}, {"type": "Feature", "properties": {"osm_id": 1450825428, "name": "藍田路", "highway": "tertiary", "oneway": "yes", "nodes": [260130548, 4309157701, 7242885242, 4309157495, 260130543, 4309157532, 7242885234, 7242885230, 1080697210, 7242885229, 1080697023, 7242885224, 7242885217, 1080697114]}, "geometry": {"type": "LineString", "coordinates": [[120.2916806, 22.7272916], [120.2915713, 22.7273116], [120.2900818, 22.727524], [120.2900516, 22.7275283], [120.2899209, 22.7275522], [120.2898188, 22.7275709], [120.2888012, 22.7278103], [120.2887617, 22.7278194], [120.2886487, 22.7278462], [120.2885471, 22.7278701], [120.2877975, 22.7280466], [120.2873803, 22.7281173], [120.2873399, 22.7281242], [120.2872019, 22.7281476]]}, "id": 1450825428}, {"type": "Feature", "properties": {"osm_id": 1450825429, "name": "藍昌路", "highway": "tertiary", "oneway": "yes", "nodes": [256254915, 12468600344, 4079445229, 256245342]}, "geometry": {"type": "LineString", "coordinates": [[120.2912621, 22.7242597], [120.2912595, 22.7242427], [120.2912544, 22.7242086], [120.2912435, 22.7241226]]}, "id": 1450825429}, {"type": "Feature", "properties": {"osm_id": 1450825430, "name": "藍昌路", "highway": "tertiary", "oneway": "yes", "nodes": [258784609, 4309157680, 13305979122]}, "geometry": {"type": "LineString", "coordinates": [[120.2916651, 22.7272035], [120.2916441, 22.7270305], [120.2915634, 22.7264939]]}, "id": 1450825430}, {"type": "Feature", "properties": {"osm_id": 1454602392, "name": "新經一路", "highway": "unclassified", "oneway": "no", "nodes": [1218537263, 1218537209, 1218537244]}, "geometry": {"type": "LineString", "coordinates": [[120.308768, 22.7246486], [120.3090049, 22.7240925], [120.3092992, 22.7233933]]}, "id": 1454602392}, {"type": "Feature", "properties": {"osm_id": 1454602393, "name": "開發路", "highway": "tertiary", "lanes": "2", "oneway": "no", "nodes": [1218537103, 1218537236]}, "geometry": {"type": "LineString", "coordinates": [[120.3057319, 22.7220692], [120.306876, 22.7224967]]}, "id": 1454602393}, {"type": "Feature", "properties": {"osm_id": 1454602394, "name": "經二路", "highway": "unclassified", "oneway": "no", "nodes": [1218537222, 4407954341, 1218537289, 1218537098]}, "geometry": {"type": "LineString", "coordinates": [[120.3056722, 22.7252782], [120.3058862, 22.7247637], [120.3060826, 22.7243139], [120.3061762, 22.7240995]]}, "id": 1454602394}, {"type": "Feature", "properties": {"osm_id": 1454602395, "name": "經二路", "highway": "unclassified", "oneway": "no", "nodes": [1218537236, 1218537348, 1218537119]}, "geometry": {"type": "LineString", "coordinates": [[120.306876, 22.7224967], [120.3071761, 22.7218093], [120.3074211, 22.7212481]]}, "id": 1454602395}, {"type": "Feature", "properties": {"osm_id": 1454602396, "name": "中一街", "highway": "unclassified", "oneway": "no", "nodes": [1218537198, 1218537290]}, "geometry": {"type": "LineString", "coordinates": [[120.3064418, 22.7204583], [120.3075725, 22.7209011]]}, "id": 1454602396}, {"type": "Feature", "properties": {"osm_id": 1454602397, "name": "經三路", "highway": "unclassified", "oneway": "no", "nodes": [1218537198, 1218537186]}, "geometry": {"type": "LineString", "coordinates": [[120.3064418, 22.7204583], [120.3071224, 22.7189141]]}, "id": 1454602397}, {"type": "Feature", "properties": {"osm_id": 1454602398, "name": "經三路", "highway": "unclassified", "oneway": "no", "nodes": [1218537103, 1218537198]}, "geometry": {"type": "LineString", "coordinates": [[120.3057319, 22.7220692], [120.3064418, 22.7204583]]}, "id": 1454602398}, {"type": "Feature", "properties": {"osm_id": 1454602399, "name": "開發路", "highway": "tertiary", "lanes": "2", "oneway": "no", "nodes": [289125976, 1218537103]}, "geometry": {"type": "LineString", "coordinates": [[120.3047939, 22.7217211], [120.3057319, 22.7220692]]}, "id": 1454602399}, {"type": "Feature", "properties": {"osm_id": 1454602400, "name": "經五路", "highway": "unclassified", "oneway": "no", "nodes": [2432032117, 1218537132, 1218537140, 1218537144, 1218537287, 1218537097]}, "geometry": {"type": "LineString", "coordinates": [[120.3022098, 22.7207381], [120.302514, 22.7200362], [120.3027504, 22.7194906], [120.3029077, 22.7191278], [120.3029684, 22.7189877], [120.3030692, 22.7187551]]}, "id": 1454602400}, {"type": "Feature", "properties": {"osm_id": 1454602401, "name": "開發路", "highway": "tertiary", "lanes": "2", "oneway": "no", "nodes": [2432032117, 1218537109, 289125905]}, "geometry": {"type": "LineString", "coordinates": [[120.3022098, 22.7207381], [120.3033557, 22.721172], [120.3042941, 22.7215273]]}, "id": 1454602401}, {"type": "Feature", "properties": {"osm_id": 1454602402, "name": "經六路", "highway": "unclassified", "oneway": "no", "nodes": [1218537338, 1218537180, 1218537320, 1218537155, 1218537202]}, "geometry": {"type": "LineString", "coordinates": [[120.3010065, 22.7202825], [120.3013171, 22.7195767], [120.3015561, 22.7190337], [120.3017737, 22.7185392], [120.3018738, 22.7183117]]}, "id": 1454602402}, {"type": "Feature", "properties": {"osm_id": 1454602403, "name": "開發路", "highway": "tertiary", "lanes": "2", "oneway": "no", "nodes": [1218537338, 2432032117]}, "geometry": {"type": "LineString", "coordinates": [[120.3010065, 22.7202825], [120.3022098, 22.7207381]]}, "id": 1454602403}, {"type": "Feature", "properties": {"osm_id": 1454602404, "name": "內環北路", "highway": "unclassified", "oneway": "no", "nodes": [2876350355, 289125679, 289125716, 289125745, 289125765, 1218537284]}, "geometry": {"type": "LineString", "coordinates": [[120.3030151, 22.7250537], [120.3025915, 22.7250188], [120.3017827, 22.7249514], [120.301545, 22.7249119], [120.3013443, 22.724832], [120.3006136, 22.724421]]}, "id": 1454602404}, {"type": "Feature", "properties": {"osm_id": 1454602405, "name": "內環北路", "highway": "unclassified", "oneway": "no", "nodes": [1218537171, 289125846]}, "geometry": {"type": "LineString", "coordinates": [[120.2994596, 22.7237972], [120.2983557, 22.7231828]]}, "id": 1454602405}, {"type": "Feature", "properties": {"osm_id": 1454602406, "name": "外環西路", "highway": "residential", "oneway": "yes", "nodes": [2206324417, 7244167949, 7244167969, 7244167961, 3010545860]}, "geometry": {"type": "LineString", "coordinates": [[120.3023099, 22.7131322], [120.3022946, 22.7130419], [120.3025686, 22.7124258], [120.3026287, 22.7122931], [120.3026786, 22.7121831]]}, "id": 1454602406}, {"type": "Feature", "properties": {"osm_id": 1454602407, "name": "外環西路", "highway": "tertiary", "oneway": "yes", "motorcycle": "no", "nodes": [2206324417, 7244167968, 7244167960, 3010545859, 1631504648]}, "geometry": {"type": "LineString", "coordinates": [[120.3023099, 22.7131322], [120.3026266, 22.7124459], [120.3026597, 22.7123758], [120.3027064, 22.7122832], [120.3027675, 22.7121493]]}, "id": 1454602407}, {"type": "Feature", "properties": {"osm_id": 1454602408, "name": "外環西路", "highway": "tertiary", "oneway": "yes", "motorcycle": "no", "nodes": [1400036464, 7244182804]}, "geometry": {"type": "LineString", "coordinates": [[120.3009893, 22.7163091], [120.3010405, 22.7161603]]}, "id": 1454602408}, {"type": "Feature", "properties": {"osm_id": 1454602409, "name": "外環西路", "highway": "tertiary", "oneway": "yes", "motorcycle": "no", "nodes": [7244182800, 262092582, 260269192]}, "geometry": {"type": "LineString", "coordinates": [[120.3011277, 22.7162011], [120.3010553, 22.716336], [120.3010067, 22.7164492]]}, "id": 1454602409}, {"type": "Feature", "properties": {"osm_id": 1454602410, "name": "外環西路", "highway": "tertiary", "oneway": "yes", "motorcycle": "no", "nodes": [2206324425, 7244167978, 7244182812, 7244182800]}, "geometry": {"type": "LineString", "coordinates": [[120.3016076, 22.7150929], [120.3015577, 22.7152091], [120.301154, 22.7161429], [120.3011277, 22.7162011]]}, "id": 1454602410}, {"type": "Feature", "properties": {"osm_id": 1454602411, "name": "中央路", "highway": "tertiary", "oneway": "yes", "nodes": [289126120, 289125952, 1218537255, 289125965, 1218537328, 1218537173, 1218537249, 289125976]}, "geometry": {"type": "LineString", "coordinates": [[120.3046467, 22.7214041], [120.3046918, 22.7214269], [120.304741, 22.7214664], [120.3047745, 22.721509], [120.3048023, 22.7215717], [120.3048101, 22.7216159], [120.3048071, 22.7216759], [120.3047939, 22.7217211]]}, "id": 1454602411}, {"type": "Feature", "properties": {"osm_id": 1454602412, "name": "中央路", "highway": "tertiary", "oneway": "yes", "nodes": [289125905, 289126179, 289125914, 289126191, 289125926, 289125946, 289126120]}, "geometry": {"type": "LineString", "coordinates": [[120.3042941, 22.7215273], [120.3043327, 22.7214721], [120.3043795, 22.721432], [120.3044355, 22.7214029], [120.3044906, 22.7213879], [120.3045737, 22.7213858], [120.3046467, 22.7214041]]}, "id": 1454602412}, {"type": "Feature", "properties": {"osm_id": 1454602413, "name": "經二路", "highway": "unclassified", "oneway": "no", "nodes": [1218537119, 1218537290]}, "geometry": {"type": "LineString", "coordinates": [[120.3074211, 22.7212481], [120.3075725, 22.7209011]]}, "id": 1454602413}, {"type": "Feature", "properties": {"osm_id": 1454602414, "name": "經一路", "highway": "unclassified", "oneway": "no", "nodes": [1218537317, 1218537210, 1218537358, 1218537123]}, "geometry": {"type": "LineString", "coordinates": [[120.308625, 22.7216842], [120.3089429, 22.7209628], [120.3091897, 22.7203959], [120.3094537, 22.7197893]]}, "id": 1454602414}, {"type": "Feature", "properties": {"osm_id": 1454602415, "name": "東三街", "highway": "unclassified", "oneway": "no", "nodes": [1218537119, 1218537317]}, "geometry": {"type": "LineString", "coordinates": [[120.3074211, 22.7212481], [120.308625, 22.7216842]]}, "id": 1454602415}, {"type": "Feature", "properties": {"osm_id": 1454602416, "name": "經一路", "highway": "unclassified", "oneway": "no", "nodes": [1218537100, 1218537264, 1218537344]}, "geometry": {"type": "LineString", "coordinates": [[120.3070157, 22.7253874], [120.3072938, 22.7247514], [120.307539, 22.724191]]}, "id": 1454602416}, {"type": "Feature", "properties": {"osm_id": 1454602417, "name": "東六街", "highway": "unclassified", "oneway": "no", "nodes": [1218537143, 1218537344]}, "geometry": {"type": "LineString", "coordinates": [[120.3063362, 22.723733], [120.307539, 22.724191]]}, "id": 1454602417}, {"type": "Feature", "properties": {"osm_id": 1454602418, "name": "中一街", "highway": "unclassified", "oneway": "no", "nodes": [1218537129, 1218537198]}, "geometry": {"type": "LineString", "coordinates": [[120.3052505, 22.7200099], [120.3064418, 22.7204583]]}, "id": 1454602418}, {"type": "Feature", "properties": {"osm_id": 1454602419, "name": "中央路", "highway": "tertiary", "lanes": "2", "oneway": "no", "nodes": [261697061, 1218537129]}, "geometry": {"type": "LineString", "coordinates": [[120.3054293, 22.7195972], [120.3052505, 22.7200099]]}, "id": 1454602419}, {"type": "Feature", "properties": {"osm_id": 1454602420, "name": "經二路", "highway": "unclassified", "oneway": "no", "nodes": [1218537143, 1218537169, 1218537236]}, "geometry": {"type": "LineString", "coordinates": [[120.3063362, 22.723733], [120.3065718, 22.7231935], [120.306876, 22.7224967]]}, "id": 1454602420}, {"type": "Feature", "properties": {"osm_id": 1454602421, "name": "經二路", "highway": "unclassified", "oneway": "no", "nodes": [1218537098, 1218537143]}, "geometry": {"type": "LineString", "coordinates": [[120.3061762, 22.7240995], [120.3063362, 22.723733]]}, "id": 1454602421}, {"type": "Feature", "properties": {"osm_id": 1454602422, "name": "中央路", "highway": "tertiary", "lanes": "2", "oneway": "no", "nodes": [289126110, 1218537111, 2432032115]}, "geometry": {"type": "LineString", "coordinates": [[120.3044277, 22.7218621], [120.3042362, 22.7223039], [120.3038363, 22.7232327]]}, "id": 1454602422}, {"type": "Feature", "properties": {"osm_id": 1454602423, "name": "中央路", "highway": "tertiary", "lanes": "2", "oneway": "no", "nodes": [1218537354, 12556881678, 2876350355, 1400036065]}, "geometry": {"type": "LineString", "coordinates": [[120.3033525, 22.7243349], [120.303083, 22.7249111], [120.3030151, 22.7250537], [120.3029822, 22.725175]]}, "id": 1454602423}, {"type": "Feature", "properties": {"osm_id": 1454602424, "name": "經五路", "highway": "unclassified", "oneway": "no", "nodes": [1218537284, 1218537271]}, "geometry": {"type": "LineString", "coordinates": [[120.3006136, 22.724421], [120.3010279, 22.7234644]]}, "id": 1454602424}, {"type": "Feature", "properties": {"osm_id": 1454602425, "name": "西二街", "highway": "unclassified", "oneway": "no", "nodes": [1218537202, 1218537291]}, "geometry": {"type": "LineString", "coordinates": [[120.3018738, 22.7183117], [120.3006821, 22.7178681]]}, "id": 1454602425}, {"type": "Feature", "properties": {"osm_id": 1454602426, "name": "經六路", "highway": "unclassified", "oneway": "no", "nodes": [1218537202, 1218537343, 1218537102]}, "geometry": {"type": "LineString", "coordinates": [[120.3018738, 22.7183117], [120.3021244, 22.7177423], [120.3023874, 22.7171448]]}, "id": 1454602426}, {"type": "Feature", "properties": {"osm_id": 1454602427, "name": "經五路", "highway": "unclassified", "oneway": "no", "nodes": [1218537097, 1218537128, 1218537189, 1218537136, 7374641403, 1218537327, 1218537224]}, "geometry": {"type": "LineString", "coordinates": [[120.3030692, 22.7187551], [120.3033208, 22.7181746], [120.3035732, 22.7175923], [120.3035979, 22.7175352], [120.3036118, 22.7175031], [120.3036363, 22.7174466], [120.3036863, 22.7173311]]}, "id": 1454602427}, {"type": "Feature", "properties": {"osm_id": 1456608387, "name": "鳳楠路", "highway": "secondary", "oneway": "yes", "nodes": [12598724578, 12598724579]}, "geometry": {"type": "LineString", "coordinates": [[120.3292538, 22.7267824], [120.3292474, 22.726852]]}, "id": 1456608387}, {"type": "Feature", "properties": {"osm_id": 1456608388, "name": "建楠路", "highway": "tertiary", "oneway": "yes", "nodes": [12598724579, 302211366]}, "geometry": {"type": "LineString", "coordinates": [[120.3292474, 22.726852], [120.3291279, 22.7268523]]}, "id": 1456608388}, {"type": "Feature", "properties": {"osm_id": 1456803798, "name": "高楠公路", "highway": "primary", "lanes": "2", "oneway": "yes", "maxspeed": "60", "motorcycle": "no", "nodes": [5792509220, 259978332, 7287812042, 4999390309, 4999390307, 8276922660, 8276922647, 2397952294, 8276922653, 273103085, 7287812071, 5792509210, 5792509211]}, "geometry": {"type": "LineString", "coordinates": [[120.32347, 22.7012814], [120.3234858, 22.7013628], [120.3235167, 22.7015175], [120.3236935, 22.7023677], [120.3238159, 22.7029527], [120.3239512, 22.703708], [120.3239557, 22.7037332], [120.3239767, 22.7038503], [120.3239999, 22.7039686], [120.3244651, 22.7063288], [120.3244747, 22.7063685], [120.3245021, 22.7065011], [120.3245191, 22.7065833]]}, "id": 1456803798}, {"type": "Feature", "properties": {"osm_id": 1456803799, "name": "水管路", "highway": "tertiary", "lanes": "2", "oneway": "yes", "maxspeed": "50", "nodes": [5456271564, 5792509212, 5792509211]}, "geometry": {"type": "LineString", "coordinates": [[120.3243445, 22.7065869], [120.3244304, 22.7065858], [120.3245191, 22.7065833]]}, "id": 1456803799}, {"type": "Feature", "properties": {"osm_id": 1456803800, "name": "高楠公路", "highway": "primary", "lanes": "2", "oneway": "yes", "maxspeed": "60", "nodes": [5792509213, 5792509212, 5792509209, 7287812077, 8276922657, 8276922652, 295683210, 8276922646, 7287812052, 7287812041, 260138289, 5792509221]}, "geometry": {"type": "LineString", "coordinates": [[120.3244501, 22.7066851], [120.3244304, 22.7065858], [120.3244128, 22.7064977], [120.32439, 22.706383], [120.3239217, 22.7040381], [120.3239046, 22.7039828], [120.3238805, 22.7038643], [120.3238551, 22.7037483], [120.3234494, 22.7015637], [120.3234409, 22.7015229], [120.323409, 22.7013689], [120.3233927, 22.7012904]]}, "id": 1456803800}, {"type": "Feature", "properties": {"osm_id": 1456803801, "name": "水管路", "highway": "tertiary", "lanes": "2", "oneway": "yes", "maxspeed": "50", "nodes": [5792509213, 5456271565]}, "geometry": {"type": "LineString", "coordinates": [[120.3244501, 22.7066851], [120.3243653, 22.7066904]]}, "id": 1456803801}, {"type": "Feature", "properties": {"osm_id": 1464405420, "name": "大學十七街", "highway": "residential", "nodes": [1080697168, 1080696891, 7242885187, 7242885190, 12658236905, 343046338, 1080697136, 7242885205, 4309157628, 1080696758, 343046787]}, "geometry": {"type": "LineString", "coordinates": [[120.2808299, 22.731518], [120.2808779, 22.7314403], [120.2809148, 22.7313803], [120.2809343, 22.7313486], [120.2811502, 22.7309973], [120.2817928, 22.7299338], [120.2823769, 22.7289838], [120.2827614, 22.7283867], [120.282781, 22.7283544], [120.282852, 22.7282553], [120.2829152, 22.7281555]]}, "id": 1464405420}, {"type": "Feature", "properties": {"osm_id": 1464405421, "name": "藍田路", "highway": "tertiary", "oneway": "yes", "nodes": [343046787, 4309157411, 259481982, 259481983, 4309157403, 1080696923, 1080697223, 259481984, 7242730708, 4309157449, 262840695]}, "geometry": {"type": "LineString", "coordinates": [[120.2829152, 22.7281555], [120.2829969, 22.7281773], [120.2833543, 22.7282745], [120.2836035, 22.7283159], [120.2837704, 22.7283356], [120.2840059, 22.728335], [120.28407, 22.7283333], [120.2841316, 22.7283317], [120.2843508, 22.7283166], [120.2844317, 22.728313], [120.2845003, 22.7283066]]}, "id": 1464405421}, {"type": "Feature", "properties": {"osm_id": 1464405422, "name": "藍田路", "highway": "tertiary", "oneway": "yes", "nodes": [343046730, 7242885212, 4309157698, 259481981, 4309157512, 7242885210, 4309151572, 343046787]}, "geometry": {"type": "LineString", "coordinates": [[120.2820058, 22.7278005], [120.2821274, 22.7278552], [120.2823666, 22.7279597], [120.282457, 22.7280018], [120.2825371, 22.7280301], [120.2827822, 22.7281165], [120.282823, 22.7281309], [120.2829152, 22.7281555]]}, "id": 1464405422}, {"type": "Feature", "properties": {"osm_id": 1464405423, "name": "大學南路", "highway": "tertiary", "oneway": "yes", "maxspeed": "50", "nodes": [1080697168, 7242885186, 7242730786, 7242730781, 1080697145]}, "geometry": {"type": "LineString", "coordinates": [[120.2808299, 22.731518], [120.2807514, 22.7314684], [120.2793339, 22.7305724], [120.2793177, 22.7305621], [120.2792589, 22.730525]]}, "id": 1464405423}, {"type": "Feature", "properties": {"osm_id": 1464614119, "name": "楠梓路", "highway": "tertiary", "lanes": "2", "oneway": "yes", "nodes": [1400036034, 1196964860, 12556689095, 1196964946, 7472962385]}, "geometry": {"type": "LineString", "coordinates": [[120.3257492, 22.7360948], [120.3255632, 22.7363434], [120.3251214, 22.7369359], [120.3250792, 22.7369936], [120.3250032, 22.7370926]]}, "id": 1464614119}, {"type": "Feature", "properties": {"osm_id": 1464614120, "name": "土庫一路", "highway": "unclassified", "oneway": "yes", "nodes": [1400036292, 1400036034]}, "geometry": {"type": "LineString", "coordinates": [[120.3256499, 22.7360576], [120.3257492, 22.7360948]]}, "id": 1464614120}, {"type": "Feature", "properties": {"osm_id": 1464614121, "name": "土庫一路", "highway": "unclassified", "oneway": "yes", "nodes": [1400036034, 4425325520, 1400036563, 1400036051, 1400036429, 4425325525, 1400036230]}, "geometry": {"type": "LineString", "coordinates": [[120.3257492, 22.7360948], [120.3259738, 22.7361432], [120.3262447, 22.7361828], [120.3267449, 22.7362632], [120.3271553, 22.7363015], [120.3274771, 22.7363139], [120.3275685, 22.7363905]]}, "id": 1464614121}, {"type": "Feature", "properties": {"osm_id": 1464614122, "name": "土庫二路", "highway": "residential", "lanes_forward": "1", "lanes_backward": "1", "oneway": "no", "nodes": [1400036385, 1400036230]}, "geometry": {"type": "LineString", "coordinates": [[120.3275673, 22.7364675], [120.3275685, 22.7363905]]}, "id": 1464614122}, {"type": "Feature", "properties": {"osm_id": 1464614123, "name": "土庫一路", "highway": "tertiary", "oneway": "yes", "motorcycle": "no", "nodes": [1400036385, 12954233415, 12954233404, 1400036078]}, "geometry": {"type": "LineString", "coordinates": [[120.3275673, 22.7364675], [120.3276832, 22.73645], [120.3296675, 22.7361507], [120.3297858, 22.7361328]]}, "id": 1464614123}, {"type": "Feature", "properties": {"osm_id": 1464614124, "name": "清豐二路", "highway": "residential", "nodes": [1932046248, 4404352049, 12954233403, 1400036830, 1400036078]}, "geometry": {"type": "LineString", "coordinates": [[120.3291822, 22.7345977], [120.3295599, 22.7355602], [120.3297121, 22.7359298], [120.3297632, 22.7360537], [120.3297858, 22.7361328]]}, "id": 1464614124}, {"type": "Feature", "properties": {"osm_id": 1464614125, "name": "清豐二路", "highway": "residential", "nodes": [265591753, 12954233407, 3670358272, 7199226286, 7199226290, 1932046262]}, "geometry": {"type": "LineString", "coordinates": [[120.3298223, 22.7362606], [120.3298446, 22.7362807], [120.3300743, 22.7364875], [120.3303529, 22.7367385], [120.3305361, 22.7369035], [120.3306382, 22.7369954]]}, "id": 1464614125}, {"type": "Feature", "properties": {"osm_id": 1464614126, "name": "清豐二路", "highway": "residential", "nodes": [1932046262, 12650180419, 1932046277]}, "geometry": {"type": "LineString", "coordinates": [[120.3306382, 22.7369954], [120.3312338, 22.7375552], [120.3313822, 22.7376947]]}, "id": 1464614126}, {"type": "Feature", "properties": {"osm_id": 1464614127, "name": "土庫路", "highway": "residential", "lanes": "4", "nodes": [1932046277, 12650180420, 2264471177, 12650180424, 988779697]}, "geometry": {"type": "LineString", "coordinates": [[120.3313822, 22.7376947], [120.3314396, 22.7375914], [120.3315906, 22.7373199], [120.3317841, 22.7369652], [120.3318466, 22.7368507]]}, "id": 1464614127}, {"type": "Feature", "properties": {"osm_id": 1464614128, "name": "土庫三路", "highway": "residential", "lanes_forward": "1", "lanes_backward": "1", "oneway": "no", "nodes": [12556695133, 12556695134, 12556695130, 12556695137, 2264471220, 3670358286, 12650180457, 2264471210, 12650180460, 3670358270, 3670358267, 2264471186, 3670358278, 3670358276, 2264471179, 1932046262]}, "geometry": {"type": "LineString", "coordinates": [[120.3277439, 22.7397077], [120.3278371, 22.73962], [120.3278815, 22.7395773], [120.3279279, 22.7395327], [120.328241, 22.7392319], [120.328421, 22.7390551], [120.3285758, 22.7389163], [120.3286694, 22.7388323], [120.3287916, 22.7387183], [120.3291694, 22.7383658], [120.3295107, 22.7380474], [120.3298083, 22.7377697], [120.3298777, 22.7377049], [120.3301135, 22.737485], [120.3301512, 22.7374498], [120.3306382, 22.7369954]]}, "id": 1464614128}, {"type": "Feature", "properties": {"osm_id": 1464614129, "name": "清豐路", "highway": "residential", "lanes": "4", "maxspeed": "50", "nodes": [12556695133, 12556695126, 12556695136, 12556695102, 12556695138, 7472962184]}, "geometry": {"type": "LineString", "coordinates": [[120.3277439, 22.7397077], [120.327675, 22.739642], [120.327626, 22.7395952], [120.3265279, 22.738547], [120.3264621, 22.7384842], [120.3263878, 22.7384133]]}, "id": 1464614129}, {"type": "Feature", "properties": {"osm_id": 1464614130, "name": "土庫六路", "highway": "residential", "lanes": "2", "nodes": [7472962180, 2264426949]}, "geometry": {"type": "LineString", "coordinates": [[120.3304399, 22.7433787], [120.3305529, 22.743299]]}, "id": 1464614130}, {"type": "Feature", "properties": {"osm_id": 1464614131, "name": "清豐路", "highway": "residential", "lanes": "4", "maxspeed": "50", "nodes": [7472962180, 12469016049, 12469016057, 2264471279, 8198449015, 8198449011, 7472962181]}, "geometry": {"type": "LineString", "coordinates": [[120.3304399, 22.7433787], [120.330385, 22.743279], [120.3303361, 22.7431902], [120.3295882, 22.7418324], [120.3294393, 22.7415619], [120.3293335, 22.7413699], [120.3292517, 22.741217]]}, "id": 1464614131}, {"type": "Feature", "properties": {"osm_id": 1464614132, "name": "土庫一路", "highway": "unclassified", "oneway": "yes", "nodes": [12954233418, 12650180444, 12954233411, 265591753]}, "geometry": {"type": "LineString", "coordinates": [[120.3314581, 22.7358913], [120.3312425, 22.73594], [120.3300028, 22.7362199], [120.3298223, 22.7362606]]}, "id": 1464614132}, {"type": "Feature", "properties": {"osm_id": 1464614133, "name": "清豐二路", "highway": "residential", "nodes": [1400036078, 1400036850, 265591753]}, "geometry": {"type": "LineString", "coordinates": [[120.3297858, 22.7361328], [120.3298048, 22.7361993], [120.3298223, 22.7362606]]}, "id": 1464614133}, {"type": "Feature", "properties": {"osm_id": 1464614134, "name": "朝新路", "highway": "residential", "oneway": "yes", "nodes": [1196964726, 1196964542]}, "geometry": {"type": "LineString", "coordinates": [[120.3272499, 22.722615], [120.3272313, 22.7225488]]}, "id": 1464614134}, {"type": "Feature", "properties": {"osm_id": 1475290871, "highway": "unclassified", "nodes": [13534440914, 13534440915]}, "geometry": {"type": "LineString", "coordinates": [[120.2644505, 22.72411], [120.2643023, 22.7242591]]}, "id": 1475290871}, {"type": "Feature", "properties": {"osm_id": 1495039672, "name": "朝新路", "highway": "residential", "oneway": "yes", "nodes": [257742666, 2385248741, 1196964726]}, "geometry": {"type": "LineString", "coordinates": [[120.3272676, 22.7226906], [120.327261, 22.7226528], [120.3272499, 22.722615]]}, "id": 1495039672}, {"type": "Feature", "properties": {"osm_id": 1495039673, "name": "楠陽路", "highway": "tertiary", "oneway": "yes", "nodes": [1196964542, 1196964789]}, "geometry": {"type": "LineString", "coordinates": [[120.3272313, 22.7225488], [120.3270933, 22.7224898]]}, "id": 1495039673}, {"type": "Feature", "properties": {"osm_id": 1495039675, "name": "朝新路", "highway": "residential", "oneway": "yes", "nodes": [257742651, 257742665]}, "geometry": {"type": "LineString", "coordinates": [[120.3269561, 22.7232928], [120.3271146, 22.7231307]]}, "id": 1495039675}]}