{"type":"FeatureCollection","name":"nanzih_osm_buildings_with_display_heights","metadata":{"area":"楠梓區, 高雄市, 台灣","generated_at":"2026-07-24T13:53:14.939Z","source":"OpenStreetMap via Overpass API","query_endpoint":"https://overpass-api.de/api/interpreter","license":"Open Database License (ODbL) 1.0. Required attribution: © OpenStreetMap contributors.","height_policy":"Use OSM height where present; otherwise building:levels × 3.2m (+ roof:levels × 2m); otherwise building-type default for MapLibre visualisation only. Default values are not measured heights.","feature_count":1154,"height_source_counts":{"osm_levels_derived":197,"building_type_default":956,"osm_height":1}},"features":[{"type":"Feature","id":"way/93228824","properties":{"osm_id":93228824,"osm_type":"way","building":"university","name":"綜合大樓","addr_housenumber":null,"addr_street":null,"raw_height":null,"building_levels":"4","raw_min_height":null,"roof_levels":null,"height_m":12.8,"min_height_m":0,"height_source":"osm_levels_derived","default_height_rule":null,"confidence":"medium"},"geometry":{"type":"Polygon","coordinates":[[[120.2775821,22.7309376],[120.2777272,22.7307759],[120.2777792,22.7306772],[120.2778211,22.7305431],[120.2777453,22.7305124],[120.2777623,22.730489],[120.2776995,22.7304508],[120.2774134,22.7308506],[120.2774295,22.7308604],[120.2773916,22.7309134],[120.2774147,22.7309274],[120.2774084,22.7309361],[120.277374,22.7309152],[120.2767827,22.7317416],[120.2768354,22.7317737],[120.2767704,22.7318646],[120.276859,22.7319185],[120.2769292,22.7318204],[120.2769944,22.7318601],[120.2772179,22.7315476],[120.2771673,22.7315168],[120.2772362,22.7314206],[120.2772638,22.731382],[120.2773088,22.7314094],[120.2775734,22.7310396],[120.2775462,22.7310231],[120.2775814,22.7309739],[120.2775997,22.7309483],[120.2775821,22.7309376]]]}},{"type":"Feature","id":"way/105823225","properties":{"osm_id":105823225,"osm_type":"way","building":"public","name":"莊敬堂","addr_housenumber":null,"addr_street":null,"raw_height":null,"building_levels":null,"raw_min_height":null,"roof_levels":null,"height_m":15,"min_height_m":0,"height_source":"building_type_default","default_height_rule":"public","confidence":"low"},"geometry":{"type":"Polygon","coordinates":[[[120.3065164,22.7197527],[120.3065771,22.7197247],[120.3066262,22.7196816],[120.3066472,22.7196235],[120.3066542,22.7195588],[120.3066448,22.7194964],[120.3066285,22.7194447],[120.3066075,22.7193909],[120.3065795,22.7193392],[120.3065538,22.7192875],[120.3064744,22.7193004],[120.3064113,22.719309],[120.3063384,22.7193245],[120.306271,22.7193491],[120.3062152,22.7193758],[120.3061592,22.7194275],[120.3061311,22.7194878],[120.3061451,22.7195749],[120.3061778,22.7196213],[120.3062409,22.7196838],[120.3063179,22.7197548],[120.3065164,22.7197527]]]}},{"type":"Feature","id":"way/105823266","properties":{"osm_id":105823266,"osm_type":"way","building":"yes","name":"兆豐國際商業銀行","addr_housenumber":null,"addr_street":null,"raw_height":null,"building_levels":null,"raw_min_height":null,"roof_levels":null,"height_m":9,"min_height_m":0,"height_source":"building_type_default","default_height_rule":"yes","confidence":"low"},"geometry":{"type":"Polygon","coordinates":[[[120.3047964,22.7185956],[120.3050176,22.7186761],[120.3051533,22.7183587],[120.3049321,22.7182782],[120.3047964,22.7185956]]]}},{"type":"Feature","id":"way/105823273","properties":{"osm_id":105823273,"osm_type":"way","building":"yes","name":"兆豐國際商業銀行","addr_housenumber":"600之1;600之2","addr_street":"加昌路","raw_height":null,"building_levels":null,"raw_min_height":null,"roof_levels":null,"height_m":9,"min_height_m":0,"height_source":"building_type_default","default_height_rule":"yes","confidence":"low"},"geometry":{"type":"Polygon","coordinates":[[[120.3064023,22.719174],[120.3066263,22.7192571],[120.3067496,22.7189742],[120.3065257,22.7188911],[120.3064023,22.719174]]]}},{"type":"Feature","id":"way/111991257","properties":{"osm_id":111991257,"osm_type":"way","building":"train_station","name":"油廠國小","addr_housenumber":null,"addr_street":null,"raw_height":null,"building_levels":null,"raw_min_height":null,"roof_levels":null,"height_m":9,"min_height_m":0,"height_source":"building_type_default","default_height_rule":"train_station","confidence":"low"},"geometry":{"type":"Polygon","coordinates":[[[120.3020957,22.7088509],[120.3020956,22.7084675],[120.3021169,22.7083607],[120.3021196,22.7081764],[120.3021584,22.7081739],[120.3021574,22.7083249],[120.3022576,22.7082723],[120.3022557,22.7081951],[120.3023805,22.708198],[120.30238,22.7082813],[120.3024616,22.708326],[120.3024589,22.7081529],[120.3024991,22.7081504],[120.3024977,22.7083447],[120.3025366,22.7084634],[120.3025252,22.7088504],[120.3024685,22.7088507],[120.3024629,22.7091872],[120.3023839,22.709492],[120.3022359,22.7094927],[120.3021557,22.7091831],[120.3021598,22.7088544],[120.3020957,22.7088509]]]}},{"type":"Feature","id":"way/111991260","properties":{"osm_id":111991260,"osm_type":"way","building":"train_station","name":"世運","addr_housenumber":null,"addr_street":null,"raw_height":null,"building_levels":null,"raw_min_height":null,"roof_levels":null,"height_m":9,"min_height_m":0,"height_source":"building_type_default","default_height_rule":"train_station","confidence":"low"},"geometry":{"type":"Polygon","coordinates":[[[120.3026101,22.7024219],[120.3026819,22.7022292],[120.3026976,22.7019732],[120.3027298,22.7017815],[120.3027338,22.7011975],[120.3026909,22.7011975],[120.3026801,22.7014091],[120.3025919,22.7012965],[120.3025052,22.7011624],[120.302415,22.7012962],[120.3023314,22.7014536],[120.3023314,22.7011987],[120.3022945,22.7012008],[120.3022952,22.7017641],[120.30231,22.7019695],[120.3023066,22.702218],[120.3023566,22.7024053],[120.3024094,22.7025372],[120.3024784,22.7026388],[120.3026101,22.7024219]]]}},{"type":"Feature","id":"way/112463291","properties":{"osm_id":112463291,"osm_type":"way","building":"train_station","name":"都會公園","addr_housenumber":null,"addr_street":null,"raw_height":null,"building_levels":null,"raw_min_height":null,"roof_levels":null,"height_m":9,"min_height_m":0,"height_source":"building_type_default","default_height_rule":"train_station","confidence":"low"},"geometry":{"type":"Polygon","coordinates":[[[120.3206031,22.730176],[120.3207287,22.7297538],[120.3206961,22.7297456],[120.320612,22.730028],[120.3205684,22.7300169],[120.320672,22.7296689],[120.3207377,22.7296855],[120.3209372,22.7290151],[120.3208499,22.728993],[120.3209251,22.7287401],[120.320983,22.7287548],[120.3209238,22.7289536],[120.3209545,22.7289614],[120.3209812,22.7288718],[120.3212607,22.7289425],[120.3212347,22.7290298],[120.321295,22.7290451],[120.3213546,22.7288449],[120.3214161,22.7288605],[120.3213386,22.7291208],[120.3212157,22.7290897],[120.3210163,22.7297597],[120.3211439,22.729792],[120.3210395,22.7301429],[120.3209806,22.730128],[120.3210659,22.7298414],[120.3210084,22.7298269],[120.3208834,22.730247],[120.3206031,22.730176]]]}},{"type":"Feature","id":"way/112463292","properties":{"osm_id":112463292,"osm_type":"way","building":"transportation","name":null,"addr_housenumber":null,"addr_street":null,"raw_height":null,"building_levels":null,"raw_min_height":null,"roof_levels":null,"height_m":9,"min_height_m":0,"height_source":"building_type_default","default_height_rule":"transportation","confidence":"low"},"geometry":{"type":"Polygon","coordinates":[[[120.3156973,22.722222],[120.3158007,22.7220088],[120.3166304,22.7223512],[120.3166507,22.7223093],[120.31706,22.7224783],[120.317049,22.7225008],[120.3167112,22.7223614],[120.3166998,22.722385],[120.3170354,22.7225235],[120.3169351,22.7227303],[120.3166288,22.7226039],[120.316618,22.722626],[120.3169225,22.7227516],[120.3169088,22.72278],[120.3165169,22.7226183],[120.3165395,22.7225716],[120.3164295,22.7225262],[120.3164048,22.7225772],[120.3161144,22.7224574],[120.3161245,22.7224367],[120.3163748,22.72254],[120.3163904,22.722508],[120.3156973,22.722222]]]}},{"type":"Feature","id":"way/112463293","properties":{"osm_id":112463293,"osm_type":"way","building":"train_station","name":"楠梓科技園區","addr_housenumber":null,"addr_street":null,"raw_height":null,"building_levels":null,"raw_min_height":null,"roof_levels":null,"height_m":9,"min_height_m":0,"height_source":"building_type_default","default_height_rule":"train_station","confidence":"low"},"geometry":{"type":"Polygon","coordinates":[[[120.3064426,22.718545],[120.3065332,22.7183372],[120.3066809,22.7183919],[120.306685,22.7183825],[120.3065395,22.7183285],[120.3065477,22.7183096],[120.3072506,22.7185703],[120.3072429,22.7185879],[120.3070001,22.7184979],[120.3069805,22.7185427],[120.3075826,22.718766],[120.3076123,22.7186977],[120.3078806,22.7187973],[120.3078685,22.7188252],[120.3076941,22.7187605],[120.3076883,22.7187737],[120.3080127,22.718894],[120.307931,22.7190814],[120.3077673,22.7190207],[120.3077628,22.7190311],[120.307927,22.719092],[120.3079165,22.7191161],[120.3077262,22.7190455],[120.3077392,22.7190157],[120.307576,22.7189552],[120.3075708,22.7189671],[120.3077088,22.7190183],[120.3077007,22.7190369],[120.3074973,22.7189614],[120.3075114,22.718929],[120.3069206,22.7187098],[120.3069085,22.7187376],[120.3067815,22.7186905],[120.3067294,22.7188099],[120.3063116,22.7186549],[120.3063383,22.7185938],[120.3066383,22.7187051],[120.3066711,22.7186298],[120.3064426,22.718545]]]}},{"type":"Feature","id":"way/126080816","properties":{"osm_id":126080816,"osm_type":"way","building":"yes","name":"右昌美食廣場","addr_housenumber":null,"addr_street":null,"raw_height":null,"building_levels":null,"raw_min_height":null,"roof_levels":null,"height_m":9,"min_height_m":0,"height_source":"building_type_default","default_height_rule":"yes","confidence":"low"},"geometry":{"type":"Polygon","coordinates":[[[120.2897061,22.7102503],[120.2898515,22.710161],[120.2900045,22.7103504],[120.2902057,22.7102353],[120.2899453,22.709909],[120.2898324,22.7100267],[120.2896298,22.7101581],[120.2897061,22.7102503]]]}},{"type":"Feature","id":"way/126080828","properties":{"osm_id":126080828,"osm_type":"way","building":"retail","name":"小北百貨軍校店","addr_housenumber":null,"addr_street":null,"raw_height":null,"building_levels":null,"raw_min_height":null,"roof_levels":null,"height_m":12,"min_height_m":0,"height_source":"building_type_default","default_height_rule":"retail","confidence":"low"},"geometry":{"type":"Polygon","coordinates":[[[120.2930642,22.7102662],[120.2933519,22.7105721],[120.2934695,22.710478],[120.2931818,22.7101721],[120.2930642,22.7102662]]]}},{"type":"Feature","id":"way/126080875","properties":{"osm_id":126080875,"osm_type":"way","building":"yes","name":"德民黃昏市場","addr_housenumber":null,"addr_street":null,"raw_height":null,"building_levels":null,"raw_min_height":null,"roof_levels":null,"height_m":9,"min_height_m":0,"height_source":"building_type_default","default_height_rule":"yes","confidence":"low"},"geometry":{"type":"Polygon","coordinates":[[[120.2884825,22.7198429],[120.2892317,22.7202333],[120.2894767,22.7198538],[120.2890924,22.719656],[120.2891511,22.7195815],[120.2888154,22.7193801],[120.2884825,22.7198429]]]}},{"type":"Feature","id":"way/126080887","properties":{"osm_id":126080887,"osm_type":"way","building":"yes","name":"尚美保齡球館","addr_housenumber":null,"addr_street":null,"raw_height":null,"building_levels":null,"raw_min_height":null,"roof_levels":null,"height_m":9,"min_height_m":0,"height_source":"building_type_default","default_height_rule":"yes","confidence":"low"},"geometry":{"type":"Polygon","coordinates":[[[120.290788,22.711706],[120.2911611,22.712263],[120.2915188,22.7120927],[120.2911611,22.7115357],[120.290788,22.711706]]]}},{"type":"Feature","id":"way/126080904","properties":{"osm_id":126080904,"osm_type":"way","building":"temple","name":"右昌元帥府","addr_housenumber":null,"addr_street":null,"raw_height":null,"building_levels":null,"raw_min_height":null,"roof_levels":null,"height_m":14,"min_height_m":0,"height_source":"building_type_default","default_height_rule":"temple","confidence":"low"},"geometry":{"type":"Polygon","coordinates":[[[120.2889638,22.7111997],[120.2891443,22.7110198],[120.2889056,22.7106771],[120.2886757,22.7108206],[120.2889638,22.7111997]]]}},{"type":"Feature","id":"way/126080949","properties":{"osm_id":126080949,"osm_type":"way","building":"yes","name":"中國國民黨高雄市楠梓區黨部","addr_housenumber":null,"addr_street":null,"raw_height":null,"building_levels":"3","raw_min_height":null,"roof_levels":null,"height_m":9.6,"min_height_m":0,"height_source":"osm_levels_derived","default_height_rule":null,"confidence":"medium"},"geometry":{"type":"Polygon","coordinates":[[[120.2902334,22.7154793],[120.2904613,22.7154503],[120.2904371,22.7152889],[120.2902092,22.715318],[120.2902334,22.7154793]]]}},{"type":"Feature","id":"way/126081005","properties":{"osm_id":126081005,"osm_type":"way","building":"hospital","name":"右昌聯合醫院","addr_housenumber":"930","addr_street":"軍校路","raw_height":null,"building_levels":"13","raw_min_height":null,"roof_levels":null,"height_m":41.6,"min_height_m":0,"height_source":"osm_levels_derived","default_height_rule":null,"confidence":"medium"},"geometry":{"type":"Polygon","coordinates":[[[120.2907803,22.7134995],[120.2909156,22.7137085],[120.2911129,22.7135966],[120.2910737,22.713552],[120.2911006,22.7135134],[120.2910964,22.7134685],[120.2910659,22.7134309],[120.2910133,22.7134178],[120.2909415,22.7134278],[120.2907803,22.7134995]]]}},{"type":"Feature","id":"way/126081067","properties":{"osm_id":126081067,"osm_type":"way","building":"yes","name":"金絲貝汽車旅館","addr_housenumber":null,"addr_street":null,"raw_height":null,"building_levels":null,"raw_min_height":null,"roof_levels":null,"height_m":9,"min_height_m":0,"height_source":"building_type_default","default_height_rule":"yes","confidence":"low"},"geometry":{"type":"Polygon","coordinates":[[[120.2840084,22.7166359],[120.2843806,22.7169223],[120.2847042,22.7165864],[120.2842886,22.7162934],[120.2840084,22.7166359]]]}},{"type":"Feature","id":"way/126247835","properties":{"osm_id":126247835,"osm_type":"way","building":"yes","name":"楠梓分局","addr_housenumber":null,"addr_street":null,"raw_height":null,"building_levels":null,"raw_min_height":null,"roof_levels":null,"height_m":9,"min_height_m":0,"height_source":"building_type_default","default_height_rule":"yes","confidence":"low"},"geometry":{"type":"Polygon","coordinates":[[[120.299506,22.718086],[120.2997312,22.7181746],[120.2997409,22.7181538],[120.2998315,22.7181894],[120.2998917,22.7180592],[120.2998018,22.7180238],[120.2998349,22.7179523],[120.29992,22.7179858],[120.2999733,22.7178706],[120.2998957,22.7178401],[120.299907,22.7178156],[120.2996537,22.7177158],[120.2996447,22.7177352],[120.2995737,22.7177072],[120.2995112,22.7178421],[120.2996049,22.717879],[120.2995651,22.717965],[120.299466,22.717926],[120.2994482,22.7179643],[120.2995447,22.7180024],[120.299506,22.718086]]]}},{"type":"Feature","id":"way/189158655","properties":{"osm_id":189158655,"osm_type":"way","building":"retail","name":"家樂福","addr_housenumber":"288","addr_street":"藍田路","raw_height":null,"building_levels":"5","raw_min_height":null,"roof_levels":null,"height_m":16,"min_height_m":0,"height_source":"osm_levels_derived","default_height_rule":null,"confidence":"medium"},"geometry":{"type":"Polygon","coordinates":[[[120.2901607,22.7277132],[120.2902563,22.7282742],[120.2909611,22.7281677],[120.2909751,22.7282749],[120.2912698,22.7282441],[120.2912176,22.7276389],[120.2911073,22.7276416],[120.2910967,22.7275825],[120.2901607,22.7277132]]]}},{"type":"Feature","id":"way/189158984","properties":{"osm_id":189158984,"osm_type":"way","building":"school","name":"國光館","addr_housenumber":null,"addr_street":null,"raw_height":null,"building_levels":null,"raw_min_height":null,"roof_levels":null,"height_m":15,"min_height_m":0,"height_source":"building_type_default","default_height_rule":"school","confidence":"low"},"geometry":{"type":"Polygon","coordinates":[[[120.3049812,22.7085885],[120.3052539,22.7085886],[120.3052539,22.7083221],[120.3049812,22.7083221],[120.3049812,22.7085885]]]}},{"type":"Feature","id":"way/197024770","properties":{"osm_id":197024770,"osm_type":"way","building":"dormitory","name":"職務宿舍","addr_housenumber":null,"addr_street":null,"raw_height":null,"building_levels":null,"raw_min_height":null,"roof_levels":null,"height_m":10,"min_height_m":0,"height_source":"building_type_default","default_height_rule":"dormitory","confidence":"low"},"geometry":{"type":"Polygon","coordinates":[[[120.2780269,22.7350819],[120.2780778,22.735233],[120.2780247,22.7352485],[120.2780677,22.7353736],[120.2787406,22.7351767],[120.2786958,22.7350463],[120.2781865,22.7351951],[120.2781373,22.7350518],[120.278658,22.7348997],[120.2786162,22.7347779],[120.2779331,22.7349773],[120.2779727,22.7350927],[120.2780269,22.7350819]]]}},{"type":"Feature","id":"way/197024774","properties":{"osm_id":197024774,"osm_type":"way","building":"university","name":"理學院","addr_housenumber":null,"addr_street":null,"raw_height":null,"building_levels":"6","raw_min_height":null,"roof_levels":null,"height_m":19.2,"min_height_m":0,"height_source":"osm_levels_derived","default_height_rule":null,"confidence":"medium"},"geometry":{"type":"Polygon","coordinates":[[[120.2857763,22.7360521],[120.2864125,22.7358675],[120.2861526,22.7357494],[120.2859478,22.7357839],[120.2858621,22.7355004],[120.2860861,22.7354257],[120.2863863,22.7355422],[120.2864626,22.7354125],[120.2862052,22.735296],[120.2861911,22.7352443],[120.2856312,22.7354105],[120.2856127,22.7353953],[120.285586,22.7353875],[120.2855494,22.7353919],[120.2855235,22.7354137],[120.2855137,22.7354385],[120.2855154,22.7354702],[120.2855262,22.7354896],[120.285545,22.7355028],[120.285572,22.7355097],[120.2856002,22.7355079],[120.2857763,22.7360521]]]}},{"type":"Feature","id":"way/197024791","properties":{"osm_id":197024791,"osm_type":"way","building":"university","name":"運動健康休閒大樓","addr_housenumber":null,"addr_street":null,"raw_height":null,"building_levels":"3","raw_min_height":null,"roof_levels":null,"height_m":9.6,"min_height_m":0,"height_source":"osm_levels_derived","default_height_rule":null,"confidence":"medium"},"geometry":{"type":"Polygon","coordinates":[[[120.2780009,22.7341354],[120.2780399,22.7342522],[120.2777173,22.7343438],[120.2778347,22.7346955],[120.2781591,22.7346034],[120.2782171,22.7347772],[120.2785609,22.7346797],[120.2783468,22.7340373],[120.2780009,22.7341354]]]}},{"type":"Feature","id":"way/197024794","properties":{"osm_id":197024794,"osm_type":"way","building":"dormitory","name":"學生宿舍1(男宿)","addr_housenumber":null,"addr_street":null,"raw_height":null,"building_levels":"6","raw_min_height":null,"roof_levels":null,"height_m":19.2,"min_height_m":0,"height_source":"osm_levels_derived","default_height_rule":null,"confidence":"medium"},"geometry":{"type":"Polygon","coordinates":[[[120.278177,22.7359333],[120.2789062,22.7357292],[120.2788484,22.7355536],[120.2781192,22.7357578],[120.278177,22.7359333]]]}},{"type":"Feature","id":"way/197024804","properties":{"osm_id":197024804,"osm_type":"way","building":"university","name":"行政大樓","addr_housenumber":null,"addr_street":null,"raw_height":null,"building_levels":"6","raw_min_height":null,"roof_levels":null,"height_m":19.2,"min_height_m":0,"height_source":"osm_levels_derived","default_height_rule":null,"confidence":"medium"},"geometry":{"type":"Polygon","coordinates":[[[120.2837914,22.7345239],[120.2840868,22.7345323],[120.2840897,22.7344456],[120.2842002,22.7344488],[120.284205,22.734303],[120.28415,22.7343015],[120.2841567,22.7340994],[120.284123,22.7340985],[120.2841244,22.7340553],[120.2838073,22.7340463],[120.2838009,22.7342389],[120.2837966,22.7343661],[120.2837914,22.7345239]]]}},{"type":"Feature","id":"way/197024815","properties":{"osm_id":197024815,"osm_type":"way","building":"university","name":null,"addr_housenumber":null,"addr_street":null,"raw_height":null,"building_levels":null,"raw_min_height":null,"roof_levels":null,"height_m":15,"min_height_m":0,"height_source":"building_type_default","default_height_rule":"university","confidence":"low"},"geometry":{"type":"Polygon","coordinates":[[[120.2801234,22.7347526],[120.2805144,22.7360136],[120.2808153,22.7359342],[120.2804241,22.7346733],[120.2801234,22.7347526]]]}},{"type":"Feature","id":"way/197024816","properties":{"osm_id":197024816,"osm_type":"way","building":"dormitory","name":"學生宿舍1(女宿)","addr_housenumber":null,"addr_street":null,"raw_height":null,"building_levels":"6","raw_min_height":null,"roof_levels":null,"height_m":19.2,"min_height_m":0,"height_source":"osm_levels_derived","default_height_rule":null,"confidence":"medium"},"geometry":{"type":"Polygon","coordinates":[[[120.2781675,22.7356345],[120.2787741,22.7354595],[120.2787184,22.7352951],[120.2781118,22.7354702],[120.2781675,22.7356345]]]}},{"type":"Feature","id":"way/197825544","properties":{"osm_id":197825544,"osm_type":"way","building":"university","name":"高大風雨球場","addr_housenumber":null,"addr_street":null,"raw_height":null,"building_levels":null,"raw_min_height":null,"roof_levels":null,"height_m":15,"min_height_m":0,"height_source":"building_type_default","default_height_rule":"university","confidence":"low"},"geometry":{"type":"Polygon","coordinates":[[[120.2793246,22.7313955],[120.2798844,22.7317609],[120.2801236,22.7314492],[120.2795637,22.7310838],[120.2793246,22.7313955]]]}},{"type":"Feature","id":"way/197825561","properties":{"osm_id":197825561,"osm_type":"way","building":"yes","name":null,"addr_housenumber":null,"addr_street":null,"raw_height":null,"building_levels":null,"raw_min_height":null,"roof_levels":null,"height_m":9,"min_height_m":0,"height_source":"building_type_default","default_height_rule":"yes","confidence":"low"},"geometry":{"type":"Polygon","coordinates":[[[120.2831993,22.736018],[120.2832367,22.7361244],[120.2835504,22.736033],[120.283513,22.7359265],[120.2831993,22.736018]]]}},{"type":"Feature","id":"way/197825571","properties":{"osm_id":197825571,"osm_type":"way","building":"yes","name":null,"addr_housenumber":null,"addr_street":null,"raw_height":null,"building_levels":null,"raw_min_height":null,"roof_levels":null,"height_m":9,"min_height_m":0,"height_source":"building_type_default","default_height_rule":"yes","confidence":"low"},"geometry":{"type":"Polygon","coordinates":[[[120.2769375,22.7346324],[120.2770493,22.7346066],[120.2769578,22.7342997],[120.276841,22.7343255],[120.2769375,22.7346324]]]}},{"type":"Feature","id":"way/197825592","properties":{"osm_id":197825592,"osm_type":"way","building":"yes","name":null,"addr_housenumber":null,"addr_street":null,"raw_height":null,"building_levels":null,"raw_min_height":null,"roof_levels":null,"height_m":9,"min_height_m":0,"height_source":"building_type_default","default_height_rule":"yes","confidence":"low"},"geometry":{"type":"Polygon","coordinates":[[[120.2767013,22.7340772],[120.2768181,22.7340514],[120.2767343,22.7337258],[120.2765997,22.7337539],[120.2767013,22.7340772]]]}},{"type":"Feature","id":"way/197825596","properties":{"osm_id":197825596,"osm_type":"way","building":"university","name":"工學院","addr_housenumber":null,"addr_street":null,"raw_height":null,"building_levels":"6","raw_min_height":null,"roof_levels":null,"height_m":19.2,"min_height_m":0,"height_source":"osm_levels_derived","default_height_rule":null,"confidence":"medium"},"geometry":{"type":"Polygon","coordinates":[[[120.2766189,22.7333313],[120.2766393,22.7332864],[120.2766636,22.7332957],[120.2766962,22.7332283],[120.2766677,22.7332151],[120.276686,22.7331645],[120.2766372,22.7331402],[120.276586,22.7331364],[120.2766779,22.7329902],[120.2766535,22.7329284],[120.2766163,22.7328817],[120.2766921,22.732771],[120.2766092,22.7327275],[120.2763787,22.7326065],[120.2766358,22.7322387],[120.2765076,22.7321589],[120.2757326,22.7331756],[120.2758417,22.7332377],[120.2758275,22.7332613],[120.2758326,22.733285],[120.2758509,22.7333042],[120.2758793,22.7333164],[120.2759017,22.7333201],[120.2759271,22.7333126],[120.2759474,22.7332863],[120.2759931,22.7331945],[120.2759281,22.7331552],[120.2760439,22.7329902],[120.2766189,22.7333313]]]}},{"type":"Feature","id":"way/197993470","properties":{"osm_id":197993470,"osm_type":"way","building":"yes","name":null,"addr_housenumber":null,"addr_street":null,"raw_height":null,"building_levels":null,"raw_min_height":null,"roof_levels":null,"height_m":9,"min_height_m":0,"height_source":"building_type_default","default_height_rule":"yes","confidence":"low"},"geometry":{"type":"Polygon","coordinates":[[[120.2897571,22.7270114],[120.2895852,22.7270253],[120.2896196,22.7272929],[120.2897829,22.7272731],[120.2897571,22.7270114]]]}},{"type":"Feature","id":"way/197993471","properties":{"osm_id":197993471,"osm_type":"way","building":"yes","name":null,"addr_housenumber":null,"addr_street":null,"raw_height":null,"building_levels":null,"raw_min_height":null,"roof_levels":null,"height_m":9,"min_height_m":0,"height_source":"building_type_default","default_height_rule":"yes","confidence":"low"},"geometry":{"type":"Polygon","coordinates":[[[120.2897571,22.7272988],[120.2896325,22.7273107],[120.2896443,22.7274009],[120.2897689,22.727389],[120.2897571,22.7272988]]]}},{"type":"Feature","id":"way/217146949","properties":{"osm_id":217146949,"osm_type":"way","building":"retail","name":"家樂福","addr_housenumber":"60","addr_street":"土庫一路","raw_height":null,"building_levels":null,"raw_min_height":null,"roof_levels":null,"height_m":12,"min_height_m":0,"height_source":"building_type_default","default_height_rule":"retail","confidence":"low"},"geometry":{"type":"Polygon","coordinates":[[[120.330561,22.7367684],[120.3306141,22.736815],[120.3311433,22.7372797],[120.3312315,22.7372041],[120.3312869,22.7371565],[120.3313216,22.7371268],[120.331543,22.7369369],[120.3315221,22.7369145],[120.3314011,22.7367982],[120.3314935,22.7367268],[120.3314011,22.7366238],[120.3314699,22.7365604],[120.3310488,22.7361818],[120.3309886,22.7361799],[120.330933,22.7362009],[120.3307845,22.7362571],[120.3305481,22.7363265],[120.3303247,22.7363325],[120.3303278,22.7363469],[120.3303633,22.7365108],[120.3305352,22.736485],[120.3306104,22.7367328],[120.330561,22.7367684]]]}},{"type":"Feature","id":"way/217152892","properties":{"osm_id":217152892,"osm_type":"way","building":"yes","name":"楠仔坑分館","addr_housenumber":null,"addr_street":null,"raw_height":null,"building_levels":null,"raw_min_height":null,"roof_levels":null,"height_m":9,"min_height_m":0,"height_source":"building_type_default","default_height_rule":"yes","confidence":"low"},"geometry":{"type":"Polygon","coordinates":[[[120.3290197,22.7318045],[120.328923,22.7320641],[120.3293312,22.7321869],[120.3294236,22.7319253],[120.3290197,22.7318045]]]}},{"type":"Feature","id":"way/228367556","properties":{"osm_id":228367556,"osm_type":"way","building":"yes","name":null,"addr_housenumber":null,"addr_street":null,"raw_height":null,"building_levels":null,"raw_min_height":null,"roof_levels":null,"height_m":9,"min_height_m":0,"height_source":"building_type_default","default_height_rule":"yes","confidence":"low"},"geometry":{"type":"Polygon","coordinates":[[[120.298921,22.7183832],[120.2991223,22.71846],[120.2992381,22.7182018],[120.2990368,22.718125],[120.298921,22.7183832]]]}},{"type":"Feature","id":"way/228367557","properties":{"osm_id":228367557,"osm_type":"way","building":"yes","name":null,"addr_housenumber":null,"addr_street":null,"raw_height":null,"building_levels":null,"raw_min_height":null,"roof_levels":null,"height_m":9,"min_height_m":0,"height_source":"building_type_default","default_height_rule":"yes","confidence":"low"},"geometry":{"type":"Polygon","coordinates":[[[120.2995431,22.7185455],[120.2994421,22.7187855],[120.2996782,22.7188699],[120.2997807,22.7186306],[120.2995431,22.7185455]]]}},{"type":"Feature","id":"way/228918948","properties":{"osm_id":228918948,"osm_type":"way","building":"yes","name":null,"addr_housenumber":null,"addr_street":null,"raw_height":null,"building_levels":null,"raw_min_height":null,"roof_levels":null,"height_m":9,"min_height_m":0,"height_source":"building_type_default","default_height_rule":"yes","confidence":"low"},"geometry":{"type":"Polygon","coordinates":[[[120.3092528,22.7154079],[120.3091245,22.71545],[120.3091998,22.7156458],[120.3093242,22.7156075],[120.3092528,22.7154079]]]}},{"type":"Feature","id":"way/229240141","properties":{"osm_id":229240141,"osm_type":"way","building":"apartments","name":"香榭花園","addr_housenumber":null,"addr_street":null,"raw_height":null,"building_levels":"11","raw_min_height":null,"roof_levels":null,"height_m":35.2,"min_height_m":0,"height_source":"osm_levels_derived","default_height_rule":null,"confidence":"medium"},"geometry":{"type":"Polygon","coordinates":[[[120.3062934,22.7282479],[120.3062836,22.7277447],[120.3062574,22.7277303],[120.306194,22.7277305],[120.3061915,22.727957],[120.3060857,22.727956],[120.3060957,22.7276252],[120.3064301,22.7276278],[120.3064276,22.7282566],[120.3062934,22.7282479]]]}},{"type":"Feature","id":"way/229240142","properties":{"osm_id":229240142,"osm_type":"way","building":"yes","name":"愛國超市","addr_housenumber":"223","addr_street":"德祥路","raw_height":null,"building_levels":null,"raw_min_height":null,"roof_levels":null,"height_m":9,"min_height_m":0,"height_source":"building_type_default","default_height_rule":"yes","confidence":"low"},"geometry":{"type":"Polygon","coordinates":[[[120.3072424,22.7268461],[120.3073891,22.726897],[120.307516,22.7268783],[120.307575,22.726762],[120.3076689,22.7264058],[120.3075418,22.726377],[120.3074831,22.7264546],[120.3073845,22.7264267],[120.3072424,22.7268461]]]}},{"type":"Feature","id":"way/229266697","properties":{"osm_id":229266697,"osm_type":"way","building":"apartments","name":"美麗國城","addr_housenumber":null,"addr_street":null,"raw_height":null,"building_levels":"19","raw_min_height":null,"roof_levels":null,"height_m":60.8,"min_height_m":0,"height_source":"osm_levels_derived","default_height_rule":null,"confidence":"medium"},"geometry":{"type":"Polygon","coordinates":[[[120.3042973,22.725727],[120.3041821,22.7257225],[120.3041694,22.7258701],[120.304256,22.7258764],[120.3042527,22.7259152],[120.3041617,22.7259085],[120.3041524,22.726017],[120.3042665,22.7260253],[120.3042614,22.7260844],[120.3041641,22.7260773],[120.3041588,22.7261386],[120.3042885,22.7261481],[120.3042803,22.7262443],[120.3040491,22.7262275],[120.3040925,22.725718],[120.3040309,22.7257135],[120.304029,22.7257362],[120.3039883,22.7262247],[120.3037431,22.7262032],[120.3037478,22.7261084],[120.3038547,22.7261169],[120.3038622,22.7260503],[120.3037875,22.7260481],[120.3037898,22.7259771],[120.3038645,22.7259814],[120.3038715,22.7258931],[120.3037827,22.7258882],[120.3037915,22.7257648],[120.3039019,22.7257703],[120.3038972,22.7258263],[120.3039509,22.7258284],[120.3039555,22.7257069],[120.3038679,22.725701],[120.3038776,22.7256066],[120.3043023,22.7256276],[120.3042973,22.725727]]]}},{"type":"Feature","id":"way/229758855","properties":{"osm_id":229758855,"osm_type":"way","building":"yes","name":"全國電子","addr_housenumber":"73;75","addr_street":"德惠路","raw_height":null,"building_levels":null,"raw_min_height":null,"roof_levels":null,"height_m":9,"min_height_m":0,"height_source":"building_type_default","default_height_rule":"yes","confidence":"low"},"geometry":{"type":"Polygon","coordinates":[[[120.3026431,22.7276775],[120.3026283,22.7275556],[120.3026269,22.7275002],[120.3026879,22.7275029],[120.3027007,22.7274053],[120.3028063,22.7274099],[120.3028125,22.7274129],[120.3028478,22.72743],[120.3028491,22.7274374],[120.3028973,22.727626],[120.3026431,22.7276775]]]}},{"type":"Feature","id":"way/229758856","properties":{"osm_id":229758856,"osm_type":"way","building":"yes","name":"翠屏里活動中心","addr_housenumber":"55","addr_street":"德惠路","raw_height":null,"building_levels":null,"raw_min_height":null,"roof_levels":null,"height_m":9,"min_height_m":0,"height_source":"building_type_default","default_height_rule":"yes","confidence":"low"},"geometry":{"type":"Polygon","coordinates":[[[120.3020116,22.7268696],[120.3020364,22.7264681],[120.3022072,22.7264755],[120.3022006,22.7265802],[120.302268,22.7265846],[120.302263,22.7266391],[120.3022097,22.7266333],[120.3021951,22.7268376],[120.3022601,22.7268423],[120.3022528,22.7268853],[120.3020116,22.7268696]]]}},{"type":"Feature","id":"way/229759525","properties":{"osm_id":229759525,"osm_type":"way","building":"yes","name":"中華電信交換中心","addr_housenumber":null,"addr_street":null,"raw_height":null,"building_levels":null,"raw_min_height":null,"roof_levels":null,"height_m":9,"min_height_m":0,"height_source":"building_type_default","default_height_rule":"yes","confidence":"low"},"geometry":{"type":"Polygon","coordinates":[[[120.2996877,22.7176225],[120.2997789,22.7174032],[120.3001176,22.7175353],[120.3000232,22.7177486],[120.2996877,22.7176225]]]}},{"type":"Feature","id":"way/229763066","properties":{"osm_id":229763066,"osm_type":"way","building":"yes","name":"王牌大樓","addr_housenumber":null,"addr_street":null,"raw_height":null,"building_levels":"17","raw_min_height":null,"roof_levels":null,"height_m":54.4,"min_height_m":0,"height_source":"osm_levels_derived","default_height_rule":null,"confidence":"medium"},"geometry":{"type":"Polygon","coordinates":[[[120.2975576,22.7157376],[120.2976537,22.7157728],[120.297702,22.7156606],[120.2977455,22.7155617],[120.2979421,22.7156352],[120.2978579,22.7158268],[120.2978467,22.7158527],[120.2977463,22.715816],[120.2977579,22.7157892],[120.2976798,22.7157607],[120.2976404,22.7158524],[120.2978638,22.7159408],[120.2978939,22.7159408],[120.2979178,22.7159275],[120.2980151,22.7156957],[120.2980451,22.7156186],[120.298064,22.7155731],[120.2980626,22.7155387],[120.2980487,22.7155136],[120.2977033,22.7153969],[120.2975576,22.7157376]]]}},{"type":"Feature","id":"way/229763299","properties":{"osm_id":229763299,"osm_type":"way","building":"yes","name":"金華天第大樓","addr_housenumber":null,"addr_street":null,"raw_height":null,"building_levels":"10","raw_min_height":null,"roof_levels":null,"height_m":32,"min_height_m":0,"height_source":"osm_levels_derived","default_height_rule":null,"confidence":"medium"},"geometry":{"type":"Polygon","coordinates":[[[120.297526,22.7149857],[120.2975699,22.7148847],[120.2976245,22.7149048],[120.2976411,22.7148666],[120.2976772,22.7148799],[120.2976612,22.7149166],[120.2977942,22.7149658],[120.2978094,22.7149307],[120.2978577,22.7149486],[120.2978421,22.7149845],[120.2979309,22.7150174],[120.2979027,22.7150815],[120.2978809,22.7150938],[120.2978558,22.7151015],[120.2978324,22.7150969],[120.297526,22.7149857]]]}},{"type":"Feature","id":"way/229786919","properties":{"osm_id":229786919,"osm_type":"way","building":"apartments","name":"美麗國城","addr_housenumber":null,"addr_street":null,"raw_height":null,"building_levels":"19","raw_min_height":null,"roof_levels":null,"height_m":60.8,"min_height_m":0,"height_source":"osm_levels_derived","default_height_rule":null,"confidence":"medium"},"geometry":{"type":"Polygon","coordinates":[[[120.3043331,22.7257632],[120.3044722,22.7257718],[120.3044647,22.7258758],[120.3045361,22.7258802],[120.3045311,22.725949],[120.3045749,22.7259517],[120.3045362,22.7262779],[120.3043284,22.7262585],[120.3043347,22.7261558],[120.3044169,22.7261609],[120.3044212,22.7261013],[120.3044236,22.7260582],[120.304334,22.726054],[120.3043377,22.7259858],[120.3044225,22.7259897],[120.3044273,22.7259005],[120.3043259,22.7258959],[120.3043331,22.7257632]]]}},{"type":"Feature","id":"way/229786920","properties":{"osm_id":229786920,"osm_type":"way","building":"apartments","name":"美麗國城","addr_housenumber":null,"addr_street":null,"raw_height":null,"building_levels":"19","raw_min_height":null,"roof_levels":null,"height_m":60.8,"min_height_m":0,"height_source":"osm_levels_derived","default_height_rule":null,"confidence":"medium"},"geometry":{"type":"Polygon","coordinates":[[[120.3034997,22.7261797],[120.3035311,22.725746],[120.3037404,22.7257542],[120.3037347,22.7258391],[120.3036608,22.7258346],[120.3036558,22.7259024],[120.3035932,22.7258986],[120.303587,22.725985],[120.3036677,22.72599],[120.3036575,22.7261305],[120.303693,22.7261327],[120.3036887,22.7261914],[120.3034997,22.7261797]]]}},{"type":"Feature","id":"way/229791729","properties":{"osm_id":229791729,"osm_type":"way","building":"apartments","name":null,"addr_housenumber":null,"addr_street":null,"raw_height":null,"building_levels":"23","raw_min_height":null,"roof_levels":null,"height_m":73.6,"min_height_m":0,"height_source":"osm_levels_derived","default_height_rule":null,"confidence":"medium"},"geometry":{"type":"Polygon","coordinates":[[[120.3000329,22.7252539],[120.3003724,22.7254314],[120.3004993,22.7252251],[120.3003895,22.7251677],[120.3003248,22.725273],[120.3002012,22.7252084],[120.3003624,22.7249462],[120.3004775,22.7250065],[120.3004425,22.7250633],[120.3005604,22.725125],[120.3006597,22.7249635],[120.3003205,22.7247861],[120.3000329,22.7252539]]]}},{"type":"Feature","id":"way/229791731","properties":{"osm_id":229791731,"osm_type":"way","building":"apartments","name":"永信國","addr_housenumber":null,"addr_street":null,"raw_height":null,"building_levels":"23","raw_min_height":null,"roof_levels":null,"height_m":73.6,"min_height_m":0,"height_source":"osm_levels_derived","default_height_rule":null,"confidence":"medium"},"geometry":{"type":"Polygon","coordinates":[[[120.3004152,22.7254624],[120.3007794,22.7256456],[120.3010608,22.72517],[120.300703,22.7249899],[120.3006074,22.7251515],[120.3007134,22.7252049],[120.3007496,22.7251437],[120.3008981,22.7252184],[120.3007484,22.7254715],[120.3006169,22.7254054],[120.3006766,22.7253046],[120.3005471,22.7252394],[120.3004152,22.7254624]]]}},{"type":"Feature","id":"way/229982197","properties":{"osm_id":229982197,"osm_type":"way","building":"yes","name":"巴里島","addr_housenumber":null,"addr_street":null,"raw_height":null,"building_levels":"12","raw_min_height":null,"roof_levels":null,"height_m":38.4,"min_height_m":0,"height_source":"osm_levels_derived","default_height_rule":null,"confidence":"medium"},"geometry":{"type":"Polygon","coordinates":[[[120.2996599,22.727456],[120.3000488,22.727686],[120.2999823,22.7277936],[120.300142,22.7278837],[120.3000746,22.7279853],[120.299826,22.727845],[120.2998979,22.7277367],[120.2996884,22.7276185],[120.2996352,22.7276987],[120.2995363,22.7276429],[120.2996599,22.727456]]]}},{"type":"Feature","id":"way/230012494","properties":{"osm_id":230012494,"osm_type":"way","building":"hospital","name":"健仁醫院","addr_housenumber":"136","addr_street":"楠陽路","raw_height":null,"building_levels":null,"raw_min_height":null,"roof_levels":null,"height_m":15,"min_height_m":0,"height_source":"building_type_default","default_height_rule":"hospital","confidence":"low"},"geometry":{"type":"Polygon","coordinates":[[[120.3286306,22.7238798],[120.3288671,22.7235143],[120.3295156,22.7238815],[120.3294516,22.7239872],[120.329169,22.7238997],[120.3290544,22.7240975],[120.3290195,22.7240796],[120.3286306,22.7238798]]]}},{"type":"Feature","id":"way/231679025","properties":{"osm_id":231679025,"osm_type":"way","building":"temple","name":"三山國王廟","addr_housenumber":"7","addr_street":"盛昌街143巷","raw_height":null,"building_levels":null,"raw_min_height":null,"roof_levels":null,"height_m":14,"min_height_m":0,"height_source":"building_type_default","default_height_rule":"temple","confidence":"low"},"geometry":{"type":"Polygon","coordinates":[[[120.285734,22.7130904],[120.2860319,22.7130352],[120.2859839,22.7128152],[120.2856861,22.7128705],[120.285734,22.7130904]]]}},{"type":"Feature","id":"way/231679044","properties":{"osm_id":231679044,"osm_type":"way","building":"yes","name":"里聯合活動中心","addr_housenumber":null,"addr_street":null,"raw_height":null,"building_levels":null,"raw_min_height":null,"roof_levels":null,"height_m":9,"min_height_m":0,"height_source":"building_type_default","default_height_rule":"yes","confidence":"low"},"geometry":{"type":"Polygon","coordinates":[[[120.2849279,22.7077492],[120.2848361,22.7075855],[120.2850736,22.7074803],[120.2851592,22.7076469],[120.2849279,22.7077492]]]}},{"type":"Feature","id":"way/231785286","properties":{"osm_id":231785286,"osm_type":"way","building":"commercial","name":"歡樂17大樓","addr_housenumber":null,"addr_street":null,"raw_height":null,"building_levels":"17","raw_min_height":null,"roof_levels":null,"height_m":54.4,"min_height_m":0,"height_source":"osm_levels_derived","default_height_rule":null,"confidence":"medium"},"geometry":{"type":"Polygon","coordinates":[[[120.2929027,22.7107559],[120.2931442,22.7109668],[120.2933791,22.7107378],[120.2931376,22.7105269],[120.2929027,22.7107559]]]}},{"type":"Feature","id":"way/231821646","properties":{"osm_id":231821646,"osm_type":"way","building":"apartments","name":"夏綠通大樓","addr_housenumber":null,"addr_street":null,"raw_height":null,"building_levels":"15","raw_min_height":null,"roof_levels":null,"height_m":48,"min_height_m":0,"height_source":"osm_levels_derived","default_height_rule":null,"confidence":"medium"},"geometry":{"type":"Polygon","coordinates":[[[120.2974919,22.7144761],[120.2977652,22.7140833],[120.2983598,22.7145339],[120.2980189,22.7148912],[120.2977357,22.7146682],[120.2974919,22.7144761]]]}},{"type":"Feature","id":"way/231928169","properties":{"osm_id":231928169,"osm_type":"way","building":"yes","name":"右昌新加坡大廈","addr_housenumber":null,"addr_street":null,"raw_height":null,"building_levels":null,"raw_min_height":null,"roof_levels":null,"height_m":9,"min_height_m":0,"height_source":"building_type_default","default_height_rule":"yes","confidence":"low"},"geometry":{"type":"Polygon","coordinates":[[[120.284707,22.7094788],[120.2847914,22.7095435],[120.2848248,22.7095066],[120.2849422,22.7095966],[120.2849617,22.709575],[120.2849874,22.7095947],[120.2850097,22.70957],[120.2850666,22.7096137],[120.2850023,22.709685],[120.2849135,22.7096168],[120.284859,22.7096772],[120.2848015,22.7096331],[120.2847803,22.7096565],[120.2846423,22.7095506],[120.284707,22.7094788]]]}},{"type":"Feature","id":"way/231933360","properties":{"osm_id":231933360,"osm_type":"way","building":"apartments","name":"台糖加昌二期大樓","addr_housenumber":null,"addr_street":null,"raw_height":null,"building_levels":"7","raw_min_height":null,"roof_levels":null,"height_m":22.4,"min_height_m":0,"height_source":"osm_levels_derived","default_height_rule":null,"confidence":"medium"},"geometry":{"type":"Polygon","coordinates":[[[120.2974432,22.7195915],[120.2975468,22.7193409],[120.2976877,22.7193905],[120.2976405,22.7195049],[120.2981019,22.7196671],[120.2981484,22.7195545],[120.2980502,22.71952],[120.2980912,22.7194208],[120.298179,22.7194516],[120.2982259,22.7193379],[120.2981487,22.7193108],[120.2981906,22.7192092],[120.2982763,22.7192392],[120.2983225,22.7191269],[120.2980464,22.7190301],[120.2979962,22.7191517],[120.2981032,22.7191892],[120.2980636,22.7192853],[120.2979648,22.7192506],[120.2979189,22.7193619],[120.2979957,22.7193888],[120.2979565,22.7194841],[120.2977167,22.7194001],[120.2977529,22.719312],[120.2978088,22.7193316],[120.2978923,22.719129],[120.2978487,22.7191138],[120.2979438,22.718883],[120.2979927,22.7189001],[120.298009,22.7188606],[120.2984749,22.7190241],[120.2984593,22.7190619],[120.2985004,22.7190764],[120.2983986,22.719323],[120.2983602,22.7193095],[120.2982746,22.7195168],[120.2983185,22.7195322],[120.2982026,22.7198127],[120.2981524,22.7197951],[120.2981359,22.7198351],[120.2974432,22.7195915]]]}},{"type":"Feature","id":"way/231933361","properties":{"osm_id":231933361,"osm_type":"way","building":"apartments","name":"薇多綠雅","addr_housenumber":null,"addr_street":null,"raw_height":null,"building_levels":"13","raw_min_height":null,"roof_levels":null,"height_m":41.6,"min_height_m":0,"height_source":"osm_levels_derived","default_height_rule":null,"confidence":"medium"},"geometry":{"type":"Polygon","coordinates":[[[120.2968461,22.7193833],[120.2968645,22.7194065],[120.2968929,22.719425],[120.2973798,22.7195855],[120.2974272,22.7194668],[120.2970071,22.7193395],[120.2972448,22.7187184],[120.2977189,22.7188645],[120.2977705,22.7187394],[120.2972512,22.7185603],[120.2972026,22.7185479],[120.2971658,22.7185541],[120.2971407,22.7185757],[120.2971173,22.7186232],[120.296841,22.7193324],[120.2968394,22.7193602],[120.2968461,22.7193833]]]}},{"type":"Feature","id":"way/231933362","properties":{"osm_id":231933362,"osm_type":"way","building":"apartments","name":"薇多綠雅","addr_housenumber":null,"addr_street":null,"raw_height":null,"building_levels":"13","raw_min_height":null,"roof_levels":null,"height_m":41.6,"min_height_m":0,"height_source":"osm_levels_derived","default_height_rule":null,"confidence":"medium"},"geometry":{"type":"Polygon","coordinates":[[[120.29711,22.719315],[120.2971423,22.7192362],[120.2972047,22.7192573],[120.2972132,22.7192353],[120.2973523,22.7192805],[120.2973845,22.7191992],[120.2973173,22.7191736],[120.297341,22.7191207],[120.2974043,22.719139],[120.297464,22.7189882],[120.2973296,22.7189441],[120.2973379,22.7189251],[120.2972624,22.7188998],[120.2973001,22.7187997],[120.2975157,22.7188699],[120.2975097,22.7188821],[120.2975949,22.7189098],[120.297398,22.7193991],[120.2973152,22.7193659],[120.2973101,22.7193803],[120.29711,22.719315]]]}},{"type":"Feature","id":"way/231933363","properties":{"osm_id":231933363,"osm_type":"way","building":"residential","name":"櫻花鑽","addr_housenumber":null,"addr_street":null,"raw_height":null,"building_levels":"4","raw_min_height":null,"roof_levels":null,"height_m":12.8,"min_height_m":0,"height_source":"osm_levels_derived","default_height_rule":null,"confidence":"medium"},"geometry":{"type":"Polygon","coordinates":[[[120.2982865,22.7199265],[120.2984032,22.7196271],[120.2986017,22.719696],[120.2985877,22.7197283],[120.2990547,22.7198942],[120.2991131,22.7197585],[120.2986414,22.719584],[120.2986321,22.7196055],[120.2984429,22.7195345],[120.2985363,22.7193148],[120.2993174,22.7196062],[120.2993372,22.7196314],[120.2993343,22.7196699],[120.2991157,22.7201686],[120.2990944,22.7201892],[120.299055,22.7201913],[120.2982865,22.7199265]]]}},{"type":"Feature","id":"way/231934992","properties":{"osm_id":231934992,"osm_type":"way","building":"yes","name":"英郡大樓","addr_housenumber":null,"addr_street":null,"raw_height":null,"building_levels":"14","raw_min_height":null,"roof_levels":null,"height_m":44.8,"min_height_m":0,"height_source":"osm_levels_derived","default_height_rule":null,"confidence":"medium"},"geometry":{"type":"Polygon","coordinates":[[[120.2991924,22.7163416],[120.2994925,22.7164553],[120.299515,22.7164612],[120.2995398,22.7164548],[120.2995527,22.7164416],[120.2996405,22.7162501],[120.2995081,22.716203],[120.299453,22.7163187],[120.2993551,22.7162831],[120.2994088,22.7161636],[120.2992889,22.7161153],[120.2991924,22.7163416]]]}},{"type":"Feature","id":"way/231934993","properties":{"osm_id":231934993,"osm_type":"way","building":"yes","name":null,"addr_housenumber":null,"addr_street":null,"raw_height":null,"building_levels":null,"raw_min_height":null,"roof_levels":null,"height_m":9,"min_height_m":0,"height_source":"building_type_default","default_height_rule":"yes","confidence":"low"},"geometry":{"type":"Polygon","coordinates":[[[120.2991496,22.7161191],[120.2992398,22.7158996],[120.2993383,22.715934],[120.2992482,22.7161535],[120.2991496,22.7161191]]]}},{"type":"Feature","id":"way/231934994","properties":{"osm_id":231934994,"osm_type":"way","building":"yes","name":"天晴大樓","addr_housenumber":null,"addr_street":null,"raw_height":null,"building_levels":"13","raw_min_height":null,"roof_levels":null,"height_m":41.6,"min_height_m":0,"height_source":"osm_levels_derived","default_height_rule":null,"confidence":"medium"},"geometry":{"type":"Polygon","coordinates":[[[120.2986684,22.716142],[120.2987387,22.7159766],[120.2991496,22.7161292],[120.2990724,22.7162959],[120.2989634,22.7162549],[120.2989883,22.7161954],[120.298787,22.7161191],[120.2987635,22.7161788],[120.2986684,22.716142]]]}},{"type":"Feature","id":"way/231978385","properties":{"osm_id":231978385,"osm_type":"way","building":"school","name":null,"addr_housenumber":null,"addr_street":null,"raw_height":null,"building_levels":"4","raw_min_height":null,"roof_levels":null,"height_m":12.8,"min_height_m":0,"height_source":"osm_levels_derived","default_height_rule":null,"confidence":"medium"},"geometry":{"type":"Polygon","coordinates":[[[120.2909853,22.714451],[120.2911006,22.7141275],[120.2912726,22.714172],[120.291481,22.7135711],[120.2923831,22.7138145],[120.2924678,22.7137664],[120.2926699,22.7138298],[120.2926323,22.7139229],[120.2925967,22.7139137],[120.2925872,22.7139377],[120.292574,22.7139462],[120.2925587,22.7139481],[120.2925315,22.7139411],[120.2925196,22.7139721],[120.2915726,22.713735],[120.291468,22.7140218],[120.2921538,22.7142074],[120.2922046,22.714068],[120.2924411,22.7141261],[120.2923392,22.7144373],[120.2918118,22.7142767],[120.2917999,22.7143022],[120.2915034,22.7142165],[120.2915429,22.7141016],[120.291452,22.7140742],[120.2913333,22.7144208],[120.2913833,22.7144363],[120.291367,22.7144934],[120.2923766,22.7147818],[120.2923318,22.7149004],[120.2911158,22.7145404],[120.2911435,22.7144656],[120.2910585,22.7144383],[120.2910446,22.7144693],[120.2909853,22.714451]]]}},{"type":"Feature","id":"way/231978386","properties":{"osm_id":231978386,"osm_type":"way","building":"yes","name":"高雄市立圖書館右昌分館","addr_housenumber":null,"addr_street":null,"raw_height":null,"building_levels":"4","raw_min_height":null,"roof_levels":null,"height_m":12.8,"min_height_m":0,"height_source":"osm_levels_derived","default_height_rule":null,"confidence":"medium"},"geometry":{"type":"Polygon","coordinates":[[[120.2906044,22.7157979],[120.2905278,22.7155128],[120.2907386,22.7154709],[120.2907524,22.7155225],[120.2908,22.7155115],[120.2908184,22.7155756],[120.2907702,22.715586],[120.2908144,22.7157582],[120.2906044,22.7157979]]]}},{"type":"Feature","id":"way/231979235","properties":{"osm_id":231979235,"osm_type":"way","building":"yes","name":null,"addr_housenumber":null,"addr_street":null,"raw_height":null,"building_levels":"4","raw_min_height":null,"roof_levels":null,"height_m":12.8,"min_height_m":0,"height_source":"osm_levels_derived","default_height_rule":null,"confidence":"medium"},"geometry":{"type":"Polygon","coordinates":[[[120.3150137,22.7231876],[120.315523,22.7234161],[120.3155958,22.7232706],[120.3154266,22.7231998],[120.3155202,22.7230038],[120.3156522,22.7230603],[120.315711,22.7229462],[120.3155802,22.7228909],[120.3156721,22.7227086],[120.3157938,22.7227601],[120.3158429,22.7226531],[120.3158528,22.7226536],[120.3158606,22.7226507],[120.3158674,22.7226444],[120.3158711,22.7226372],[120.3158737,22.7226305],[120.3158747,22.7226218],[120.3158747,22.7226141],[120.3158716,22.7226078],[120.3158653,22.722602],[120.3158601,22.7225982],[120.3158523,22.7225958],[120.3158429,22.7225938],[120.3158335,22.7225958],[120.3158267,22.7225996],[120.3158235,22.7226064],[120.3157128,22.7225601],[120.3157037,22.7225758],[120.3156898,22.7225725],[120.3156786,22.7225593],[120.3156532,22.7225603],[120.3156217,22.7225537],[120.3155912,22.7225368],[120.315578,22.722519],[120.3155567,22.7225218],[120.3155302,22.7225153],[120.3155069,22.7224993],[120.3154967,22.7224825],[120.3154751,22.7224864],[120.3154459,22.7224797],[120.3154195,22.7224647],[120.3154052,22.7224478],[120.3153796,22.722447],[120.3153514,22.7224403],[120.3153249,22.7224253],[120.3153097,22.7224122],[120.3152914,22.7224159],[120.315265,22.7224093],[120.3152386,22.7223925],[120.3152316,22.7223781],[120.3152537,22.7223329],[120.3151461,22.7222928],[120.3151367,22.7222904],[120.3151289,22.7222899],[120.3151184,22.7222938],[120.3151111,22.7223],[120.3151059,22.7223058],[120.3151037,22.7223118],[120.3151012,22.7223188],[120.3151033,22.7223275],[120.3151085,22.7223357],[120.3151158,22.7223395],[120.3150659,22.7224399],[120.315615,22.7226746],[120.3155214,22.7228676],[120.3151985,22.7227359],[120.3152369,22.7226584],[120.3151217,22.7226119],[120.3150293,22.7228056],[120.3154007,22.7229603],[120.3153822,22.7229961],[120.3154342,22.7230174],[120.3153606,22.7231699],[120.3150713,22.7230525],[120.3150137,22.7231876]]]}},{"type":"Feature","id":"way/231979236","properties":{"osm_id":231979236,"osm_type":"way","building":"yes","name":null,"addr_housenumber":null,"addr_street":null,"raw_height":null,"building_levels":"4","raw_min_height":null,"roof_levels":null,"height_m":12.8,"min_height_m":0,"height_source":"osm_levels_derived","default_height_rule":null,"confidence":"medium"},"geometry":{"type":"Polygon","coordinates":[[[120.3154374,22.7236031],[120.3154176,22.7236484],[120.3156861,22.7237532],[120.3157116,22.7237029],[120.3157696,22.7237262],[120.3158178,22.7236238],[120.3157068,22.7235769],[120.3157197,22.7235515],[120.3155734,22.7234904],[120.3155588,22.7235174],[120.3154347,22.7234706],[120.3153849,22.7235833],[120.3154374,22.7236031]]]}},{"type":"Feature","id":"way/231979237","properties":{"osm_id":231979237,"osm_type":"way","building":"yes","name":null,"addr_housenumber":null,"addr_street":null,"raw_height":null,"building_levels":null,"raw_min_height":null,"roof_levels":null,"height_m":9,"min_height_m":0,"height_source":"building_type_default","default_height_rule":"yes","confidence":"low"},"geometry":{"type":"Polygon","coordinates":[[[120.3151886,22.7235663],[120.3153266,22.7236195],[120.3154106,22.7234341],[120.3152726,22.7233809],[120.3151886,22.7235663]]]}},{"type":"Feature","id":"way/231983461","properties":{"osm_id":231983461,"osm_type":"way","building":"office","name":"國稅局楠梓加工區稽徵所","addr_housenumber":"600-9","addr_street":"加昌路","raw_height":null,"building_levels":null,"raw_min_height":null,"roof_levels":null,"height_m":12,"min_height_m":0,"height_source":"building_type_default","default_height_rule":"office","confidence":"low"},"geometry":{"type":"Polygon","coordinates":[[[120.304688,22.7196125],[120.3044632,22.7195308],[120.3045132,22.7194137],[120.3046588,22.7194666],[120.3046707,22.7194387],[120.304743,22.7194649],[120.3047318,22.7194912],[120.3048616,22.7195383],[120.3047723,22.7197476],[120.3046494,22.7197029],[120.304688,22.7196125]]]}},{"type":"Feature","id":"way/231983462","properties":{"osm_id":231983462,"osm_type":"way","building":"hospital","name":"楠梓加工出口區保健所","addr_housenumber":null,"addr_street":null,"raw_height":null,"building_levels":null,"raw_min_height":null,"roof_levels":null,"height_m":15,"min_height_m":0,"height_source":"building_type_default","default_height_rule":"hospital","confidence":"low"},"geometry":{"type":"Polygon","coordinates":[[[120.3050687,22.7198273],[120.3051642,22.7198591],[120.3052241,22.7197059],[120.3049482,22.719614],[120.3049179,22.7196915],[120.3050984,22.7197517],[120.3050687,22.7198273]]]}},{"type":"Feature","id":"way/231983463","properties":{"osm_id":231983463,"osm_type":"way","building":"yes","name":"第三保安警察中隊","addr_housenumber":"600-8","addr_street":"加昌路","raw_height":null,"building_levels":null,"raw_min_height":null,"roof_levels":null,"height_m":9,"min_height_m":0,"height_source":"building_type_default","default_height_rule":"yes","confidence":"low"},"geometry":{"type":"Polygon","coordinates":[[[120.3055175,22.7199562],[120.3056326,22.7199973],[120.3056445,22.7199688],[120.3056797,22.7199814],[120.3056998,22.7199336],[120.3056694,22.7199228],[120.3056807,22.7198959],[120.3055595,22.7198525],[120.3055482,22.7198793],[120.3055126,22.7198666],[120.3054931,22.719913],[120.3055301,22.7199262],[120.3055175,22.7199562]]]}},{"type":"Feature","id":"way/231983464","properties":{"osm_id":231983464,"osm_type":"way","building":"yes","name":"台灣加工出口區電器工業同業公會","addr_housenumber":"600-6","addr_street":"加昌路","raw_height":null,"building_levels":null,"raw_min_height":null,"roof_levels":null,"height_m":9,"min_height_m":0,"height_source":"building_type_default","default_height_rule":"yes","confidence":"low"},"geometry":{"type":"Polygon","coordinates":[[[120.3058742,22.7201457],[120.3060491,22.7202107],[120.3061247,22.7200376],[120.3058558,22.7199378],[120.305803,22.7200586],[120.3058971,22.7200936],[120.3058742,22.7201457]]]}},{"type":"Feature","id":"way/231983465","properties":{"osm_id":231983465,"osm_type":"way","building":"yes","name":"楠梓加工區消防隊","addr_housenumber":null,"addr_street":null,"raw_height":null,"building_levels":null,"raw_min_height":null,"roof_levels":null,"height_m":9,"min_height_m":0,"height_source":"building_type_default","default_height_rule":"yes","confidence":"low"},"geometry":{"type":"Polygon","coordinates":[[[120.3061534,22.7202884],[120.3061815,22.7202193],[120.3063094,22.7202634],[120.3064517,22.7199128],[120.3065485,22.7199463],[120.3063958,22.7203226],[120.3063642,22.7203117],[120.3063466,22.7203551],[120.3061534,22.7202884]]]}},{"type":"Feature","id":"way/231984118","properties":{"osm_id":231984118,"osm_type":"way","building":"office","name":"經濟部加工出口區管理處","addr_housenumber":"600","addr_street":"加昌路","raw_height":null,"building_levels":null,"raw_min_height":null,"roof_levels":null,"height_m":12,"min_height_m":0,"height_source":"building_type_default","default_height_rule":"office","confidence":"low"},"geometry":{"type":"Polygon","coordinates":[[[120.3053619,22.7194605],[120.3054127,22.7193349],[120.3054482,22.7193471],[120.3054714,22.7192897],[120.3052758,22.7192224],[120.3053263,22.7190976],[120.3055501,22.7191746],[120.3055609,22.7191478],[120.3055343,22.7191387],[120.3055657,22.7190612],[120.3055817,22.7190589],[120.3056002,22.7190571],[120.3056143,22.7190561],[120.3056305,22.7190579],[120.3056472,22.7190614],[120.3056639,22.7190677],[120.3056749,22.7190727],[120.3056845,22.7190791],[120.3056923,22.7190845],[120.3057004,22.7190916],[120.3057144,22.7191068],[120.3056843,22.7191813],[120.3056594,22.7191727],[120.3056442,22.7192102],[120.3058699,22.7192878],[120.3058227,22.7194044],[120.3056266,22.719337],[120.3056005,22.7194017],[120.3056386,22.7194148],[120.3055885,22.7195385],[120.3053619,22.7194605]]]}},{"type":"Feature","id":"way/231986021","properties":{"osm_id":231986021,"osm_type":"way","building":"apartments","name":null,"addr_housenumber":null,"addr_street":null,"raw_height":null,"building_levels":"10","raw_min_height":null,"roof_levels":null,"height_m":32,"min_height_m":0,"height_source":"osm_levels_derived","default_height_rule":null,"confidence":"medium"},"geometry":{"type":"Polygon","coordinates":[[[120.3171316,22.7305738],[120.3166296,22.7300436],[120.3163541,22.7302655],[120.3164617,22.7303791],[120.3165466,22.7303107],[120.3164997,22.7302612],[120.3165762,22.7301996],[120.3166969,22.7303271],[120.3166648,22.7303529],[120.3166872,22.7303766],[120.3167154,22.7303539],[120.3168146,22.7304587],[120.3167853,22.7304823],[120.3168106,22.7305091],[120.3168388,22.7304864],[120.3170123,22.7306699],[120.3171316,22.7305738]]]}},{"type":"Feature","id":"way/231986022","properties":{"osm_id":231986022,"osm_type":"way","building":"apartments","name":"都會星城","addr_housenumber":null,"addr_street":null,"raw_height":null,"building_levels":"10","raw_min_height":null,"roof_levels":null,"height_m":32,"min_height_m":0,"height_source":"osm_levels_derived","default_height_rule":null,"confidence":"medium"},"geometry":{"type":"Polygon","coordinates":[[[120.3167331,22.7299581],[120.3171679,22.7304186],[120.3175883,22.7300865],[120.3182157,22.7295908],[120.3180418,22.7294034],[120.3179334,22.7294812],[120.3180281,22.7295876],[120.3179695,22.7296368],[120.3179231,22.7295876],[120.3178921,22.7296035],[120.3178783,22.7296257],[120.3179196,22.729667],[120.3178232,22.7297479],[120.3177699,22.7296971],[120.3177406,22.7297067],[120.3177234,22.7297305],[120.3177733,22.7297797],[120.3176683,22.7298591],[120.3176201,22.7298146],[120.3175926,22.7298273],[120.3175788,22.7298479],[120.317627,22.7298924],[120.3175013,22.7299913],[120.3173688,22.7300956],[120.3173327,22.7300639],[120.3173052,22.7300766],[120.3172931,22.7300988],[120.3173327,22.7301337],[120.3172397,22.7302099],[120.3172002,22.7301702],[120.3171778,22.7301782],[120.3171623,22.730202],[120.3172002,22.7302448],[120.3171761,22.7302639],[120.3171617,22.7302475],[120.3171416,22.7302353],[120.3171094,22.7302561],[120.3170249,22.7301683],[120.3170625,22.7301324],[120.3170504,22.7301114],[120.3170316,22.7301003],[120.3169928,22.7301312],[120.3168747,22.7300087],[120.316923,22.7299729],[120.3169592,22.7300125],[120.3169817,22.7300027],[120.3169968,22.7299865],[120.3169626,22.7299432],[120.3170719,22.7298615],[120.3171108,22.7298974],[120.3171349,22.7298838],[120.3171523,22.7298653],[120.3171161,22.7298244],[120.3172181,22.7297428],[120.3172579,22.7297859],[120.3172834,22.729774],[120.3173018,22.7297547],[120.3172602,22.7297106],[120.3173626,22.729636],[120.3172897,22.7295447],[120.3167331,22.7299581]]]}},{"type":"Feature","id":"way/231986727","properties":{"osm_id":231986727,"osm_type":"way","building":"yes","name":null,"addr_housenumber":null,"addr_street":null,"raw_height":null,"building_levels":null,"raw_min_height":null,"roof_levels":null,"height_m":9,"min_height_m":0,"height_source":"building_type_default","default_height_rule":"yes","confidence":"low"},"geometry":{"type":"Polygon","coordinates":[[[120.3061009,22.728218],[120.3061038,22.7280474],[120.3062072,22.7280488],[120.3062044,22.7282195],[120.3061009,22.728218]]]}},{"type":"Feature","id":"way/231986729","properties":{"osm_id":231986729,"osm_type":"way","building":"apartments","name":null,"addr_housenumber":null,"addr_street":null,"raw_height":null,"building_levels":null,"raw_min_height":null,"roof_levels":null,"height_m":10,"min_height_m":0,"height_source":"building_type_default","default_height_rule":"apartments","confidence":"low"},"geometry":{"type":"Polygon","coordinates":[[[120.3062761,22.7273251],[120.3061578,22.7273201],[120.3061478,22.7273142],[120.3061323,22.7272991],[120.3061278,22.7272874],[120.3061351,22.7271523],[120.3062833,22.7271565],[120.3062815,22.7272244],[120.306309,22.7272287],[120.3063108,22.7272556],[120.3062806,22.7272513],[120.3062761,22.7273251]]]}},{"type":"Feature","id":"way/231986730","properties":{"osm_id":231986730,"osm_type":"way","building":"apartments","name":null,"addr_housenumber":null,"addr_street":null,"raw_height":null,"building_levels":null,"raw_min_height":null,"roof_levels":null,"height_m":10,"min_height_m":0,"height_source":"building_type_default","default_height_rule":"apartments","confidence":"low"},"geometry":{"type":"Polygon","coordinates":[[[120.3061408,22.7270646],[120.3062611,22.7270672],[120.3062606,22.7270945],[120.3062606,22.7270972],[120.3063795,22.7271028],[120.3063826,22.7269997],[120.3062615,22.7269949],[120.3062614,22.7269722],[120.3063235,22.7269745],[120.306328,22.7269286],[120.3062755,22.7269251],[120.3062839,22.7268118],[120.306309,22.7268202],[120.3063093,22.7268204],[120.3062987,22.7268533],[120.3063084,22.7268568],[120.3063594,22.7268751],[120.3063725,22.7268431],[120.3063958,22.7268505],[120.3064125,22.7268559],[120.3064493,22.7267639],[120.3062477,22.7266904],[120.3062238,22.726684],[120.3062061,22.7266825],[120.3061907,22.7266833],[120.3061776,22.7266882],[120.3061684,22.7266932],[120.3061622,22.7267039],[120.3061599,22.7267181],[120.3061408,22.7270646]]]}},{"type":"Feature","id":"way/231986731","properties":{"osm_id":231986731,"osm_type":"way","building":"apartments","name":null,"addr_housenumber":null,"addr_street":null,"raw_height":null,"building_levels":null,"raw_min_height":null,"roof_levels":null,"height_m":10,"min_height_m":0,"height_source":"building_type_default","default_height_rule":"apartments","confidence":"low"},"geometry":{"type":"Polygon","coordinates":[[[120.3064303,22.7268623],[120.3064416,22.7268337],[120.3064678,22.7267675],[120.3069153,22.7269238],[120.3068807,22.7270211],[120.3068534,22.7270129],[120.3068355,22.7270075],[120.3068183,22.7270488],[120.3067559,22.7270282],[120.3067598,22.7270171],[120.3067718,22.7269863],[120.3067137,22.7269657],[120.3066939,22.7269586],[120.3066766,22.7270019],[120.3066048,22.7269737],[120.3066074,22.7269658],[120.3066214,22.7269325],[120.3065873,22.7269201],[120.3065541,22.726908],[120.3065356,22.7269522],[120.3064793,22.726934],[120.3064694,22.7269295],[120.3064878,22.7268833],[120.3064303,22.7268623]]]}},{"type":"Feature","id":"way/231986732","properties":{"osm_id":231986732,"osm_type":"way","building":"yes","name":null,"addr_housenumber":null,"addr_street":null,"raw_height":null,"building_levels":null,"raw_min_height":null,"roof_levels":null,"height_m":9,"min_height_m":0,"height_source":"building_type_default","default_height_rule":"yes","confidence":"low"},"geometry":{"type":"Polygon","coordinates":[[[120.3061363,22.7271472],[120.3061363,22.7270962],[120.3062582,22.7271021],[120.306328,22.7271048],[120.3063269,22.7271543],[120.3062992,22.7271533],[120.3062843,22.7271527],[120.3061612,22.7271485],[120.3061363,22.7271472]]]}},{"type":"Feature","id":"way/231987086","properties":{"osm_id":231987086,"osm_type":"way","building":"apartments","name":"上流社會","addr_housenumber":null,"addr_street":null,"raw_height":null,"building_levels":"13","raw_min_height":null,"roof_levels":null,"height_m":41.6,"min_height_m":0,"height_source":"osm_levels_derived","default_height_rule":null,"confidence":"medium"},"geometry":{"type":"Polygon","coordinates":[[[120.3059335,22.7258533],[120.3059445,22.7257555],[120.3062193,22.7257804],[120.3062059,22.7258808],[120.3061842,22.7258784],[120.3061409,22.7258734],[120.3061372,22.725901],[120.3060979,22.7258965],[120.3061015,22.7258704],[120.3060715,22.725867],[120.306034,22.7258627],[120.3060301,22.7258918],[120.3059867,22.7258868],[120.3059903,22.7258597],[120.3059335,22.7258533]]]}},{"type":"Feature","id":"way/231990929","properties":{"osm_id":231990929,"osm_type":"way","building":"yes","name":"高雄高等行政法院","addr_housenumber":null,"addr_street":null,"raw_height":null,"building_levels":null,"raw_min_height":null,"roof_levels":null,"height_m":9,"min_height_m":0,"height_source":"building_type_default","default_height_rule":"yes","confidence":"low"},"geometry":{"type":"Polygon","coordinates":[[[120.3354244,22.7317958],[120.3355762,22.7318004],[120.3355762,22.7317286],[120.3356305,22.731751],[120.3356536,22.7317532],[120.3356925,22.7317494],[120.3357453,22.7317298],[120.335744,22.7317912],[120.3359067,22.7317915],[120.3359082,22.7317241],[120.3359921,22.7317264],[120.3359958,22.7314327],[120.3358995,22.7314316],[120.3358986,22.7314575],[120.3357798,22.7314521],[120.3357835,22.7313473],[120.3355679,22.7313444],[120.3355651,22.7314532],[120.3354495,22.7314522],[120.3354503,22.7314327],[120.3353553,22.7314316],[120.3353528,22.7317195],[120.3354269,22.7317241],[120.3354244,22.7317958]]]}},{"type":"Feature","id":"way/231990930","properties":{"osm_id":231990930,"osm_type":"way","building":"yes","name":"臺灣高雄少年及家事法院","addr_housenumber":null,"addr_street":null,"raw_height":null,"building_levels":null,"raw_min_height":null,"roof_levels":null,"height_m":9,"min_height_m":0,"height_source":"building_type_default","default_height_rule":"yes","confidence":"low"},"geometry":{"type":"Polygon","coordinates":[[[120.334892,22.7320303],[120.3352654,22.7320331],[120.3352662,22.7319406],[120.3352997,22.7319409],[120.3353024,22.7316359],[120.3352633,22.7316356],[120.335264,22.7315618],[120.3351272,22.7315608],[120.3351265,22.7316376],[120.3350421,22.731637],[120.3350427,22.7315636],[120.3348946,22.7315624],[120.3348939,22.7316438],[120.3348589,22.7316436],[120.3348562,22.7319392],[120.3348929,22.7319395],[120.334892,22.7320303]]]}},{"type":"Feature","id":"way/232000098","properties":{"osm_id":232000098,"osm_type":"way","building":"apartments","name":"北國麗景","addr_housenumber":null,"addr_street":null,"raw_height":null,"building_levels":null,"raw_min_height":null,"roof_levels":null,"height_m":10,"min_height_m":0,"height_source":"building_type_default","default_height_rule":"apartments","confidence":"low"},"geometry":{"type":"Polygon","coordinates":[[[120.3377797,22.7414719],[120.3378228,22.741434],[120.3381608,22.7417925],[120.3382679,22.7417069],[120.3378581,22.7412873],[120.3378307,22.741274],[120.3378039,22.7412691],[120.3377784,22.7412777],[120.3377623,22.7412913],[120.3376778,22.7413606],[120.3376845,22.7413631],[120.3377797,22.7414719]]]}},{"type":"Feature","id":"way/232000099","properties":{"osm_id":232000099,"osm_type":"way","building":"apartments","name":"北國麗景","addr_housenumber":null,"addr_street":null,"raw_height":null,"building_levels":null,"raw_min_height":null,"roof_levels":null,"height_m":10,"min_height_m":0,"height_source":"building_type_default","default_height_rule":"apartments","confidence":"low"},"geometry":{"type":"Polygon","coordinates":[[[120.3382506,22.7418865],[120.3382088,22.74188],[120.3382133,22.7418553],[120.3381354,22.7418432],[120.3381218,22.741917],[120.3380911,22.7419147],[120.3380782,22.7419191],[120.3380712,22.7419306],[120.3380711,22.7419509],[120.3380823,22.7419621],[120.3381121,22.7419688],[120.3380924,22.7420607],[120.338063,22.7420585],[120.338051,22.7420649],[120.3380451,22.7420773],[120.3380437,22.7420906],[120.3380481,22.7421034],[120.3380846,22.7421115],[120.3380676,22.7422059],[120.3380365,22.7422032],[120.3380246,22.7422098],[120.3380157,22.742226],[120.3380191,22.7422422],[120.3380255,22.7422517],[120.3380584,22.7422597],[120.3380451,22.7423404],[120.3381198,22.7423509],[120.3381257,22.7423153],[120.3381787,22.7423227],[120.3382506,22.7418865]]]}},{"type":"Feature","id":"way/232000100","properties":{"osm_id":232000100,"osm_type":"way","building":"apartments","name":"北國麗景","addr_housenumber":null,"addr_street":null,"raw_height":null,"building_levels":null,"raw_min_height":null,"roof_levels":null,"height_m":10,"min_height_m":0,"height_source":"building_type_default","default_height_rule":"apartments","confidence":"low"},"geometry":{"type":"Polygon","coordinates":[[[120.3376131,22.7419381],[120.3376607,22.7419468],[120.3376573,22.7419627],[120.3377025,22.7419709],[120.3377172,22.7419023],[120.3377778,22.7419133],[120.3377871,22.7419038],[120.3377913,22.7418936],[120.337792,22.7418822],[120.3377873,22.7418688],[120.3377183,22.7418563],[120.33774,22.7417545],[120.3378101,22.7417673],[120.3378182,22.7417588],[120.3378236,22.7417484],[120.3378257,22.7417347],[120.3378198,22.7417219],[120.3377519,22.7417095],[120.3377727,22.741612],[120.337842,22.7416246],[120.3378506,22.7416164],[120.3378544,22.7416056],[120.3378561,22.7415916],[120.337852,22.7415776],[120.3377912,22.7415666],[120.337806,22.7414974],[120.3377677,22.7414904],[120.3377629,22.7415131],[120.3377053,22.7415028],[120.3376131,22.7419381]]]}},{"type":"Feature","id":"way/232000101","properties":{"osm_id":232000101,"osm_type":"way","building":"apartments","name":"北國麗景","addr_housenumber":null,"addr_street":null,"raw_height":null,"building_levels":null,"raw_min_height":null,"roof_levels":null,"height_m":10,"min_height_m":0,"height_source":"building_type_default","default_height_rule":"apartments","confidence":"low"},"geometry":{"type":"Polygon","coordinates":[[[120.3376275,22.7421017],[120.3378621,22.7423326],[120.337889,22.7423094],[120.3378983,22.7423186],[120.3379718,22.7422551],[120.3379191,22.7422033],[120.337952,22.7421749],[120.3379486,22.7421581],[120.3379427,22.7421463],[120.3379275,22.7421368],[120.3379092,22.7421328],[120.3378771,22.7421606],[120.3378109,22.7420955],[120.3378523,22.7420597],[120.3378477,22.7420446],[120.337839,22.7420322],[120.3378265,22.7420224],[120.3378088,22.7420168],[120.3377721,22.7420485],[120.337722,22.7419992],[120.337651,22.7420606],[120.3376623,22.7420717],[120.3376275,22.7421017]]]}},{"type":"Feature","id":"way/232011373","properties":{"osm_id":232011373,"osm_type":"way","building":"apartments","name":null,"addr_housenumber":null,"addr_street":null,"raw_height":null,"building_levels":null,"raw_min_height":null,"roof_levels":null,"height_m":10,"min_height_m":0,"height_source":"building_type_default","default_height_rule":"apartments","confidence":"low"},"geometry":{"type":"Polygon","coordinates":[[[120.302182,22.7278824],[120.3022328,22.7274919],[120.3023595,22.727506],[120.3023087,22.7278964],[120.302182,22.7278824]]]}},{"type":"Feature","id":"way/232011374","properties":{"osm_id":232011374,"osm_type":"way","building":"yes","name":"菁英會館雄三","addr_housenumber":null,"addr_street":null,"raw_height":null,"building_levels":"12","raw_min_height":null,"roof_levels":null,"height_m":38.4,"min_height_m":0,"height_source":"osm_levels_derived","default_height_rule":null,"confidence":"medium"},"geometry":{"type":"Polygon","coordinates":[[[120.3036687,22.727607],[120.3036141,22.7276082],[120.3036085,22.7273976],[120.303802,22.7273933],[120.3038089,22.7276568],[120.3036701,22.7276599],[120.3036687,22.727607]]]}},{"type":"Feature","id":"way/232642578","properties":{"osm_id":232642578,"osm_type":"way","building":"apartments","name":"米蘭大道","addr_housenumber":null,"addr_street":null,"raw_height":null,"building_levels":"13","raw_min_height":null,"roof_levels":null,"height_m":41.6,"min_height_m":0,"height_source":"osm_levels_derived","default_height_rule":null,"confidence":"medium"},"geometry":{"type":"Polygon","coordinates":[[[120.29174,22.721494],[120.2917674,22.7215086],[120.2922114,22.7215301],[120.2922489,22.7215171],[120.2922539,22.7214204],[120.2917467,22.7213962],[120.29174,22.721494]]]}},{"type":"Feature","id":"way/232642579","properties":{"osm_id":232642579,"osm_type":"way","building":"apartments","name":"米蘭大道","addr_housenumber":null,"addr_street":null,"raw_height":null,"building_levels":"13","raw_min_height":null,"roof_levels":null,"height_m":41.6,"min_height_m":0,"height_source":"osm_levels_derived","default_height_rule":null,"confidence":"medium"},"geometry":{"type":"Polygon","coordinates":[[[120.2917454,22.7213247],[120.2922607,22.7213375],[120.2922636,22.7212379],[120.2917482,22.7212255],[120.2917454,22.7213247]]]}},{"type":"Feature","id":"way/232723582","properties":{"osm_id":232723582,"osm_type":"way","building":"apartments","name":"京城水森林","addr_housenumber":null,"addr_street":null,"raw_height":null,"building_levels":"15","raw_min_height":null,"roof_levels":null,"height_m":48,"min_height_m":0,"height_source":"osm_levels_derived","default_height_rule":null,"confidence":"medium"},"geometry":{"type":"Polygon","coordinates":[[[120.3033115,22.7284778],[120.3033051,22.7283843],[120.3033518,22.7283816],[120.3033467,22.7283043],[120.303287,22.7283078],[120.3032806,22.728212],[120.30357,22.7281954],[120.303576,22.7282843],[120.3035268,22.7282872],[120.3035317,22.7283589],[120.3035825,22.728356],[120.3035897,22.7284618],[120.3033115,22.7284778]]]}},{"type":"Feature","id":"way/232848671","properties":{"osm_id":232848671,"osm_type":"way","building":"yes","name":null,"addr_housenumber":null,"addr_street":null,"raw_height":null,"building_levels":null,"raw_min_height":null,"roof_levels":null,"height_m":9,"min_height_m":0,"height_source":"building_type_default","default_height_rule":"yes","confidence":"low"},"geometry":{"type":"Polygon","coordinates":[[[120.3063826,22.7271766],[120.3064188,22.7270863],[120.306684,22.727181],[120.3066522,22.7272656],[120.3063826,22.7271766]]]}},{"type":"Feature","id":"way/232848672","properties":{"osm_id":232848672,"osm_type":"way","building":"yes","name":null,"addr_housenumber":null,"addr_street":null,"raw_height":null,"building_levels":null,"raw_min_height":null,"roof_levels":null,"height_m":9,"min_height_m":0,"height_source":"building_type_default","default_height_rule":"yes","confidence":"low"},"geometry":{"type":"Polygon","coordinates":[[[120.3066803,22.7272446],[120.306706,22.7271791],[120.3067427,22.7271937],[120.3067192,22.7272569],[120.3066803,22.7272446]]]}},{"type":"Feature","id":"way/232850107","properties":{"osm_id":232850107,"osm_type":"way","building":"yes","name":null,"addr_housenumber":null,"addr_street":null,"raw_height":null,"building_levels":null,"raw_min_height":null,"roof_levels":null,"height_m":9,"min_height_m":0,"height_source":"building_type_default","default_height_rule":"yes","confidence":"low"},"geometry":{"type":"Polygon","coordinates":[[[120.3064171,22.7270232],[120.3064343,22.7269652],[120.3067995,22.7270982],[120.3068753,22.7271255],[120.306853,22.7271818],[120.3064171,22.7270232]]]}},{"type":"Feature","id":"way/232850113","properties":{"osm_id":232850113,"osm_type":"way","building":"yes","name":null,"addr_housenumber":null,"addr_street":null,"raw_height":null,"building_levels":null,"raw_min_height":null,"roof_levels":null,"height_m":9,"min_height_m":0,"height_source":"building_type_default","default_height_rule":"yes","confidence":"low"},"geometry":{"type":"Polygon","coordinates":[[[120.3068421,22.7272087],[120.306853,22.7271818],[120.3068753,22.7271255],[120.3069498,22.7271543],[120.3069153,22.7272387],[120.3068421,22.7272087]]]}},{"type":"Feature","id":"way/232850117","properties":{"osm_id":232850117,"osm_type":"way","building":"yes","name":null,"addr_housenumber":null,"addr_street":null,"raw_height":null,"building_levels":null,"raw_min_height":null,"roof_levels":null,"height_m":9,"min_height_m":0,"height_source":"building_type_default","default_height_rule":"yes","confidence":"low"},"geometry":{"type":"Polygon","coordinates":[[[120.30697,22.7270976],[120.3071369,22.7271576],[120.3072027,22.7269874],[120.307033,22.7269304],[120.30697,22.7270976]]]}},{"type":"Feature","id":"way/232959130","properties":{"osm_id":232959130,"osm_type":"way","building":"apartments","name":"公園第一樓","addr_housenumber":null,"addr_street":null,"raw_height":null,"building_levels":"14","raw_min_height":null,"roof_levels":null,"height_m":44.8,"min_height_m":0,"height_source":"osm_levels_derived","default_height_rule":null,"confidence":"medium"},"geometry":{"type":"Polygon","coordinates":[[[120.3059543,22.7290212],[120.3059829,22.728855],[120.3049401,22.7287023],[120.3049115,22.7288683],[120.3050232,22.7288846],[120.3050354,22.7288133],[120.3058487,22.7289324],[120.3058363,22.7290039],[120.3059543,22.7290212]]]}},{"type":"Feature","id":"way/233084516","properties":{"osm_id":233084516,"osm_type":"way","building":"apartments","name":null,"addr_housenumber":null,"addr_street":null,"raw_height":null,"building_levels":"7","raw_min_height":null,"roof_levels":null,"height_m":22.4,"min_height_m":0,"height_source":"osm_levels_derived","default_height_rule":null,"confidence":"medium"},"geometry":{"type":"Polygon","coordinates":[[[120.3080011,22.7271592],[120.3080394,22.7270724],[120.3080982,22.7270944],[120.3081171,22.7270515],[120.3081629,22.7270687],[120.3081406,22.7271193],[120.3082479,22.7271596],[120.3082847,22.7270762],[120.3082417,22.72706],[120.308257,22.7270254],[120.3082914,22.7270383],[120.3083286,22.7269542],[120.3084397,22.726996],[120.3083289,22.727247],[120.3083131,22.7272641],[120.3082937,22.7272683],[120.3080011,22.7271592]]]}},{"type":"Feature","id":"way/233103936","properties":{"osm_id":233103936,"osm_type":"way","building":"yes","name":null,"addr_housenumber":null,"addr_street":null,"raw_height":null,"building_levels":null,"raw_min_height":null,"roof_levels":null,"height_m":9,"min_height_m":0,"height_source":"building_type_default","default_height_rule":"yes","confidence":"low"},"geometry":{"type":"Polygon","coordinates":[[[120.3076253,22.7269569],[120.3076211,22.7269883],[120.3076324,22.7270066],[120.3076438,22.7270223],[120.3079777,22.7271496],[120.3080546,22.7269956],[120.3080584,22.7269861],[120.3080747,22.7269449],[120.3080439,22.7268237],[120.3080291,22.7268237],[120.3079875,22.7266827],[120.3079018,22.7267215],[120.307855,22.7267464],[120.3078153,22.7267712],[120.3077855,22.7267895],[120.3077317,22.7268301],[120.3076957,22.7268643],[120.3076885,22.7268744],[120.3076693,22.7268941],[120.3076395,22.7269307],[120.3076253,22.7269569]]]}},{"type":"Feature","id":"way/233103943","properties":{"osm_id":233103943,"osm_type":"way","building":"apartments","name":"名流世家","addr_housenumber":null,"addr_street":null,"raw_height":null,"building_levels":"7","raw_min_height":null,"roof_levels":null,"height_m":22.4,"min_height_m":0,"height_source":"osm_levels_derived","default_height_rule":null,"confidence":"medium"},"geometry":{"type":"Polygon","coordinates":[[[120.3080611,22.7266307],[120.3081371,22.7268666],[120.3084419,22.726982],[120.3085775,22.7266808],[120.3085876,22.7266614],[120.3085874,22.7266224],[120.3085747,22.7266011],[120.3085392,22.7265893],[120.3084705,22.726574],[120.3083667,22.7265723],[120.3082653,22.7265752],[120.3081658,22.7265939],[120.3080611,22.7266307]]]}},{"type":"Feature","id":"way/233126876","properties":{"osm_id":233126876,"osm_type":"way","building":"apartments","name":"百世可樂","addr_housenumber":null,"addr_street":null,"raw_height":null,"building_levels":"13","raw_min_height":null,"roof_levels":null,"height_m":41.6,"min_height_m":0,"height_source":"osm_levels_derived","default_height_rule":null,"confidence":"medium"},"geometry":{"type":"Polygon","coordinates":[[[120.3017075,22.7268568],[120.3018408,22.7268636],[120.3018864,22.7262011],[120.301872,22.7261756],[120.301844,22.7261627],[120.3015381,22.7261304],[120.3015369,22.7262478],[120.3017433,22.7262694],[120.3017075,22.7268568]]]}},{"type":"Feature","id":"way/233331361","properties":{"osm_id":233331361,"osm_type":"way","building":"residential","name":"亞太國際村","addr_housenumber":null,"addr_street":null,"raw_height":null,"building_levels":"4","raw_min_height":null,"roof_levels":null,"height_m":12.8,"min_height_m":0,"height_source":"osm_levels_derived","default_height_rule":null,"confidence":"medium"},"geometry":{"type":"Polygon","coordinates":[[[120.3049754,22.7259314],[120.3058727,22.7260051],[120.3058969,22.7257546],[120.3057568,22.7257431],[120.3057406,22.725911],[120.3055165,22.7258926],[120.30552,22.7258564],[120.305479,22.725853],[120.3054865,22.7257753],[120.3053481,22.7257639],[120.3053414,22.7258339],[120.305302,22.7258307],[120.3052975,22.7258769],[120.3051107,22.7258615],[120.3051259,22.7257033],[120.3049985,22.7256929],[120.3049754,22.7259314]]]}},{"type":"Feature","id":"way/233350033","properties":{"osm_id":233350033,"osm_type":"way","building":"apartments","name":null,"addr_housenumber":null,"addr_street":null,"raw_height":null,"building_levels":"15","raw_min_height":null,"roof_levels":null,"height_m":48,"min_height_m":0,"height_source":"osm_levels_derived","default_height_rule":null,"confidence":"medium"},"geometry":{"type":"Polygon","coordinates":[[[120.3018636,22.7279081],[120.3020492,22.7279262],[120.3020702,22.727776],[120.3018817,22.7277603],[120.3018636,22.7279081]]]}},{"type":"Feature","id":"way/233350034","properties":{"osm_id":233350034,"osm_type":"way","building":"apartments","name":"羅浮宮","addr_housenumber":null,"addr_street":"德信街105巷","raw_height":null,"building_levels":"15","raw_min_height":null,"roof_levels":null,"height_m":48,"min_height_m":0,"height_source":"osm_levels_derived","default_height_rule":null,"confidence":"medium"},"geometry":{"type":"Polygon","coordinates":[[[120.3018849,22.7277422],[120.3019053,22.7275806],[120.3020769,22.7275979],[120.3020535,22.7277587],[120.3019193,22.7277456],[120.3018849,22.7277422]]]}},{"type":"Feature","id":"way/233350035","properties":{"osm_id":233350035,"osm_type":"way","building":"apartments","name":null,"addr_housenumber":null,"addr_street":null,"raw_height":null,"building_levels":"15","raw_min_height":null,"roof_levels":null,"height_m":48,"min_height_m":0,"height_source":"osm_levels_derived","default_height_rule":null,"confidence":"medium"},"geometry":{"type":"Polygon","coordinates":[[[120.3019049,22.7275596],[120.3019331,22.7275623],[120.3020987,22.7275779],[120.3021147,22.7274324],[120.3019245,22.7274079],[120.3019049,22.7275596]]]}},{"type":"Feature","id":"way/233350995","properties":{"osm_id":233350995,"osm_type":"way","building":"residential","name":"玫瑰花園","addr_housenumber":null,"addr_street":null,"raw_height":null,"building_levels":null,"raw_min_height":null,"roof_levels":null,"height_m":10,"min_height_m":0,"height_source":"building_type_default","default_height_rule":"residential","confidence":"low"},"geometry":{"type":"Polygon","coordinates":[[[120.2994343,22.7267253],[120.2994442,22.7266838],[120.2994423,22.726665],[120.2994374,22.7266568],[120.2994268,22.72665],[120.2994106,22.7266411],[120.2993905,22.7266345],[120.2993702,22.7266342],[120.299358,22.7266346],[120.2993438,22.7266374],[120.299324,22.726657],[120.2992441,22.7269601],[120.2992344,22.7270012],[120.2992392,22.7270299],[120.2992552,22.7270572],[120.2994484,22.7271593],[120.2994664,22.7271046],[120.2994454,22.7270904],[120.2994737,22.7270225],[120.2994139,22.7269853],[120.2994343,22.7267253]]]}},{"type":"Feature","id":"way/237779869","properties":{"osm_id":237779869,"osm_type":"way","building":"yes","name":null,"addr_housenumber":null,"addr_street":null,"raw_height":null,"building_levels":null,"raw_min_height":null,"roof_levels":null,"height_m":9,"min_height_m":0,"height_source":"building_type_default","default_height_rule":"yes","confidence":"low"},"geometry":{"type":"Polygon","coordinates":[[[120.28985,22.7322806],[120.2898466,22.7321316],[120.2904646,22.7321198],[120.290468,22.7322688],[120.28985,22.7322806]]]}},{"type":"Feature","id":"way/237779870","properties":{"osm_id":237779870,"osm_type":"way","building":"yes","name":null,"addr_housenumber":null,"addr_street":null,"raw_height":null,"building_levels":null,"raw_min_height":null,"roof_levels":null,"height_m":9,"min_height_m":0,"height_source":"building_type_default","default_height_rule":"yes","confidence":"low"},"geometry":{"type":"Polygon","coordinates":[[[120.2892322,22.7322571],[120.2891906,22.7317626],[120.2890111,22.7317755],[120.2890527,22.73227],[120.2892322,22.7322571]]]}},{"type":"Feature","id":"way/237779871","properties":{"osm_id":237779871,"osm_type":"way","building":"yes","name":null,"addr_housenumber":null,"addr_street":null,"raw_height":null,"building_levels":null,"raw_min_height":null,"roof_levels":null,"height_m":9,"min_height_m":0,"height_source":"building_type_default","default_height_rule":"yes","confidence":"low"},"geometry":{"type":"Polygon","coordinates":[[[120.2892764,22.7317722],[120.2892482,22.7313287],[120.28965,22.731307],[120.2896782,22.7317505],[120.2892764,22.7317722]]]}},{"type":"Feature","id":"way/255792425","properties":{"osm_id":255792425,"osm_type":"way","building":"industrial","name":"日月光K11","addr_housenumber":null,"addr_street":null,"raw_height":null,"building_levels":null,"raw_min_height":null,"roof_levels":null,"height_m":9,"min_height_m":0,"height_source":"building_type_default","default_height_rule":"industrial","confidence":"low"},"geometry":{"type":"Polygon","coordinates":[[[120.3041127,22.722784],[120.304367,22.7222128],[120.3047316,22.7223509],[120.3049077,22.7219554],[120.3055333,22.7221924],[120.3051028,22.7231591],[120.3041127,22.722784]]]}},{"type":"Feature","id":"way/255792592","properties":{"osm_id":255792592,"osm_type":"way","building":"industrial","name":"日月光K7","addr_housenumber":null,"addr_street":null,"raw_height":null,"building_levels":null,"raw_min_height":null,"roof_levels":null,"height_m":9,"min_height_m":0,"height_source":"building_type_default","default_height_rule":"industrial","confidence":"low"},"geometry":{"type":"Polygon","coordinates":[[[120.2995135,22.7237806],[120.2998978,22.7229309],[120.3009923,22.7233173],[120.3005571,22.7243351],[120.2995135,22.7237806]]]}},{"type":"Feature","id":"way/256790425","properties":{"osm_id":256790425,"osm_type":"way","building":"university","name":"大信樓","addr_housenumber":null,"addr_street":null,"raw_height":null,"building_levels":null,"raw_min_height":null,"roof_levels":null,"height_m":15,"min_height_m":0,"height_source":"building_type_default","default_height_rule":"university","confidence":"low"},"geometry":{"type":"Polygon","coordinates":[[[120.3149355,22.725589],[120.3153835,22.7255915],[120.3153808,22.7252278],[120.3149302,22.7252204],[120.3149355,22.725589]]]}},{"type":"Feature","id":"way/256790426","properties":{"osm_id":256790426,"osm_type":"way","building":"university","name":"大仁樓","addr_housenumber":null,"addr_street":null,"raw_height":null,"building_levels":null,"raw_min_height":null,"roof_levels":null,"height_m":15,"min_height_m":0,"height_source":"building_type_default","default_height_rule":"university","confidence":"low"},"geometry":{"type":"Polygon","coordinates":[[[120.315673,22.7260014],[120.3156761,22.7256368],[120.3152332,22.7256335],[120.31523,22.7259981],[120.315673,22.7260014]]]}},{"type":"Feature","id":"way/256790427","properties":{"osm_id":256790427,"osm_type":"way","building":"university","name":"弘德樓","addr_housenumber":null,"addr_street":null,"raw_height":null,"building_levels":null,"raw_min_height":null,"roof_levels":null,"height_m":15,"min_height_m":0,"height_source":"building_type_default","default_height_rule":"university","confidence":"low"},"geometry":{"type":"Polygon","coordinates":[[[120.3153841,22.7260408],[120.3153853,22.7264091],[120.3149288,22.7264015],[120.3149346,22.7260365],[120.3153841,22.7260408]]]}},{"type":"Feature","id":"way/256790428","properties":{"osm_id":256790428,"osm_type":"way","building":"university","name":"行政大樓","addr_housenumber":null,"addr_street":null,"raw_height":null,"building_levels":null,"raw_min_height":null,"roof_levels":null,"height_m":15,"min_height_m":0,"height_source":"building_type_default","default_height_rule":"university","confidence":"low"},"geometry":{"type":"Polygon","coordinates":[[[120.3148638,22.7265888],[120.3148643,22.7263392],[120.3146765,22.7263388],[120.3146766,22.7263112],[120.3146596,22.7262899],[120.3146305,22.7262767],[120.3146036,22.7262743],[120.3145768,22.7262796],[120.3145563,22.7263023],[120.3145478,22.7263337],[120.3143519,22.7263334],[120.3143514,22.7265879],[120.3148638,22.7265888]]]}},{"type":"Feature","id":"way/256790429","properties":{"osm_id":256790429,"osm_type":"way","building":"university","name":"寰宇樓","addr_housenumber":null,"addr_street":null,"raw_height":null,"building_levels":null,"raw_min_height":null,"roof_levels":null,"height_m":15,"min_height_m":0,"height_source":"building_type_default","default_height_rule":"university","confidence":"low"},"geometry":{"type":"Polygon","coordinates":[[[120.3143184,22.7260133],[120.314317,22.7263659],[120.3138527,22.7263643],[120.3138541,22.7260117],[120.3143184,22.7260133]]]}},{"type":"Feature","id":"way/256790430","properties":{"osm_id":256790430,"osm_type":"way","building":"university","name":"致遠樓","addr_housenumber":null,"addr_street":null,"raw_height":null,"building_levels":null,"raw_min_height":null,"roof_levels":null,"height_m":15,"min_height_m":0,"height_source":"building_type_default","default_height_rule":"university","confidence":"low"},"geometry":{"type":"Polygon","coordinates":[[[120.313554,22.7255955],[120.3135509,22.7259584],[120.3140153,22.7259616],[120.3140183,22.7255987],[120.313554,22.7255955]]]}},{"type":"Feature","id":"way/256790431","properties":{"osm_id":256790431,"osm_type":"way","building":"university","name":"立誠樓","addr_housenumber":null,"addr_street":null,"raw_height":null,"building_levels":null,"raw_min_height":null,"roof_levels":null,"height_m":15,"min_height_m":0,"height_source":"building_type_default","default_height_rule":"university","confidence":"low"},"geometry":{"type":"Polygon","coordinates":[[[120.3138978,22.7255508],[120.3143352,22.7255536],[120.3143377,22.7252176],[120.3139003,22.7252149],[120.3138978,22.7255508]]]}},{"type":"Feature","id":"way/256790790","properties":{"osm_id":256790790,"osm_type":"way","building":"university","name":"樂群樓","addr_housenumber":null,"addr_street":null,"raw_height":null,"building_levels":null,"raw_min_height":null,"roof_levels":null,"height_m":15,"min_height_m":0,"height_source":"building_type_default","default_height_rule":"university","confidence":"low"},"geometry":{"type":"Polygon","coordinates":[[[120.3125024,22.7256304],[120.3124946,22.7259928],[120.3120356,22.7259844],[120.3120433,22.7256221],[120.3125024,22.7256304]]]}},{"type":"Feature","id":"way/256790791","properties":{"osm_id":256790791,"osm_type":"way","building":"university","name":"活動中心","addr_housenumber":null,"addr_street":null,"raw_height":null,"building_levels":null,"raw_min_height":null,"roof_levels":null,"height_m":15,"min_height_m":0,"height_source":"building_type_default","default_height_rule":"university","confidence":"low"},"geometry":{"type":"Polygon","coordinates":[[[120.3123162,22.7267532],[120.312318,22.7263336],[120.3129209,22.7263357],[120.3129191,22.7267554],[120.3123162,22.7267532]]]}},{"type":"Feature","id":"way/256790792","properties":{"osm_id":256790792,"osm_type":"way","building":"university","name":"圖書資訊館","addr_housenumber":null,"addr_street":null,"raw_height":null,"building_levels":null,"raw_min_height":null,"roof_levels":null,"height_m":15,"min_height_m":0,"height_source":"building_type_default","default_height_rule":"university","confidence":"low"},"geometry":{"type":"Polygon","coordinates":[[[120.3131808,22.7267224],[120.3136617,22.7267235],[120.3136623,22.7264692],[120.3131814,22.7264682],[120.3131808,22.7267224]]]}},{"type":"Feature","id":"way/256790793","properties":{"osm_id":256790793,"osm_type":"way","building":"university","name":"南海樓","addr_housenumber":null,"addr_street":null,"raw_height":null,"building_levels":null,"raw_min_height":null,"roof_levels":null,"height_m":15,"min_height_m":0,"height_source":"building_type_default","default_height_rule":"university","confidence":"low"},"geometry":{"type":"Polygon","coordinates":[[[120.3123038,22.7269789],[120.3123001,22.727348],[120.3122094,22.7273472],[120.3122091,22.7273777],[120.312092,22.7273766],[120.3120926,22.727313],[120.312007,22.7273122],[120.3120102,22.7270038],[120.3120677,22.7270043],[120.3120682,22.726955],[120.312199,22.7269562],[120.3121988,22.726978],[120.3123038,22.7269789]]]}},{"type":"Feature","id":"way/256790794","properties":{"osm_id":256790794,"osm_type":"way","building":"university","name":"黃海樓","addr_housenumber":null,"addr_street":null,"raw_height":null,"building_levels":null,"raw_min_height":null,"roof_levels":null,"height_m":15,"min_height_m":0,"height_source":"building_type_default","default_height_rule":"university","confidence":"low"},"geometry":{"type":"Polygon","coordinates":[[[120.3127553,22.7273364],[120.3127564,22.7276001],[120.3123335,22.7276015],[120.3123324,22.727338],[120.3127553,22.7273364]]]}},{"type":"Feature","id":"way/256790795","properties":{"osm_id":256790795,"osm_type":"way","building":"university","name":"東海樓","addr_housenumber":null,"addr_street":null,"raw_height":null,"building_levels":null,"raw_min_height":null,"roof_levels":null,"height_m":15,"min_height_m":0,"height_source":"building_type_default","default_height_rule":"university","confidence":"low"},"geometry":{"type":"Polygon","coordinates":[[[120.3130601,22.7273179],[120.3129803,22.7273177],[120.3129801,22.7273809],[120.3128426,22.7273805],[120.3128427,22.7273535],[120.3127694,22.7273533],[120.3127706,22.7269804],[120.3128555,22.7269806],[120.3128556,22.7269559],[120.3129768,22.7269563],[120.3129766,22.7270135],[120.3130611,22.7270137],[120.3130601,22.7273179]]]}},{"type":"Feature","id":"way/256790796","properties":{"osm_id":256790796,"osm_type":"way","building":"university","name":"體育館","addr_housenumber":null,"addr_street":null,"raw_height":null,"building_levels":null,"raw_min_height":null,"roof_levels":null,"height_m":15,"min_height_m":0,"height_source":"building_type_default","default_height_rule":"university","confidence":"low"},"geometry":{"type":"Polygon","coordinates":[[[120.3169886,22.7269618],[120.3169747,22.7277283],[120.3164927,22.727721],[120.3165065,22.7269544],[120.3169886,22.7269618]]]}},{"type":"Feature","id":"way/256790797","properties":{"osm_id":256790797,"osm_type":"way","building":"university","name":"海天樓","addr_housenumber":null,"addr_street":null,"raw_height":null,"building_levels":null,"raw_min_height":null,"roof_levels":null,"height_m":15,"min_height_m":0,"height_source":"building_type_default","default_height_rule":"university","confidence":"low"},"geometry":{"type":"Polygon","coordinates":[[[120.3165169,22.7253558],[120.316518,22.7252233],[120.3168181,22.7252212],[120.3168181,22.7255755],[120.3163289,22.7255733],[120.3163301,22.7254463],[120.3167387,22.7254452],[120.3167387,22.725358],[120.3165169,22.7253558]]]}},{"type":"Feature","id":"way/256790810","properties":{"osm_id":256790810,"osm_type":"way","building":"university","name":"慧海樓","addr_housenumber":null,"addr_street":null,"raw_height":null,"building_levels":null,"raw_min_height":null,"roof_levels":null,"height_m":15,"min_height_m":0,"height_source":"building_type_default","default_height_rule":"university","confidence":"low"},"geometry":{"type":"Polygon","coordinates":[[[120.3136003,22.7269701],[120.3135996,22.7271762],[120.3135463,22.7271761],[120.3135462,22.7272004],[120.3131661,22.7271994],[120.3131662,22.72716],[120.3131185,22.7271599],[120.3131191,22.7269716],[120.3132251,22.7269719],[120.313225,22.7270128],[120.3135029,22.7270136],[120.313503,22.7269698],[120.3136003,22.7269701]]]}},{"type":"Feature","id":"way/256791299","properties":{"osm_id":256791299,"osm_type":"way","building":"university","name":"英才樓","addr_housenumber":null,"addr_street":null,"raw_height":null,"building_levels":null,"raw_min_height":null,"roof_levels":null,"height_m":15,"min_height_m":0,"height_source":"building_type_default","default_height_rule":"university","confidence":"low"},"geometry":{"type":"Polygon","coordinates":[[[120.3124893,22.7261555],[120.3124911,22.726041],[120.3120693,22.7260353],[120.3120675,22.7261497],[120.3124893,22.7261555]]]}},{"type":"Feature","id":"way/256791300","properties":{"osm_id":256791300,"osm_type":"way","building":"university","name":"厚生樓","addr_housenumber":null,"addr_street":null,"raw_height":null,"building_levels":null,"raw_min_height":null,"roof_levels":null,"height_m":15,"min_height_m":0,"height_source":"building_type_default","default_height_rule":"university","confidence":"low"},"geometry":{"type":"Polygon","coordinates":[[[120.3126023,22.7259405],[120.3132809,22.7259505],[120.3132831,22.7258221],[120.3130086,22.725818],[120.3130122,22.7256132],[120.3133414,22.725618],[120.3133439,22.7254724],[120.3126243,22.7254617],[120.3126226,22.7255566],[120.3127429,22.7255583],[120.3127386,22.7258041],[120.3126047,22.7258022],[120.3126023,22.7259405]]]}},{"type":"Feature","id":"way/261673839","properties":{"osm_id":261673839,"osm_type":"way","building":"yes","name":"宏南社區室內體育館","addr_housenumber":null,"addr_street":null,"raw_height":null,"building_levels":null,"raw_min_height":null,"roof_levels":null,"height_m":9,"min_height_m":0,"height_source":"building_type_default","default_height_rule":"yes","confidence":"low"},"geometry":{"type":"Polygon","coordinates":[[[120.2998487,22.7041767],[120.3004847,22.7043949],[120.3005913,22.7041307],[120.2999554,22.7039123],[120.2998487,22.7041767]]]}},{"type":"Feature","id":"way/263345968","properties":{"osm_id":263345968,"osm_type":"way","building":"yes","name":"宣道會右昌堂","addr_housenumber":"2","addr_street":"忠義1巷","raw_height":null,"building_levels":null,"raw_min_height":null,"roof_levels":null,"height_m":9,"min_height_m":0,"height_source":"building_type_default","default_height_rule":"yes","confidence":"low"},"geometry":{"type":"Polygon","coordinates":[[[120.2873499,22.7075313],[120.2873959,22.7075623],[120.2875917,22.7074541],[120.2875647,22.7074126],[120.2873499,22.7075313]]]}},{"type":"Feature","id":"way/275413171","properties":{"osm_id":275413171,"osm_type":"way","building":"apartments","name":"開喜人生大廈","addr_housenumber":null,"addr_street":null,"raw_height":null,"building_levels":"12","raw_min_height":null,"roof_levels":null,"height_m":38.4,"min_height_m":0,"height_source":"osm_levels_derived","default_height_rule":null,"confidence":"medium"},"geometry":{"type":"Polygon","coordinates":[[[120.3047044,22.7272052],[120.3048253,22.7272009],[120.3047921,22.7264313],[120.3046552,22.726438],[120.3047044,22.7272052]]]}},{"type":"Feature","id":"way/275479352","properties":{"osm_id":275479352,"osm_type":"way","building":"apartments","name":"大河漾","addr_housenumber":null,"addr_street":null,"raw_height":null,"building_levels":"15","raw_min_height":null,"roof_levels":null,"height_m":48,"min_height_m":0,"height_source":"osm_levels_derived","default_height_rule":null,"confidence":"medium"},"geometry":{"type":"Polygon","coordinates":[[[120.2989499,22.7261381],[120.2989989,22.7260739],[120.2991485,22.7258781],[120.2987235,22.725602],[120.2985249,22.725862],[120.2989499,22.7261381]]]}},{"type":"Feature","id":"way/276695340","properties":{"osm_id":276695340,"osm_type":"way","building":"yes","name":null,"addr_housenumber":null,"addr_street":null,"raw_height":null,"building_levels":"4","raw_min_height":null,"roof_levels":null,"height_m":12.8,"min_height_m":0,"height_source":"osm_levels_derived","default_height_rule":null,"confidence":"medium"},"geometry":{"type":"Polygon","coordinates":[[[120.3086568,22.7278929],[120.3087999,22.7276403],[120.3087945,22.7275958],[120.3087784,22.7275562],[120.3085317,22.7274474],[120.3084646,22.7274622],[120.3083776,22.7276158],[120.3085186,22.7276838],[120.3084902,22.7277338],[120.3085726,22.7277735],[120.3085376,22.7278354],[120.3086568,22.7278929]]]}},{"type":"Feature","id":"way/280949363","properties":{"osm_id":280949363,"osm_type":"way","building":"apartments","name":null,"addr_housenumber":null,"addr_street":null,"raw_height":null,"building_levels":null,"raw_min_height":null,"roof_levels":null,"height_m":10,"min_height_m":0,"height_source":"building_type_default","default_height_rule":"apartments","confidence":"low"},"geometry":{"type":"Polygon","coordinates":[[[120.2971313,22.7220332],[120.297102,22.7221026],[120.2975205,22.722253],[120.2975498,22.7221837],[120.2971313,22.7220332]]]}},{"type":"Feature","id":"way/280949364","properties":{"osm_id":280949364,"osm_type":"way","building":"apartments","name":null,"addr_housenumber":null,"addr_street":null,"raw_height":null,"building_levels":null,"raw_min_height":null,"roof_levels":null,"height_m":10,"min_height_m":0,"height_source":"building_type_default","default_height_rule":"apartments","confidence":"low"},"geometry":{"type":"Polygon","coordinates":[[[120.2978399,22.722913],[120.2979377,22.7229488],[120.2981593,22.7224326],[120.2980615,22.7223969],[120.2978399,22.722913]]]}},{"type":"Feature","id":"way/280949365","properties":{"osm_id":280949365,"osm_type":"way","building":"apartments","name":null,"addr_housenumber":null,"addr_street":null,"raw_height":null,"building_levels":null,"raw_min_height":null,"roof_levels":null,"height_m":10,"min_height_m":0,"height_source":"building_type_default","default_height_rule":"apartments","confidence":"low"},"geometry":{"type":"Polygon","coordinates":[[[120.2972312,22.7219169],[120.297198,22.7219943],[120.2976331,22.7221532],[120.2976663,22.7220758],[120.2972312,22.7219169]]]}},{"type":"Feature","id":"way/280949366","properties":{"osm_id":280949366,"osm_type":"way","building":"apartments","name":null,"addr_housenumber":null,"addr_street":null,"raw_height":null,"building_levels":null,"raw_min_height":null,"roof_levels":null,"height_m":10,"min_height_m":0,"height_source":"building_type_default","default_height_rule":"apartments","confidence":"low"},"geometry":{"type":"Polygon","coordinates":[[[120.2975584,22.7222447],[120.2975166,22.7223572],[120.2975967,22.7223829],[120.2976403,22.7222688],[120.2975584,22.7222447]]]}},{"type":"Feature","id":"way/280949367","properties":{"osm_id":280949367,"osm_type":"way","building":"apartments","name":null,"addr_housenumber":null,"addr_street":null,"raw_height":null,"building_levels":null,"raw_min_height":null,"roof_levels":null,"height_m":10,"min_height_m":0,"height_source":"building_type_default","default_height_rule":"apartments","confidence":"low"},"geometry":{"type":"Polygon","coordinates":[[[120.2969891,22.7225378],[120.2969612,22.7226095],[120.2975471,22.7228038],[120.297575,22.7227322],[120.2969891,22.7225378]]]}},{"type":"Feature","id":"way/280949368","properties":{"osm_id":280949368,"osm_type":"way","building":"apartments","name":null,"addr_housenumber":null,"addr_street":null,"raw_height":null,"building_levels":null,"raw_min_height":null,"roof_levels":null,"height_m":10,"min_height_m":0,"height_source":"building_type_default","default_height_rule":"apartments","confidence":"low"},"geometry":{"type":"Polygon","coordinates":[[[120.2970552,22.7222089],[120.2970286,22.7222714],[120.2974538,22.7224252],[120.2974803,22.7223627],[120.2970552,22.7222089]]]}},{"type":"Feature","id":"way/280949369","properties":{"osm_id":280949369,"osm_type":"way","building":"apartments","name":null,"addr_housenumber":null,"addr_street":null,"raw_height":null,"building_levels":null,"raw_min_height":null,"roof_levels":null,"height_m":10,"min_height_m":0,"height_source":"building_type_default","default_height_rule":"apartments","confidence":"low"},"geometry":{"type":"Polygon","coordinates":[[[120.2970616,22.722362],[120.297035,22.7224314],[120.297477,22.7225756],[120.2975036,22.7225062],[120.2970616,22.722362]]]}},{"type":"Feature","id":"way/280949370","properties":{"osm_id":280949370,"osm_type":"way","building":"apartments","name":null,"addr_housenumber":null,"addr_street":null,"raw_height":null,"building_levels":null,"raw_min_height":null,"roof_levels":null,"height_m":10,"min_height_m":0,"height_source":"building_type_default","default_height_rule":"apartments","confidence":"low"},"geometry":{"type":"Polygon","coordinates":[[[120.2970528,22.7226913],[120.2970152,22.7227823],[120.2977421,22.7230383],[120.2977797,22.7229473],[120.2970528,22.7226913]]]}},{"type":"Feature","id":"way/280949371","properties":{"osm_id":280949371,"osm_type":"way","building":"apartments","name":null,"addr_housenumber":null,"addr_street":null,"raw_height":null,"building_levels":null,"raw_min_height":null,"roof_levels":null,"height_m":10,"min_height_m":0,"height_source":"building_type_default","default_height_rule":"apartments","confidence":"low"},"geometry":{"type":"Polygon","coordinates":[[[120.2977492,22.7226836],[120.2978391,22.7227174],[120.2980105,22.7223304],[120.2979207,22.7222965],[120.2977492,22.7226836]]]}},{"type":"Feature","id":"way/283771746","properties":{"osm_id":283771746,"osm_type":"way","building":"school","name":null,"addr_housenumber":null,"addr_street":null,"raw_height":null,"building_levels":null,"raw_min_height":null,"roof_levels":null,"height_m":15,"min_height_m":0,"height_source":"building_type_default","default_height_rule":"school","confidence":"low"},"geometry":{"type":"Polygon","coordinates":[[[120.3029635,22.7270876],[120.3029324,22.7269229],[120.3034507,22.7270016],[120.3034499,22.727057],[120.3033866,22.7270482],[120.3033788,22.7271502],[120.3029635,22.7270876]]]}},{"type":"Feature","id":"way/287828053","properties":{"osm_id":287828053,"osm_type":"way","building":"yes","name":null,"addr_housenumber":null,"addr_street":null,"raw_height":null,"building_levels":null,"raw_min_height":null,"roof_levels":null,"height_m":9,"min_height_m":0,"height_source":"building_type_default","default_height_rule":"yes","confidence":"low"},"geometry":{"type":"Polygon","coordinates":[[[120.3175195,22.7335101],[120.3176162,22.7335637],[120.317749,22.7333595],[120.3176523,22.733306],[120.3175195,22.7335101]]]}},{"type":"Feature","id":"way/287982371","properties":{"osm_id":287982371,"osm_type":"way","building":"public","name":"活動中心","addr_housenumber":null,"addr_street":null,"raw_height":null,"building_levels":null,"raw_min_height":null,"roof_levels":null,"height_m":15,"min_height_m":0,"height_source":"building_type_default","default_height_rule":"public","confidence":"low"},"geometry":{"type":"Polygon","coordinates":[[[120.3148435,22.7355573],[120.3148407,22.7354612],[120.3150565,22.7354557],[120.3150594,22.7355518],[120.3148435,22.7355573]]]}},{"type":"Feature","id":"way/287982372","properties":{"osm_id":287982372,"osm_type":"way","building":"public","name":"研習教室","addr_housenumber":null,"addr_street":null,"raw_height":null,"building_levels":null,"raw_min_height":null,"roof_levels":null,"height_m":15,"min_height_m":0,"height_source":"building_type_default","default_height_rule":"public","confidence":"low"},"geometry":{"type":"Polygon","coordinates":[[[120.315255,22.7354194],[120.3152806,22.7354196],[120.3155639,22.7354213],[120.3155648,22.735292],[120.3152557,22.7352903],[120.3152562,22.7353189],[120.315255,22.7354194]]]}},{"type":"Feature","id":"way/287982373","properties":{"osm_id":287982373,"osm_type":"way","building":"yes","name":null,"addr_housenumber":null,"addr_street":null,"raw_height":null,"building_levels":null,"raw_min_height":null,"roof_levels":null,"height_m":9,"min_height_m":0,"height_source":"building_type_default","default_height_rule":"yes","confidence":"low"},"geometry":{"type":"Polygon","coordinates":[[[120.3151148,22.7354449],[120.3152802,22.7354466],[120.3152806,22.7354196],[120.315255,22.7354194],[120.3152562,22.7353189],[120.3151163,22.7353175],[120.3151148,22.7354449]]]}},{"type":"Feature","id":"way/287982374","properties":{"osm_id":287982374,"osm_type":"way","building":"public","name":"展示室","addr_housenumber":null,"addr_street":null,"raw_height":null,"building_levels":null,"raw_min_height":null,"roof_levels":null,"height_m":15,"min_height_m":0,"height_source":"building_type_default","default_height_rule":"public","confidence":"low"},"geometry":{"type":"Polygon","coordinates":[[[120.3155814,22.7354733],[120.3155808,22.7353478],[120.3157451,22.7353471],[120.3157457,22.7354726],[120.3155814,22.7354733]]]}},{"type":"Feature","id":"way/287982375","properties":{"osm_id":287982375,"osm_type":"way","building":"yes","name":"兒童遊戲室","addr_housenumber":null,"addr_street":null,"raw_height":null,"building_levels":null,"raw_min_height":null,"roof_levels":null,"height_m":9,"min_height_m":0,"height_source":"building_type_default","default_height_rule":"yes","confidence":"low"},"geometry":{"type":"Polygon","coordinates":[[[120.3156712,22.7356069],[120.31567,22.7355067],[120.3158068,22.7355054],[120.315808,22.7356056],[120.3156712,22.7356069]]]}},{"type":"Feature","id":"way/287982376","properties":{"osm_id":287982376,"osm_type":"way","building":"yes","name":"兒童圖書室","addr_housenumber":null,"addr_street":null,"raw_height":null,"building_levels":null,"raw_min_height":null,"roof_levels":null,"height_m":9,"min_height_m":0,"height_source":"building_type_default","default_height_rule":"yes","confidence":"low"},"geometry":{"type":"Polygon","coordinates":[[[120.3158222,22.735605],[120.3158222,22.7355085],[120.3159509,22.7355085],[120.3159509,22.735605],[120.3158222,22.735605]]]}},{"type":"Feature","id":"way/287982377","properties":{"osm_id":287982377,"osm_type":"way","building":"yes","name":null,"addr_housenumber":null,"addr_street":null,"raw_height":null,"building_levels":null,"raw_min_height":null,"roof_levels":null,"height_m":9,"min_height_m":0,"height_source":"building_type_default","default_height_rule":"yes","confidence":"low"},"geometry":{"type":"Polygon","coordinates":[[[120.316617,22.7326953],[120.3167695,22.7327898],[120.3168658,22.7326575],[120.3167142,22.7325619],[120.316617,22.7326953]]]}},{"type":"Feature","id":"way/287982378","properties":{"osm_id":287982378,"osm_type":"way","building":"yes","name":"海洋國家公園管理處","addr_housenumber":null,"addr_street":null,"raw_height":null,"building_levels":null,"raw_min_height":null,"roof_levels":null,"height_m":9,"min_height_m":0,"height_source":"building_type_default","default_height_rule":"yes","confidence":"low"},"geometry":{"type":"Polygon","coordinates":[[[120.3166869,22.7325447],[120.3167988,22.7323937],[120.3168263,22.732411],[120.3169877,22.7325128],[120.3170061,22.7325244],[120.3168942,22.7326754],[120.3168658,22.7326575],[120.3167142,22.7325619],[120.3166869,22.7325447]]]}},{"type":"Feature","id":"way/287982379","properties":{"osm_id":287982379,"osm_type":"way","building":"yes","name":null,"addr_housenumber":null,"addr_street":null,"raw_height":null,"building_levels":null,"raw_min_height":null,"roof_levels":null,"height_m":9,"min_height_m":0,"height_source":"building_type_default","default_height_rule":"yes","confidence":"low"},"geometry":{"type":"Polygon","coordinates":[[[120.317081,22.7323931],[120.3169222,22.7322878],[120.3168263,22.732411],[120.3169877,22.7325128],[120.317081,22.7323931]]]}},{"type":"Feature","id":"way/287982380","properties":{"osm_id":287982380,"osm_type":"way","building":"yes","name":null,"addr_housenumber":null,"addr_street":null,"raw_height":null,"building_levels":null,"raw_min_height":null,"roof_levels":null,"height_m":9,"min_height_m":0,"height_source":"building_type_default","default_height_rule":"yes","confidence":"low"},"geometry":{"type":"Polygon","coordinates":[[[120.3158573,22.7321766],[120.3159779,22.7322477],[120.3160428,22.732154],[120.3159226,22.7320824],[120.3158573,22.7321766]]]}},{"type":"Feature","id":"way/287982381","properties":{"osm_id":287982381,"osm_type":"way","building":"yes","name":"遊客中心","addr_housenumber":null,"addr_street":null,"raw_height":null,"building_levels":null,"raw_min_height":null,"roof_levels":null,"height_m":9,"min_height_m":0,"height_source":"building_type_default","default_height_rule":"yes","confidence":"low"},"geometry":{"type":"Polygon","coordinates":[[[120.3159058,22.7320722],[120.3159226,22.7320824],[120.3160428,22.732154],[120.3160568,22.7321625],[120.3161931,22.7319721],[120.3161821,22.7319656],[120.3160653,22.7318931],[120.3160428,22.7318807],[120.3159058,22.7320722]]]}},{"type":"Feature","id":"way/287982382","properties":{"osm_id":287982382,"osm_type":"way","building":"yes","name":null,"addr_housenumber":null,"addr_street":null,"raw_height":null,"building_levels":null,"raw_min_height":null,"roof_levels":null,"height_m":9,"min_height_m":0,"height_source":"building_type_default","default_height_rule":"yes","confidence":"low"},"geometry":{"type":"Polygon","coordinates":[[[120.3160653,22.7318931],[120.3161394,22.7317916],[120.3162562,22.731864],[120.3161821,22.7319656],[120.3160653,22.7318931]]]}},{"type":"Feature","id":"way/287982383","properties":{"osm_id":287982383,"osm_type":"way","building":"yes","name":"維修場","addr_housenumber":null,"addr_street":null,"raw_height":null,"building_levels":null,"raw_min_height":null,"roof_levels":null,"height_m":9,"min_height_m":0,"height_source":"building_type_default","default_height_rule":"yes","confidence":"low"},"geometry":{"type":"Polygon","coordinates":[[[120.3133251,22.7307476],[120.3133217,22.7306388],[120.3136261,22.7306307],[120.3136295,22.7307396],[120.3133251,22.7307476]]]}},{"type":"Feature","id":"way/287982387","properties":{"osm_id":287982387,"osm_type":"way","building":"yes","name":null,"addr_housenumber":null,"addr_street":null,"raw_height":null,"building_levels":null,"raw_min_height":null,"roof_levels":null,"height_m":9,"min_height_m":0,"height_source":"building_type_default","default_height_rule":"yes","confidence":"low"},"geometry":{"type":"Polygon","coordinates":[[[120.3136845,22.7347654],[120.313759,22.7347004],[120.3138019,22.7347422],[120.3138519,22.7347909],[120.3137773,22.7348559],[120.3136845,22.7347654]]]}},{"type":"Feature","id":"way/287982391","properties":{"osm_id":287982391,"osm_type":"way","building":"yes","name":null,"addr_housenumber":null,"addr_street":null,"raw_height":null,"building_levels":null,"raw_min_height":null,"roof_levels":null,"height_m":9,"min_height_m":0,"height_source":"building_type_default","default_height_rule":"yes","confidence":"low"},"geometry":{"type":"Polygon","coordinates":[[[120.3133228,22.7314747],[120.3133187,22.7312419],[120.3134418,22.73124],[120.3134459,22.7314729],[120.3133228,22.7314747]]]}},{"type":"Feature","id":"way/287982393","properties":{"osm_id":287982393,"osm_type":"way","building":"yes","name":null,"addr_housenumber":null,"addr_street":null,"raw_height":null,"building_levels":null,"raw_min_height":null,"roof_levels":null,"height_m":9,"min_height_m":0,"height_source":"building_type_default","default_height_rule":"yes","confidence":"low"},"geometry":{"type":"Polygon","coordinates":[[[120.3173535,22.7347427],[120.3173829,22.7346734],[120.3174689,22.7347045],[120.3174395,22.7347737],[120.3173535,22.7347427]]]}},{"type":"Feature","id":"way/287982395","properties":{"osm_id":287982395,"osm_type":"way","building":"yes","name":"溜冰場","addr_housenumber":null,"addr_street":null,"raw_height":null,"building_levels":null,"raw_min_height":null,"roof_levels":null,"height_m":9,"min_height_m":0,"height_source":"building_type_default","default_height_rule":"yes","confidence":"low"},"geometry":{"type":"Polygon","coordinates":[[[120.3178226,22.7341491],[120.3177503,22.7341507],[120.3176828,22.7341744],[120.3176277,22.7342176],[120.3175914,22.7342752],[120.3175779,22.7343407],[120.3175889,22.7344066],[120.3176231,22.7344653],[120.317648,22.7345125],[120.3176431,22.7345635],[120.3176301,22.7345839],[120.3175941,22.7346065],[120.3175678,22.7346386],[120.317554,22.7346767],[120.3175541,22.7347169],[120.3175682,22.7347549],[120.3175963,22.7347882],[120.317635,22.7348109],[120.3176796,22.7348203],[120.3177251,22.7348153],[120.3177662,22.7347966],[120.317798,22.7347662],[120.3178164,22.7347297],[120.3178211,22.7346898],[120.3178118,22.7346505],[120.3178057,22.7346149],[120.3178009,22.7345863],[120.3178171,22.7345518],[120.3178571,22.7345316],[120.3179151,22.7345048],[120.3179662,22.7344576],[120.3179972,22.7343974],[120.3180048,22.7343311],[120.3179879,22.7342663],[120.3179486,22.7342104],[120.3178913,22.7341698],[120.3178226,22.7341491]]]}},{"type":"Feature","id":"way/287982400","properties":{"osm_id":287982400,"osm_type":"way","building":"public","name":"戶外劇場","addr_housenumber":null,"addr_street":null,"raw_height":null,"building_levels":null,"raw_min_height":null,"roof_levels":null,"height_m":15,"min_height_m":0,"height_source":"building_type_default","default_height_rule":"public","confidence":"low"},"geometry":{"type":"Polygon","coordinates":[[[120.3093806,22.7340066],[120.3092835,22.7340659],[120.3092125,22.7341511],[120.3091753,22.7342529],[120.309176,22.7343603],[120.3092146,22.7344617],[120.3092867,22.734546],[120.3093847,22.7346042],[120.3094978,22.7346298],[120.3096138,22.7346202],[120.30972,22.7345764],[120.3098051,22.7345031],[120.3098598,22.7344084],[120.3098781,22.7343024],[120.3098582,22.7341967],[120.3098022,22.7341026],[120.3097161,22.7340304],[120.3096093,22.7339879],[120.3094932,22.7339797],[120.3093806,22.7340066]]]}},{"type":"Feature","id":"way/287982416","properties":{"osm_id":287982416,"osm_type":"way","building":"yes","name":null,"addr_housenumber":null,"addr_street":null,"raw_height":null,"building_levels":null,"raw_min_height":null,"roof_levels":null,"height_m":9,"min_height_m":0,"height_source":"building_type_default","default_height_rule":"yes","confidence":"low"},"geometry":{"type":"Polygon","coordinates":[[[120.3100222,22.7358881],[120.3100137,22.7358365],[120.3100518,22.7358189],[120.3101228,22.7358007],[120.3101367,22.7358353],[120.3101294,22.7359154],[120.3100222,22.7358881]]]}},{"type":"Feature","id":"way/288067795","properties":{"osm_id":288067795,"osm_type":"way","building":"yes","name":null,"addr_housenumber":"136-1","addr_street":"德賢路","raw_height":null,"building_levels":null,"raw_min_height":null,"roof_levels":null,"height_m":9,"min_height_m":0,"height_source":"building_type_default","default_height_rule":"yes","confidence":"low"},"geometry":{"type":"Polygon","coordinates":[[[120.3081296,22.7274091],[120.30818,22.7272963],[120.3082958,22.7273404],[120.3082453,22.7274531],[120.3081296,22.7274091]]]}},{"type":"Feature","id":"way/288143029","properties":{"osm_id":288143029,"osm_type":"way","building":"yes","name":"表演廣場","addr_housenumber":null,"addr_street":null,"raw_height":null,"building_levels":null,"raw_min_height":null,"roof_levels":null,"height_m":9,"min_height_m":0,"height_source":"building_type_default","default_height_rule":"yes","confidence":"low"},"geometry":{"type":"Polygon","coordinates":[[[120.3173312,22.7330162],[120.3172992,22.7329706],[120.3172527,22.7329373],[120.3171968,22.7329202],[120.3171379,22.7329212],[120.3170827,22.7329401],[120.3170374,22.7329749],[120.3170072,22.7330215],[120.3169956,22.7330748],[120.3170037,22.7331286],[120.3170292,22.733175],[120.3170695,22.7332114],[120.3171202,22.7332342],[120.3171761,22.7332409],[120.3172314,22.7332309],[120.3172804,22.7332051],[120.317318,22.7331663],[120.3173402,22.7331185],[120.3173448,22.7330667],[120.3173312,22.7330162]]]}},{"type":"Feature","id":"way/288143030","properties":{"osm_id":288143030,"osm_type":"way","building":"yes","name":"雕塑廣場","addr_housenumber":null,"addr_street":null,"raw_height":null,"building_levels":null,"raw_min_height":null,"roof_levels":null,"height_m":9,"min_height_m":0,"height_source":"building_type_default","default_height_rule":"yes","confidence":"low"},"geometry":{"type":"Polygon","coordinates":[[[120.3169013,22.7328219],[120.3169629,22.7328845],[120.3170553,22.7328958],[120.3171601,22.7328674],[120.3172402,22.7329072],[120.3173388,22.7329186],[120.3173881,22.7329754],[120.3175236,22.7329413],[120.3176407,22.7328163],[120.3177023,22.7327424],[120.31769,22.7326514],[120.3176345,22.7325719],[120.3175544,22.7324923],[120.3174867,22.7324582],[120.3173881,22.7324184],[120.3172895,22.7323957],[120.3171231,22.7324582],[120.3169013,22.7327367],[120.3169013,22.7328219]]]}},{"type":"Feature","id":"way/288403652","properties":{"osm_id":288403652,"osm_type":"way","building":"school","name":null,"addr_housenumber":null,"addr_street":null,"raw_height":null,"building_levels":"5","raw_min_height":null,"roof_levels":null,"height_m":16,"min_height_m":0,"height_source":"osm_levels_derived","default_height_rule":null,"confidence":"medium"},"geometry":{"type":"Polygon","coordinates":[[[120.2922594,22.7295866],[120.292286,22.7297142],[120.2929244,22.72964],[120.2929058,22.7295416],[120.2931846,22.7295113],[120.2932033,22.7296103],[120.2938846,22.7295336],[120.2938176,22.7289547],[120.293603,22.7289819],[120.2936112,22.7290295],[120.2935014,22.7290393],[120.293485,22.7289374],[120.2928895,22.7290091],[120.2928815,22.7289374],[120.2930075,22.7288211],[120.2929566,22.7284228],[120.2927581,22.7284451],[120.2927688,22.7285193],[120.2926428,22.7285366],[120.2926374,22.7286331],[120.2926669,22.7287197],[120.2927822,22.7286999],[120.2927967,22.7287666],[120.2929209,22.7287463],[120.2929276,22.7288119],[120.2928418,22.728901],[120.2928217,22.7288799],[120.2927527,22.7289349],[120.292793,22.7289794],[120.2928525,22.729409],[120.2929239,22.7294005],[120.2928935,22.7291529],[120.2931765,22.7291155],[120.2931872,22.7292219],[120.2936164,22.7291675],[120.2936513,22.7291897],[120.2936781,22.7294247],[120.2934125,22.7294569],[120.2933911,22.7294322],[120.2932758,22.7294445],[120.2932597,22.7293678],[120.2927625,22.729428],[120.2927795,22.7295187],[120.2922594,22.7295866]]]}},{"type":"Feature","id":"way/288403653","properties":{"osm_id":288403653,"osm_type":"way","building":"school","name":"模構球場","addr_housenumber":null,"addr_street":null,"raw_height":null,"building_levels":null,"raw_min_height":null,"roof_levels":null,"height_m":15,"min_height_m":0,"height_source":"building_type_default","default_height_rule":"school","confidence":"low"},"geometry":{"type":"Polygon","coordinates":[[[120.2938963,22.728842],[120.2944599,22.7287834],[120.294417,22.7284326],[120.2942073,22.7284544],[120.2942043,22.7284294],[120.2940634,22.7284441],[120.2940675,22.7284776],[120.2938567,22.7285077],[120.2938963,22.728842]]]}},{"type":"Feature","id":"way/288403654","properties":{"osm_id":288403654,"osm_type":"way","building":"school","name":null,"addr_housenumber":null,"addr_street":null,"raw_height":null,"building_levels":"6","raw_min_height":null,"roof_levels":null,"height_m":19.2,"min_height_m":0,"height_source":"osm_levels_derived","default_height_rule":null,"confidence":"medium"},"geometry":{"type":"Polygon","coordinates":[[[120.2922194,22.7292373],[120.2927498,22.729165],[120.2927293,22.7290366],[120.2926508,22.7290473],[120.2926403,22.7289819],[120.2925775,22.7289904],[120.2925672,22.728926],[120.2923288,22.7289585],[120.2923384,22.7290184],[120.2922524,22.7290302],[120.2922632,22.7290973],[120.2921984,22.7291061],[120.2922194,22.7292373]]]}},{"type":"Feature","id":"way/288403655","properties":{"osm_id":288403655,"osm_type":"way","building":"school","name":null,"addr_housenumber":null,"addr_street":null,"raw_height":null,"building_levels":null,"raw_min_height":null,"roof_levels":null,"height_m":15,"min_height_m":0,"height_source":"building_type_default","default_height_rule":"school","confidence":"low"},"geometry":{"type":"Polygon","coordinates":[[[120.292776,22.728049],[120.2929303,22.7280314],[120.2929119,22.7278943],[120.2927575,22.7279119],[120.292776,22.728049]]]}},{"type":"Feature","id":"way/288604330","properties":{"osm_id":288604330,"osm_type":"way","building":"yes","name":"解說中心","addr_housenumber":null,"addr_street":null,"raw_height":null,"building_levels":null,"raw_min_height":null,"roof_levels":null,"height_m":9,"min_height_m":0,"height_source":"building_type_default","default_height_rule":"yes","confidence":"low"},"geometry":{"type":"Polygon","coordinates":[[[120.2934794,22.720515],[120.2934818,22.7203685],[120.2936218,22.7203663],[120.2936181,22.7203844],[120.2936669,22.7203872],[120.2936655,22.7203654],[120.2937691,22.7203682],[120.2937752,22.7206091],[120.2936662,22.7206081],[120.2936622,22.7205908],[120.2936299,22.7205866],[120.2936004,22.7205632],[120.2935897,22.7205372],[120.293587,22.7205149],[120.2934794,22.720515]]]}},{"type":"Feature","id":"way/288604486","properties":{"osm_id":288604486,"osm_type":"way","building":"yes","name":"東區公廁","addr_housenumber":null,"addr_street":null,"raw_height":null,"building_levels":null,"raw_min_height":null,"roof_levels":null,"height_m":9,"min_height_m":0,"height_source":"building_type_default","default_height_rule":"yes","confidence":"low"},"geometry":{"type":"Polygon","coordinates":[[[120.2944595,22.7193828],[120.2944746,22.7192733],[120.2945792,22.7192856],[120.2945641,22.7193951],[120.2944595,22.7193828]]]}},{"type":"Feature","id":"way/288801532","properties":{"osm_id":288801532,"osm_type":"way","building":"yes","name":"西區公廁","addr_housenumber":null,"addr_street":null,"raw_height":null,"building_levels":null,"raw_min_height":null,"roof_levels":null,"height_m":9,"min_height_m":0,"height_source":"building_type_default","default_height_rule":"yes","confidence":"low"},"geometry":{"type":"Polygon","coordinates":[[[120.2929648,22.7186845],[120.2928535,22.7186498],[120.2928562,22.7186251],[120.2930561,22.7185991],[120.2930579,22.7187118],[120.2929648,22.7186845]]]}},{"type":"Feature","id":"way/289557138","properties":{"osm_id":289557138,"osm_type":"way","building":"residential","name":null,"addr_housenumber":null,"addr_street":null,"raw_height":null,"building_levels":null,"raw_min_height":null,"roof_levels":null,"height_m":10,"min_height_m":0,"height_source":"building_type_default","default_height_rule":"residential","confidence":"low"},"geometry":{"type":"Polygon","coordinates":[[[120.295847,22.7229307],[120.2959186,22.7227729],[120.2964454,22.7229765],[120.2963738,22.7231343],[120.295847,22.7229307]]]}},{"type":"Feature","id":"way/289557139","properties":{"osm_id":289557139,"osm_type":"way","building":"residential","name":null,"addr_housenumber":null,"addr_street":null,"raw_height":null,"building_levels":null,"raw_min_height":null,"roof_levels":null,"height_m":10,"min_height_m":0,"height_source":"building_type_default","default_height_rule":"residential","confidence":"low"},"geometry":{"type":"Polygon","coordinates":[[[120.2964264,22.723154],[120.2964936,22.723004],[120.2970481,22.7232152],[120.2969809,22.7233653],[120.2964264,22.723154]]]}},{"type":"Feature","id":"way/289557140","properties":{"osm_id":289557140,"osm_type":"way","building":"residential","name":null,"addr_housenumber":null,"addr_street":null,"raw_height":null,"building_levels":null,"raw_min_height":null,"roof_levels":null,"height_m":10,"min_height_m":0,"height_source":"building_type_default","default_height_rule":"residential","confidence":"low"},"geometry":{"type":"Polygon","coordinates":[[[120.2969984,22.7233745],[120.2970666,22.7232037],[120.2975908,22.7233819],[120.2976153,22.7233929],[120.2976333,22.7234059],[120.2976436,22.7234249],[120.2976487,22.7234439],[120.2975818,22.7235728],[120.2969984,22.7233745]]]}},{"type":"Feature","id":"way/289999315","properties":{"osm_id":289999315,"osm_type":"way","building":"yes","name":"溜冰場","addr_housenumber":null,"addr_street":null,"raw_height":null,"building_levels":null,"raw_min_height":null,"roof_levels":null,"height_m":9,"min_height_m":0,"height_source":"building_type_default","default_height_rule":"yes","confidence":"low"},"geometry":{"type":"Polygon","coordinates":[[[120.3176463,22.7350162],[120.3176373,22.7349858],[120.3176181,22.7349598],[120.3175908,22.7349408],[120.3175584,22.734931],[120.3175242,22.7349314],[120.3174921,22.734942],[120.3174653,22.7349616],[120.3174469,22.7349881],[120.3174387,22.7350186],[120.3174417,22.73505],[120.3174555,22.7350788],[120.3174791,22.7351022],[120.3175097,22.7351172],[120.3175439,22.7351221],[120.317578,22.7351164],[120.3176082,22.7351007],[120.3176311,22.7350768],[120.3176441,22.7350477],[120.3176463,22.7350162]]]}},{"type":"Feature","id":"way/290212446","properties":{"osm_id":290212446,"osm_type":"way","building":"greenhouse","name":"溫室","addr_housenumber":null,"addr_street":null,"raw_height":null,"building_levels":null,"raw_min_height":null,"roof_levels":null,"height_m":3.5,"min_height_m":0,"height_source":"building_type_default","default_height_rule":"greenhouse","confidence":"low"},"geometry":{"type":"Polygon","coordinates":[[[120.3181257,22.7339152],[120.3181831,22.7338286],[120.3183984,22.7339501],[120.318341,22.7340367],[120.3181257,22.7339152]]]}},{"type":"Feature","id":"way/292145508","properties":{"osm_id":292145508,"osm_type":"way","building":"yes","name":null,"addr_housenumber":"612","addr_street":"右昌街","raw_height":null,"building_levels":null,"raw_min_height":null,"roof_levels":null,"height_m":9,"min_height_m":0,"height_source":"building_type_default","default_height_rule":"yes","confidence":"low"},"geometry":{"type":"Polygon","coordinates":[[[120.2849402,22.7188666],[120.2847899,22.7186368],[120.2848987,22.7185757],[120.2850163,22.7185775],[120.2851379,22.7187508],[120.2849402,22.7188666]]]}},{"type":"Feature","id":"way/293386404","properties":{"osm_id":293386404,"osm_type":"way","building":"train_station","name":"楠梓車站","addr_housenumber":null,"addr_street":null,"raw_height":null,"building_levels":"2","raw_min_height":null,"roof_levels":null,"height_m":6.4,"min_height_m":0,"height_source":"osm_levels_derived","default_height_rule":null,"confidence":"medium"},"geometry":{"type":"Polygon","coordinates":[[[120.3242418,22.7272719],[120.3244295,22.7272082],[120.3243004,22.7268842],[120.3241126,22.7269479],[120.3242418,22.7272719]]]}},{"type":"Feature","id":"way/293812222","properties":{"osm_id":293812222,"osm_type":"way","building":"yes","name":"碉堡","addr_housenumber":null,"addr_street":null,"raw_height":null,"building_levels":null,"raw_min_height":null,"roof_levels":null,"height_m":9,"min_height_m":0,"height_source":"building_type_default","default_height_rule":"yes","confidence":"low"},"geometry":{"type":"Polygon","coordinates":[[[120.3180884,22.7351218],[120.3180824,22.7351026],[120.3180698,22.7350863],[120.3180521,22.7350749],[120.3180312,22.7350697],[120.3180096,22.7350712],[120.3179898,22.7350793],[120.3179741,22.7350931],[120.3179644,22.7351109],[120.3179617,22.7351308],[120.3179664,22.7351503],[120.3179766,22.7351658],[120.3179914,22.7351776],[120.3180095,22.7351848],[120.318029,22.7351865],[120.3180482,22.7351826],[120.3180652,22.7351735],[120.3180784,22.73516],[120.318087,22.7351417],[120.3180884,22.7351218]]]}},{"type":"Feature","id":"way/294486366","properties":{"osm_id":294486366,"osm_type":"way","building":"yes","name":null,"addr_housenumber":null,"addr_street":null,"raw_height":null,"building_levels":null,"raw_min_height":null,"roof_levels":null,"height_m":9,"min_height_m":0,"height_source":"building_type_default","default_height_rule":"yes","confidence":"low"},"geometry":{"type":"Polygon","coordinates":[[[120.3171956,22.7238161],[120.317259,22.7237824],[120.3172157,22.7237133],[120.3171524,22.723747],[120.3171956,22.7238161]]]}},{"type":"Feature","id":"way/294635306","properties":{"osm_id":294635306,"osm_type":"way","building":"industrial","name":null,"addr_housenumber":null,"addr_street":null,"raw_height":null,"building_levels":null,"raw_min_height":null,"roof_levels":null,"height_m":9,"min_height_m":0,"height_source":"building_type_default","default_height_rule":"industrial","confidence":"low"},"geometry":{"type":"Polygon","coordinates":[[[120.3262734,22.7189861],[120.3269102,22.719221],[120.3268556,22.7193385],[120.327023,22.7193956],[120.3273177,22.7187914],[120.326499,22.7184759],[120.3262734,22.7189861]]]}},{"type":"Feature","id":"way/294635307","properties":{"osm_id":294635307,"osm_type":"way","building":"yes","name":null,"addr_housenumber":null,"addr_street":null,"raw_height":null,"building_levels":null,"raw_min_height":null,"roof_levels":null,"height_m":9,"min_height_m":0,"height_source":"building_type_default","default_height_rule":"yes","confidence":"low"},"geometry":{"type":"Polygon","coordinates":[[[120.3258926,22.7182552],[120.3260708,22.7183004],[120.325977,22.7186144],[120.3258046,22.7185706],[120.3258267,22.7184965],[120.3259146,22.7185188],[120.325962,22.7183599],[120.3258684,22.7183362],[120.3258926,22.7182552]]]}},{"type":"Feature","id":"way/295379529","properties":{"osm_id":295379529,"osm_type":"way","building":"industrial","name":"日月光K3","addr_housenumber":null,"addr_street":null,"raw_height":null,"building_levels":null,"raw_min_height":null,"roof_levels":null,"height_m":9,"min_height_m":0,"height_source":"building_type_default","default_height_rule":"industrial","confidence":"low"},"geometry":{"type":"Polygon","coordinates":[[[120.3058259,22.7203245],[120.3051789,22.7217625],[120.3050371,22.7217114],[120.305031,22.7216432],[120.3050281,22.7215725],[120.3050063,22.721484],[120.3049632,22.7214044],[120.30492,22.7213476],[120.3048338,22.7212964],[120.3053329,22.7201312],[120.3058259,22.7203245]]]}},{"type":"Feature","id":"way/295379531","properties":{"osm_id":295379531,"osm_type":"way","building":"industrial","name":"日月光K13","addr_housenumber":null,"addr_street":null,"raw_height":null,"building_levels":null,"raw_min_height":null,"roof_levels":null,"height_m":9,"min_height_m":0,"height_source":"building_type_default","default_height_rule":"industrial","confidence":"low"},"geometry":{"type":"Polygon","coordinates":[[[120.3029852,22.7230649],[120.3034148,22.7220914],[120.3020325,22.7215486],[120.3016028,22.7225049],[120.3029852,22.7230649]]]}},{"type":"Feature","id":"way/295379532","properties":{"osm_id":295379532,"osm_type":"way","building":"industrial","name":"日月光K12","addr_housenumber":null,"addr_street":null,"raw_height":null,"building_levels":null,"raw_min_height":null,"roof_levels":null,"height_m":9,"min_height_m":0,"height_source":"building_type_default","default_height_rule":"industrial","confidence":"low"},"geometry":{"type":"Polygon","coordinates":[[[120.2997487,22.7228976],[120.2994152,22.7237041],[120.2984317,22.7231561],[120.2987306,22.7225186],[120.2997487,22.7228976]]]}},{"type":"Feature","id":"way/295379534","properties":{"osm_id":295379534,"osm_type":"way","building":"industrial","name":"日月光K5","addr_housenumber":null,"addr_street":null,"raw_height":null,"building_levels":null,"raw_min_height":null,"roof_levels":null,"height_m":9,"min_height_m":0,"height_source":"building_type_default","default_height_rule":"industrial","confidence":"low"},"geometry":{"type":"Polygon","coordinates":[[[120.3001289,22.7222764],[120.3004569,22.7215313],[120.3014676,22.7219091],[120.3013046,22.722303],[120.3015015,22.7223724],[120.3014227,22.7225542],[120.3013489,22.7227245],[120.3001289,22.7222764]]]}},{"type":"Feature","id":"way/295379535","properties":{"osm_id":295379535,"osm_type":"way","building":"yes","name":"台灣中油","addr_housenumber":"125","addr_street":"經五路","raw_height":null,"building_levels":null,"raw_min_height":null,"roof_levels":null,"height_m":9,"min_height_m":0,"height_source":"building_type_default","default_height_rule":"yes","confidence":"low"},"geometry":{"type":"Polygon","coordinates":[[[120.3014676,22.7219091],[120.3016696,22.7219846],[120.3015015,22.7223724],[120.3013046,22.722303],[120.3014676,22.7219091]]]}},{"type":"Feature","id":"way/295406783","properties":{"osm_id":295406783,"osm_type":"way","building":"yes","name":"全聯福利中心","addr_housenumber":"57","addr_street":"土庫三路","raw_height":null,"building_levels":null,"raw_min_height":null,"roof_levels":null,"height_m":9,"min_height_m":0,"height_source":"building_type_default","default_height_rule":"yes","confidence":"low"},"geometry":{"type":"Polygon","coordinates":[[[120.3293463,22.7374611],[120.3295605,22.7376593],[120.3292839,22.7379037],[120.3290713,22.7377136],[120.3293463,22.7374611]]]}},{"type":"Feature","id":"way/313791282","properties":{"osm_id":313791282,"osm_type":"way","building":"apartments","name":null,"addr_housenumber":null,"addr_street":null,"raw_height":null,"building_levels":"13","raw_min_height":null,"roof_levels":null,"height_m":41.6,"min_height_m":0,"height_source":"osm_levels_derived","default_height_rule":null,"confidence":"medium"},"geometry":{"type":"Polygon","coordinates":[[[120.3013894,22.7269645],[120.301398,22.7268411],[120.3016601,22.7268565],[120.3016516,22.7269799],[120.3013894,22.7269645]]]}},{"type":"Feature","id":"way/313793836","properties":{"osm_id":313793836,"osm_type":"way","building":"yes","name":"蔬果店","addr_housenumber":null,"addr_street":null,"raw_height":null,"building_levels":null,"raw_min_height":null,"roof_levels":null,"height_m":9,"min_height_m":0,"height_source":"building_type_default","default_height_rule":"yes","confidence":"low"},"geometry":{"type":"Polygon","coordinates":[[[120.3029014,22.7262649],[120.3029082,22.7262313],[120.3029589,22.7262399],[120.3029521,22.7262735],[120.3029014,22.7262649]]]}},{"type":"Feature","id":"way/313793837","properties":{"osm_id":313793837,"osm_type":"way","building":"yes","name":"中華電信","addr_housenumber":null,"addr_street":null,"raw_height":null,"building_levels":null,"raw_min_height":null,"roof_levels":null,"height_m":9,"min_height_m":0,"height_source":"building_type_default","default_height_rule":"yes","confidence":"low"},"geometry":{"type":"Polygon","coordinates":[[[120.3030382,22.725768],[120.3030559,22.7256587],[120.3031108,22.7256636],[120.3030913,22.7257762],[120.3030382,22.725768]]]}},{"type":"Feature","id":"way/313794197","properties":{"osm_id":313794197,"osm_type":"way","building":"yes","name":"小北百貨","addr_housenumber":null,"addr_street":null,"raw_height":null,"building_levels":null,"raw_min_height":null,"roof_levels":null,"height_m":9,"min_height_m":0,"height_source":"building_type_default","default_height_rule":"yes","confidence":"low"},"geometry":{"type":"Polygon","coordinates":[[[120.2982054,22.7246185],[120.2979559,22.7245077],[120.2978989,22.72461],[120.2981515,22.7247123],[120.2982054,22.7246185]]]}},{"type":"Feature","id":"way/322428269","properties":{"osm_id":322428269,"osm_type":"way","building":"house","name":null,"addr_housenumber":"216","addr_street":"加仁路","raw_height":null,"building_levels":"4","raw_min_height":null,"roof_levels":null,"height_m":12.8,"min_height_m":0,"height_source":"osm_levels_derived","default_height_rule":null,"confidence":"medium"},"geometry":{"type":"Polygon","coordinates":[[[120.3040736,22.7280782],[120.3041678,22.7280756],[120.3041634,22.7279408],[120.3040692,22.7279434],[120.3040736,22.7280782]]]}},{"type":"Feature","id":"way/333522844","properties":{"osm_id":333522844,"osm_type":"way","building":"college","name":"中正堂","addr_housenumber":null,"addr_street":null,"raw_height":null,"building_levels":null,"raw_min_height":null,"roof_levels":null,"height_m":15,"min_height_m":0,"height_source":"building_type_default","default_height_rule":"college","confidence":"low"},"geometry":{"type":"Polygon","coordinates":[[[120.2896562,22.704903],[120.2899775,22.7049047],[120.2899769,22.7050016],[120.2904929,22.7050045],[120.2904935,22.7049064],[120.2908073,22.7049082],[120.2908093,22.7045918],[120.2896582,22.7045856],[120.2896562,22.704903]]]}},{"type":"Feature","id":"way/336151600","properties":{"osm_id":336151600,"osm_type":"way","building":"commercial","name":"臺灣銀行","addr_housenumber":"201","addr_street":"楠梓路","raw_height":null,"building_levels":null,"raw_min_height":null,"roof_levels":null,"height_m":12,"min_height_m":0,"height_source":"building_type_default","default_height_rule":"commercial","confidence":"low"},"geometry":{"type":"Polygon","coordinates":[[[120.3277837,22.7324663],[120.3279807,22.7325154],[120.3281243,22.7320257],[120.3279273,22.7319765],[120.3277837,22.7324663]]]}},{"type":"Feature","id":"way/336151601","properties":{"osm_id":336151601,"osm_type":"way","building":"yes","name":"台灣菸酒公司楠梓營業所","addr_housenumber":"414","addr_street":"楠梓新路","raw_height":null,"building_levels":null,"raw_min_height":null,"roof_levels":null,"height_m":9,"min_height_m":0,"height_source":"building_type_default","default_height_rule":"yes","confidence":"low"},"geometry":{"type":"Polygon","coordinates":[[[120.3283643,22.7320736],[120.3284982,22.7320818],[120.328495,22.7321256],[120.3287014,22.7321381],[120.3287263,22.731788],[120.3283861,22.7317673],[120.3283643,22.7320736]]]}},{"type":"Feature","id":"way/336151603","properties":{"osm_id":336151603,"osm_type":"way","building":"public","name":"楠梓區衛生所","addr_housenumber":"202","addr_street":"楠梓路","raw_height":null,"building_levels":null,"raw_min_height":null,"roof_levels":null,"height_m":15,"min_height_m":0,"height_source":"building_type_default","default_height_rule":"public","confidence":"low"},"geometry":{"type":"Polygon","coordinates":[[[120.3282129,22.7323276],[120.3282613,22.7321742],[120.328413,22.7322149],[120.3283646,22.7323683],[120.3282129,22.7323276]]]}},{"type":"Feature","id":"way/338449665","properties":{"osm_id":338449665,"osm_type":"way","building":"yes","name":"大學第一店","addr_housenumber":null,"addr_street":null,"raw_height":null,"building_levels":"5","raw_min_height":null,"roof_levels":null,"height_m":16,"min_height_m":0,"height_source":"osm_levels_derived","default_height_rule":null,"confidence":"medium"},"geometry":{"type":"Polygon","coordinates":[[[120.3060872,22.7275922],[120.3060919,22.7273934],[120.3063943,22.7273995],[120.3063896,22.7275983],[120.3060872,22.7275922]]]}},{"type":"Feature","id":"way/360085449","properties":{"osm_id":360085449,"osm_type":"way","building":"apartments","name":"京城水森林","addr_housenumber":null,"addr_street":null,"raw_height":null,"building_levels":"15","raw_min_height":null,"roof_levels":null,"height_m":48,"min_height_m":0,"height_source":"osm_levels_derived","default_height_rule":null,"confidence":"medium"},"geometry":{"type":"Polygon","coordinates":[[[120.303667,22.7284493],[120.3039517,22.7284297],[120.3039441,22.7283361],[120.30389,22.7283399],[120.3038839,22.728265],[120.3039376,22.7282612],[120.3039303,22.7281712],[120.3036426,22.728191],[120.3036497,22.7282777],[120.3037166,22.7282731],[120.3037229,22.72835],[120.3036592,22.7283544],[120.303667,22.7284493]]]}},{"type":"Feature","id":"way/360085450","properties":{"osm_id":360085450,"osm_type":"way","building":"apartments","name":"京城水森林","addr_housenumber":null,"addr_street":null,"raw_height":null,"building_levels":"15","raw_min_height":null,"roof_levels":null,"height_m":48,"min_height_m":0,"height_source":"osm_levels_derived","default_height_rule":null,"confidence":"medium"},"geometry":{"type":"Polygon","coordinates":[[[120.3040062,22.7284241],[120.3042913,22.7284033],[120.3042841,22.7283192],[120.3042357,22.7283227],[120.3042293,22.728248],[120.3042816,22.7282442],[120.3042736,22.7281518],[120.3039876,22.7281727],[120.3039948,22.7282563],[120.3040433,22.7282527],[120.3040497,22.7283266],[120.3039981,22.7283305],[120.3040062,22.7284241]]]}},{"type":"Feature","id":"way/360086831","properties":{"osm_id":360086831,"osm_type":"way","building":"apartments","name":"大河漾","addr_housenumber":null,"addr_street":null,"raw_height":null,"building_levels":"15","raw_min_height":null,"roof_levels":null,"height_m":48,"min_height_m":0,"height_source":"osm_levels_derived","default_height_rule":null,"confidence":"medium"},"geometry":{"type":"Polygon","coordinates":[[[120.29881,22.7264958],[120.2988689,22.7261452],[120.2990367,22.7261699],[120.2992711,22.7262043],[120.2992116,22.7265521],[120.29881,22.7264958]]]}},{"type":"Feature","id":"way/360086832","properties":{"osm_id":360086832,"osm_type":"way","building":"apartments","name":"大河漾","addr_housenumber":null,"addr_street":null,"raw_height":null,"building_levels":"15","raw_min_height":null,"roof_levels":null,"height_m":48,"min_height_m":0,"height_source":"osm_levels_derived","default_height_rule":null,"confidence":"medium"},"geometry":{"type":"Polygon","coordinates":[[[120.2988844,22.7269262],[120.2989463,22.7265183],[120.2992083,22.7265521],[120.2991464,22.72696],[120.2988844,22.7269262]]]}},{"type":"Feature","id":"way/362030551","properties":{"osm_id":362030551,"osm_type":"way","building":"yes","name":null,"addr_housenumber":null,"addr_street":null,"raw_height":null,"building_levels":"3","raw_min_height":null,"roof_levels":null,"height_m":9.6,"min_height_m":0,"height_source":"osm_levels_derived","default_height_rule":null,"confidence":"medium"},"geometry":{"type":"Polygon","coordinates":[[[120.2990367,22.7261699],[120.2992711,22.7262043],[120.2992955,22.7260796],[120.2992935,22.7260346],[120.2992833,22.7260028],[120.299261,22.7259653],[120.2991485,22.7258781],[120.2989989,22.7260739],[120.2990367,22.7261699]]]}},{"type":"Feature","id":"way/362030868","properties":{"osm_id":362030868,"osm_type":"way","building":"apartments","name":null,"addr_housenumber":null,"addr_street":null,"raw_height":null,"building_levels":null,"raw_min_height":null,"roof_levels":null,"height_m":10,"min_height_m":0,"height_source":"building_type_default","default_height_rule":"apartments","confidence":"low"},"geometry":{"type":"Polygon","coordinates":[[[120.2982962,22.7263739],[120.2984838,22.7263401],[120.2983605,22.7257585],[120.2981729,22.7257923],[120.2982962,22.7263739]]]}},{"type":"Feature","id":"way/362252632","properties":{"osm_id":362252632,"osm_type":"way","building":"apartments","name":null,"addr_housenumber":null,"addr_street":null,"raw_height":null,"building_levels":null,"raw_min_height":null,"roof_levels":null,"height_m":10,"min_height_m":0,"height_source":"building_type_default","default_height_rule":"apartments","confidence":"low"},"geometry":{"type":"Polygon","coordinates":[[[120.3061922,22.7287694],[120.3062147,22.7290026],[120.3065289,22.7289769],[120.3064931,22.728606],[120.3063727,22.7286159],[120.3063984,22.7288824],[120.3063049,22.7288901],[120.3062925,22.7287612],[120.3061922,22.7287694]]]}},{"type":"Feature","id":"way/362252633","properties":{"osm_id":362252633,"osm_type":"way","building":"apartments","name":null,"addr_housenumber":null,"addr_street":null,"raw_height":null,"building_levels":null,"raw_min_height":null,"roof_levels":null,"height_m":10,"min_height_m":0,"height_source":"building_type_default","default_height_rule":"apartments","confidence":"low"},"geometry":{"type":"Polygon","coordinates":[[[120.3060703,22.7287912],[120.3060619,22.7287141],[120.3061785,22.7287033],[120.306187,22.7287804],[120.3060703,22.7287912]]]}},{"type":"Feature","id":"way/362258100","properties":{"osm_id":362258100,"osm_type":"way","building":"apartments","name":"佛羅里達大樓","addr_housenumber":null,"addr_street":null,"raw_height":null,"building_levels":"15","raw_min_height":null,"roof_levels":null,"height_m":48,"min_height_m":0,"height_source":"osm_levels_derived","default_height_rule":null,"confidence":"medium"},"geometry":{"type":"Polygon","coordinates":[[[120.3180573,22.7332364],[120.3180894,22.7323831],[120.3182012,22.7323867],[120.3182227,22.732404],[120.3182205,22.7325544],[120.3184694,22.7325574],[120.3184855,22.7325772],[120.3184793,22.7327296],[120.3183342,22.7327246],[120.3183376,22.7326399],[120.318195,22.732635],[120.3181886,22.7327929],[120.3182121,22.7327937],[120.3182108,22.7328279],[120.3181901,22.7328272],[120.3181846,22.7329653],[120.3182057,22.7329661],[120.3182042,22.733004],[120.3181847,22.7330034],[120.3181797,22.7331325],[120.3181976,22.733133],[120.3181962,22.7331674],[120.3181775,22.7331668],[120.3181747,22.7332402],[120.3180573,22.7332364]]]}},{"type":"Feature","id":"way/362260878","properties":{"osm_id":362260878,"osm_type":"way","building":"house","name":null,"addr_housenumber":null,"addr_street":null,"raw_height":null,"building_levels":"4","raw_min_height":null,"roof_levels":null,"height_m":12.8,"min_height_m":0,"height_source":"osm_levels_derived","default_height_rule":null,"confidence":"medium"},"geometry":{"type":"Polygon","coordinates":[[[120.3183696,22.7332355],[120.318456,22.7332395],[120.3184835,22.73274],[120.3183971,22.7327359],[120.3183696,22.7332355]]]}},{"type":"Feature","id":"way/366305595","properties":{"osm_id":366305595,"osm_type":"way","building":"apartments","name":"Happy 悅讀","addr_housenumber":null,"addr_street":null,"raw_height":null,"building_levels":"15","raw_min_height":null,"roof_levels":null,"height_m":48,"min_height_m":0,"height_source":"osm_levels_derived","default_height_rule":null,"confidence":"medium"},"geometry":{"type":"Polygon","coordinates":[[[120.3000569,22.7246768],[120.3002569,22.7247717],[120.3001997,22.7248743],[120.3001446,22.7248482],[120.3001731,22.7247972],[120.3001055,22.7247652],[120.2999485,22.7250466],[120.2999987,22.7250704],[120.3000461,22.7249853],[120.3001104,22.7250158],[120.2999892,22.7252332],[120.2998121,22.7251492],[120.2998476,22.7250855],[120.2998329,22.7250785],[120.3000569,22.7246768]]]}},{"type":"Feature","id":"way/366626675","properties":{"osm_id":366626675,"osm_type":"way","building":"yes","name":"名流綠卡楠梓","addr_housenumber":null,"addr_street":null,"raw_height":null,"building_levels":"14","raw_min_height":null,"roof_levels":null,"height_m":44.8,"min_height_m":0,"height_source":"osm_levels_derived","default_height_rule":null,"confidence":"medium"},"geometry":{"type":"Polygon","coordinates":[[[120.3020213,22.7256459],[120.3020473,22.7254037],[120.3024893,22.725444],[120.3024798,22.7255327],[120.3024409,22.7255291],[120.3024233,22.7256928],[120.3022889,22.7256805],[120.3023062,22.7255199],[120.3021613,22.7255066],[120.3021451,22.7256572],[120.3020213,22.7256459]]]}},{"type":"Feature","id":"way/367072036","properties":{"osm_id":367072036,"osm_type":"way","building":"apartments","name":null,"addr_housenumber":null,"addr_street":null,"raw_height":null,"building_levels":"13","raw_min_height":null,"roof_levels":null,"height_m":41.6,"min_height_m":0,"height_source":"osm_levels_derived","default_height_rule":null,"confidence":"medium"},"geometry":{"type":"Polygon","coordinates":[[[120.3011678,22.7268087],[120.3012741,22.7268558],[120.3015532,22.7263196],[120.3014469,22.7262724],[120.3011678,22.7268087]]]}},{"type":"Feature","id":"way/367982773","properties":{"osm_id":367982773,"osm_type":"way","building":"yes","name":"福懋樹河堤","addr_housenumber":null,"addr_street":null,"raw_height":null,"building_levels":"15","raw_min_height":null,"roof_levels":null,"height_m":48,"min_height_m":0,"height_source":"osm_levels_derived","default_height_rule":null,"confidence":"medium"},"geometry":{"type":"Polygon","coordinates":[[[120.2979363,22.7294656],[120.2980398,22.72939],[120.2980781,22.7294347],[120.298169,22.7293684],[120.2983135,22.7295367],[120.2982387,22.7295914],[120.298299,22.7296616],[120.298383,22.7296002],[120.2985405,22.7297836],[120.2984737,22.7298324],[120.2985176,22.7298836],[120.2983809,22.7299834],[120.2979363,22.7294656]]]}},{"type":"Feature","id":"way/368591730","properties":{"osm_id":368591730,"osm_type":"way","building":"yes","name":null,"addr_housenumber":"240","addr_street":"德賢路","raw_height":null,"building_levels":"12","raw_min_height":null,"roof_levels":null,"height_m":38.4,"min_height_m":0,"height_source":"osm_levels_derived","default_height_rule":null,"confidence":"medium"},"geometry":{"type":"Polygon","coordinates":[[[120.3055487,22.7266553],[120.3056115,22.726659],[120.3056221,22.7265054],[120.3055593,22.7265017],[120.3055487,22.7266553]]]}},{"type":"Feature","id":"way/368591731","properties":{"osm_id":368591731,"osm_type":"way","building":"yes","name":null,"addr_housenumber":null,"addr_street":null,"raw_height":null,"building_levels":"4","raw_min_height":null,"roof_levels":null,"height_m":12.8,"min_height_m":0,"height_source":"osm_levels_derived","default_height_rule":null,"confidence":"medium"},"geometry":{"type":"Polygon","coordinates":[[[120.3056791,22.7266936],[120.306013,22.7267319],[120.3060157,22.7266436],[120.3060032,22.7266119],[120.3059557,22.7265786],[120.3056963,22.7265293],[120.3056791,22.7266936]]]}},{"type":"Feature","id":"way/368591756","properties":{"osm_id":368591756,"osm_type":"way","building":"yes","name":null,"addr_housenumber":null,"addr_street":null,"raw_height":null,"building_levels":"6","raw_min_height":null,"roof_levels":null,"height_m":19.2,"min_height_m":0,"height_source":"osm_levels_derived","default_height_rule":null,"confidence":"medium"},"geometry":{"type":"Polygon","coordinates":[[[120.3060777,22.7283626],[120.3060777,22.7282847],[120.3062806,22.7282848],[120.3062806,22.7283627],[120.3060777,22.7283626]]]}},{"type":"Feature","id":"way/369333656","properties":{"osm_id":369333656,"osm_type":"way","building":"apartments","name":"開喜人生大廈","addr_housenumber":null,"addr_street":null,"raw_height":null,"building_levels":"12","raw_min_height":null,"roof_levels":null,"height_m":38.4,"min_height_m":0,"height_source":"osm_levels_derived","default_height_rule":null,"confidence":"medium"},"geometry":{"type":"Polygon","coordinates":[[[120.3048792,22.7271457],[120.3048718,22.727064],[120.3051578,22.7270419],[120.3051405,22.7268521],[120.3052924,22.7268404],[120.3053171,22.7271119],[120.3048792,22.7271457]]]}},{"type":"Feature","id":"way/369333657","properties":{"osm_id":369333657,"osm_type":"way","building":"apartments","name":"開喜人生大廈","addr_housenumber":null,"addr_street":null,"raw_height":null,"building_levels":"12","raw_min_height":null,"roof_levels":null,"height_m":38.4,"min_height_m":0,"height_source":"osm_levels_derived","default_height_rule":null,"confidence":"medium"},"geometry":{"type":"Polygon","coordinates":[[[120.3048653,22.7267444],[120.3050592,22.7267332],[120.3050523,22.7266312],[120.3050932,22.7266288],[120.3050969,22.7266829],[120.305137,22.7266806],[120.3051444,22.7267903],[120.3052779,22.7267826],[120.30527,22.7266658],[120.3053094,22.7266636],[120.3053041,22.7265851],[120.3052737,22.7265869],[120.30527,22.726531],[120.3051963,22.7265352],[120.3052001,22.726591],[120.3050824,22.7265978],[120.3050788,22.7265442],[120.3048526,22.7265572],[120.3048653,22.7267444]]]}},{"type":"Feature","id":"way/369333658","properties":{"osm_id":369333658,"osm_type":"way","building":"yes","name":null,"addr_housenumber":null,"addr_street":null,"raw_height":null,"building_levels":"2","raw_min_height":null,"roof_levels":null,"height_m":6.4,"min_height_m":0,"height_source":"osm_levels_derived","default_height_rule":null,"confidence":"medium"},"geometry":{"type":"Polygon","coordinates":[[[120.3048526,22.7265572],[120.3048447,22.7264411],[120.3053148,22.7264935],[120.3053116,22.7265266],[120.30527,22.726531],[120.3051963,22.7265352],[120.3052001,22.726591],[120.3050824,22.7265978],[120.3050788,22.7265442],[120.3048526,22.7265572]]]}},{"type":"Feature","id":"way/372411904","properties":{"osm_id":372411904,"osm_type":"way","building":"apartments","name":null,"addr_housenumber":null,"addr_street":null,"raw_height":null,"building_levels":"13","raw_min_height":null,"roof_levels":null,"height_m":41.6,"min_height_m":0,"height_source":"osm_levels_derived","default_height_rule":null,"confidence":"medium"},"geometry":{"type":"Polygon","coordinates":[[[120.3057293,22.7273874],[120.3057245,22.7273057],[120.3059754,22.7272934],[120.3059839,22.7274429],[120.3059599,22.7274441],[120.3059642,22.7275189],[120.3059433,22.7275198],[120.3059443,22.7275358],[120.3058965,22.7275382],[120.3058958,22.7275248],[120.3058726,22.7275259],[120.3058712,22.7275006],[120.3058258,22.7275028],[120.3058232,22.7274582],[120.3058621,22.7274563],[120.3058578,22.7273811],[120.3057293,22.7273874]]]}},{"type":"Feature","id":"way/372412544","properties":{"osm_id":372412544,"osm_type":"way","building":"yes","name":null,"addr_housenumber":null,"addr_street":null,"raw_height":null,"building_levels":"12","raw_min_height":null,"roof_levels":null,"height_m":38.4,"min_height_m":0,"height_source":"osm_levels_derived","default_height_rule":null,"confidence":"medium"},"geometry":{"type":"Polygon","coordinates":[[[120.3103441,22.7269067],[120.3103766,22.7268574],[120.3103943,22.7268673],[120.3104149,22.726836],[120.3104381,22.726849],[120.3104496,22.7268315],[120.3106422,22.7269394],[120.3106502,22.7269517],[120.3105945,22.7270362],[120.3105379,22.7270013],[120.310501,22.7270692],[120.3103057,22.7269624],[120.3103441,22.7269067]]]}},{"type":"Feature","id":"way/372413294","properties":{"osm_id":372413294,"osm_type":"way","building":"apartments","name":null,"addr_housenumber":null,"addr_street":null,"raw_height":null,"building_levels":"12","raw_min_height":null,"roof_levels":null,"height_m":38.4,"min_height_m":0,"height_source":"osm_levels_derived","default_height_rule":null,"confidence":"medium"},"geometry":{"type":"Polygon","coordinates":[[[120.3054796,22.7272914],[120.3055731,22.7272889],[120.3055713,22.7272318],[120.3056918,22.7272286],[120.305688,22.7271061],[120.305475,22.7271118],[120.3054769,22.7271724],[120.3054603,22.7271728],[120.3054628,22.7272529],[120.3054784,22.7272525],[120.3054796,22.7272914]]]}},{"type":"Feature","id":"way/372413295","properties":{"osm_id":372413295,"osm_type":"way","building":"yes","name":null,"addr_housenumber":null,"addr_street":null,"raw_height":null,"building_levels":"4","raw_min_height":null,"roof_levels":null,"height_m":12.8,"min_height_m":0,"height_source":"osm_levels_derived","default_height_rule":null,"confidence":"medium"},"geometry":{"type":"Polygon","coordinates":[[[120.3054768,22.7271106],[120.3054662,22.7267754],[120.3055863,22.7267722],[120.3055968,22.7271073],[120.3054768,22.7271106]]]}},{"type":"Feature","id":"way/372413296","properties":{"osm_id":372413296,"osm_type":"way","building":"yes","name":null,"addr_housenumber":null,"addr_street":null,"raw_height":null,"building_levels":"4","raw_min_height":null,"roof_levels":null,"height_m":12.8,"min_height_m":0,"height_source":"osm_levels_derived","default_height_rule":null,"confidence":"medium"},"geometry":{"type":"Polygon","coordinates":[[[120.3054809,22.7273802],[120.3054788,22.7272917],[120.305572,22.7272899],[120.3055741,22.7273784],[120.3054809,22.7273802]]]}},{"type":"Feature","id":"way/384783210","properties":{"osm_id":384783210,"osm_type":"way","building":"yes","name":null,"addr_housenumber":null,"addr_street":null,"raw_height":null,"building_levels":"3","raw_min_height":null,"roof_levels":null,"height_m":9.6,"min_height_m":0,"height_source":"osm_levels_derived","default_height_rule":null,"confidence":"medium"},"geometry":{"type":"Polygon","coordinates":[[[120.3086735,22.7266497],[120.3086908,22.726615],[120.3090455,22.7267003],[120.3090083,22.726784],[120.3086735,22.7266497]]]}},{"type":"Feature","id":"way/384783212","properties":{"osm_id":384783212,"osm_type":"way","building":"yes","name":null,"addr_housenumber":null,"addr_street":null,"raw_height":null,"building_levels":"4","raw_min_height":null,"roof_levels":null,"height_m":12.8,"min_height_m":0,"height_source":"osm_levels_derived","default_height_rule":null,"confidence":"medium"},"geometry":{"type":"Polygon","coordinates":[[[120.3086409,22.7273891],[120.3088239,22.7274745],[120.3088513,22.7274773],[120.3088737,22.7274698],[120.3089458,22.7273432],[120.3087243,22.7272373],[120.3086409,22.7273891]]]}},{"type":"Feature","id":"way/384783214","properties":{"osm_id":384783214,"osm_type":"way","building":"yes","name":null,"addr_housenumber":null,"addr_street":null,"raw_height":null,"building_levels":"4","raw_min_height":null,"roof_levels":null,"height_m":12.8,"min_height_m":0,"height_source":"osm_levels_derived","default_height_rule":null,"confidence":"medium"},"geometry":{"type":"Polygon","coordinates":[[[120.3088514,22.7272676],[120.3089375,22.727308],[120.3089695,22.72725],[120.3088834,22.7272096],[120.3088514,22.7272676]]]}},{"type":"Feature","id":"way/384783215","properties":{"osm_id":384783215,"osm_type":"way","building":"yes","name":null,"addr_housenumber":null,"addr_street":null,"raw_height":null,"building_levels":"4","raw_min_height":null,"roof_levels":null,"height_m":12.8,"min_height_m":0,"height_source":"osm_levels_derived","default_height_rule":null,"confidence":"medium"},"geometry":{"type":"Polygon","coordinates":[[[120.3087601,22.7271509],[120.3088822,22.7272084],[120.3088494,22.7272677],[120.3087273,22.7272101],[120.3087601,22.7271509]]]}},{"type":"Feature","id":"way/384783217","properties":{"osm_id":384783217,"osm_type":"way","building":"yes","name":null,"addr_housenumber":null,"addr_street":null,"raw_height":null,"building_levels":"4","raw_min_height":null,"roof_levels":null,"height_m":12.8,"min_height_m":0,"height_source":"osm_levels_derived","default_height_rule":null,"confidence":"medium"},"geometry":{"type":"Polygon","coordinates":[[[120.3087856,22.7271182],[120.3088451,22.7270125],[120.3089546,22.7270649],[120.3088951,22.7271706],[120.3087856,22.7271182]]]}},{"type":"Feature","id":"way/384783218","properties":{"osm_id":384783218,"osm_type":"way","building":"yes","name":null,"addr_housenumber":null,"addr_street":null,"raw_height":null,"building_levels":"4","raw_min_height":null,"roof_levels":null,"height_m":12.8,"min_height_m":0,"height_source":"osm_levels_derived","default_height_rule":null,"confidence":"medium"},"geometry":{"type":"Polygon","coordinates":[[[120.3088957,22.7271734],[120.3089757,22.7272109],[120.3090355,22.7271025],[120.3089555,22.727065],[120.3088957,22.7271734]]]}},{"type":"Feature","id":"way/409153420","properties":{"osm_id":409153420,"osm_type":"way","building":"school","name":"竹銘館(科學館)","addr_housenumber":null,"addr_street":null,"raw_height":null,"building_levels":null,"raw_min_height":null,"roof_levels":null,"height_m":15,"min_height_m":0,"height_source":"building_type_default","default_height_rule":"school","confidence":"low"},"geometry":{"type":"Polygon","coordinates":[[[120.3059022,22.7088423],[120.306261,22.7088456],[120.3062643,22.7085356],[120.3059055,22.7085323],[120.3059022,22.7088423]]]}},{"type":"Feature","id":"way/413355536","properties":{"osm_id":413355536,"osm_type":"way","building":"residential","name":null,"addr_housenumber":null,"addr_street":null,"raw_height":null,"building_levels":null,"raw_min_height":null,"roof_levels":null,"height_m":10,"min_height_m":0,"height_source":"building_type_default","default_height_rule":"residential","confidence":"low"},"geometry":{"type":"Polygon","coordinates":[[[120.2897664,22.7259342],[120.28977,22.7259733],[120.2899683,22.7259868],[120.2899712,22.7259486],[120.2897664,22.7259342]]]}},{"type":"Feature","id":"way/413355537","properties":{"osm_id":413355537,"osm_type":"way","building":"residential","name":null,"addr_housenumber":null,"addr_street":null,"raw_height":null,"building_levels":null,"raw_min_height":null,"roof_levels":null,"height_m":10,"min_height_m":0,"height_source":"building_type_default","default_height_rule":"residential","confidence":"low"},"geometry":{"type":"Polygon","coordinates":[[[120.2897562,22.7257381],[120.2897583,22.7257773],[120.2899826,22.7257958],[120.2899854,22.7257576],[120.2897562,22.7257381]]]}},{"type":"Feature","id":"way/413355538","properties":{"osm_id":413355538,"osm_type":"way","building":"residential","name":null,"addr_housenumber":null,"addr_street":null,"raw_height":null,"building_levels":null,"raw_min_height":null,"roof_levels":null,"height_m":10,"min_height_m":0,"height_source":"building_type_default","default_height_rule":"residential","confidence":"low"},"geometry":{"type":"Polygon","coordinates":[[[120.2897623,22.7258558],[120.2897643,22.725895],[120.289974,22.7259104],[120.2899769,22.7258722],[120.2897623,22.7258558]]]}},{"type":"Feature","id":"way/413355539","properties":{"osm_id":413355539,"osm_type":"way","building":"residential","name":null,"addr_housenumber":null,"addr_street":null,"raw_height":null,"building_levels":null,"raw_min_height":null,"roof_levels":null,"height_m":10,"min_height_m":0,"height_source":"building_type_default","default_height_rule":"residential","confidence":"low"},"geometry":{"type":"Polygon","coordinates":[[[120.2897631,22.72566],[120.2897589,22.725699],[120.2899883,22.7257194],[120.2899911,22.7256812],[120.2897631,22.72566]]]}},{"type":"Feature","id":"way/413355541","properties":{"osm_id":413355541,"osm_type":"way","building":"residential","name":null,"addr_housenumber":null,"addr_street":null,"raw_height":null,"building_levels":null,"raw_min_height":null,"roof_levels":null,"height_m":10,"min_height_m":0,"height_source":"building_type_default","default_height_rule":"residential","confidence":"low"},"geometry":{"type":"Polygon","coordinates":[[[120.2897815,22.7260906],[120.2897853,22.7261296],[120.2899569,22.7261395],[120.2899598,22.7261014],[120.2897815,22.7260906]]]}},{"type":"Feature","id":"way/413355542","properties":{"osm_id":413355542,"osm_type":"way","building":"residential","name":null,"addr_housenumber":null,"addr_street":null,"raw_height":null,"building_levels":null,"raw_min_height":null,"roof_levels":null,"height_m":10,"min_height_m":0,"height_source":"building_type_default","default_height_rule":"residential","confidence":"low"},"geometry":{"type":"Polygon","coordinates":[[[120.2897738,22.7260124],[120.2897776,22.7260515],[120.2899626,22.7260632],[120.2899655,22.726025],[120.2897738,22.7260124]]]}},{"type":"Feature","id":"way/413355543","properties":{"osm_id":413355543,"osm_type":"way","building":"residential","name":null,"addr_housenumber":null,"addr_street":null,"raw_height":null,"building_levels":null,"raw_min_height":null,"roof_levels":null,"height_m":10,"min_height_m":0,"height_source":"building_type_default","default_height_rule":"residential","confidence":"low"},"geometry":{"type":"Polygon","coordinates":[[[120.2897673,22.7256209],[120.2897631,22.72566],[120.2899911,22.7256812],[120.289994,22.725643],[120.2897673,22.7256209]]]}},{"type":"Feature","id":"way/413355544","properties":{"osm_id":413355544,"osm_type":"way","building":"residential","name":null,"addr_housenumber":null,"addr_street":null,"raw_height":null,"building_levels":null,"raw_min_height":null,"roof_levels":null,"height_m":10,"min_height_m":0,"height_source":"building_type_default","default_height_rule":"residential","confidence":"low"},"geometry":{"type":"Polygon","coordinates":[[[120.2897643,22.725895],[120.2897664,22.7259342],[120.2899712,22.7259486],[120.289974,22.7259104],[120.2897643,22.725895]]]}},{"type":"Feature","id":"way/413355545","properties":{"osm_id":413355545,"osm_type":"way","building":"residential","name":null,"addr_housenumber":null,"addr_street":null,"raw_height":null,"building_levels":null,"raw_min_height":null,"roof_levels":null,"height_m":10,"min_height_m":0,"height_source":"building_type_default","default_height_rule":"residential","confidence":"low"},"geometry":{"type":"Polygon","coordinates":[[[120.2897757,22.7255428],[120.2897715,22.7255819],[120.2899968,22.7256049],[120.2899997,22.7255667],[120.2897757,22.7255428]]]}},{"type":"Feature","id":"way/413355547","properties":{"osm_id":413355547,"osm_type":"way","building":"residential","name":null,"addr_housenumber":null,"addr_street":null,"raw_height":null,"building_levels":null,"raw_min_height":null,"roof_levels":null,"height_m":10,"min_height_m":0,"height_source":"building_type_default","default_height_rule":"residential","confidence":"low"},"geometry":{"type":"Polygon","coordinates":[[[120.2897603,22.7258165],[120.2897623,22.7258558],[120.2899769,22.7258722],[120.2899797,22.725834],[120.2897603,22.7258165]]]}},{"type":"Feature","id":"way/413355548","properties":{"osm_id":413355548,"osm_type":"way","building":"residential","name":null,"addr_housenumber":null,"addr_street":null,"raw_height":null,"building_levels":null,"raw_min_height":null,"roof_levels":null,"height_m":10,"min_height_m":0,"height_source":"building_type_default","default_height_rule":"residential","confidence":"low"},"geometry":{"type":"Polygon","coordinates":[[[120.2897583,22.7257773],[120.2897603,22.7258165],[120.2899797,22.725834],[120.2899826,22.7257958],[120.2897583,22.7257773]]]}},{"type":"Feature","id":"way/413355549","properties":{"osm_id":413355549,"osm_type":"way","building":"residential","name":null,"addr_housenumber":null,"addr_street":null,"raw_height":null,"building_levels":null,"raw_min_height":null,"roof_levels":null,"height_m":10,"min_height_m":0,"height_source":"building_type_default","default_height_rule":"residential","confidence":"low"},"geometry":{"type":"Polygon","coordinates":[[[120.2897776,22.7260515],[120.2897815,22.7260906],[120.2899598,22.7261014],[120.2899626,22.7260632],[120.2897776,22.7260515]]]}},{"type":"Feature","id":"way/413355550","properties":{"osm_id":413355550,"osm_type":"way","building":"residential","name":null,"addr_housenumber":null,"addr_street":null,"raw_height":null,"building_levels":null,"raw_min_height":null,"roof_levels":null,"height_m":10,"min_height_m":0,"height_source":"building_type_default","default_height_rule":"residential","confidence":"low"},"geometry":{"type":"Polygon","coordinates":[[[120.2897589,22.725699],[120.2897562,22.7257381],[120.2899854,22.7257576],[120.2899883,22.7257194],[120.2897589,22.725699]]]}},{"type":"Feature","id":"way/413355552","properties":{"osm_id":413355552,"osm_type":"way","building":"residential","name":null,"addr_housenumber":null,"addr_street":null,"raw_height":null,"building_levels":null,"raw_min_height":null,"roof_levels":null,"height_m":10,"min_height_m":0,"height_source":"building_type_default","default_height_rule":"residential","confidence":"low"},"geometry":{"type":"Polygon","coordinates":[[[120.28977,22.7259733],[120.2897738,22.7260124],[120.2899655,22.726025],[120.2899683,22.7259868],[120.28977,22.7259733]]]}},{"type":"Feature","id":"way/413355553","properties":{"osm_id":413355553,"osm_type":"way","building":"residential","name":null,"addr_housenumber":null,"addr_street":null,"raw_height":null,"building_levels":null,"raw_min_height":null,"roof_levels":null,"height_m":10,"min_height_m":0,"height_source":"building_type_default","default_height_rule":"residential","confidence":"low"},"geometry":{"type":"Polygon","coordinates":[[[120.2897715,22.7255819],[120.2897673,22.7256209],[120.289994,22.725643],[120.2899968,22.7256049],[120.2897715,22.7255819]]]}},{"type":"Feature","id":"way/431690447","properties":{"osm_id":431690447,"osm_type":"way","building":"school","name":"八德館","addr_housenumber":null,"addr_street":null,"raw_height":null,"building_levels":null,"raw_min_height":null,"roof_levels":null,"height_m":15,"min_height_m":0,"height_source":"building_type_default","default_height_rule":"school","confidence":"low"},"geometry":{"type":"Polygon","coordinates":[[[120.3045267,22.7096731],[120.304529,22.7092753],[120.3047714,22.7092765],[120.3047709,22.7093634],[120.3047392,22.7093633],[120.3047377,22.7096247],[120.3046811,22.7096244],[120.3046809,22.7096692],[120.3046369,22.709669],[120.3046367,22.7096938],[120.3045607,22.7096934],[120.3045608,22.7096732],[120.3045267,22.7096731]]]}},{"type":"Feature","id":"way/431690481","properties":{"osm_id":431690481,"osm_type":"way","building":"yes","name":"國光館","addr_housenumber":null,"addr_street":null,"raw_height":null,"building_levels":null,"raw_min_height":null,"roof_levels":null,"height_m":9,"min_height_m":0,"height_source":"building_type_default","default_height_rule":"yes","confidence":"low"},"geometry":{"type":"Polygon","coordinates":[[[120.3069747,22.7095245],[120.3070821,22.7092882],[120.3067714,22.709168],[120.306664,22.7094042],[120.3069747,22.7095245]]]}},{"type":"Feature","id":"way/431690492","properties":{"osm_id":431690492,"osm_type":"way","building":"school","name":"和平館","addr_housenumber":null,"addr_street":null,"raw_height":null,"building_levels":null,"raw_min_height":null,"roof_levels":null,"height_m":15,"min_height_m":0,"height_source":"building_type_default","default_height_rule":"school","confidence":"low"},"geometry":{"type":"Polygon","coordinates":[[[120.3051295,22.7091348],[120.3051312,22.7090321],[120.3049786,22.7090322],[120.3049832,22.708975],[120.3047792,22.7089738],[120.304776,22.7090291],[120.3045444,22.7090245],[120.3045394,22.7092675],[120.3046373,22.7092698],[120.3046395,22.7091798],[120.3046105,22.7091775],[120.3046108,22.7091298],[120.3051295,22.7091348]]]}},{"type":"Feature","id":"way/432525533","properties":{"osm_id":432525533,"osm_type":"way","building":"warehouse","name":"綜合庫房","addr_housenumber":null,"addr_street":null,"raw_height":null,"building_levels":null,"raw_min_height":null,"roof_levels":null,"height_m":9,"min_height_m":0,"height_source":"building_type_default","default_height_rule":"warehouse","confidence":"low"},"geometry":{"type":"Polygon","coordinates":[[[120.2920541,22.7046593],[120.2915238,22.7046702],[120.2915198,22.7045038],[120.2920501,22.7044929],[120.2920541,22.7046593]]]}},{"type":"Feature","id":"way/432525537","properties":{"osm_id":432525537,"osm_type":"way","building":"yes","name":"海軍官校郵局","addr_housenumber":"669","addr_street":"軍校路","raw_height":null,"building_levels":null,"raw_min_height":null,"roof_levels":null,"height_m":9,"min_height_m":0,"height_source":"building_type_default","default_height_rule":"yes","confidence":"low"},"geometry":{"type":"Polygon","coordinates":[[[120.2922987,22.7046255],[120.2922941,22.7044679],[120.2921387,22.7044718],[120.2921433,22.7046293],[120.2922987,22.7046255]]]}},{"type":"Feature","id":"way/432526457","properties":{"osm_id":432526457,"osm_type":"way","building":"yes","name":null,"addr_housenumber":null,"addr_street":null,"raw_height":null,"building_levels":null,"raw_min_height":null,"roof_levels":null,"height_m":9,"min_height_m":0,"height_source":"building_type_default","default_height_rule":"yes","confidence":"low"},"geometry":{"type":"Polygon","coordinates":[[[120.2990736,22.7039415],[120.2991894,22.7036413],[120.2990077,22.7035816],[120.2988918,22.7038818],[120.2990736,22.7039415]]]}},{"type":"Feature","id":"way/432526459","properties":{"osm_id":432526459,"osm_type":"way","building":"yes","name":null,"addr_housenumber":null,"addr_street":null,"raw_height":null,"building_levels":null,"raw_min_height":null,"roof_levels":null,"height_m":9,"min_height_m":0,"height_source":"building_type_default","default_height_rule":"yes","confidence":"low"},"geometry":{"type":"Polygon","coordinates":[[[120.2985684,22.7026562],[120.2986372,22.7026778],[120.2986752,22.7025747],[120.2982701,22.7024477],[120.2982321,22.7025508],[120.2982632,22.7025605],[120.2982357,22.7026351],[120.2983009,22.7026555],[120.2983283,22.702581],[120.2985223,22.7026418],[120.2985093,22.7026772],[120.2985554,22.7026916],[120.2985684,22.7026562]]]}},{"type":"Feature","id":"way/432527413","properties":{"osm_id":432527413,"osm_type":"way","building":"yes","name":null,"addr_housenumber":null,"addr_street":null,"raw_height":null,"building_levels":null,"raw_min_height":null,"roof_levels":null,"height_m":9,"min_height_m":0,"height_source":"building_type_default","default_height_rule":"yes","confidence":"low"},"geometry":{"type":"Polygon","coordinates":[[[120.2987829,22.7014053],[120.2987391,22.7015253],[120.2987909,22.7015414],[120.2988057,22.7015011],[120.2989116,22.701534],[120.2989407,22.7014543],[120.2989544,22.7014169],[120.2989089,22.7014028],[120.2988953,22.7014402],[120.2988347,22.7014214],[120.2987829,22.7014053]]]}},{"type":"Feature","id":"way/432527414","properties":{"osm_id":432527414,"osm_type":"way","building":"yes","name":null,"addr_housenumber":null,"addr_street":null,"raw_height":null,"building_levels":null,"raw_min_height":null,"roof_levels":null,"height_m":9,"min_height_m":0,"height_source":"building_type_default","default_height_rule":"yes","confidence":"low"},"geometry":{"type":"Polygon","coordinates":[[[120.2992325,22.7016518],[120.299271,22.7015464],[120.2992805,22.7015206],[120.2992281,22.7015043],[120.2992187,22.7015301],[120.2992183,22.70153],[120.2991106,22.7014965],[120.2990779,22.7015859],[120.2991857,22.7016194],[120.2991798,22.7016354],[120.2992325,22.7016518]]]}},{"type":"Feature","id":"way/432527415","properties":{"osm_id":432527415,"osm_type":"way","building":"yes","name":null,"addr_housenumber":null,"addr_street":null,"raw_height":null,"building_levels":null,"raw_min_height":null,"roof_levels":null,"height_m":9,"min_height_m":0,"height_source":"building_type_default","default_height_rule":"yes","confidence":"low"},"geometry":{"type":"Polygon","coordinates":[[[120.2999116,22.7021983],[120.2998437,22.7021772],[120.2997646,22.7021526],[120.2997409,22.7022173],[120.29982,22.7022419],[120.2998102,22.7022689],[120.299921,22.7023033],[120.2999309,22.7022763],[120.2999545,22.7022116],[120.299963,22.7021882],[120.2999201,22.7021749],[120.2999116,22.7021983]]]}},{"type":"Feature","id":"way/432527416","properties":{"osm_id":432527416,"osm_type":"way","building":"yes","name":null,"addr_housenumber":null,"addr_street":null,"raw_height":null,"building_levels":null,"raw_min_height":null,"roof_levels":null,"height_m":9,"min_height_m":0,"height_source":"building_type_default","default_height_rule":"yes","confidence":"low"},"geometry":{"type":"Polygon","coordinates":[[[120.2987008,22.704498],[120.2986944,22.7045156],[120.2987945,22.7045467],[120.298801,22.7045292],[120.2988285,22.7044538],[120.2988358,22.7044338],[120.2988124,22.7044265],[120.2988051,22.7044465],[120.2987283,22.7044226],[120.2986495,22.7043981],[120.298622,22.7044736],[120.2987008,22.704498]]]}},{"type":"Feature","id":"way/432527417","properties":{"osm_id":432527417,"osm_type":"way","building":"yes","name":null,"addr_housenumber":null,"addr_street":null,"raw_height":null,"building_levels":null,"raw_min_height":null,"roof_levels":null,"height_m":9,"min_height_m":0,"height_source":"building_type_default","default_height_rule":"yes","confidence":"low"},"geometry":{"type":"Polygon","coordinates":[[[120.2978712,22.7014883],[120.2978605,22.701485],[120.2977395,22.7014474],[120.2977118,22.7015233],[120.2978328,22.7015608],[120.2978173,22.7016033],[120.297828,22.7016066],[120.2978742,22.701621],[120.2978897,22.7015785],[120.2979174,22.7015026],[120.2979278,22.7014741],[120.2978817,22.7014598],[120.2978712,22.7014883]]]}},{"type":"Feature","id":"way/432527418","properties":{"osm_id":432527418,"osm_type":"way","building":"yes","name":null,"addr_housenumber":null,"addr_street":null,"raw_height":null,"building_levels":null,"raw_min_height":null,"roof_levels":null,"height_m":9,"min_height_m":0,"height_source":"building_type_default","default_height_rule":"yes","confidence":"low"},"geometry":{"type":"Polygon","coordinates":[[[120.2986657,22.7027678],[120.2985817,22.7027415],[120.2985751,22.7027596],[120.2987474,22.7028136],[120.2987266,22.7028702],[120.2987728,22.7028847],[120.2987937,22.7028278],[120.2987948,22.7028248],[120.2988607,22.7028454],[120.2989289,22.7026602],[120.2988017,22.7026202],[120.2987567,22.7027421],[120.2987531,22.702741],[120.2986836,22.7027192],[120.2986657,22.7027678]]]}},{"type":"Feature","id":"way/432527419","properties":{"osm_id":432527419,"osm_type":"way","building":"yes","name":null,"addr_housenumber":null,"addr_street":null,"raw_height":null,"building_levels":null,"raw_min_height":null,"roof_levels":null,"height_m":9,"min_height_m":0,"height_source":"building_type_default","default_height_rule":"yes","confidence":"low"},"geometry":{"type":"Polygon","coordinates":[[[120.2985528,22.7060252],[120.2985881,22.7059287],[120.2983651,22.7058594],[120.2983298,22.7059559],[120.2985528,22.7060252]]]}},{"type":"Feature","id":"way/432527420","properties":{"osm_id":432527420,"osm_type":"way","building":"yes","name":null,"addr_housenumber":null,"addr_street":null,"raw_height":null,"building_levels":null,"raw_min_height":null,"roof_levels":null,"height_m":9,"min_height_m":0,"height_source":"building_type_default","default_height_rule":"yes","confidence":"low"},"geometry":{"type":"Polygon","coordinates":[[[120.2984582,22.7054283],[120.2984923,22.7053348],[120.2982436,22.7052575],[120.2982095,22.705351],[120.2984582,22.7054283]]]}},{"type":"Feature","id":"way/432527421","properties":{"osm_id":432527421,"osm_type":"way","building":"yes","name":null,"addr_housenumber":null,"addr_street":null,"raw_height":null,"building_levels":null,"raw_min_height":null,"roof_levels":null,"height_m":9,"min_height_m":0,"height_source":"building_type_default","default_height_rule":"yes","confidence":"low"},"geometry":{"type":"Polygon","coordinates":[[[120.2975276,22.7018235],[120.2977355,22.7018881],[120.2977717,22.7017888],[120.2975638,22.7017243],[120.2975276,22.7018235]]]}},{"type":"Feature","id":"way/432527422","properties":{"osm_id":432527422,"osm_type":"way","building":"yes","name":null,"addr_housenumber":null,"addr_street":null,"raw_height":null,"building_levels":null,"raw_min_height":null,"roof_levels":null,"height_m":9,"min_height_m":0,"height_source":"building_type_default","default_height_rule":"yes","confidence":"low"},"geometry":{"type":"Polygon","coordinates":[[[120.2993247,22.702645],[120.2992932,22.7027312],[120.2994695,22.702786],[120.299501,22.7026998],[120.2993247,22.702645]]]}},{"type":"Feature","id":"way/432527423","properties":{"osm_id":432527423,"osm_type":"way","building":"yes","name":null,"addr_housenumber":null,"addr_street":null,"raw_height":null,"building_levels":null,"raw_min_height":null,"roof_levels":null,"height_m":9,"min_height_m":0,"height_source":"building_type_default","default_height_rule":"yes","confidence":"low"},"geometry":{"type":"Polygon","coordinates":[[[120.2993488,22.7032933],[120.2993255,22.7033573],[120.2995017,22.7034121],[120.2995251,22.703348],[120.2993488,22.7032933]]]}},{"type":"Feature","id":"way/432527424","properties":{"osm_id":432527424,"osm_type":"way","building":"yes","name":null,"addr_housenumber":null,"addr_street":null,"raw_height":null,"building_levels":null,"raw_min_height":null,"roof_levels":null,"height_m":9,"min_height_m":0,"height_source":"building_type_default","default_height_rule":"yes","confidence":"low"},"geometry":{"type":"Polygon","coordinates":[[[120.2982141,22.7060988],[120.2982474,22.7060076],[120.2979995,22.7059305],[120.2979662,22.7060218],[120.2982141,22.7060988]]]}},{"type":"Feature","id":"way/432527425","properties":{"osm_id":432527425,"osm_type":"way","building":"yes","name":null,"addr_housenumber":null,"addr_street":null,"raw_height":null,"building_levels":null,"raw_min_height":null,"roof_levels":null,"height_m":9,"min_height_m":0,"height_source":"building_type_default","default_height_rule":"yes","confidence":"low"},"geometry":{"type":"Polygon","coordinates":[[[120.2992067,22.702979],[120.2991779,22.7030579],[120.2993461,22.7031102],[120.2993749,22.7030313],[120.2992067,22.702979]]]}},{"type":"Feature","id":"way/432527426","properties":{"osm_id":432527426,"osm_type":"way","building":"yes","name":null,"addr_housenumber":null,"addr_street":null,"raw_height":null,"building_levels":null,"raw_min_height":null,"roof_levels":null,"height_m":9,"min_height_m":0,"height_source":"building_type_default","default_height_rule":"yes","confidence":"low"},"geometry":{"type":"Polygon","coordinates":[[[120.298927,22.7064774],[120.2989636,22.7063772],[120.2987285,22.7063042],[120.2986919,22.7064044],[120.298927,22.7064774]]]}},{"type":"Feature","id":"way/432527427","properties":{"osm_id":432527427,"osm_type":"way","building":"yes","name":null,"addr_housenumber":null,"addr_street":null,"raw_height":null,"building_levels":null,"raw_min_height":null,"roof_levels":null,"height_m":9,"min_height_m":0,"height_source":"building_type_default","default_height_rule":"yes","confidence":"low"},"geometry":{"type":"Polygon","coordinates":[[[120.2984582,22.706366],[120.2984904,22.7062778],[120.2982409,22.7062003],[120.2982087,22.7062885],[120.2984582,22.706366]]]}},{"type":"Feature","id":"way/432527428","properties":{"osm_id":432527428,"osm_type":"way","building":"yes","name":null,"addr_housenumber":null,"addr_street":null,"raw_height":null,"building_levels":null,"raw_min_height":null,"roof_levels":null,"height_m":9,"min_height_m":0,"height_source":"building_type_default","default_height_rule":"yes","confidence":"low"},"geometry":{"type":"Polygon","coordinates":[[[120.299263,22.7040306],[120.299304,22.7039182],[120.299204,22.7038871],[120.2991629,22.7039996],[120.299263,22.7040306]]]}},{"type":"Feature","id":"way/432527429","properties":{"osm_id":432527429,"osm_type":"way","building":"yes","name":null,"addr_housenumber":null,"addr_street":null,"raw_height":null,"building_levels":null,"raw_min_height":null,"roof_levels":null,"height_m":9,"min_height_m":0,"height_source":"building_type_default","default_height_rule":"yes","confidence":"low"},"geometry":{"type":"Polygon","coordinates":[[[120.2983402,22.7057598],[120.2983743,22.7056663],[120.2981337,22.7055916],[120.2980995,22.7056851],[120.2983402,22.7057598]]]}},{"type":"Feature","id":"way/432527430","properties":{"osm_id":432527430,"osm_type":"way","building":"yes","name":null,"addr_housenumber":null,"addr_street":null,"raw_height":null,"building_levels":null,"raw_min_height":null,"roof_levels":null,"height_m":9,"min_height_m":0,"height_source":"building_type_default","default_height_rule":"yes","confidence":"low"},"geometry":{"type":"Polygon","coordinates":[[[120.2986059,22.7020709],[120.2985649,22.7021832],[120.2987292,22.7022342],[120.2987702,22.702122],[120.2986059,22.7020709]]]}},{"type":"Feature","id":"way/432527431","properties":{"osm_id":432527431,"osm_type":"way","building":"yes","name":null,"addr_housenumber":null,"addr_street":null,"raw_height":null,"building_levels":null,"raw_min_height":null,"roof_levels":null,"height_m":9,"min_height_m":0,"height_source":"building_type_default","default_height_rule":"yes","confidence":"low"},"geometry":{"type":"Polygon","coordinates":[[[120.2991021,22.7032141],[120.2990771,22.7032825],[120.299271,22.7033428],[120.299296,22.7032744],[120.2991021,22.7032141]]]}},{"type":"Feature","id":"way/432527432","properties":{"osm_id":432527432,"osm_type":"way","building":"yes","name":null,"addr_housenumber":null,"addr_street":null,"raw_height":null,"building_levels":null,"raw_min_height":null,"roof_levels":null,"height_m":9,"min_height_m":0,"height_source":"building_type_default","default_height_rule":"yes","confidence":"low"},"geometry":{"type":"Polygon","coordinates":[[[120.2995607,22.7027143],[120.2995309,22.7027961],[120.2997136,22.7028528],[120.2997435,22.702771],[120.2995607,22.7027143]]]}},{"type":"Feature","id":"way/432527433","properties":{"osm_id":432527433,"osm_type":"way","building":"yes","name":null,"addr_housenumber":null,"addr_street":null,"raw_height":null,"building_levels":null,"raw_min_height":null,"roof_levels":null,"height_m":9,"min_height_m":0,"height_source":"building_type_default","default_height_rule":"yes","confidence":"low"},"geometry":{"type":"Polygon","coordinates":[[[120.2989331,22.7043003],[120.2989647,22.7042139],[120.2988687,22.7041841],[120.2988371,22.7042705],[120.2989331,22.7043003]]]}},{"type":"Feature","id":"way/432527434","properties":{"osm_id":432527434,"osm_type":"way","building":"yes","name":null,"addr_housenumber":null,"addr_street":null,"raw_height":null,"building_levels":null,"raw_min_height":null,"roof_levels":null,"height_m":9,"min_height_m":0,"height_source":"building_type_default","default_height_rule":"yes","confidence":"low"},"geometry":{"type":"Polygon","coordinates":[[[120.2994695,22.7030582],[120.2994413,22.7031357],[120.2995902,22.7031819],[120.2996185,22.7031045],[120.2994695,22.7030582]]]}},{"type":"Feature","id":"way/432527435","properties":{"osm_id":432527435,"osm_type":"way","building":"yes","name":null,"addr_housenumber":null,"addr_street":null,"raw_height":null,"building_levels":null,"raw_min_height":null,"roof_levels":null,"height_m":9,"min_height_m":0,"height_source":"building_type_default","default_height_rule":"yes","confidence":"low"},"geometry":{"type":"Polygon","coordinates":[[[120.299609,22.7067376],[120.2996399,22.706653],[120.2993783,22.7065718],[120.2993475,22.7066563],[120.299609,22.7067376]]]}},{"type":"Feature","id":"way/432527436","properties":{"osm_id":432527436,"osm_type":"way","building":"yes","name":null,"addr_housenumber":null,"addr_street":null,"raw_height":null,"building_levels":null,"raw_min_height":null,"roof_levels":null,"height_m":9,"min_height_m":0,"height_source":"building_type_default","default_height_rule":"yes","confidence":"low"},"geometry":{"type":"Polygon","coordinates":[[[120.298705,22.7056856],[120.298741,22.7055869],[120.2984931,22.7055099],[120.2984571,22.7056086],[120.298705,22.7056856]]]}},{"type":"Feature","id":"way/432527437","properties":{"osm_id":432527437,"osm_type":"way","building":"yes","name":null,"addr_housenumber":null,"addr_street":null,"raw_height":null,"building_levels":null,"raw_min_height":null,"roof_levels":null,"height_m":9,"min_height_m":0,"height_source":"building_type_default","default_height_rule":"yes","confidence":"low"},"geometry":{"type":"Polygon","coordinates":[[[120.2992898,22.7038698],[120.2993322,22.7037536],[120.2992442,22.7037263],[120.2992018,22.7038425],[120.2992898,22.7038698]]]}},{"type":"Feature","id":"way/432527438","properties":{"osm_id":432527438,"osm_type":"way","building":"yes","name":null,"addr_housenumber":null,"addr_street":null,"raw_height":null,"building_levels":null,"raw_min_height":null,"roof_levels":null,"height_m":9,"min_height_m":0,"height_source":"building_type_default","default_height_rule":"yes","confidence":"low"},"geometry":{"type":"Polygon","coordinates":[[[120.3002978,22.7060792],[120.3004005,22.7061119],[120.3004281,22.706038],[120.3003254,22.7060053],[120.3003693,22.7058879],[120.3003331,22.7058764],[120.3003205,22.7059101],[120.3002071,22.7058739],[120.3001756,22.7059578],[120.3002891,22.7059939],[120.3002668,22.7060536],[120.3001615,22.70602],[120.3001312,22.7061009],[120.3002365,22.7061345],[120.3002166,22.7061876],[120.3001025,22.7061512],[120.3000703,22.7062371],[120.3001844,22.7062735],[120.3001759,22.7062962],[120.3000703,22.7062625],[120.3000582,22.7062948],[120.3001637,22.7063284],[120.3001418,22.706387],[120.3000381,22.706354],[120.3000221,22.7063968],[120.3001258,22.7064299],[120.3000852,22.7065383],[120.2999759,22.7065034],[120.2999335,22.7066163],[120.3000429,22.7066512],[120.3000142,22.7067277],[120.2999095,22.7066943],[120.2998692,22.7068019],[120.2999739,22.7068353],[120.2999545,22.706887],[120.2998584,22.7068564],[120.2998134,22.7069766],[120.3000569,22.7070543],[120.300102,22.706934],[120.2999904,22.7068984],[120.3000097,22.7068467],[120.3001212,22.7068822],[120.3001614,22.7067747],[120.3000501,22.7067392],[120.3000788,22.7066626],[120.3001943,22.7066994],[120.3002365,22.7065866],[120.300121,22.7065498],[120.3001462,22.7064825],[120.3002473,22.7065147],[120.3003212,22.7063173],[120.3002201,22.7062851],[120.3002464,22.7062146],[120.3003491,22.7062473],[120.3003784,22.706169],[120.3002764,22.7061365],[120.3002978,22.7060792]]]}},{"type":"Feature","id":"way/432527439","properties":{"osm_id":432527439,"osm_type":"way","building":"yes","name":null,"addr_housenumber":null,"addr_street":null,"raw_height":null,"building_levels":null,"raw_min_height":null,"roof_levels":null,"height_m":9,"min_height_m":0,"height_source":"building_type_default","default_height_rule":"yes","confidence":"low"},"geometry":{"type":"Polygon","coordinates":[[[120.2982706,22.701341],[120.2983147,22.7012202],[120.2982733,22.7012074],[120.2982572,22.7012514],[120.2981472,22.7012173],[120.2981192,22.7012939],[120.2982706,22.701341]]]}},{"type":"Feature","id":"way/432527440","properties":{"osm_id":432527440,"osm_type":"way","building":"yes","name":null,"addr_housenumber":null,"addr_street":null,"raw_height":null,"building_levels":null,"raw_min_height":null,"roof_levels":null,"height_m":9,"min_height_m":0,"height_source":"building_type_default","default_height_rule":"yes","confidence":"low"},"geometry":{"type":"Polygon","coordinates":[[[120.2986064,22.7047662],[120.2985239,22.7047406],[120.2984986,22.7048101],[120.2986744,22.7048647],[120.2987099,22.7047673],[120.2986166,22.7047383],[120.2986064,22.7047662]]]}},{"type":"Feature","id":"way/432527441","properties":{"osm_id":432527441,"osm_type":"way","building":"yes","name":null,"addr_housenumber":null,"addr_street":null,"raw_height":null,"building_levels":null,"raw_min_height":null,"roof_levels":null,"height_m":9,"min_height_m":0,"height_source":"building_type_default","default_height_rule":"yes","confidence":"low"},"geometry":{"type":"Polygon","coordinates":[[[120.2982488,22.7020475],[120.2982357,22.7020833],[120.2983031,22.7021042],[120.2983474,22.701983],[120.29828,22.701962],[120.2981606,22.7019249],[120.2981294,22.7020104],[120.2982488,22.7020475]]]}},{"type":"Feature","id":"way/432527442","properties":{"osm_id":432527442,"osm_type":"way","building":"yes","name":null,"addr_housenumber":null,"addr_street":null,"raw_height":null,"building_levels":null,"raw_min_height":null,"roof_levels":null,"height_m":9,"min_height_m":0,"height_source":"building_type_default","default_height_rule":"yes","confidence":"low"},"geometry":{"type":"Polygon","coordinates":[[[120.2989367,22.7022846],[120.2990055,22.702306],[120.2990555,22.702169],[120.2989867,22.7021476],[120.2989682,22.7021983],[120.2988768,22.7021699],[120.2988453,22.7022562],[120.2989367,22.7022846]]]}},{"type":"Feature","id":"way/432527443","properties":{"osm_id":432527443,"osm_type":"way","building":"yes","name":null,"addr_housenumber":null,"addr_street":null,"raw_height":null,"building_levels":null,"raw_min_height":null,"roof_levels":null,"height_m":9,"min_height_m":0,"height_source":"building_type_default","default_height_rule":"yes","confidence":"low"},"geometry":{"type":"Polygon","coordinates":[[[120.2991205,22.7018628],[120.2989967,22.7018243],[120.2989572,22.7019324],[120.2990811,22.7019708],[120.2990726,22.7019942],[120.2991292,22.7020118],[120.2991377,22.7019884],[120.2991772,22.7018804],[120.2991205,22.7018628]]]}},{"type":"Feature","id":"way/432527444","properties":{"osm_id":432527444,"osm_type":"way","building":"yes","name":null,"addr_housenumber":null,"addr_street":null,"raw_height":null,"building_levels":null,"raw_min_height":null,"roof_levels":null,"height_m":9,"min_height_m":0,"height_source":"building_type_default","default_height_rule":"yes","confidence":"low"},"geometry":{"type":"Polygon","coordinates":[[[120.2991825,22.7013286],[120.2992906,22.7013622],[120.2993374,22.7013767],[120.2993676,22.701294],[120.2993822,22.7012541],[120.2993354,22.7012395],[120.2993208,22.7012794],[120.2992127,22.7012459],[120.2991825,22.7013286]]]}},{"type":"Feature","id":"way/432527445","properties":{"osm_id":432527445,"osm_type":"way","building":"yes","name":null,"addr_housenumber":null,"addr_street":null,"raw_height":null,"building_levels":null,"raw_min_height":null,"roof_levels":null,"height_m":9,"min_height_m":0,"height_source":"building_type_default","default_height_rule":"yes","confidence":"low"},"geometry":{"type":"Polygon","coordinates":[[[120.2988542,22.7048375],[120.298775,22.7048129],[120.298748,22.7048868],[120.2988273,22.7049114],[120.2989222,22.7049409],[120.2989492,22.704867],[120.2989583,22.704842],[120.2988633,22.7048125],[120.2988542,22.7048375]]]}},{"type":"Feature","id":"way/432527446","properties":{"osm_id":432527446,"osm_type":"way","building":"yes","name":null,"addr_housenumber":null,"addr_street":null,"raw_height":null,"building_levels":null,"raw_min_height":null,"roof_levels":null,"height_m":9,"min_height_m":0,"height_source":"building_type_default","default_height_rule":"yes","confidence":"low"},"geometry":{"type":"Polygon","coordinates":[[[120.2983882,22.7016609],[120.2983993,22.7016305],[120.2983071,22.7016018],[120.2982786,22.70168],[120.2983524,22.7017029],[120.2983412,22.7017336],[120.2984396,22.7017641],[120.2984682,22.7016858],[120.2983882,22.7016609]]]}},{"type":"Feature","id":"way/432527447","properties":{"osm_id":432527447,"osm_type":"way","building":"yes","name":null,"addr_housenumber":null,"addr_street":null,"raw_height":null,"building_levels":null,"raw_min_height":null,"roof_levels":null,"height_m":9,"min_height_m":0,"height_source":"building_type_default","default_height_rule":"yes","confidence":"low"},"geometry":{"type":"Polygon","coordinates":[[[120.2981548,22.7016605],[120.2981848,22.7015785],[120.2981201,22.7015584],[120.2980323,22.7015312],[120.2980024,22.7016132],[120.2980902,22.7016405],[120.2980667,22.7017047],[120.2981314,22.7017248],[120.2981548,22.7016605]]]}},{"type":"Feature","id":"way/432527448","properties":{"osm_id":432527448,"osm_type":"way","building":"yes","name":null,"addr_housenumber":null,"addr_street":null,"raw_height":null,"building_levels":null,"raw_min_height":null,"roof_levels":null,"height_m":9,"min_height_m":0,"height_source":"building_type_default","default_height_rule":"yes","confidence":"low"},"geometry":{"type":"Polygon","coordinates":[[[120.2979541,22.7011574],[120.2978522,22.7011257],[120.2978223,22.7012076],[120.2979242,22.7012393],[120.2979729,22.7012544],[120.2980027,22.7011725],[120.2980188,22.7011284],[120.2979702,22.7011133],[120.2979541,22.7011574]]]}},{"type":"Feature","id":"way/432527449","properties":{"osm_id":432527449,"osm_type":"way","building":"yes","name":null,"addr_housenumber":null,"addr_street":null,"raw_height":null,"building_levels":null,"raw_min_height":null,"roof_levels":null,"height_m":9,"min_height_m":0,"height_source":"building_type_default","default_height_rule":"yes","confidence":"low"},"geometry":{"type":"Polygon","coordinates":[[[120.2985049,22.7013328],[120.2984346,22.701311],[120.2984074,22.7013855],[120.2985438,22.7014279],[120.298571,22.7013534],[120.2985583,22.7013494],[120.2985733,22.7013081],[120.29852,22.7012915],[120.2985049,22.7013328]]]}},{"type":"Feature","id":"way/432527450","properties":{"osm_id":432527450,"osm_type":"way","building":"yes","name":null,"addr_housenumber":null,"addr_street":null,"raw_height":null,"building_levels":null,"raw_min_height":null,"roof_levels":null,"height_m":9,"min_height_m":0,"height_source":"building_type_default","default_height_rule":"yes","confidence":"low"},"geometry":{"type":"Polygon","coordinates":[[[120.2996814,22.7051491],[120.2997043,22.7050863],[120.2996686,22.7050752],[120.2996868,22.7050253],[120.2996027,22.7049992],[120.2995715,22.7050847],[120.2995906,22.7050907],[120.2995807,22.7051178],[120.2996814,22.7051491]]]}},{"type":"Feature","id":"way/432527451","properties":{"osm_id":432527451,"osm_type":"way","building":"yes","name":null,"addr_housenumber":null,"addr_street":null,"raw_height":null,"building_levels":null,"raw_min_height":null,"roof_levels":null,"height_m":9,"min_height_m":0,"height_source":"building_type_default","default_height_rule":"yes","confidence":"low"},"geometry":{"type":"Polygon","coordinates":[[[120.2989626,22.7043102],[120.2990411,22.7043346],[120.2991497,22.7043684],[120.2991745,22.7043003],[120.2991838,22.7042747],[120.2990752,22.704241],[120.2990659,22.7042666],[120.2989874,22.7042422],[120.2989626,22.7043102]]]}},{"type":"Feature","id":"way/432528852","properties":{"osm_id":432528852,"osm_type":"way","building":"yes","name":null,"addr_housenumber":null,"addr_street":null,"raw_height":null,"building_levels":null,"raw_min_height":null,"roof_levels":null,"height_m":9,"min_height_m":0,"height_source":"building_type_default","default_height_rule":"yes","confidence":"low"},"geometry":{"type":"Polygon","coordinates":[[[120.2841257,22.718646],[120.2841403,22.7186503],[120.28423,22.7185853],[120.2841854,22.7185618],[120.2841257,22.718646]]]}},{"type":"Feature","id":"way/432528853","properties":{"osm_id":432528853,"osm_type":"way","building":"yes","name":null,"addr_housenumber":null,"addr_street":null,"raw_height":null,"building_levels":null,"raw_min_height":null,"roof_levels":null,"height_m":9,"min_height_m":0,"height_source":"building_type_default","default_height_rule":"yes","confidence":"low"},"geometry":{"type":"Polygon","coordinates":[[[120.2843915,22.718476],[120.2843062,22.7185299],[120.2841687,22.7184577],[120.2840349,22.7183874],[120.2840891,22.7183117],[120.2842257,22.7183792],[120.2843915,22.718476]]]}},{"type":"Feature","id":"way/432528854","properties":{"osm_id":432528854,"osm_type":"way","building":"yes","name":null,"addr_housenumber":null,"addr_street":null,"raw_height":null,"building_levels":null,"raw_min_height":null,"roof_levels":null,"height_m":9,"min_height_m":0,"height_source":"building_type_default","default_height_rule":"yes","confidence":"low"},"geometry":{"type":"Polygon","coordinates":[[[120.2843062,22.7185299],[120.28423,22.7185853],[120.2841854,22.7185618],[120.2841208,22.7185277],[120.2841687,22.7184577],[120.2843062,22.7185299]]]}},{"type":"Feature","id":"way/432528855","properties":{"osm_id":432528855,"osm_type":"way","building":"yes","name":null,"addr_housenumber":null,"addr_street":null,"raw_height":null,"building_levels":null,"raw_min_height":null,"roof_levels":null,"height_m":9,"min_height_m":0,"height_source":"building_type_default","default_height_rule":"yes","confidence":"low"},"geometry":{"type":"Polygon","coordinates":[[[120.2843915,22.718476],[120.2846586,22.7183252],[120.2846537,22.7182353],[120.2845627,22.7181766],[120.2844226,22.7180861],[120.2842257,22.7183792],[120.2843915,22.718476]]]}},{"type":"Feature","id":"way/432528856","properties":{"osm_id":432528856,"osm_type":"way","building":"yes","name":null,"addr_housenumber":null,"addr_street":null,"raw_height":null,"building_levels":null,"raw_min_height":null,"roof_levels":null,"height_m":9,"min_height_m":0,"height_source":"building_type_default","default_height_rule":"yes","confidence":"low"},"geometry":{"type":"Polygon","coordinates":[[[120.2841257,22.718646],[120.2841854,22.7185618],[120.2841208,22.7185277],[120.2840008,22.7184616],[120.2839594,22.7185471],[120.2841257,22.718646]]]}},{"type":"Feature","id":"way/434973242","properties":{"osm_id":434973242,"osm_type":"way","building":"yes","name":"機車考驗場","addr_housenumber":null,"addr_street":null,"raw_height":null,"building_levels":null,"raw_min_height":null,"roof_levels":null,"height_m":9,"min_height_m":0,"height_source":"building_type_default","default_height_rule":"yes","confidence":"low"},"geometry":{"type":"Polygon","coordinates":[[[120.3170608,22.7308421],[120.3172459,22.730951],[120.3175168,22.73057],[120.3173961,22.730476],[120.3172888,22.7305378],[120.3170608,22.7308421]]]}},{"type":"Feature","id":"way/434973243","properties":{"osm_id":434973243,"osm_type":"way","building":"yes","name":null,"addr_housenumber":null,"addr_street":null,"raw_height":null,"building_levels":null,"raw_min_height":null,"roof_levels":null,"height_m":9,"min_height_m":0,"height_source":"building_type_default","default_height_rule":"yes","confidence":"low"},"geometry":{"type":"Polygon","coordinates":[[[120.3193273,22.7313988],[120.3192468,22.7315027],[120.3189732,22.731327],[120.3189303,22.7312281],[120.318756,22.7311118],[120.3187882,22.7310623],[120.3193273,22.7313988]]]}},{"type":"Feature","id":"way/434973244","properties":{"osm_id":434973244,"osm_type":"way","building":"office","name":"交通部公路局高雄市區監理所","addr_housenumber":null,"addr_street":null,"raw_height":null,"building_levels":null,"raw_min_height":null,"roof_levels":null,"height_m":12,"min_height_m":0,"height_source":"building_type_default","default_height_rule":"office","confidence":"low"},"geometry":{"type":"Polygon","coordinates":[[[120.3180579,22.7313131],[120.3185542,22.7316142],[120.3184111,22.7318149],[120.3187188,22.7320015],[120.3190165,22.731584],[120.3182438,22.7311152],[120.3182109,22.7311614],[120.3181796,22.7311424],[120.3180579,22.7313131]]]}},{"type":"Feature","id":"way/437399478","properties":{"osm_id":437399478,"osm_type":"way","building":"yes","name":"仁昌里活動中心","addr_housenumber":"461","addr_street":"壽豐路","raw_height":null,"building_levels":null,"raw_min_height":null,"roof_levels":null,"height_m":9,"min_height_m":0,"height_source":"building_type_default","default_height_rule":"yes","confidence":"low"},"geometry":{"type":"Polygon","coordinates":[[[120.2947941,22.7242531],[120.2948634,22.7242738],[120.29485,22.7243072],[120.2948862,22.7243171],[120.2949968,22.7240685],[120.2948607,22.7240172],[120.2948439,22.7240537],[120.2948708,22.7240629],[120.2947849,22.7242479],[120.294784,22.7242493],[120.2947941,22.7242531]]]}},{"type":"Feature","id":"way/444596266","properties":{"osm_id":444596266,"osm_type":"way","building":"apartments","name":"沐提斯","addr_housenumber":"241","addr_street":"海專路","raw_height":null,"building_levels":"15","raw_min_height":null,"roof_levels":null,"height_m":48,"min_height_m":0,"height_source":"osm_levels_derived","default_height_rule":null,"confidence":"medium"},"geometry":{"type":"Polygon","coordinates":[[[120.312195,22.7250657],[120.3124518,22.7249488],[120.3124032,22.7248578],[120.3123542,22.7248801],[120.3123403,22.7248526],[120.3123049,22.7247849],[120.3121287,22.724865],[120.3121768,22.7249549],[120.3121438,22.72497],[120.312195,22.7250657]]]}},{"type":"Feature","id":"way/444596267","properties":{"osm_id":444596267,"osm_type":"way","building":"apartments","name":"沐提斯","addr_housenumber":"241","addr_street":"海專路","raw_height":null,"building_levels":"15","raw_min_height":null,"roof_levels":null,"height_m":48,"min_height_m":0,"height_source":"osm_levels_derived","default_height_rule":null,"confidence":"medium"},"geometry":{"type":"Polygon","coordinates":[[[120.3123403,22.7248526],[120.3125899,22.7247415],[120.3125311,22.724629],[120.3125097,22.7246385],[120.312488,22.7245969],[120.3122864,22.7246866],[120.3122984,22.7247096],[120.3122717,22.7247215],[120.3123049,22.7247849],[120.3123403,22.7248526]]]}},{"type":"Feature","id":"way/462826446","properties":{"osm_id":462826446,"osm_type":"way","building":"yes","name":null,"addr_housenumber":null,"addr_street":null,"raw_height":null,"building_levels":null,"raw_min_height":null,"roof_levels":null,"height_m":9,"min_height_m":0,"height_source":"building_type_default","default_height_rule":"yes","confidence":"low"},"geometry":{"type":"Polygon","coordinates":[[[120.278372,22.7066329],[120.2783695,22.706299],[120.2787744,22.7062963],[120.278777,22.7066303],[120.278372,22.7066329]]]}},{"type":"Feature","id":"way/462826447","properties":{"osm_id":462826447,"osm_type":"way","building":"yes","name":null,"addr_housenumber":null,"addr_street":null,"raw_height":null,"building_levels":null,"raw_min_height":null,"roof_levels":null,"height_m":9,"min_height_m":0,"height_source":"building_type_default","default_height_rule":"yes","confidence":"low"},"geometry":{"type":"Polygon","coordinates":[[[120.2777662,22.7066549],[120.2777617,22.7062503],[120.2782337,22.7062458],[120.2782382,22.7066504],[120.2777662,22.7066549]]]}},{"type":"Feature","id":"way/462826470","properties":{"osm_id":462826470,"osm_type":"way","building":"yes","name":null,"addr_housenumber":null,"addr_street":null,"raw_height":null,"building_levels":null,"raw_min_height":null,"roof_levels":null,"height_m":9,"min_height_m":0,"height_source":"building_type_default","default_height_rule":"yes","confidence":"low"},"geometry":{"type":"Polygon","coordinates":[[[120.2721991,22.7084519],[120.2721038,22.7082547],[120.2720395,22.7081216],[120.2721443,22.7080785],[120.2723039,22.7084088],[120.2721991,22.7084519]]]}},{"type":"Feature","id":"way/462826474","properties":{"osm_id":462826474,"osm_type":"way","building":"yes","name":null,"addr_housenumber":null,"addr_street":null,"raw_height":null,"building_levels":null,"raw_min_height":null,"roof_levels":null,"height_m":9,"min_height_m":0,"height_source":"building_type_default","default_height_rule":"yes","confidence":"low"},"geometry":{"type":"Polygon","coordinates":[[[120.2706034,22.7105491],[120.27072,22.7107909],[120.2716179,22.7104222],[120.2715013,22.7101805],[120.2706034,22.7105491]]]}},{"type":"Feature","id":"way/462826476","properties":{"osm_id":462826476,"osm_type":"way","building":"yes","name":null,"addr_housenumber":null,"addr_street":null,"raw_height":null,"building_levels":null,"raw_min_height":null,"roof_levels":null,"height_m":9,"min_height_m":0,"height_source":"building_type_default","default_height_rule":"yes","confidence":"low"},"geometry":{"type":"Polygon","coordinates":[[[120.2719701,22.7103153],[120.2717289,22.7097974],[120.2726812,22.7094201],[120.2729224,22.709938],[120.2719701,22.7103153]]]}},{"type":"Feature","id":"way/462826478","properties":{"osm_id":462826478,"osm_type":"way","building":"yes","name":null,"addr_housenumber":null,"addr_street":null,"raw_height":null,"building_levels":null,"raw_min_height":null,"roof_levels":null,"height_m":9,"min_height_m":0,"height_source":"building_type_default","default_height_rule":"yes","confidence":"low"},"geometry":{"type":"Polygon","coordinates":[[[120.2707917,22.7094602],[120.2707142,22.7092949],[120.27105,22.709161],[120.2711275,22.7093263],[120.2707917,22.7094602]]]}},{"type":"Feature","id":"way/462826493","properties":{"osm_id":462826493,"osm_type":"way","building":"yes","name":null,"addr_housenumber":null,"addr_street":null,"raw_height":null,"building_levels":null,"raw_min_height":null,"roof_levels":null,"height_m":9,"min_height_m":0,"height_source":"building_type_default","default_height_rule":"yes","confidence":"low"},"geometry":{"type":"Polygon","coordinates":[[[120.2745964,22.7088484],[120.2746824,22.7090284],[120.2737378,22.7094126],[120.2736518,22.7092326],[120.2745964,22.7088484]]]}},{"type":"Feature","id":"way/462837495","properties":{"osm_id":462837495,"osm_type":"way","building":"yes","name":null,"addr_housenumber":null,"addr_street":null,"raw_height":null,"building_levels":null,"raw_min_height":null,"roof_levels":null,"height_m":9,"min_height_m":0,"height_source":"building_type_default","default_height_rule":"yes","confidence":"low"},"geometry":{"type":"Polygon","coordinates":[[[120.2843204,22.7046727],[120.2844182,22.7045406],[120.2850854,22.7049609],[120.2849876,22.705093],[120.2843204,22.7046727]]]}},{"type":"Feature","id":"way/462837498","properties":{"osm_id":462837498,"osm_type":"way","building":"yes","name":null,"addr_housenumber":null,"addr_street":null,"raw_height":null,"building_levels":null,"raw_min_height":null,"roof_levels":null,"height_m":9,"min_height_m":0,"height_source":"building_type_default","default_height_rule":"yes","confidence":"low"},"geometry":{"type":"Polygon","coordinates":[[[120.2837068,22.7055134],[120.2838086,22.7053837],[120.2844414,22.7058063],[120.2843396,22.705936],[120.2837068,22.7055134]]]}},{"type":"Feature","id":"way/462837500","properties":{"osm_id":462837500,"osm_type":"way","building":"yes","name":null,"addr_housenumber":null,"addr_street":null,"raw_height":null,"building_levels":null,"raw_min_height":null,"roof_levels":null,"height_m":9,"min_height_m":0,"height_source":"building_type_default","default_height_rule":"yes","confidence":"low"},"geometry":{"type":"Polygon","coordinates":[[[120.284571,22.7044303],[120.2847131,22.7042363],[120.2853349,22.7046238],[120.2851929,22.7048178],[120.284571,22.7044303]]]}},{"type":"Feature","id":"way/462837501","properties":{"osm_id":462837501,"osm_type":"way","building":"yes","name":null,"addr_housenumber":null,"addr_street":null,"raw_height":null,"building_levels":null,"raw_min_height":null,"roof_levels":null,"height_m":9,"min_height_m":0,"height_source":"building_type_default","default_height_rule":"yes","confidence":"low"},"geometry":{"type":"Polygon","coordinates":[[[120.2848203,22.7040772],[120.2849725,22.7038742],[120.2856126,22.7042823],[120.2854605,22.7044854],[120.2848203,22.7040772]]]}},{"type":"Feature","id":"way/462837503","properties":{"osm_id":462837503,"osm_type":"way","building":"yes","name":null,"addr_housenumber":null,"addr_street":null,"raw_height":null,"building_levels":null,"raw_min_height":null,"roof_levels":null,"height_m":9,"min_height_m":0,"height_source":"building_type_default","default_height_rule":"yes","confidence":"low"},"geometry":{"type":"Polygon","coordinates":[[[120.285062,22.703726],[120.2856928,22.7041325],[120.2858268,22.7039555],[120.2851959,22.703549],[120.285062,22.703726]]]}},{"type":"Feature","id":"way/462837701","properties":{"osm_id":462837701,"osm_type":"way","building":"yes","name":null,"addr_housenumber":null,"addr_street":null,"raw_height":null,"building_levels":null,"raw_min_height":null,"roof_levels":null,"height_m":9,"min_height_m":0,"height_source":"building_type_default","default_height_rule":"yes","confidence":"low"},"geometry":{"type":"Polygon","coordinates":[[[120.2653424,22.7064559],[120.2654149,22.7061869],[120.2663743,22.7064068],[120.2663019,22.7066758],[120.2653424,22.7064559]]]}},{"type":"Feature","id":"way/462890164","properties":{"osm_id":462890164,"osm_type":"way","building":"apartments","name":"國城MRT","addr_housenumber":null,"addr_street":null,"raw_height":null,"building_levels":"15","raw_min_height":null,"roof_levels":null,"height_m":48,"min_height_m":0,"height_source":"osm_levels_derived","default_height_rule":null,"confidence":"medium"},"geometry":{"type":"Polygon","coordinates":[[[120.3181014,22.7222633],[120.3176562,22.722152],[120.3176348,22.7221496],[120.3176187,22.7221582],[120.3175892,22.7222535],[120.3175744,22.7222498],[120.3175436,22.7223351],[120.3175623,22.7223401],[120.3175369,22.7224205],[120.3175208,22.722418],[120.3174859,22.7225392],[120.3174913,22.7225615],[120.317502,22.7225825],[120.3175181,22.7226048],[120.3182476,22.7228052],[120.3182557,22.7227817],[120.3183026,22.7227941],[120.3183208,22.7227277],[120.3182852,22.7227191],[120.318308,22.7226393],[120.3182717,22.722628],[120.3182782,22.7226054],[120.3179923,22.72252],[120.3180012,22.7224897],[120.317842,22.7224475],[120.3178775,22.7223088],[120.3180719,22.7223555],[120.3181014,22.7222633]]]}},{"type":"Feature","id":"way/462890303","properties":{"osm_id":462890303,"osm_type":"way","building":"commercial","name":null,"addr_housenumber":null,"addr_street":null,"raw_height":null,"building_levels":"5","raw_min_height":null,"roof_levels":null,"height_m":16,"min_height_m":0,"height_source":"osm_levels_derived","default_height_rule":null,"confidence":"medium"},"geometry":{"type":"Polygon","coordinates":[[[120.317626,22.7220092],[120.3176552,22.7220512],[120.3178861,22.7221024],[120.3180033,22.7216537],[120.3179563,22.7216433],[120.3179486,22.7216728],[120.3178427,22.7216493],[120.3178393,22.7216621],[120.3177984,22.7216531],[120.317776,22.7217391],[120.3177004,22.7217224],[120.317626,22.7220092]]]}},{"type":"Feature","id":"way/462890304","properties":{"osm_id":462890304,"osm_type":"way","building":"apartments","name":null,"addr_housenumber":null,"addr_street":null,"raw_height":null,"building_levels":"5","raw_min_height":null,"roof_levels":null,"height_m":16,"min_height_m":0,"height_source":"osm_levels_derived","default_height_rule":null,"confidence":"medium"},"geometry":{"type":"Polygon","coordinates":[[[120.3179344,22.7221232],[120.3181488,22.7221728],[120.3181608,22.7221287],[120.3181444,22.7220705],[120.3179603,22.722028],[120.3179344,22.7221232]]]}},{"type":"Feature","id":"way/462890305","properties":{"osm_id":462890305,"osm_type":"way","building":"apartments","name":null,"addr_housenumber":null,"addr_street":null,"raw_height":null,"building_levels":"5","raw_min_height":null,"roof_levels":null,"height_m":16,"min_height_m":0,"height_source":"osm_levels_derived","default_height_rule":null,"confidence":"medium"},"geometry":{"type":"Polygon","coordinates":[[[120.3179679,22.722],[120.3180483,22.7217284],[120.3181051,22.7217427],[120.3180888,22.7217979],[120.3180996,22.7218006],[120.3180861,22.7218463],[120.3181058,22.7218512],[120.3181046,22.721919],[120.3180728,22.7220264],[120.3179679,22.722]]]}},{"type":"Feature","id":"way/463250273","properties":{"osm_id":463250273,"osm_type":"way","building":"apartments","name":"冠藝大樓","addr_housenumber":null,"addr_street":null,"raw_height":null,"building_levels":"15","raw_min_height":null,"roof_levels":null,"height_m":48,"min_height_m":0,"height_source":"osm_levels_derived","default_height_rule":null,"confidence":"medium"},"geometry":{"type":"Polygon","coordinates":[[[120.2846878,22.7261158],[120.2848942,22.7261632],[120.2848566,22.7263025],[120.2848667,22.7263049],[120.284854,22.7263518],[120.2848211,22.7263443],[120.2848168,22.7263605],[120.284751,22.7263454],[120.2847606,22.7263098],[120.2847175,22.7262999],[120.2847082,22.7262914],[120.2847029,22.7262807],[120.2847189,22.7262211],[120.2846629,22.7262082],[120.2846878,22.7261158]]]}},{"type":"Feature","id":"way/463250274","properties":{"osm_id":463250274,"osm_type":"way","building":"apartments","name":"冠藝大樓","addr_housenumber":null,"addr_street":null,"raw_height":null,"building_levels":"15","raw_min_height":null,"roof_levels":null,"height_m":48,"min_height_m":0,"height_source":"osm_levels_derived","default_height_rule":null,"confidence":"medium"},"geometry":{"type":"Polygon","coordinates":[[[120.2843802,22.7262136],[120.2843996,22.7262175],[120.2843966,22.7262301],[120.2845674,22.7262647],[120.2845969,22.7261403],[120.2846182,22.7261446],[120.2846246,22.7261176],[120.2846098,22.7261146],[120.2846157,22.7260899],[120.2844934,22.7260651],[120.2844894,22.7260817],[120.2844696,22.7260777],[120.2844623,22.7261086],[120.2844802,22.7261122],[120.2844675,22.7261655],[120.2844129,22.7261544],[120.2844052,22.726187],[120.2843874,22.7261834],[120.2843802,22.7262136]]]}},{"type":"Feature","id":"way/463252172","properties":{"osm_id":463252172,"osm_type":"way","building":"apartments","name":"景湛","addr_housenumber":null,"addr_street":"藍田路","raw_height":null,"building_levels":"14","raw_min_height":null,"roof_levels":null,"height_m":44.8,"min_height_m":0,"height_source":"osm_levels_derived","default_height_rule":null,"confidence":"medium"},"geometry":{"type":"Polygon","coordinates":[[[120.2839347,22.728561],[120.2839182,22.7287014],[120.2840566,22.7287152],[120.2840618,22.7286708],[120.2841148,22.7286761],[120.2841101,22.7287159],[120.2842983,22.7287347],[120.284315,22.728592],[120.2842882,22.7285586],[120.2842075,22.7285505],[120.2842051,22.728571],[120.2841155,22.7285621],[120.2841077,22.7286293],[120.2840695,22.7286255],[120.2840754,22.728575],[120.2839347,22.728561]]]}},{"type":"Feature","id":"way/463279779","properties":{"osm_id":463279779,"osm_type":"way","building":"school","name":null,"addr_housenumber":null,"addr_street":null,"raw_height":null,"building_levels":"6","raw_min_height":null,"roof_levels":null,"height_m":19.2,"min_height_m":0,"height_source":"osm_levels_derived","default_height_rule":null,"confidence":"medium"},"geometry":{"type":"Polygon","coordinates":[[[120.2966709,22.7211356],[120.2965897,22.7212999],[120.2962304,22.7211577],[120.2963077,22.7209917],[120.2966709,22.7211356]]]}},{"type":"Feature","id":"way/463279780","properties":{"osm_id":463279780,"osm_type":"way","building":"kindergarten","name":null,"addr_housenumber":null,"addr_street":null,"raw_height":null,"building_levels":null,"raw_min_height":null,"roof_levels":null,"height_m":9,"min_height_m":0,"height_source":"building_type_default","default_height_rule":"kindergarten","confidence":"low"},"geometry":{"type":"Polygon","coordinates":[[[120.2973971,22.7213011],[120.2975307,22.721348],[120.2974576,22.7215252],[120.2973239,22.7214783],[120.2973971,22.7213011]]]}},{"type":"Feature","id":"way/463279781","properties":{"osm_id":463279781,"osm_type":"way","building":"school","name":null,"addr_housenumber":null,"addr_street":null,"raw_height":null,"building_levels":null,"raw_min_height":null,"roof_levels":null,"height_m":15,"min_height_m":0,"height_source":"building_type_default","default_height_rule":"school","confidence":"low"},"geometry":{"type":"Polygon","coordinates":[[[120.3139226,22.7272884],[120.3144863,22.7277893],[120.3145798,22.7276998],[120.3140161,22.7271989],[120.3139226,22.7272884]]]}},{"type":"Feature","id":"way/464131943","properties":{"osm_id":464131943,"osm_type":"way","building":"apartments","name":"Super one","addr_housenumber":null,"addr_street":null,"raw_height":null,"building_levels":"15","raw_min_height":null,"roof_levels":null,"height_m":48,"min_height_m":0,"height_source":"osm_levels_derived","default_height_rule":null,"confidence":"medium"},"geometry":{"type":"Polygon","coordinates":[[[120.2985354,22.7166125],[120.2985476,22.7166537],[120.29928,22.7169181],[120.2993024,22.71692],[120.2993247,22.716905],[120.299459,22.7165764],[120.2992704,22.7165108],[120.2992092,22.7166604],[120.2992868,22.7166874],[120.2992959,22.7166651],[120.299325,22.7166752],[120.2993148,22.7167],[120.2993289,22.7167049],[120.299285,22.7168122],[120.2991762,22.7167743],[120.2991799,22.7167653],[120.2991359,22.71675],[120.2991332,22.7167567],[120.2990065,22.7167127],[120.2990111,22.7167013],[120.2989602,22.7166836],[120.2989546,22.7166975],[120.298835,22.7166559],[120.2988414,22.7166404],[120.2987905,22.7166228],[120.2987847,22.716637],[120.2986692,22.716597],[120.2987342,22.7164376],[120.2988446,22.7164759],[120.2988835,22.7163803],[120.2986613,22.7163033],[120.2985354,22.7166125]]]}},{"type":"Feature","id":"way/464131944","properties":{"osm_id":464131944,"osm_type":"way","building":"apartments","name":"Super one","addr_housenumber":null,"addr_street":null,"raw_height":null,"building_levels":"14","raw_min_height":null,"roof_levels":null,"height_m":44.8,"min_height_m":0,"height_source":"osm_levels_derived","default_height_rule":null,"confidence":"medium"},"geometry":{"type":"Polygon","coordinates":[[[120.2988421,22.7165267],[120.2991818,22.7166458],[120.2992397,22.7165052],[120.2989,22.716386],[120.2988421,22.7165267]]]}},{"type":"Feature","id":"way/464250766","properties":{"osm_id":464250766,"osm_type":"way","building":"apartments","name":null,"addr_housenumber":null,"addr_street":null,"raw_height":null,"building_levels":"10","raw_min_height":null,"roof_levels":null,"height_m":32,"min_height_m":0,"height_source":"osm_levels_derived","default_height_rule":null,"confidence":"medium"},"geometry":{"type":"Polygon","coordinates":[[[120.3162474,22.7303294],[120.3161496,22.7304076],[120.3160938,22.7305259],[120.3160953,22.7305419],[120.3161116,22.7305719],[120.3166704,22.7309253],[120.3169208,22.7307289],[120.3169308,22.7307349],[120.3169907,22.7306842],[120.3169053,22.7305985],[120.3166907,22.7307803],[120.3166128,22.730731],[120.3166291,22.730709],[120.3166039,22.7306931],[120.316585,22.7307185],[120.3164523,22.7306345],[120.3164695,22.7306113],[120.3164446,22.7305956],[120.3164285,22.7306173],[120.3162954,22.7305332],[120.3163116,22.7305113],[120.316288,22.7304964],[120.3162734,22.730516],[120.3162156,22.7304794],[120.3163143,22.7304005],[120.3162474,22.7303294]]]}},{"type":"Feature","id":"way/464250917","properties":{"osm_id":464250917,"osm_type":"way","building":"apartments","name":"都會財神","addr_housenumber":null,"addr_street":null,"raw_height":null,"building_levels":null,"raw_min_height":null,"roof_levels":null,"height_m":10,"min_height_m":0,"height_source":"building_type_default","default_height_rule":"apartments","confidence":"low"},"geometry":{"type":"Polygon","coordinates":[[[120.3183864,22.729152],[120.318462,22.7290938],[120.3182243,22.7288313],[120.3179329,22.7290556],[120.3183245,22.7294883],[120.3184174,22.7294168],[120.3180936,22.729059],[120.3181321,22.7290294],[120.3181746,22.7290764],[120.3182055,22.7290526],[120.318161,22.7290034],[120.318212,22.7289641],[120.3183155,22.7290785],[120.3182677,22.7291153],[120.3183017,22.7291528],[120.318352,22.729114],[120.3183864,22.729152]]]}},{"type":"Feature","id":"way/464250918","properties":{"osm_id":464250918,"osm_type":"way","building":"apartments","name":"都會財神","addr_housenumber":null,"addr_street":null,"raw_height":null,"building_levels":"10","raw_min_height":null,"roof_levels":null,"height_m":32,"min_height_m":0,"height_source":"osm_levels_derived","default_height_rule":null,"confidence":"medium"},"geometry":{"type":"Polygon","coordinates":[[[120.3184018,22.7292735],[120.318487,22.7293613],[120.3188956,22.729035],[120.3187184,22.7288452],[120.3186531,22.7288991],[120.3186885,22.7289356],[120.3186408,22.728975],[120.3186674,22.7290024],[120.3187108,22.7289666],[120.3187447,22.7290016],[120.3186285,22.7290975],[120.3185842,22.7290518],[120.3185491,22.7290807],[120.3185918,22.7291247],[120.3184946,22.729205],[120.3184537,22.7291629],[120.3184198,22.7291909],[120.3184563,22.7292285],[120.3184018,22.7292735]]]}},{"type":"Feature","id":"way/464255788","properties":{"osm_id":464255788,"osm_type":"way","building":"yes","name":null,"addr_housenumber":null,"addr_street":null,"raw_height":null,"building_levels":"1","raw_min_height":null,"roof_levels":null,"height_m":3.2,"min_height_m":0,"height_source":"osm_levels_derived","default_height_rule":null,"confidence":"medium"},"geometry":{"type":"Polygon","coordinates":[[[120.318456,22.7332395],[120.318516,22.733243],[120.3185403,22.7327442],[120.3184835,22.73274],[120.318456,22.7332395]]]}},{"type":"Feature","id":"way/464258027","properties":{"osm_id":464258027,"osm_type":"way","building":"apartments","name":"森泳大地","addr_housenumber":null,"addr_street":null,"raw_height":null,"building_levels":"11","raw_min_height":null,"roof_levels":null,"height_m":35.2,"min_height_m":0,"height_source":"osm_levels_derived","default_height_rule":null,"confidence":"medium"},"geometry":{"type":"Polygon","coordinates":[[[120.319781,22.7278493],[120.3198591,22.7277709],[120.3203063,22.72815],[120.3202282,22.7282284],[120.319781,22.7278493]]]}},{"type":"Feature","id":"way/464258028","properties":{"osm_id":464258028,"osm_type":"way","building":"apartments","name":"森泳大地","addr_housenumber":null,"addr_street":null,"raw_height":null,"building_levels":"11","raw_min_height":null,"roof_levels":null,"height_m":35.2,"min_height_m":0,"height_source":"osm_levels_derived","default_height_rule":null,"confidence":"medium"},"geometry":{"type":"Polygon","coordinates":[[[120.320401,22.7281061],[120.3206528,22.7283335],[120.3206257,22.7283591],[120.3205554,22.7284253],[120.3206309,22.7284934],[120.3207034,22.7284251],[120.3208036,22.7283308],[120.3204764,22.7280351],[120.320401,22.7281061]]]}},{"type":"Feature","id":"way/464258029","properties":{"osm_id":464258029,"osm_type":"way","building":"apartments","name":"森泳大地","addr_housenumber":null,"addr_street":null,"raw_height":null,"building_levels":"11","raw_min_height":null,"roof_levels":null,"height_m":35.2,"min_height_m":0,"height_source":"osm_levels_derived","default_height_rule":null,"confidence":"medium"},"geometry":{"type":"Polygon","coordinates":[[[120.3199183,22.7276825],[120.319988,22.7276148],[120.3204552,22.7280236],[120.3203855,22.7280914],[120.3199183,22.7276825]]]}},{"type":"Feature","id":"way/464258031","properties":{"osm_id":464258031,"osm_type":"way","building":"apartments","name":null,"addr_housenumber":null,"addr_street":null,"raw_height":null,"building_levels":"5","raw_min_height":null,"roof_levels":null,"height_m":16,"min_height_m":0,"height_source":"osm_levels_derived","default_height_rule":null,"confidence":"medium"},"geometry":{"type":"Polygon","coordinates":[[[120.3198121,22.7290055],[120.3191555,22.7282884],[120.3194017,22.7280966],[120.3200584,22.7288137],[120.3199816,22.7288736],[120.3193922,22.7282299],[120.3193044,22.7282983],[120.3198937,22.7289419],[120.3198121,22.7290055]]]}},{"type":"Feature","id":"way/464258032","properties":{"osm_id":464258032,"osm_type":"way","building":"apartments","name":null,"addr_housenumber":null,"addr_street":null,"raw_height":null,"building_levels":"8","raw_min_height":null,"roof_levels":null,"height_m":25.6,"min_height_m":0,"height_source":"osm_levels_derived","default_height_rule":null,"confidence":"medium"},"geometry":{"type":"Polygon","coordinates":[[[120.3194157,22.7280612],[120.319906,22.7285268],[120.3200042,22.7284388],[120.3195139,22.7279732],[120.3194157,22.7280612]]]}},{"type":"Feature","id":"way/464258033","properties":{"osm_id":464258033,"osm_type":"way","building":"apartments","name":"公園家年華","addr_housenumber":null,"addr_street":null,"raw_height":null,"building_levels":"13","raw_min_height":null,"roof_levels":null,"height_m":41.6,"min_height_m":0,"height_source":"osm_levels_derived","default_height_rule":null,"confidence":"medium"},"geometry":{"type":"Polygon","coordinates":[[[120.3183875,22.7283432],[120.3183301,22.7282541],[120.3190895,22.727808],[120.3191589,22.7279046],[120.3183875,22.7283432]]]}},{"type":"Feature","id":"way/464258036","properties":{"osm_id":464258036,"osm_type":"way","building":"apartments","name":"遠境雄觀","addr_housenumber":null,"addr_street":null,"raw_height":null,"building_levels":"13","raw_min_height":null,"roof_levels":null,"height_m":41.6,"min_height_m":0,"height_source":"osm_levels_derived","default_height_rule":null,"confidence":"medium"},"geometry":{"type":"Polygon","coordinates":[[[120.3175774,22.7281377],[120.3174847,22.7281912],[120.3175817,22.7283344],[120.3183495,22.7278916],[120.3182301,22.7277155],[120.3181626,22.7277544],[120.3182289,22.7278522],[120.318092,22.7279312],[120.3180569,22.7278793],[120.3180261,22.7278971],[120.3180585,22.7279449],[120.317928,22.7280202],[120.3178903,22.7279647],[120.3178538,22.7279858],[120.3178919,22.7280389],[120.3176212,22.7282008],[120.3175774,22.7281377]]]}},{"type":"Feature","id":"way/464258037","properties":{"osm_id":464258037,"osm_type":"way","building":"apartments","name":"遠境雄觀","addr_housenumber":null,"addr_street":null,"raw_height":null,"building_levels":"13","raw_min_height":null,"roof_levels":null,"height_m":41.6,"min_height_m":0,"height_source":"osm_levels_derived","default_height_rule":null,"confidence":"medium"},"geometry":{"type":"Polygon","coordinates":[[[120.3182339,22.7277057],[120.3183617,22.7278909],[120.3184594,22.7278336],[120.3184318,22.7277936],[120.3184386,22.7277896],[120.3183779,22.7277016],[120.3184556,22.727656],[120.3185102,22.7277351],[120.3185212,22.7277286],[120.3185534,22.7277752],[120.3186374,22.7277259],[120.3185898,22.7276569],[120.3185452,22.7276199],[120.3184977,22.7275509],[120.3182339,22.7277057]]]}},{"type":"Feature","id":"way/514575643","properties":{"osm_id":514575643,"osm_type":"way","building":"apartments","name":"歐蘭朵","addr_housenumber":"26","addr_street":"德賢路380巷","raw_height":null,"building_levels":"21","raw_min_height":null,"roof_levels":null,"height_m":67.2,"min_height_m":0,"height_source":"osm_levels_derived","default_height_rule":null,"confidence":"medium"},"geometry":{"type":"Polygon","coordinates":[[[120.3040946,22.7271391],[120.304075,22.7268523],[120.3045511,22.7268245],[120.3045707,22.7271114],[120.3040946,22.7271391]]]}},{"type":"Feature","id":"way/523180599","properties":{"osm_id":523180599,"osm_type":"way","building":"yes","name":"牛肉英麵館","addr_housenumber":"348","addr_street":"惠民路","raw_height":null,"building_levels":null,"raw_min_height":null,"roof_levels":null,"height_m":9,"min_height_m":0,"height_source":"building_type_default","default_height_rule":"yes","confidence":"low"},"geometry":{"type":"Polygon","coordinates":[[[120.2915109,22.7241362],[120.2915102,22.7241873],[120.2916989,22.7242478],[120.2917069,22.7241261],[120.2915109,22.7241362]]]}},{"type":"Feature","id":"way/525641498","properties":{"osm_id":525641498,"osm_type":"way","building":"terrace","name":null,"addr_housenumber":null,"addr_street":null,"raw_height":null,"building_levels":"5","raw_min_height":null,"roof_levels":null,"height_m":16,"min_height_m":0,"height_source":"osm_levels_derived","default_height_rule":null,"confidence":"medium"},"geometry":{"type":"Polygon","coordinates":[[[120.2930617,22.7172349],[120.2931132,22.7171128],[120.2933397,22.7171861],[120.2932794,22.7173095],[120.2930617,22.7172349]]]}},{"type":"Feature","id":"way/525641499","properties":{"osm_id":525641499,"osm_type":"way","building":"apartments","name":"純境大樓","addr_housenumber":null,"addr_street":null,"raw_height":null,"building_levels":"8","raw_min_height":null,"roof_levels":null,"height_m":25.6,"min_height_m":0,"height_source":"osm_levels_derived","default_height_rule":null,"confidence":"medium"},"geometry":{"type":"Polygon","coordinates":[[[120.2928426,22.717547],[120.2931264,22.7176718],[120.2932897,22.7173516],[120.2929749,22.7172227],[120.2929117,22.7173692],[120.2931194,22.7174435],[120.293075,22.7175321],[120.2928808,22.7174493],[120.2928426,22.717547]]]}},{"type":"Feature","id":"way/525641500","properties":{"osm_id":525641500,"osm_type":"way","building":"apartments","name":"康橋映象","addr_housenumber":null,"addr_street":null,"raw_height":null,"building_levels":"10","raw_min_height":null,"roof_levels":null,"height_m":32,"min_height_m":0,"height_source":"osm_levels_derived","default_height_rule":null,"confidence":"medium"},"geometry":{"type":"Polygon","coordinates":[[[120.2932853,22.7174086],[120.2936692,22.7175755],[120.2937912,22.7173285],[120.293691,22.7172881],[120.2936434,22.7173868],[120.2933559,22.7172716],[120.2932853,22.7174086]]]}},{"type":"Feature","id":"way/525647234","properties":{"osm_id":525647234,"osm_type":"way","building":"apartments","name":"氧樂多","addr_housenumber":null,"addr_street":null,"raw_height":null,"building_levels":"16","raw_min_height":null,"roof_levels":null,"height_m":51.2,"min_height_m":0,"height_source":"osm_levels_derived","default_height_rule":null,"confidence":"medium"},"geometry":{"type":"Polygon","coordinates":[[[120.2947827,22.7155218],[120.295234,22.7156437],[120.2954383,22.7154935],[120.2948762,22.7153193],[120.2947827,22.7155218]]]}},{"type":"Feature","id":"way/525647243","properties":{"osm_id":525647243,"osm_type":"way","building":"commercial","name":"第八街","addr_housenumber":"879","addr_street":"德民路","raw_height":null,"building_levels":"2","raw_min_height":null,"roof_levels":null,"height_m":6.4,"min_height_m":0,"height_source":"osm_levels_derived","default_height_rule":null,"confidence":"medium"},"geometry":{"type":"Polygon","coordinates":[[[120.2904953,22.7213169],[120.2907785,22.7214629],[120.2908654,22.7214074],[120.2908231,22.7211051],[120.2906068,22.7210639],[120.2904953,22.7213169]]]}},{"type":"Feature","id":"way/527026242","properties":{"osm_id":527026242,"osm_type":"way","building":"apartments","name":"郡都花園","addr_housenumber":null,"addr_street":null,"raw_height":null,"building_levels":"13","raw_min_height":null,"roof_levels":null,"height_m":41.6,"min_height_m":0,"height_source":"osm_levels_derived","default_height_rule":null,"confidence":"medium"},"geometry":{"type":"Polygon","coordinates":[[[120.292303,22.7190822],[120.2924105,22.7187523],[120.2925791,22.7188001],[120.2926236,22.7191677],[120.292303,22.7190822]]]}},{"type":"Feature","id":"way/527026243","properties":{"osm_id":527026243,"osm_type":"way","building":"apartments","name":"GREEN GREEN","addr_housenumber":null,"addr_street":null,"raw_height":null,"building_levels":"15","raw_min_height":null,"roof_levels":null,"height_m":48,"min_height_m":0,"height_source":"osm_levels_derived","default_height_rule":null,"confidence":"medium"},"geometry":{"type":"Polygon","coordinates":[[[120.2923029,22.7198094],[120.2922604,22.7197409],[120.2923363,22.719444],[120.2928379,22.7195996],[120.2924267,22.7198454],[120.2923029,22.7198094]]]}},{"type":"Feature","id":"way/527026244","properties":{"osm_id":527026244,"osm_type":"way","building":"terrace","name":null,"addr_housenumber":null,"addr_street":null,"raw_height":null,"building_levels":"4","raw_min_height":null,"roof_levels":null,"height_m":12.8,"min_height_m":0,"height_source":"osm_levels_derived","default_height_rule":null,"confidence":"medium"},"geometry":{"type":"Polygon","coordinates":[[[120.2925648,22.71836],[120.2926002,22.7182229],[120.2928054,22.7182196],[120.2936159,22.7180302],[120.2936194,22.7181771],[120.2933611,22.7182033],[120.293308,22.7183208],[120.2927063,22.7183926],[120.2925648,22.71836]]]}},{"type":"Feature","id":"way/527256758","properties":{"osm_id":527256758,"osm_type":"way","building":"apartments","name":"甲上生活特區","addr_housenumber":null,"addr_street":null,"raw_height":null,"building_levels":"16","raw_min_height":null,"roof_levels":null,"height_m":51.2,"min_height_m":0,"height_source":"osm_levels_derived","default_height_rule":null,"confidence":"medium"},"geometry":{"type":"Polygon","coordinates":[[[120.2949628,22.7140696],[120.295005,22.7139369],[120.2952413,22.7140085],[120.2952931,22.7138633],[120.2950771,22.7137978],[120.2951289,22.7136526],[120.2954455,22.7137486],[120.2952886,22.7141778],[120.2949628,22.7140696]]]}},{"type":"Feature","id":"way/527256762","properties":{"osm_id":527256762,"osm_type":"way","building":"yes","name":"耶穌基督後期聖徒教會","addr_housenumber":null,"addr_street":null,"raw_height":null,"building_levels":null,"raw_min_height":null,"roof_levels":null,"height_m":9,"min_height_m":0,"height_source":"building_type_default","default_height_rule":"yes","confidence":"low"},"geometry":{"type":"Polygon","coordinates":[[[120.2962624,22.7179833],[120.2963334,22.7177776],[120.2965091,22.7178306],[120.2964314,22.7180456],[120.2962624,22.7179833]]]}},{"type":"Feature","id":"way/527256763","properties":{"osm_id":527256763,"osm_type":"way","building":"yes","name":null,"addr_housenumber":null,"addr_street":null,"raw_height":null,"building_levels":null,"raw_min_height":null,"roof_levels":null,"height_m":9,"min_height_m":0,"height_source":"building_type_default","default_height_rule":"yes","confidence":"low"},"geometry":{"type":"Polygon","coordinates":[[[120.2959066,22.7173087],[120.2961893,22.7166752],[120.2963049,22.716719],[120.2960629,22.7172613],[120.2960052,22.7172394],[120.2959644,22.7173307],[120.2959066,22.7173087]]]}},{"type":"Feature","id":"way/529982618","properties":{"osm_id":529982618,"osm_type":"way","building":"apartments","name":null,"addr_housenumber":null,"addr_street":null,"raw_height":null,"building_levels":null,"raw_min_height":null,"roof_levels":null,"height_m":10,"min_height_m":0,"height_source":"building_type_default","default_height_rule":"apartments","confidence":"low"},"geometry":{"type":"Polygon","coordinates":[[[120.2912453,22.722559],[120.2912308,22.7224371],[120.2914024,22.7224197],[120.2914169,22.7225416],[120.2912453,22.722559]]]}},{"type":"Feature","id":"way/529982619","properties":{"osm_id":529982619,"osm_type":"way","building":"apartments","name":null,"addr_housenumber":null,"addr_street":null,"raw_height":null,"building_levels":null,"raw_min_height":null,"roof_levels":null,"height_m":10,"min_height_m":0,"height_source":"building_type_default","default_height_rule":"apartments","confidence":"low"},"geometry":{"type":"Polygon","coordinates":[[[120.2915469,22.7225275],[120.291537,22.7224215],[120.2917658,22.7224033],[120.2917757,22.7225093],[120.2915469,22.7225275]]]}},{"type":"Feature","id":"way/529982620","properties":{"osm_id":529982620,"osm_type":"way","building":"apartments","name":null,"addr_housenumber":null,"addr_street":null,"raw_height":null,"building_levels":null,"raw_min_height":null,"roof_levels":null,"height_m":10,"min_height_m":0,"height_source":"building_type_default","default_height_rule":"apartments","confidence":"low"},"geometry":{"type":"Polygon","coordinates":[[[120.2912567,22.7224009],[120.2912248,22.7221614],[120.2913412,22.7221481],[120.2913732,22.7223877],[120.2912567,22.7224009]]]}},{"type":"Feature","id":"way/529982621","properties":{"osm_id":529982621,"osm_type":"way","building":"apartments","name":null,"addr_housenumber":null,"addr_street":null,"raw_height":null,"building_levels":"15","raw_min_height":null,"roof_levels":null,"height_m":48,"min_height_m":0,"height_source":"osm_levels_derived","default_height_rule":null,"confidence":"medium"},"geometry":{"type":"Polygon","coordinates":[[[120.2912383,22.7221269],[120.29123,22.722036],[120.2915681,22.72201],[120.2915998,22.7223601],[120.2914997,22.7223978],[120.2914735,22.7221088],[120.2912383,22.7221269]]]}},{"type":"Feature","id":"way/530494505","properties":{"osm_id":530494505,"osm_type":"way","building":"terrace","name":"吾疆","addr_housenumber":null,"addr_street":null,"raw_height":null,"building_levels":null,"raw_min_height":null,"roof_levels":null,"height_m":10,"min_height_m":0,"height_source":"building_type_default","default_height_rule":"terrace","confidence":"low"},"geometry":{"type":"Polygon","coordinates":[[[120.2947576,22.7156479],[120.2947923,22.715556],[120.2950108,22.7156262],[120.2949762,22.715718],[120.2947576,22.7156479]]]}},{"type":"Feature","id":"way/530494507","properties":{"osm_id":530494507,"osm_type":"way","building":"yes","name":"圓園緣","addr_housenumber":null,"addr_street":null,"raw_height":null,"building_levels":null,"raw_min_height":null,"roof_levels":null,"height_m":9,"min_height_m":0,"height_source":"building_type_default","default_height_rule":"yes","confidence":"low"},"geometry":{"type":"Polygon","coordinates":[[[120.2964141,22.7161995],[120.2965523,22.7158282],[120.2967861,22.7159013],[120.2966406,22.716271],[120.2964141,22.7161995]]]}},{"type":"Feature","id":"way/530494508","properties":{"osm_id":530494508,"osm_type":"way","building":"apartments","name":"加昌一期","addr_housenumber":null,"addr_street":null,"raw_height":null,"building_levels":null,"raw_min_height":null,"roof_levels":null,"height_m":10,"min_height_m":0,"height_source":"building_type_default","default_height_rule":"apartments","confidence":"low"},"geometry":{"type":"Polygon","coordinates":[[[120.2976677,22.7174808],[120.2977155,22.717361],[120.2987473,22.7177111],[120.2987776,22.717635],[120.2980891,22.7174014],[120.2981346,22.7172872],[120.2984959,22.7174098],[120.29868,22.7169482],[120.2991536,22.7171089],[120.2988459,22.7178806],[120.2976677,22.7174808]]]}},{"type":"Feature","id":"way/530988367","properties":{"osm_id":530988367,"osm_type":"way","building":"terrace","name":null,"addr_housenumber":null,"addr_street":null,"raw_height":null,"building_levels":"4","raw_min_height":null,"roof_levels":null,"height_m":12.8,"min_height_m":0,"height_source":"osm_levels_derived","default_height_rule":null,"confidence":"medium"},"geometry":{"type":"Polygon","coordinates":[[[120.2932286,22.7176061],[120.2933019,22.7174473],[120.29366,22.717588],[120.2935867,22.7177467],[120.2932286,22.7176061]]]}},{"type":"Feature","id":"way/537401067","properties":{"osm_id":537401067,"osm_type":"way","building":"terrace","name":null,"addr_housenumber":null,"addr_street":null,"raw_height":null,"building_levels":"4","raw_min_height":null,"roof_levels":null,"height_m":12.8,"min_height_m":0,"height_source":"osm_levels_derived","default_height_rule":null,"confidence":"medium"},"geometry":{"type":"Polygon","coordinates":[[[120.2947819,22.7172153],[120.2948652,22.7171167],[120.2950109,22.7172214],[120.2949276,22.71732],[120.2947819,22.7172153]]]}},{"type":"Feature","id":"way/538467044","properties":{"osm_id":538467044,"osm_type":"way","building":"apartments","name":"軍校錄","addr_housenumber":null,"addr_street":null,"raw_height":null,"building_levels":"15","raw_min_height":null,"roof_levels":null,"height_m":48,"min_height_m":0,"height_source":"osm_levels_derived","default_height_rule":null,"confidence":"medium"},"geometry":{"type":"Polygon","coordinates":[[[120.2916021,22.71139],[120.2919593,22.7114882],[120.2919861,22.7115079],[120.2919968,22.7115327],[120.2919968,22.7115599],[120.2918377,22.7120524],[120.2916535,22.7120018],[120.2917735,22.7116302],[120.2915449,22.7115673],[120.2916021,22.71139]]]}},{"type":"Feature","id":"way/538467045","properties":{"osm_id":538467045,"osm_type":"way","building":"terrace","name":null,"addr_housenumber":null,"addr_street":null,"raw_height":null,"building_levels":"5","raw_min_height":null,"roof_levels":null,"height_m":16,"min_height_m":0,"height_source":"osm_levels_derived","default_height_rule":null,"confidence":"medium"},"geometry":{"type":"Polygon","coordinates":[[[120.2918225,22.7113842],[120.291978,22.7110279],[120.2921712,22.7110898],[120.2920531,22.7113768],[120.2920156,22.7114016],[120.2919861,22.7114189],[120.2919432,22.7114139],[120.2918225,22.7113842]]]}},{"type":"Feature","id":"way/539823342","properties":{"osm_id":539823342,"osm_type":"way","building":"kindergarten","name":null,"addr_housenumber":null,"addr_street":null,"raw_height":null,"building_levels":"3","raw_min_height":null,"roof_levels":null,"height_m":9.6,"min_height_m":0,"height_source":"osm_levels_derived","default_height_rule":null,"confidence":"medium"},"geometry":{"type":"Polygon","coordinates":[[[120.2931255,22.716924],[120.2932094,22.7169554],[120.2932365,22.7169572],[120.2932773,22.716933],[120.2932938,22.7169151],[120.2933451,22.7167987],[120.2932737,22.7167719],[120.2932219,22.7168894],[120.2931522,22.7168633],[120.2931255,22.716924]]]}},{"type":"Feature","id":"way/539823343","properties":{"osm_id":539823343,"osm_type":"way","building":"kindergarten","name":null,"addr_housenumber":null,"addr_street":null,"raw_height":null,"building_levels":"3","raw_min_height":null,"roof_levels":null,"height_m":9.6,"min_height_m":0,"height_source":"osm_levels_derived","default_height_rule":null,"confidence":"medium"},"geometry":{"type":"Polygon","coordinates":[[[120.2933952,22.7170491],[120.2935847,22.7171246],[120.2936777,22.7169258],[120.293483,22.7168483],[120.2934422,22.7169355],[120.2934201,22.7169267],[120.2933915,22.7169878],[120.2934189,22.7169987],[120.2933952,22.7170491]]]}},{"type":"Feature","id":"way/539991813","properties":{"osm_id":539991813,"osm_type":"way","building":"kindergarten","name":null,"addr_housenumber":null,"addr_street":null,"raw_height":null,"building_levels":"1","raw_min_height":null,"roof_levels":null,"height_m":3.2,"min_height_m":0,"height_source":"osm_levels_derived","default_height_rule":null,"confidence":"medium"},"geometry":{"type":"Polygon","coordinates":[[[120.2978139,22.7218155],[120.2979048,22.7215862],[120.2978134,22.7215554],[120.2978237,22.7215295],[120.2977169,22.7214937],[120.297726,22.7214706],[120.2976143,22.7214333],[120.2976228,22.7214116],[120.2975508,22.7213877],[120.2975915,22.7212834],[120.297684,22.7213141],[120.2976755,22.7213358],[120.2977796,22.7213702],[120.2977719,22.7213901],[120.2978893,22.7214288],[120.2978826,22.721446],[120.2980043,22.7214861],[120.2979706,22.721573],[120.2980172,22.7215884],[120.2980153,22.7215591],[120.298062,22.7215125],[120.2981806,22.721566],[120.298242,22.7216818],[120.2982074,22.7217923],[120.298131,22.7218246],[120.2981031,22.7217685],[120.2981047,22.7217323],[120.2981342,22.7216727],[120.2981164,22.7216294],[120.2980619,22.7216125],[120.2980418,22.7216254],[120.2979613,22.7215899],[120.2979349,22.7216407],[120.2979859,22.7216632],[120.298023,22.7217372],[120.297971,22.7218685],[120.2978139,22.7218155]]]}},{"type":"Feature","id":"way/540411243","properties":{"osm_id":540411243,"osm_type":"way","building":"yes","name":"合作金庫商業銀行","addr_housenumber":"1111","addr_street":"後昌路","raw_height":null,"building_levels":null,"raw_min_height":null,"roof_levels":null,"height_m":9,"min_height_m":0,"height_source":"building_type_default","default_height_rule":"yes","confidence":"low"},"geometry":{"type":"Polygon","coordinates":[[[120.2918058,22.717757],[120.2918851,22.7175458],[120.2920077,22.7175849],[120.2919701,22.7176852],[120.2919284,22.7177961],[120.2918058,22.717757]]]}},{"type":"Feature","id":"way/540411244","properties":{"osm_id":540411244,"osm_type":"way","building":"terrace","name":null,"addr_housenumber":null,"addr_street":null,"raw_height":null,"building_levels":"4","raw_min_height":null,"roof_levels":null,"height_m":12.8,"min_height_m":0,"height_source":"osm_levels_derived","default_height_rule":null,"confidence":"medium"},"geometry":{"type":"Polygon","coordinates":[[[120.2921747,22.7180713],[120.2922626,22.7178406],[120.2925921,22.7179326],[120.292489,22.7181118],[120.2921747,22.7180713]]]}},{"type":"Feature","id":"way/540411245","properties":{"osm_id":540411245,"osm_type":"way","building":"apartments","name":null,"addr_housenumber":null,"addr_street":null,"raw_height":null,"building_levels":"7","raw_min_height":null,"roof_levels":null,"height_m":22.4,"min_height_m":0,"height_source":"osm_levels_derived","default_height_rule":null,"confidence":"medium"},"geometry":{"type":"Polygon","coordinates":[[[120.294449,22.7114357],[120.2943609,22.711341],[120.2950359,22.7108379],[120.2951361,22.7109327],[120.294449,22.7114357]]]}},{"type":"Feature","id":"way/540986951","properties":{"osm_id":540986951,"osm_type":"way","building":"apartments","name":null,"addr_housenumber":null,"addr_street":null,"raw_height":null,"building_levels":null,"raw_min_height":null,"roof_levels":null,"height_m":10,"min_height_m":0,"height_source":"building_type_default","default_height_rule":"apartments","confidence":"low"},"geometry":{"type":"Polygon","coordinates":[[[120.2912734,22.7038437],[120.2912743,22.7037676],[120.2916375,22.7037711],[120.2916366,22.7038472],[120.2912734,22.7038437]]]}},{"type":"Feature","id":"way/540986952","properties":{"osm_id":540986952,"osm_type":"way","building":"apartments","name":null,"addr_housenumber":null,"addr_street":null,"raw_height":null,"building_levels":null,"raw_min_height":null,"roof_levels":null,"height_m":10,"min_height_m":0,"height_source":"building_type_default","default_height_rule":"apartments","confidence":"low"},"geometry":{"type":"Polygon","coordinates":[[[120.2912702,22.7036808],[120.29127,22.703603],[120.291637,22.7036023],[120.2916371,22.7036801],[120.2912702,22.7036808]]]}},{"type":"Feature","id":"way/540986953","properties":{"osm_id":540986953,"osm_type":"way","building":"apartments","name":null,"addr_housenumber":null,"addr_street":null,"raw_height":null,"building_levels":null,"raw_min_height":null,"roof_levels":null,"height_m":10,"min_height_m":0,"height_source":"building_type_default","default_height_rule":"apartments","confidence":"low"},"geometry":{"type":"Polygon","coordinates":[[[120.2912695,22.7035481],[120.2912698,22.7034695],[120.2916312,22.7034709],[120.2916308,22.7035495],[120.2912695,22.7035481]]]}},{"type":"Feature","id":"way/540986954","properties":{"osm_id":540986954,"osm_type":"way","building":"apartments","name":null,"addr_housenumber":null,"addr_street":null,"raw_height":null,"building_levels":null,"raw_min_height":null,"roof_levels":null,"height_m":10,"min_height_m":0,"height_source":"building_type_default","default_height_rule":"apartments","confidence":"low"},"geometry":{"type":"Polygon","coordinates":[[[120.2917933,22.7038479],[120.2917922,22.7037719],[120.2921572,22.703767],[120.2921584,22.703843],[120.2917933,22.7038479]]]}},{"type":"Feature","id":"way/540986955","properties":{"osm_id":540986955,"osm_type":"way","building":"apartments","name":null,"addr_housenumber":null,"addr_street":null,"raw_height":null,"building_levels":null,"raw_min_height":null,"roof_levels":null,"height_m":10,"min_height_m":0,"height_source":"building_type_default","default_height_rule":"apartments","confidence":"low"},"geometry":{"type":"Polygon","coordinates":[[[120.2917926,22.7036794],[120.291792,22.7036007],[120.292158,22.7035987],[120.2921586,22.7036773],[120.2917926,22.7036794]]]}},{"type":"Feature","id":"way/540986956","properties":{"osm_id":540986956,"osm_type":"way","building":"apartments","name":null,"addr_housenumber":null,"addr_street":null,"raw_height":null,"building_levels":null,"raw_min_height":null,"roof_levels":null,"height_m":10,"min_height_m":0,"height_source":"building_type_default","default_height_rule":"apartments","confidence":"low"},"geometry":{"type":"Polygon","coordinates":[[[120.2917912,22.7035524],[120.2917897,22.7034687],[120.2922057,22.7034624],[120.2922072,22.7035461],[120.2917912,22.7035524]]]}},{"type":"Feature","id":"way/541672847","properties":{"osm_id":541672847,"osm_type":"way","building":"terrace","name":null,"addr_housenumber":null,"addr_street":null,"raw_height":null,"building_levels":"5","raw_min_height":null,"roof_levels":null,"height_m":16,"min_height_m":0,"height_source":"osm_levels_derived","default_height_rule":null,"confidence":"medium"},"geometry":{"type":"Polygon","coordinates":[[[120.3283483,22.7368807],[120.3284379,22.7365524],[120.3297313,22.7363469],[120.3299772,22.736517],[120.3298158,22.7366823],[120.3283483,22.7368807]]]}},{"type":"Feature","id":"way/543881776","properties":{"osm_id":543881776,"osm_type":"way","building":"terrace","name":null,"addr_housenumber":null,"addr_street":null,"raw_height":null,"building_levels":"4","raw_min_height":null,"roof_levels":null,"height_m":12.8,"min_height_m":0,"height_source":"osm_levels_derived","default_height_rule":null,"confidence":"medium"},"geometry":{"type":"Polygon","coordinates":[[[120.2933536,22.7166139],[120.2934155,22.7164776],[120.2939951,22.7167015],[120.2939332,22.7168378],[120.2933536,22.7166139]]]}},{"type":"Feature","id":"way/546362098","properties":{"osm_id":546362098,"osm_type":"way","building":"yes","name":null,"addr_housenumber":null,"addr_street":null,"raw_height":null,"building_levels":null,"raw_min_height":null,"roof_levels":null,"height_m":9,"min_height_m":0,"height_source":"building_type_default","default_height_rule":"yes","confidence":"low"},"geometry":{"type":"Polygon","coordinates":[[[120.2881729,22.7110959],[120.2880863,22.7109961],[120.2881933,22.7109229],[120.2882838,22.7110393],[120.2881729,22.7110959]]]}},{"type":"Feature","id":"way/546474993","properties":{"osm_id":546474993,"osm_type":"way","building":"yes","name":null,"addr_housenumber":null,"addr_street":null,"raw_height":null,"building_levels":null,"raw_min_height":null,"roof_levels":null,"height_m":9,"min_height_m":0,"height_source":"building_type_default","default_height_rule":"yes","confidence":"low"},"geometry":{"type":"Polygon","coordinates":[[[120.321755,22.7279947],[120.3217396,22.727928],[120.3217704,22.727891],[120.3216842,22.727864],[120.3215952,22.7278691],[120.3216195,22.7280459],[120.3217119,22.7280288],[120.3217119,22.7280089],[120.321755,22.7279947]]]}},{"type":"Feature","id":"way/547862412","properties":{"osm_id":547862412,"osm_type":"way","building":"office","name":"楠梓區公所","addr_housenumber":"264;264-2","addr_street":"楠梓新路","raw_height":null,"building_levels":"7","raw_min_height":null,"roof_levels":null,"height_m":22.4,"min_height_m":0,"height_source":"osm_levels_derived","default_height_rule":null,"confidence":"medium"},"geometry":{"type":"Polygon","coordinates":[[[120.3262885,22.7285713],[120.3261279,22.7283027],[120.3263686,22.7281803],[120.3265291,22.7284489],[120.3262885,22.7285713]]]}},{"type":"Feature","id":"way/547862413","properties":{"osm_id":547862413,"osm_type":"way","building":"apartments","name":"亞太新紀元","addr_housenumber":null,"addr_street":null,"raw_height":null,"building_levels":"18","raw_min_height":null,"roof_levels":null,"height_m":57.6,"min_height_m":0,"height_source":"osm_levels_derived","default_height_rule":null,"confidence":"medium"},"geometry":{"type":"Polygon","coordinates":[[[120.3252702,22.7297304],[120.3251635,22.7295542],[120.3260258,22.7290102],[120.3259781,22.7289298],[120.3251887,22.7293625],[120.3250932,22.7291889],[120.3260989,22.7286656],[120.3262927,22.7289946],[120.326141,22.729163],[120.3258124,22.7293936],[120.3252702,22.7297304]]]}},{"type":"Feature","id":"way/547862414","properties":{"osm_id":547862414,"osm_type":"way","building":"yes","name":null,"addr_housenumber":"2","addr_street":"楠梓新路190巷","raw_height":null,"building_levels":null,"raw_min_height":null,"roof_levels":null,"height_m":9,"min_height_m":0,"height_source":"building_type_default","default_height_rule":"yes","confidence":"low"},"geometry":{"type":"Polygon","coordinates":[[[120.3250998,22.7266345],[120.3250626,22.7265733],[120.3253212,22.7264395],[120.3254397,22.7266345],[120.3252255,22.7266176],[120.3250998,22.7266345]]]}},{"type":"Feature","id":"way/548129397","properties":{"osm_id":548129397,"osm_type":"way","building":"yes","name":null,"addr_housenumber":null,"addr_street":null,"raw_height":null,"building_levels":"12","raw_min_height":null,"roof_levels":null,"height_m":38.4,"min_height_m":0,"height_source":"osm_levels_derived","default_height_rule":null,"confidence":"medium"},"geometry":{"type":"Polygon","coordinates":[[[120.324622,22.7271601],[120.3247615,22.7271577],[120.3247749,22.7274743],[120.3246381,22.7274793],[120.324622,22.7271601]]]}},{"type":"Feature","id":"way/548129398","properties":{"osm_id":548129398,"osm_type":"way","building":"yes","name":null,"addr_housenumber":null,"addr_street":null,"raw_height":null,"building_levels":"12","raw_min_height":null,"roof_levels":null,"height_m":38.4,"min_height_m":0,"height_source":"osm_levels_derived","default_height_rule":null,"confidence":"medium"},"geometry":{"type":"Polygon","coordinates":[[[120.3252524,22.7273284],[120.3252041,22.7272566],[120.3250673,22.7272987],[120.3248903,22.7273358],[120.3249064,22.7274422],[120.3250834,22.7273976],[120.3251612,22.7273754],[120.3252524,22.7273284]]]}},{"type":"Feature","id":"way/548129399","properties":{"osm_id":548129399,"osm_type":"way","building":"apartments","name":null,"addr_housenumber":null,"addr_street":null,"raw_height":null,"building_levels":"13","raw_min_height":null,"roof_levels":null,"height_m":41.6,"min_height_m":0,"height_source":"osm_levels_derived","default_height_rule":null,"confidence":"medium"},"geometry":{"type":"Polygon","coordinates":[[[120.3298768,22.7243849],[120.3297666,22.7243214],[120.3298385,22.7242241],[120.3295345,22.7240506],[120.3296082,22.7239415],[120.3299404,22.7241331],[120.3299648,22.7241647],[120.3299812,22.7242076],[120.3299808,22.7242429],[120.3298768,22.7243849]]]}},{"type":"Feature","id":"way/548129400","properties":{"osm_id":548129400,"osm_type":"way","building":"apartments","name":null,"addr_housenumber":null,"addr_street":null,"raw_height":null,"building_levels":null,"raw_min_height":null,"roof_levels":null,"height_m":10,"min_height_m":0,"height_source":"building_type_default","default_height_rule":"apartments","confidence":"low"},"geometry":{"type":"Polygon","coordinates":[[[120.3290151,22.7242157],[120.3293668,22.7243467],[120.3292539,22.7245729],[120.3289151,22.7244419],[120.3290151,22.7242157]]]}},{"type":"Feature","id":"way/548129401","properties":{"osm_id":548129401,"osm_type":"way","building":"apartments","name":null,"addr_housenumber":null,"addr_street":null,"raw_height":null,"building_levels":"16","raw_min_height":null,"roof_levels":null,"height_m":51.2,"min_height_m":0,"height_source":"osm_levels_derived","default_height_rule":null,"confidence":"medium"},"geometry":{"type":"Polygon","coordinates":[[[120.3291184,22.7240967],[120.329412,22.7242395],[120.329512,22.7240669],[120.3292152,22.7239211],[120.3291184,22.7240967]]]}},{"type":"Feature","id":"way/548131441","properties":{"osm_id":548131441,"osm_type":"way","building":"terrace","name":null,"addr_housenumber":null,"addr_street":null,"raw_height":null,"building_levels":"5","raw_min_height":null,"roof_levels":null,"height_m":16,"min_height_m":0,"height_source":"osm_levels_derived","default_height_rule":null,"confidence":"medium"},"geometry":{"type":"Polygon","coordinates":[[[120.2915138,22.7186216],[120.2916683,22.7186609],[120.2918146,22.7182616],[120.2916561,22.7182072],[120.2915138,22.7186216]]]}},{"type":"Feature","id":"way/548131443","properties":{"osm_id":548131443,"osm_type":"way","building":"temple","name":"佛光山寶華寺","addr_housenumber":null,"addr_street":null,"raw_height":null,"building_levels":null,"raw_min_height":null,"roof_levels":null,"height_m":14,"min_height_m":0,"height_source":"building_type_default","default_height_rule":"temple","confidence":"low"},"geometry":{"type":"Polygon","coordinates":[[[120.2903184,22.71662],[120.290294,22.7164625],[120.2905441,22.7164325],[120.2905487,22.7166021],[120.2903184,22.71662]]]}},{"type":"Feature","id":"way/548694982","properties":{"osm_id":548694982,"osm_type":"way","building":"apartments","name":"芳崗博市館","addr_housenumber":null,"addr_street":null,"raw_height":null,"building_levels":"15","raw_min_height":null,"roof_levels":null,"height_m":48,"min_height_m":0,"height_source":"osm_levels_derived","default_height_rule":null,"confidence":"medium"},"geometry":{"type":"Polygon","coordinates":[[[120.2908694,22.7293375],[120.2908304,22.7290917],[120.2911706,22.7290458],[120.2911845,22.7291335],[120.2911396,22.7291395],[120.2911647,22.7292977],[120.2908694,22.7293375]]]}},{"type":"Feature","id":"way/548694983","properties":{"osm_id":548694983,"osm_type":"way","building":"apartments","name":"高雄大學城-劍橋","addr_housenumber":null,"addr_street":null,"raw_height":null,"building_levels":"15","raw_min_height":null,"roof_levels":null,"height_m":48,"min_height_m":0,"height_source":"osm_levels_derived","default_height_rule":null,"confidence":"medium"},"geometry":{"type":"Polygon","coordinates":[[[120.290704,22.7289245],[120.2906798,22.7287579],[120.2907384,22.7287506],[120.2906972,22.728467],[120.2906507,22.7284728],[120.2906294,22.7283262],[120.2908636,22.7282973],[120.2909502,22.7288942],[120.290704,22.7289245]]]}},{"type":"Feature","id":"way/548694984","properties":{"osm_id":548694984,"osm_type":"way","building":"terrace","name":"世界首富","addr_housenumber":null,"addr_street":null,"raw_height":null,"building_levels":"5","raw_min_height":null,"roof_levels":null,"height_m":16,"min_height_m":0,"height_source":"osm_levels_derived","default_height_rule":null,"confidence":"medium"},"geometry":{"type":"Polygon","coordinates":[[[120.2910994,22.7288986],[120.2910833,22.72877],[120.2916466,22.7287106],[120.2916519,22.7288442],[120.2910994,22.7288986]]]}},{"type":"Feature","id":"way/548694987","properties":{"osm_id":548694987,"osm_type":"way","building":"terrace","name":null,"addr_housenumber":null,"addr_street":null,"raw_height":null,"building_levels":"4","raw_min_height":null,"roof_levels":null,"height_m":12.8,"min_height_m":0,"height_source":"osm_levels_derived","default_height_rule":null,"confidence":"medium"},"geometry":{"type":"Polygon","coordinates":[[[120.2954618,22.7272856],[120.2954,22.7267597],[120.2955376,22.7267312],[120.2956023,22.7272623],[120.2954618,22.7272856]]]}},{"type":"Feature","id":"way/548694988","properties":{"osm_id":548694988,"osm_type":"way","building":"terrace","name":null,"addr_housenumber":null,"addr_street":null,"raw_height":null,"building_levels":"4","raw_min_height":null,"roof_levels":null,"height_m":12.8,"min_height_m":0,"height_source":"osm_levels_derived","default_height_rule":null,"confidence":"medium"},"geometry":{"type":"Polygon","coordinates":[[[120.2956837,22.7272571],[120.2958129,22.7272442],[120.2957315,22.7266742],[120.2956163,22.7267001],[120.2956837,22.7272571]]]}},{"type":"Feature","id":"way/548694989","properties":{"osm_id":548694989,"osm_type":"way","building":"terrace","name":null,"addr_housenumber":null,"addr_street":null,"raw_height":null,"building_levels":"5","raw_min_height":null,"roof_levels":null,"height_m":16,"min_height_m":0,"height_source":"osm_levels_derived","default_height_rule":null,"confidence":"medium"},"geometry":{"type":"Polygon","coordinates":[[[120.2958129,22.7272442],[120.2958888,22.7272312],[120.2957905,22.7266534],[120.2957315,22.7266742],[120.2958129,22.7272442]]]}},{"type":"Feature","id":"way/548694990","properties":{"osm_id":548694990,"osm_type":"way","building":"terrace","name":null,"addr_housenumber":null,"addr_street":null,"raw_height":null,"building_levels":"5","raw_min_height":null,"roof_levels":null,"height_m":16,"min_height_m":0,"height_source":"osm_levels_derived","default_height_rule":null,"confidence":"medium"},"geometry":{"type":"Polygon","coordinates":[[[120.2959478,22.7272131],[120.2960433,22.7271975],[120.2959787,22.7265576],[120.2958579,22.7265809],[120.2959478,22.7272131]]]}},{"type":"Feature","id":"way/548694991","properties":{"osm_id":548694991,"osm_type":"way","building":"terrace","name":null,"addr_housenumber":null,"addr_street":null,"raw_height":null,"building_levels":"4","raw_min_height":null,"roof_levels":null,"height_m":12.8,"min_height_m":0,"height_source":"osm_levels_derived","default_height_rule":null,"confidence":"medium"},"geometry":{"type":"Polygon","coordinates":[[[120.2945517,22.7265913],[120.2945404,22.7264902],[120.295077,22.7264254],[120.2950994,22.7265265],[120.2945517,22.7265913]]]}},{"type":"Feature","id":"way/548694992","properties":{"osm_id":548694992,"osm_type":"way","building":"terrace","name":null,"addr_housenumber":null,"addr_street":null,"raw_height":null,"building_levels":"5","raw_min_height":null,"roof_levels":null,"height_m":16,"min_height_m":0,"height_source":"osm_levels_derived","default_height_rule":null,"confidence":"medium"},"geometry":{"type":"Polygon","coordinates":[[[120.2945489,22.7263088],[120.2945994,22.7261767],[120.295105,22.7262829],[120.2950573,22.7264047],[120.2945489,22.7263088]]]}},{"type":"Feature","id":"way/548694993","properties":{"osm_id":548694993,"osm_type":"way","building":"yes","name":"右昌教會敬拜中心","addr_housenumber":"478","addr_street":"援中路","raw_height":null,"building_levels":null,"raw_min_height":null,"roof_levels":null,"height_m":9,"min_height_m":0,"height_source":"building_type_default","default_height_rule":"yes","confidence":"low"},"geometry":{"type":"Polygon","coordinates":[[[120.2925095,22.7262363],[120.2927314,22.7262207],[120.2926864,22.7259513],[120.2924645,22.7259746],[120.2925095,22.7262363]]]}},{"type":"Feature","id":"way/548694994","properties":{"osm_id":548694994,"osm_type":"way","building":"terrace","name":null,"addr_housenumber":null,"addr_street":null,"raw_height":null,"building_levels":"4","raw_min_height":null,"roof_levels":null,"height_m":12.8,"min_height_m":0,"height_source":"osm_levels_derived","default_height_rule":null,"confidence":"medium"},"geometry":{"type":"Polygon","coordinates":[[[120.2925823,22.7300769],[120.2925621,22.7299224],[120.2932402,22.7298468],[120.2932605,22.7300012],[120.2925823,22.7300769]]]}},{"type":"Feature","id":"way/548694995","properties":{"osm_id":548694995,"osm_type":"way","building":"terrace","name":null,"addr_housenumber":null,"addr_street":null,"raw_height":null,"building_levels":"4","raw_min_height":null,"roof_levels":null,"height_m":12.8,"min_height_m":0,"height_source":"osm_levels_derived","default_height_rule":null,"confidence":"medium"},"geometry":{"type":"Polygon","coordinates":[[[120.2932605,22.7300012],[120.2939183,22.7299279],[120.2938981,22.7297734],[120.2932402,22.7298468],[120.2932605,22.7300012]]]}},{"type":"Feature","id":"way/548694996","properties":{"osm_id":548694996,"osm_type":"way","building":"terrace","name":null,"addr_housenumber":null,"addr_street":null,"raw_height":null,"building_levels":"4","raw_min_height":null,"roof_levels":null,"height_m":12.8,"min_height_m":0,"height_source":"osm_levels_derived","default_height_rule":null,"confidence":"medium"},"geometry":{"type":"Polygon","coordinates":[[[120.2914263,22.7305221],[120.2913729,22.730048],[120.2918869,22.7299729],[120.2919544,22.7304522],[120.2914263,22.7305221]]]}},{"type":"Feature","id":"way/548875782","properties":{"osm_id":548875782,"osm_type":"way","building":"residential","name":null,"addr_housenumber":null,"addr_street":null,"raw_height":null,"building_levels":"7","raw_min_height":null,"roof_levels":null,"height_m":22.4,"min_height_m":0,"height_source":"osm_levels_derived","default_height_rule":null,"confidence":"medium"},"geometry":{"type":"Polygon","coordinates":[[[120.30143,22.7259414],[120.3015606,22.7259556],[120.3016605,22.7256485],[120.3015811,22.7256154],[120.30143,22.7259414]]]}},{"type":"Feature","id":"way/549570242","properties":{"osm_id":549570242,"osm_type":"way","building":"yes","name":"右昌民營市場","addr_housenumber":null,"addr_street":null,"raw_height":null,"building_levels":null,"raw_min_height":null,"roof_levels":null,"height_m":9,"min_height_m":0,"height_source":"building_type_default","default_height_rule":"yes","confidence":"low"},"geometry":{"type":"Polygon","coordinates":[[[120.2885308,22.7123002],[120.2882781,22.712057],[120.2885751,22.7117943],[120.2887191,22.7119329],[120.2888278,22.7120375],[120.2885308,22.7123002]]]}},{"type":"Feature","id":"way/550215246","properties":{"osm_id":550215246,"osm_type":"way","building":"commercial","name":null,"addr_housenumber":null,"addr_street":null,"raw_height":null,"building_levels":null,"raw_min_height":null,"roof_levels":null,"height_m":12,"min_height_m":0,"height_source":"building_type_default","default_height_rule":"commercial","confidence":"low"},"geometry":{"type":"Polygon","coordinates":[[[120.3071316,22.7271845],[120.3072533,22.7272257],[120.3073365,22.7270367],[120.3072148,22.7269891],[120.3071316,22.7271845]]]}},{"type":"Feature","id":"way/550215247","properties":{"osm_id":550215247,"osm_type":"way","building":"commercial","name":null,"addr_housenumber":null,"addr_street":null,"raw_height":null,"building_levels":null,"raw_min_height":null,"roof_levels":null,"height_m":12,"min_height_m":0,"height_source":"building_type_default","default_height_rule":"commercial","confidence":"low"},"geometry":{"type":"Polygon","coordinates":[[[120.3076506,22.7265011],[120.3077394,22.7266298],[120.3078456,22.7265614],[120.3077148,22.7263891],[120.3076711,22.7264187],[120.3076506,22.7265011]]]}},{"type":"Feature","id":"way/551271717","properties":{"osm_id":551271717,"osm_type":"way","building":"yes","name":"蘭園莒光金吉利廣場","addr_housenumber":null,"addr_street":null,"raw_height":null,"building_levels":"6","raw_min_height":null,"roof_levels":null,"height_m":19.2,"min_height_m":0,"height_source":"osm_levels_derived","default_height_rule":null,"confidence":"medium"},"geometry":{"type":"Polygon","coordinates":[[[120.2945742,22.711682],[120.2946992,22.7117911],[120.2947938,22.7116913],[120.2946654,22.7115916],[120.2945742,22.711682]]]}},{"type":"Feature","id":"way/551271720","properties":{"osm_id":551271720,"osm_type":"way","building":"apartments","name":null,"addr_housenumber":null,"addr_street":null,"raw_height":null,"building_levels":"7","raw_min_height":null,"roof_levels":null,"height_m":22.4,"min_height_m":0,"height_source":"osm_levels_derived","default_height_rule":null,"confidence":"medium"},"geometry":{"type":"Polygon","coordinates":[[[120.2995235,22.7081452],[120.2996704,22.7080038],[120.2997428,22.7080097],[120.2997832,22.708051],[120.2997853,22.7082572],[120.2996768,22.7082611],[120.2996683,22.7081904],[120.2997194,22.7081158],[120.2996853,22.7080804],[120.2995895,22.7081924],[120.2995235,22.7081452]]]}},{"type":"Feature","id":"way/565088828","properties":{"osm_id":565088828,"osm_type":"way","building":"yes","name":null,"addr_housenumber":null,"addr_street":null,"raw_height":null,"building_levels":null,"raw_min_height":null,"roof_levels":null,"height_m":9,"min_height_m":0,"height_source":"building_type_default","default_height_rule":"yes","confidence":"low"},"geometry":{"type":"Polygon","coordinates":[[[120.3287296,22.7389933],[120.3288177,22.739042],[120.3287261,22.7391292],[120.3286039,22.7392411],[120.3284879,22.7391447],[120.3286623,22.7389759],[120.3287296,22.7389933]]]}},{"type":"Feature","id":"way/566462469","properties":{"osm_id":566462469,"osm_type":"way","building":"retail","name":null,"addr_housenumber":null,"addr_street":null,"raw_height":null,"building_levels":null,"raw_min_height":null,"roof_levels":null,"height_m":12,"min_height_m":0,"height_source":"building_type_default","default_height_rule":"retail","confidence":"low"},"geometry":{"type":"Polygon","coordinates":[[[120.3295149,22.7393678],[120.3293652,22.7392789],[120.3294024,22.7392292],[120.329514,22.7392929],[120.3295384,22.7393344],[120.3295149,22.7393678]]]}},{"type":"Feature","id":"way/575252964","properties":{"osm_id":575252964,"osm_type":"way","building":"yes","name":"北平楊寶寶蒸餃","addr_housenumber":null,"addr_street":null,"raw_height":null,"building_levels":null,"raw_min_height":null,"roof_levels":null,"height_m":9,"min_height_m":0,"height_source":"building_type_default","default_height_rule":"yes","confidence":"low"},"geometry":{"type":"Polygon","coordinates":[[[120.3027304,22.7278372],[120.3029112,22.7278025],[120.3028747,22.7276407],[120.3026938,22.7276754],[120.3027304,22.7278372]]]}},{"type":"Feature","id":"way/576971440","properties":{"osm_id":576971440,"osm_type":"way","building":"apartments","name":"楠加州大樓","addr_housenumber":null,"addr_street":null,"raw_height":null,"building_levels":null,"raw_min_height":null,"roof_levels":null,"height_m":10,"min_height_m":0,"height_source":"building_type_default","default_height_rule":"apartments","confidence":"low"},"geometry":{"type":"Polygon","coordinates":[[[120.2932966,22.7231437],[120.2932551,22.7230513],[120.2933546,22.7230133],[120.2933443,22.7229905],[120.2934441,22.7229524],[120.2934552,22.722958],[120.2934642,22.7229736],[120.2934586,22.7229925],[120.2936919,22.7235139],[120.2930565,22.7237558],[120.2928611,22.723319],[120.2929199,22.7232966],[120.292915,22.7232856],[120.2929613,22.723268],[120.2929573,22.7232591],[120.2930114,22.7232385],[120.2930061,22.7232295],[120.2930607,22.7232067],[120.293099,22.7232868],[120.2929693,22.7233396],[120.2929997,22.7234032],[120.2930132,22.7233978],[120.2930235,22.7234198],[120.2930072,22.7234262],[120.2931061,22.7236411],[120.2931809,22.7236119],[120.2931587,22.7235633],[120.2931787,22.7235555],[120.2932027,22.7236087],[120.293531,22.723483],[120.2933662,22.7231171],[120.2932966,22.7231437]]]}},{"type":"Feature","id":"way/578515262","properties":{"osm_id":578515262,"osm_type":"way","building":"yes","name":null,"addr_housenumber":null,"addr_street":null,"raw_height":null,"building_levels":null,"raw_min_height":null,"roof_levels":null,"height_m":9,"min_height_m":0,"height_source":"building_type_default","default_height_rule":"yes","confidence":"low"},"geometry":{"type":"Polygon","coordinates":[[[120.2926382,22.7180602],[120.2927348,22.7178746],[120.2928528,22.717929],[120.2928877,22.7180725],[120.2927777,22.7180849],[120.2927643,22.7181047],[120.2926382,22.7180602]]]}},{"type":"Feature","id":"way/578515264","properties":{"osm_id":578515264,"osm_type":"way","building":"yes","name":null,"addr_housenumber":null,"addr_street":null,"raw_height":null,"building_levels":null,"raw_min_height":null,"roof_levels":null,"height_m":9,"min_height_m":0,"height_source":"building_type_default","default_height_rule":"yes","confidence":"low"},"geometry":{"type":"Polygon","coordinates":[[[120.2920964,22.7183298],[120.292134,22.7182111],[120.2922252,22.7181393],[120.292488,22.7182086],[120.2924183,22.7184288],[120.2920964,22.7183298]]]}},{"type":"Feature","id":"way/590380955","properties":{"osm_id":590380955,"osm_type":"way","building":"yes","name":null,"addr_housenumber":null,"addr_street":null,"raw_height":null,"building_levels":null,"raw_min_height":null,"roof_levels":null,"height_m":9,"min_height_m":0,"height_source":"building_type_default","default_height_rule":"yes","confidence":"low"},"geometry":{"type":"Polygon","coordinates":[[[120.3276027,22.7295032],[120.3276428,22.7293487],[120.3277635,22.7293753],[120.3277234,22.7295299],[120.3276027,22.7295032]]]}},{"type":"Feature","id":"way/598097581","properties":{"osm_id":598097581,"osm_type":"way","building":"school","name":"公弢館(音樂館)","addr_housenumber":null,"addr_street":null,"raw_height":null,"building_levels":null,"raw_min_height":null,"roof_levels":null,"height_m":15,"min_height_m":0,"height_source":"building_type_default","default_height_rule":"school","confidence":"low"},"geometry":{"type":"Polygon","coordinates":[[[120.3049408,22.7099],[120.3051272,22.7099104],[120.305138,22.7097464],[120.3051077,22.7097447],[120.3051129,22.7096658],[120.3050574,22.7096627],[120.3050557,22.7096883],[120.3049218,22.7096808],[120.3049146,22.7097903],[120.3048972,22.7097893],[120.3048942,22.7098343],[120.304945,22.7098371],[120.3049408,22.7099]]]}},{"type":"Feature","id":"way/598097582","properties":{"osm_id":598097582,"osm_type":"way","building":"school","name":"信義館","addr_housenumber":null,"addr_street":null,"raw_height":null,"building_levels":null,"raw_min_height":null,"roof_levels":null,"height_m":15,"min_height_m":0,"height_source":"building_type_default","default_height_rule":"school","confidence":"low"},"geometry":{"type":"Polygon","coordinates":[[[120.3053947,22.7084567],[120.305608,22.7084633],[120.3056101,22.7084057],[120.3057483,22.70841],[120.305746,22.7084739],[120.305946,22.7084801],[120.3059493,22.7083905],[120.305841,22.7083871],[120.3058431,22.7083299],[120.3055135,22.7083196],[120.3055114,22.7083767],[120.3053978,22.7083732],[120.3053947,22.7084567]]]}},{"type":"Feature","id":"way/598097583","properties":{"osm_id":598097583,"osm_type":"way","building":"school","name":"四維館","addr_housenumber":null,"addr_street":null,"raw_height":null,"building_levels":null,"raw_min_height":null,"roof_levels":null,"height_m":15,"min_height_m":0,"height_source":"building_type_default","default_height_rule":"school","confidence":"low"},"geometry":{"type":"Polygon","coordinates":[[[120.305656,22.7091406],[120.3059301,22.7091485],[120.3059333,22.7090546],[120.3061648,22.7090613],[120.3061675,22.70898],[120.3058668,22.7089713],[120.305864,22.7090552],[120.3056591,22.7090493],[120.305656,22.7091406]]]}},{"type":"Feature","id":"way/598097586","properties":{"osm_id":598097586,"osm_type":"way","building":"school","name":"仁愛館","addr_housenumber":null,"addr_street":null,"raw_height":null,"building_levels":null,"raw_min_height":null,"roof_levels":null,"height_m":15,"min_height_m":0,"height_source":"building_type_default","default_height_rule":"school","confidence":"low"},"geometry":{"type":"Polygon","coordinates":[[[120.3053913,22.7089331],[120.3056661,22.7089397],[120.3056683,22.7088622],[120.3058986,22.7088677],[120.305901,22.708784],[120.3055996,22.7087768],[120.3055973,22.7088612],[120.3053934,22.7088563],[120.3053913,22.7089331]]]}},{"type":"Feature","id":"way/598097590","properties":{"osm_id":598097590,"osm_type":"way","building":"school","name":"學務處","addr_housenumber":null,"addr_street":null,"raw_height":null,"building_levels":null,"raw_min_height":null,"roof_levels":null,"height_m":15,"min_height_m":0,"height_source":"building_type_default","default_height_rule":"school","confidence":"low"},"geometry":{"type":"Polygon","coordinates":[[[120.3051712,22.7090343],[120.3053426,22.7090363],[120.3053444,22.7089062],[120.305173,22.7089042],[120.3051712,22.7090343]]]}},{"type":"Feature","id":"way/598097591","properties":{"osm_id":598097591,"osm_type":"way","building":"school","name":"開水房","addr_housenumber":null,"addr_street":null,"raw_height":null,"building_levels":null,"raw_min_height":null,"roof_levels":null,"height_m":15,"min_height_m":0,"height_source":"building_type_default","default_height_rule":"school","confidence":"low"},"geometry":{"type":"Polygon","coordinates":[[[120.3053999,22.7090713],[120.3054628,22.709075],[120.3054682,22.7089971],[120.3054053,22.7089934],[120.3053999,22.7090713]]]}},{"type":"Feature","id":"way/598097593","properties":{"osm_id":598097593,"osm_type":"way","building":"school","name":"忠孝館","addr_housenumber":null,"addr_street":null,"raw_height":null,"building_levels":null,"raw_min_height":null,"roof_levels":null,"height_m":15,"min_height_m":0,"height_source":"building_type_default","default_height_rule":"school","confidence":"low"},"geometry":{"type":"Polygon","coordinates":[[[120.3045631,22.7087834],[120.3051458,22.7087925],[120.3051473,22.7087134],[120.3045646,22.7087042],[120.3045631,22.7087834]]]}},{"type":"Feature","id":"way/598097597","properties":{"osm_id":598097597,"osm_type":"way","building":"school","name":"警衛室","addr_housenumber":null,"addr_street":null,"raw_height":null,"building_levels":null,"raw_min_height":null,"roof_levels":null,"height_m":15,"min_height_m":0,"height_source":"building_type_default","default_height_rule":"school","confidence":"low"},"geometry":{"type":"Polygon","coordinates":[[[120.304974,22.7081926],[120.3049737,22.7081315],[120.3050261,22.7081312],[120.3050264,22.7081923],[120.304974,22.7081926]]]}},{"type":"Feature","id":"way/603570570","properties":{"osm_id":603570570,"osm_type":"way","building":"public","name":"游泳館","addr_housenumber":null,"addr_street":null,"raw_height":null,"building_levels":null,"raw_min_height":null,"roof_levels":null,"height_m":15,"min_height_m":0,"height_source":"building_type_default","default_height_rule":"public","confidence":"low"},"geometry":{"type":"Polygon","coordinates":[[[120.3307382,22.7545323],[120.3307426,22.7544055],[120.3309168,22.7544106],[120.330926,22.7541466],[120.3314738,22.7541628],[120.3314693,22.7542926],[120.3316216,22.7542971],[120.3316156,22.7544709],[120.3315467,22.7544689],[120.3315455,22.7545029],[120.3316243,22.7545052],[120.3316207,22.7546095],[120.331379,22.7546024],[120.3313821,22.7545149],[120.3308411,22.7544989],[120.3308399,22.7545353],[120.3307382,22.7545323]]]}},{"type":"Feature","id":"way/603570571","properties":{"osm_id":603570571,"osm_type":"way","building":"university","name":"產業創新園區","addr_housenumber":null,"addr_street":null,"raw_height":null,"building_levels":null,"raw_min_height":null,"roof_levels":null,"height_m":15,"min_height_m":0,"height_source":"building_type_default","default_height_rule":"university","confidence":"low"},"geometry":{"type":"Polygon","coordinates":[[[120.3280434,22.7523707],[120.3280476,22.7522134],[120.3284984,22.7522234],[120.3284942,22.7523809],[120.3280434,22.7523707]]]}},{"type":"Feature","id":"way/603570572","properties":{"osm_id":603570572,"osm_type":"way","building":"dormitory","name":"樂群樓(學生宿舍)","addr_housenumber":null,"addr_street":null,"raw_height":null,"building_levels":null,"raw_min_height":null,"roof_levels":null,"height_m":10,"min_height_m":0,"height_source":"building_type_default","default_height_rule":"dormitory","confidence":"low"},"geometry":{"type":"Polygon","coordinates":[[[120.3290336,22.7525679],[120.3290359,22.7524489],[120.3294238,22.7524553],[120.3294721,22.7524207],[120.3295419,22.7524158],[120.3295848,22.7524479],[120.3301583,22.752444],[120.3301564,22.7522147],[120.329427,22.7522198],[120.3294264,22.7521511],[120.3290292,22.7521539],[120.329029,22.7521223],[120.3289127,22.7521231],[120.3289111,22.7519324],[120.3290265,22.7519316],[120.3290269,22.7519755],[120.3296487,22.7519709],[120.3296491,22.7520199],[120.3303361,22.7520146],[120.3303389,22.7523188],[120.3302584,22.7523194],[120.3302609,22.7525885],[120.3295955,22.7525939],[120.3295311,22.752626],[120.3294668,22.7526285],[120.3294077,22.7525741],[120.3290336,22.7525679]]]}},{"type":"Feature","id":"way/604483123","properties":{"osm_id":604483123,"osm_type":"way","building":"grandstand","name":"體育場看台","addr_housenumber":null,"addr_street":null,"raw_height":null,"building_levels":null,"raw_min_height":null,"roof_levels":null,"height_m":9,"min_height_m":0,"height_source":"building_type_default","default_height_rule":"grandstand","confidence":"low"},"geometry":{"type":"Polygon","coordinates":[[[120.31524,22.7272399],[120.3154413,22.7272389],[120.3154397,22.7269471],[120.3152384,22.7269481],[120.31524,22.7272399]]]}},{"type":"Feature","id":"way/604483126","properties":{"osm_id":604483126,"osm_type":"way","building":"yes","name":"水食工廠","addr_housenumber":null,"addr_street":null,"raw_height":null,"building_levels":null,"raw_min_height":null,"roof_levels":null,"height_m":9,"min_height_m":0,"height_source":"building_type_default","default_height_rule":"yes","confidence":"low"},"geometry":{"type":"Polygon","coordinates":[[[120.3169614,22.7267881],[120.3173479,22.7267878],[120.3173478,22.7266268],[120.3168969,22.7266272],[120.3169613,22.7266989],[120.3169614,22.7267881]]]}},{"type":"Feature","id":"way/604483130","properties":{"osm_id":604483130,"osm_type":"way","building":"university","name":"總變電室","addr_housenumber":null,"addr_street":null,"raw_height":null,"building_levels":null,"raw_min_height":null,"roof_levels":null,"height_m":15,"min_height_m":0,"height_source":"building_type_default","default_height_rule":"university","confidence":"low"},"geometry":{"type":"Polygon","coordinates":[[[120.3138067,22.7267917],[120.3138052,22.7266972],[120.3139664,22.726695],[120.3139679,22.7267895],[120.3138067,22.7267917]]]}},{"type":"Feature","id":"way/604483136","properties":{"osm_id":604483136,"osm_type":"way","building":"university","name":"警衛室","addr_housenumber":null,"addr_street":null,"raw_height":null,"building_levels":null,"raw_min_height":null,"roof_levels":null,"height_m":15,"min_height_m":0,"height_source":"building_type_default","default_height_rule":"university","confidence":"low"},"geometry":{"type":"Polygon","coordinates":[[[120.3148217,22.7248273],[120.3148224,22.7247619],[120.3148229,22.7247169],[120.3151088,22.7247193],[120.3151077,22.7248298],[120.3148217,22.7248273]]]}},{"type":"Feature","id":"way/608863841","properties":{"osm_id":608863841,"osm_type":"way","building":"yes","name":null,"addr_housenumber":null,"addr_street":null,"raw_height":null,"building_levels":null,"raw_min_height":null,"roof_levels":null,"height_m":9,"min_height_m":0,"height_source":"building_type_default","default_height_rule":"yes","confidence":"low"},"geometry":{"type":"Polygon","coordinates":[[[120.3036399,22.7019279],[120.3036385,22.701985],[120.3035896,22.701984],[120.3035889,22.7020104],[120.3035264,22.7020091],[120.3035237,22.7021155],[120.3035828,22.7021168],[120.3035817,22.7021588],[120.3039306,22.7021662],[120.3039313,22.7021351],[120.3039924,22.7021364],[120.3039951,22.7020288],[120.3039375,22.7020276],[120.3039383,22.7019978],[120.3038918,22.7019968],[120.3038934,22.7019332],[120.3036399,22.7019279]]]}},{"type":"Feature","id":"way/608863844","properties":{"osm_id":608863844,"osm_type":"way","building":"yes","name":null,"addr_housenumber":null,"addr_street":null,"raw_height":null,"building_levels":null,"raw_min_height":null,"roof_levels":null,"height_m":9,"min_height_m":0,"height_source":"building_type_default","default_height_rule":"yes","confidence":"low"},"geometry":{"type":"Polygon","coordinates":[[[120.3040505,22.7021748],[120.3042452,22.7021807],[120.3042463,22.7021509],[120.3042919,22.7021523],[120.304296,22.7020387],[120.3042479,22.7020373],[120.3042495,22.7019918],[120.3040549,22.701986],[120.3040534,22.7020273],[120.3040076,22.7020259],[120.3040036,22.7021395],[120.3040517,22.7021409],[120.3040505,22.7021748]]]}},{"type":"Feature","id":"way/608863846","properties":{"osm_id":608863846,"osm_type":"way","building":"yes","name":null,"addr_housenumber":null,"addr_street":null,"raw_height":null,"building_levels":null,"raw_min_height":null,"roof_levels":null,"height_m":9,"min_height_m":0,"height_source":"building_type_default","default_height_rule":"yes","confidence":"low"},"geometry":{"type":"Polygon","coordinates":[[[120.3032588,22.7019977],[120.3031595,22.7019961],[120.3031574,22.7021016],[120.3032586,22.7021033],[120.3032579,22.7021379],[120.3034496,22.7021412],[120.3034502,22.7021097],[120.3035007,22.7021105],[120.3035028,22.7020051],[120.3034504,22.7020042],[120.3034515,22.7019482],[120.3032599,22.701945],[120.3032588,22.7019977]]]}},{"type":"Feature","id":"way/608863848","properties":{"osm_id":608863848,"osm_type":"way","building":"yes","name":null,"addr_housenumber":null,"addr_street":null,"raw_height":null,"building_levels":null,"raw_min_height":null,"roof_levels":null,"height_m":9,"min_height_m":0,"height_source":"building_type_default","default_height_rule":"yes","confidence":"low"},"geometry":{"type":"Polygon","coordinates":[[[120.3029215,22.7030199],[120.3029416,22.7026178],[120.3028715,22.7026148],[120.3028514,22.7030169],[120.3029215,22.7030199]]]}},{"type":"Feature","id":"way/608863850","properties":{"osm_id":608863850,"osm_type":"way","building":"yes","name":null,"addr_housenumber":null,"addr_street":null,"raw_height":null,"building_levels":null,"raw_min_height":null,"roof_levels":null,"height_m":9,"min_height_m":0,"height_source":"building_type_default","default_height_rule":"yes","confidence":"low"},"geometry":{"type":"Polygon","coordinates":[[[120.302951,22.7025881],[120.3029591,22.7024112],[120.3028528,22.7024071],[120.3028447,22.702584],[120.302951,22.7025881]]]}},{"type":"Feature","id":"way/608863852","properties":{"osm_id":608863852,"osm_type":"way","building":"industrial","name":"煉製事業部","addr_housenumber":null,"addr_street":null,"raw_height":null,"building_levels":null,"raw_min_height":null,"roof_levels":null,"height_m":9,"min_height_m":0,"height_source":"building_type_default","default_height_rule":"industrial","confidence":"low"},"geometry":{"type":"Polygon","coordinates":[[[120.3029229,22.7042014],[120.3029564,22.7034306],[120.3028301,22.703426],[120.3027965,22.7041967],[120.3029229,22.7042014]]]}},{"type":"Feature","id":"way/608863854","properties":{"osm_id":608863854,"osm_type":"way","building":"yes","name":null,"addr_housenumber":null,"addr_street":null,"raw_height":null,"building_levels":null,"raw_min_height":null,"roof_levels":null,"height_m":9,"min_height_m":0,"height_source":"building_type_default","default_height_rule":"yes","confidence":"low"},"geometry":{"type":"Polygon","coordinates":[[[120.3036404,22.7034245],[120.3038402,22.7034254],[120.3038403,22.7034058],[120.3043524,22.7034099],[120.3043538,22.7032587],[120.3038411,22.7032545],[120.3038415,22.7031829],[120.3036417,22.703182],[120.3036413,22.7032529],[120.3031348,22.7032488],[120.3031333,22.7034],[120.3036405,22.7034041],[120.3036404,22.7034245]]]}},{"type":"Feature","id":"way/608863856","properties":{"osm_id":608863856,"osm_type":"way","building":"yes","name":null,"addr_housenumber":null,"addr_street":null,"raw_height":null,"building_levels":null,"raw_min_height":null,"roof_levels":null,"height_m":9,"min_height_m":0,"height_source":"building_type_default","default_height_rule":"yes","confidence":"low"},"geometry":{"type":"Polygon","coordinates":[[[120.3031603,22.702691],[120.3036565,22.7027068],[120.3036416,22.7031042],[120.3038464,22.7031108],[120.3038608,22.702726],[120.3043456,22.7027415],[120.3043538,22.702524],[120.303168,22.7024859],[120.3031603,22.702691]]]}},{"type":"Feature","id":"way/608863859","properties":{"osm_id":608863859,"osm_type":"way","building":"yes","name":null,"addr_housenumber":null,"addr_street":null,"raw_height":null,"building_levels":null,"raw_min_height":null,"roof_levels":null,"height_m":9,"min_height_m":0,"height_source":"building_type_default","default_height_rule":"yes","confidence":"low"},"geometry":{"type":"Polygon","coordinates":[[[120.3028518,22.7020654],[120.3029515,22.7020673],[120.3029549,22.701922],[120.3028551,22.70192],[120.3028518,22.7020654]]]}},{"type":"Feature","id":"way/608863861","properties":{"osm_id":608863861,"osm_type":"way","building":"yes","name":null,"addr_housenumber":null,"addr_street":null,"raw_height":null,"building_levels":null,"raw_min_height":null,"roof_levels":null,"height_m":9,"min_height_m":0,"height_source":"building_type_default","default_height_rule":"yes","confidence":"low"},"geometry":{"type":"Polygon","coordinates":[[[120.3028981,22.7007558],[120.3028946,22.7008564],[120.3030407,22.7008607],[120.3030442,22.7007601],[120.3028981,22.7007558]]]}},{"type":"Feature","id":"way/608863863","properties":{"osm_id":608863863,"osm_type":"way","building":"yes","name":null,"addr_housenumber":null,"addr_street":null,"raw_height":null,"building_levels":null,"raw_min_height":null,"roof_levels":null,"height_m":9,"min_height_m":0,"height_source":"building_type_default","default_height_rule":"yes","confidence":"low"},"geometry":{"type":"Polygon","coordinates":[[[120.3031763,22.7010886],[120.3031741,22.7012718],[120.3037817,22.701278],[120.3037839,22.7010948],[120.3031763,22.7010886]]]}},{"type":"Feature","id":"way/608863864","properties":{"osm_id":608863864,"osm_type":"way","building":"yes","name":null,"addr_housenumber":null,"addr_street":null,"raw_height":null,"building_levels":null,"raw_min_height":null,"roof_levels":null,"height_m":9,"min_height_m":0,"height_source":"building_type_default","default_height_rule":"yes","confidence":"low"},"geometry":{"type":"Polygon","coordinates":[[[120.3052068,22.7025349],[120.3052913,22.7026643],[120.305416,22.7025951],[120.3053315,22.7024656],[120.3052068,22.7025349]]]}},{"type":"Feature","id":"way/608863868","properties":{"osm_id":608863868,"osm_type":"way","building":"yes","name":null,"addr_housenumber":null,"addr_street":null,"raw_height":null,"building_levels":null,"raw_min_height":null,"roof_levels":null,"height_m":9,"min_height_m":0,"height_source":"building_type_default","default_height_rule":"yes","confidence":"low"},"geometry":{"type":"Polygon","coordinates":[[[120.3045845,22.7032537],[120.3045748,22.7034175],[120.3047331,22.7034254],[120.3047242,22.7035748],[120.3045847,22.7035678],[120.304577,22.7036985],[120.3048626,22.7037129],[120.3048693,22.7036009],[120.304885,22.7036017],[120.304896,22.7034161],[120.3048964,22.7034161],[120.304905,22.7032698],[120.3045845,22.7032537]]]}},{"type":"Feature","id":"way/608863869","properties":{"osm_id":608863869,"osm_type":"way","building":"yes","name":null,"addr_housenumber":null,"addr_street":null,"raw_height":null,"building_levels":null,"raw_min_height":null,"roof_levels":null,"height_m":9,"min_height_m":0,"height_source":"building_type_default","default_height_rule":"yes","confidence":"low"},"geometry":{"type":"Polygon","coordinates":[[[120.3049292,22.7035247],[120.3049214,22.7037259],[120.3052232,22.7037358],[120.3052309,22.7035346],[120.3049292,22.7035247]]]}},{"type":"Feature","id":"way/608863870","properties":{"osm_id":608863870,"osm_type":"way","building":"yes","name":null,"addr_housenumber":null,"addr_street":null,"raw_height":null,"building_levels":null,"raw_min_height":null,"roof_levels":null,"height_m":9,"min_height_m":0,"height_source":"building_type_default","default_height_rule":"yes","confidence":"low"},"geometry":{"type":"Polygon","coordinates":[[[120.3045537,22.7047272],[120.3045471,22.7048873],[120.3050768,22.7049059],[120.3050834,22.7047458],[120.3045537,22.7047272]]]}},{"type":"Feature","id":"way/608863871","properties":{"osm_id":608863871,"osm_type":"way","building":"yes","name":null,"addr_housenumber":null,"addr_street":null,"raw_height":null,"building_levels":null,"raw_min_height":null,"roof_levels":null,"height_m":9,"min_height_m":0,"height_source":"building_type_default","default_height_rule":"yes","confidence":"low"},"geometry":{"type":"Polygon","coordinates":[[[120.304205,22.7059545],[120.3041893,22.7064848],[120.3045836,22.7064947],[120.3045993,22.7059644],[120.304205,22.7059545]]]}},{"type":"Feature","id":"way/608863872","properties":{"osm_id":608863872,"osm_type":"way","building":"yes","name":null,"addr_housenumber":null,"addr_street":null,"raw_height":null,"building_levels":null,"raw_min_height":null,"roof_levels":null,"height_m":9,"min_height_m":0,"height_source":"building_type_default","default_height_rule":"yes","confidence":"low"},"geometry":{"type":"Polygon","coordinates":[[[120.3042184,22.7056464],[120.3042108,22.705831],[120.3051978,22.7058657],[120.3052054,22.7056811],[120.3042184,22.7056464]]]}},{"type":"Feature","id":"way/608863873","properties":{"osm_id":608863873,"osm_type":"way","building":"yes","name":null,"addr_housenumber":null,"addr_street":null,"raw_height":null,"building_levels":null,"raw_min_height":null,"roof_levels":null,"height_m":9,"min_height_m":0,"height_source":"building_type_default","default_height_rule":"yes","confidence":"low"},"geometry":{"type":"Polygon","coordinates":[[[120.3047146,22.7059681],[120.3047135,22.7061474],[120.3051842,22.7061498],[120.3051853,22.7059706],[120.3047146,22.7059681]]]}},{"type":"Feature","id":"way/608863874","properties":{"osm_id":608863874,"osm_type":"way","building":"yes","name":null,"addr_housenumber":null,"addr_street":null,"raw_height":null,"building_levels":null,"raw_min_height":null,"roof_levels":null,"height_m":9,"min_height_m":0,"height_source":"building_type_default","default_height_rule":"yes","confidence":"low"},"geometry":{"type":"Polygon","coordinates":[[[120.3046985,22.7063182],[120.3046898,22.7064941],[120.3051873,22.7065151],[120.305196,22.7063392],[120.3046985,22.7063182]]]}},{"type":"Feature","id":"way/608863875","properties":{"osm_id":608863875,"osm_type":"way","building":"yes","name":null,"addr_housenumber":null,"addr_street":null,"raw_height":null,"building_levels":null,"raw_min_height":null,"roof_levels":null,"height_m":9,"min_height_m":0,"height_source":"building_type_default","default_height_rule":"yes","confidence":"low"},"geometry":{"type":"Polygon","coordinates":[[[120.3047065,22.7053569],[120.3046976,22.7055113],[120.3052019,22.7055361],[120.3052108,22.7053817],[120.3047065,22.7053569]]]}},{"type":"Feature","id":"way/608863876","properties":{"osm_id":608863876,"osm_type":"way","building":"yes","name":null,"addr_housenumber":null,"addr_street":null,"raw_height":null,"building_levels":null,"raw_min_height":null,"roof_levels":null,"height_m":9,"min_height_m":0,"height_source":"building_type_default","default_height_rule":"yes","confidence":"low"},"geometry":{"type":"Polygon","coordinates":[[[120.3042197,22.7055326],[120.3045921,22.7055532],[120.304627,22.7050163],[120.3042546,22.7049957],[120.3042197,22.7055326]]]}},{"type":"Feature","id":"way/608863877","properties":{"osm_id":608863877,"osm_type":"way","building":"yes","name":null,"addr_housenumber":null,"addr_street":null,"raw_height":null,"building_levels":null,"raw_min_height":null,"roof_levels":null,"height_m":9,"min_height_m":0,"height_source":"building_type_default","default_height_rule":"yes","confidence":"low"},"geometry":{"type":"Polygon","coordinates":[[[120.3034888,22.7056019],[120.3034881,22.7056202],[120.3034151,22.705618],[120.3034124,22.7056922],[120.3034854,22.7056944],[120.3034804,22.7058268],[120.303986,22.7058429],[120.3039944,22.705618],[120.3034888,22.7056019]]]}},{"type":"Feature","id":"way/608863878","properties":{"osm_id":608863878,"osm_type":"way","building":"yes","name":null,"addr_housenumber":null,"addr_street":null,"raw_height":null,"building_levels":null,"raw_min_height":null,"roof_levels":null,"height_m":9,"min_height_m":0,"height_source":"building_type_default","default_height_rule":"yes","confidence":"low"},"geometry":{"type":"Polygon","coordinates":[[[120.3035036,22.7052728],[120.3034862,22.7054651],[120.3039837,22.7055034],[120.3040011,22.7053112],[120.3035036,22.7052728]]]}},{"type":"Feature","id":"way/608863879","properties":{"osm_id":608863879,"osm_type":"way","building":"yes","name":null,"addr_housenumber":null,"addr_street":null,"raw_height":null,"building_levels":null,"raw_min_height":null,"roof_levels":null,"height_m":9,"min_height_m":0,"height_source":"building_type_default","default_height_rule":"yes","confidence":"low"},"geometry":{"type":"Polygon","coordinates":[[[120.3029135,22.7049944],[120.302909,22.7051371],[120.3032308,22.7051458],[120.3032354,22.7050031],[120.3029135,22.7049944]]]}},{"type":"Feature","id":"way/608863881","properties":{"osm_id":608863881,"osm_type":"way","building":"yes","name":null,"addr_housenumber":null,"addr_street":null,"raw_height":null,"building_levels":null,"raw_min_height":null,"roof_levels":null,"height_m":9,"min_height_m":0,"height_source":"building_type_default","default_height_rule":"yes","confidence":"low"},"geometry":{"type":"Polygon","coordinates":[[[120.303517,22.7050043],[120.3035151,22.7051676],[120.3040315,22.7051725],[120.3040333,22.7050093],[120.303517,22.7050043]]]}},{"type":"Feature","id":"way/608863883","properties":{"osm_id":608863883,"osm_type":"way","building":"yes","name":null,"addr_housenumber":null,"addr_street":null,"raw_height":null,"building_levels":null,"raw_min_height":null,"roof_levels":null,"height_m":9,"min_height_m":0,"height_source":"building_type_default","default_height_rule":"yes","confidence":"low"},"geometry":{"type":"Polygon","coordinates":[[[120.3022912,22.7214293],[120.3024629,22.7210359],[120.3022475,22.720956],[120.3020758,22.7213493],[120.3022912,22.7214293]]]}},{"type":"Feature","id":"way/608863885","properties":{"osm_id":608863885,"osm_type":"way","building":"industrial","name":"光寶科技股份有限公司高雄分公司","addr_housenumber":"101","addr_street":"內環北路","raw_height":null,"building_levels":null,"raw_min_height":null,"roof_levels":null,"height_m":9,"min_height_m":0,"height_source":"building_type_default","default_height_rule":"industrial","confidence":"low"},"geometry":{"type":"Polygon","coordinates":[[[120.3014609,22.7246599],[120.3018291,22.7238501],[120.3011226,22.7236008],[120.3007722,22.7243894],[120.3014609,22.7246599]]]}},{"type":"Feature","id":"way/608863887","properties":{"osm_id":608863887,"osm_type":"way","building":"yes","name":null,"addr_housenumber":null,"addr_street":null,"raw_height":null,"building_levels":null,"raw_min_height":null,"roof_levels":null,"height_m":9,"min_height_m":0,"height_source":"building_type_default","default_height_rule":"yes","confidence":"low"},"geometry":{"type":"Polygon","coordinates":[[[120.3107919,22.7228931],[120.3106707,22.7228468],[120.3106151,22.722971],[120.3109646,22.7231043],[120.3110206,22.7229795],[120.3109513,22.722953],[120.3110062,22.7228306],[120.3110576,22.7228503],[120.311113,22.7227267],[120.3107793,22.7225994],[120.3107247,22.722721],[120.3108479,22.722768],[120.3107919,22.7228931]]]}},{"type":"Feature","id":"way/608863890","properties":{"osm_id":608863890,"osm_type":"way","building":"yes","name":null,"addr_housenumber":null,"addr_street":null,"raw_height":null,"building_levels":null,"raw_min_height":null,"roof_levels":null,"height_m":9,"min_height_m":0,"height_source":"building_type_default","default_height_rule":"yes","confidence":"low"},"geometry":{"type":"Polygon","coordinates":[[[120.3105235,22.7231682],[120.3104736,22.7232812],[120.3105966,22.7233274],[120.3105361,22.7234644],[120.3104267,22.7234233],[120.3103788,22.7235317],[120.3107149,22.7236579],[120.3107631,22.7235487],[120.3106166,22.7234937],[120.3106753,22.7233606],[120.3108245,22.7234166],[120.3108758,22.7233005],[120.3105235,22.7231682]]]}},{"type":"Feature","id":"way/608863892","properties":{"osm_id":608863892,"osm_type":"way","building":"yes","name":null,"addr_housenumber":null,"addr_street":null,"raw_height":null,"building_levels":null,"raw_min_height":null,"roof_levels":null,"height_m":9,"min_height_m":0,"height_source":"building_type_default","default_height_rule":"yes","confidence":"low"},"geometry":{"type":"Polygon","coordinates":[[[120.3101233,22.7163537],[120.3101145,22.7164597],[120.3105517,22.7164906],[120.3105605,22.7163846],[120.3101233,22.7163537]]]}},{"type":"Feature","id":"way/608863894","properties":{"osm_id":608863894,"osm_type":"way","building":"yes","name":null,"addr_housenumber":null,"addr_street":null,"raw_height":null,"building_levels":null,"raw_min_height":null,"roof_levels":null,"height_m":9,"min_height_m":0,"height_source":"building_type_default","default_height_rule":"yes","confidence":"low"},"geometry":{"type":"Polygon","coordinates":[[[120.3095064,22.713621],[120.3095485,22.713737],[120.3097685,22.713669],[120.3097263,22.7135529],[120.3095064,22.713621]]]}},{"type":"Feature","id":"way/608863896","properties":{"osm_id":608863896,"osm_type":"way","building":"yes","name":null,"addr_housenumber":null,"addr_street":null,"raw_height":null,"building_levels":null,"raw_min_height":null,"roof_levels":null,"height_m":9,"min_height_m":0,"height_source":"building_type_default","default_height_rule":"yes","confidence":"low"},"geometry":{"type":"Polygon","coordinates":[[[120.3108716,22.7118544],[120.3109484,22.7120576],[120.311395,22.7119141],[120.3113182,22.7117109],[120.3108716,22.7118544]]]}},{"type":"Feature","id":"way/608863900","properties":{"osm_id":608863900,"osm_type":"way","building":"yes","name":null,"addr_housenumber":null,"addr_street":null,"raw_height":null,"building_levels":null,"raw_min_height":null,"roof_levels":null,"height_m":9,"min_height_m":0,"height_source":"building_type_default","default_height_rule":"yes","confidence":"low"},"geometry":{"type":"Polygon","coordinates":[[[120.3115529,22.7123344],[120.3117022,22.7122871],[120.3115976,22.7120063],[120.3114483,22.7120536],[120.3115529,22.7123344]]]}},{"type":"Feature","id":"way/608863902","properties":{"osm_id":608863902,"osm_type":"way","building":"yes","name":null,"addr_housenumber":null,"addr_street":null,"raw_height":null,"building_levels":null,"raw_min_height":null,"roof_levels":null,"height_m":9,"min_height_m":0,"height_source":"building_type_default","default_height_rule":"yes","confidence":"low"},"geometry":{"type":"Polygon","coordinates":[[[120.3121765,22.7126666],[120.3122365,22.7126459],[120.3122126,22.7125872],[120.3121539,22.7126075],[120.3120941,22.7124605],[120.311987,22.7124975],[120.3121246,22.7128357],[120.3122304,22.7127991],[120.3121765,22.7126666]]]}},{"type":"Feature","id":"way/608863906","properties":{"osm_id":608863906,"osm_type":"way","building":"yes","name":null,"addr_housenumber":null,"addr_street":null,"raw_height":null,"building_levels":null,"raw_min_height":null,"roof_levels":null,"height_m":9,"min_height_m":0,"height_source":"building_type_default","default_height_rule":"yes","confidence":"low"},"geometry":{"type":"Polygon","coordinates":[[[120.3116132,22.7124841],[120.311658,22.712587],[120.311815,22.7125289],[120.3117701,22.7124259],[120.3116132,22.7124841]]]}},{"type":"Feature","id":"way/608863907","properties":{"osm_id":608863907,"osm_type":"way","building":"yes","name":null,"addr_housenumber":null,"addr_street":null,"raw_height":null,"building_levels":null,"raw_min_height":null,"roof_levels":null,"height_m":9,"min_height_m":0,"height_source":"building_type_default","default_height_rule":"yes","confidence":"low"},"geometry":{"type":"Polygon","coordinates":[[[120.3117956,22.7129307],[120.3119394,22.7128822],[120.311808,22.7125506],[120.3116642,22.7125991],[120.3117956,22.7129307]]]}},{"type":"Feature","id":"way/608863908","properties":{"osm_id":608863908,"osm_type":"way","building":"yes","name":null,"addr_housenumber":null,"addr_street":null,"raw_height":null,"building_levels":null,"raw_min_height":null,"roof_levels":null,"height_m":9,"min_height_m":0,"height_source":"building_type_default","default_height_rule":"yes","confidence":"low"},"geometry":{"type":"Polygon","coordinates":[[[120.3115408,22.7130321],[120.3116789,22.7129857],[120.3114925,22.7125143],[120.3113544,22.7125608],[120.3115408,22.7130321]]]}},{"type":"Feature","id":"way/608863909","properties":{"osm_id":608863909,"osm_type":"way","building":"yes","name":null,"addr_housenumber":null,"addr_street":null,"raw_height":null,"building_levels":null,"raw_min_height":null,"roof_levels":null,"height_m":9,"min_height_m":0,"height_source":"building_type_default","default_height_rule":"yes","confidence":"low"},"geometry":{"type":"Polygon","coordinates":[[[120.3112847,22.7131113],[120.3114113,22.7130721],[120.3112839,22.712722],[120.3111573,22.7127612],[120.3112847,22.7131113]]]}},{"type":"Feature","id":"way/608863911","properties":{"osm_id":608863911,"osm_type":"way","building":"yes","name":null,"addr_housenumber":null,"addr_street":null,"raw_height":null,"building_levels":null,"raw_min_height":null,"roof_levels":null,"height_m":9,"min_height_m":0,"height_source":"building_type_default","default_height_rule":"yes","confidence":"low"},"geometry":{"type":"Polygon","coordinates":[[[120.3110956,22.7126486],[120.3111429,22.7127597],[120.3112931,22.7127053],[120.3112458,22.7125942],[120.3110956,22.7126486]]]}},{"type":"Feature","id":"way/608863913","properties":{"osm_id":608863913,"osm_type":"way","building":"yes","name":null,"addr_housenumber":null,"addr_street":null,"raw_height":null,"building_levels":null,"raw_min_height":null,"roof_levels":null,"height_m":9,"min_height_m":0,"height_source":"building_type_default","default_height_rule":"yes","confidence":"low"},"geometry":{"type":"Polygon","coordinates":[[[120.310826,22.7127327],[120.3108725,22.7128453],[120.3110414,22.7127859],[120.310995,22.7126734],[120.310826,22.7127327]]]}},{"type":"Feature","id":"way/608863915","properties":{"osm_id":608863915,"osm_type":"way","building":"yes","name":null,"addr_housenumber":null,"addr_street":null,"raw_height":null,"building_levels":null,"raw_min_height":null,"roof_levels":null,"height_m":9,"min_height_m":0,"height_source":"building_type_default","default_height_rule":"yes","confidence":"low"},"geometry":{"type":"Polygon","coordinates":[[[120.3110272,22.7127909],[120.3108813,22.71284],[120.3110167,22.7131826],[120.3111626,22.7131336],[120.3110272,22.7127909]]]}},{"type":"Feature","id":"way/608863917","properties":{"osm_id":608863917,"osm_type":"way","building":"yes","name":null,"addr_housenumber":null,"addr_street":null,"raw_height":null,"building_levels":null,"raw_min_height":null,"roof_levels":null,"height_m":9,"min_height_m":0,"height_source":"building_type_default","default_height_rule":"yes","confidence":"low"},"geometry":{"type":"Polygon","coordinates":[[[120.3105631,22.7128231],[120.3106034,22.7129211],[120.310759,22.7128666],[120.3107187,22.7127686],[120.3105631,22.7128231]]]}},{"type":"Feature","id":"way/608863919","properties":{"osm_id":608863919,"osm_type":"way","building":"yes","name":null,"addr_housenumber":null,"addr_street":null,"raw_height":null,"building_levels":null,"raw_min_height":null,"roof_levels":null,"height_m":9,"min_height_m":0,"height_source":"building_type_default","default_height_rule":"yes","confidence":"low"},"geometry":{"type":"Polygon","coordinates":[[[120.3109038,22.7132226],[120.310767,22.712875],[120.3106185,22.7129247],[120.3107553,22.7132724],[120.3109038,22.7132226]]]}},{"type":"Feature","id":"way/608863921","properties":{"osm_id":608863921,"osm_type":"way","building":"yes","name":null,"addr_housenumber":null,"addr_street":null,"raw_height":null,"building_levels":null,"raw_min_height":null,"roof_levels":null,"height_m":9,"min_height_m":0,"height_source":"building_type_default","default_height_rule":"yes","confidence":"low"},"geometry":{"type":"Polygon","coordinates":[[[120.3105725,22.7137937],[120.3105285,22.7136415],[120.3104773,22.7136541],[120.3105213,22.7138063],[120.3105725,22.7137937]]]}},{"type":"Feature","id":"way/608863922","properties":{"osm_id":608863922,"osm_type":"way","building":"yes","name":null,"addr_housenumber":null,"addr_street":null,"raw_height":null,"building_levels":null,"raw_min_height":null,"roof_levels":null,"height_m":9,"min_height_m":0,"height_source":"building_type_default","default_height_rule":"yes","confidence":"low"},"geometry":{"type":"Polygon","coordinates":[[[120.3098443,22.7131187],[120.30991,22.7132845],[120.3104276,22.7131101],[120.310362,22.7129443],[120.3098443,22.7131187]]]}},{"type":"Feature","id":"way/608863924","properties":{"osm_id":608863924,"osm_type":"way","building":"yes","name":null,"addr_housenumber":null,"addr_street":null,"raw_height":null,"building_levels":null,"raw_min_height":null,"roof_levels":null,"height_m":9,"min_height_m":0,"height_source":"building_type_default","default_height_rule":"yes","confidence":"low"},"geometry":{"type":"Polygon","coordinates":[[[120.3096552,22.712635],[120.3097102,22.7127633],[120.3102426,22.7125691],[120.3101876,22.7124408],[120.3096552,22.712635]]]}},{"type":"Feature","id":"way/608863926","properties":{"osm_id":608863926,"osm_type":"way","building":"yes","name":null,"addr_housenumber":null,"addr_street":null,"raw_height":null,"building_levels":null,"raw_min_height":null,"roof_levels":null,"height_m":9,"min_height_m":0,"height_source":"building_type_default","default_height_rule":"yes","confidence":"low"},"geometry":{"type":"Polygon","coordinates":[[[120.3097357,22.712828],[120.3097959,22.71297],[120.3103444,22.712772],[120.3102842,22.7126301],[120.3097357,22.712828]]]}},{"type":"Feature","id":"way/624090113","properties":{"osm_id":624090113,"osm_type":"way","building":"temple","name":"援中港代天府","addr_housenumber":null,"addr_street":null,"raw_height":null,"building_levels":null,"raw_min_height":null,"roof_levels":null,"height_m":14,"min_height_m":0,"height_source":"building_type_default","default_height_rule":"temple","confidence":"low"},"geometry":{"type":"Polygon","coordinates":[[[120.2766976,22.7218282],[120.2770839,22.721923],[120.2771455,22.7217097],[120.2767591,22.7216149],[120.2766976,22.7218282]]]}},{"type":"Feature","id":"way/630206721","properties":{"osm_id":630206721,"osm_type":"way","building":"college","name":"復興館","addr_housenumber":null,"addr_street":null,"raw_height":null,"building_levels":null,"raw_min_height":null,"roof_levels":null,"height_m":15,"min_height_m":0,"height_source":"building_type_default","default_height_rule":"college","confidence":"low"},"geometry":{"type":"Polygon","coordinates":[[[120.2887017,22.7055241],[120.2886992,22.7052495],[120.288875,22.7052481],[120.2888763,22.7053896],[120.2888775,22.7055227],[120.2887017,22.7055241]]]}},{"type":"Feature","id":"way/631730046","properties":{"osm_id":631730046,"osm_type":"way","building":"apartments","name":"台糖楠梓學苑","addr_housenumber":"6","addr_street":"卓越路51巷","raw_height":null,"building_levels":"8","raw_min_height":null,"roof_levels":null,"height_m":25.6,"min_height_m":0,"height_source":"osm_levels_derived","default_height_rule":null,"confidence":"medium"},"geometry":{"type":"Polygon","coordinates":[[[120.3324736,22.7516697],[120.3328974,22.7516821],[120.3329162,22.7508559],[120.3324871,22.7508559],[120.3324844,22.7510068],[120.3327177,22.7510068],[120.332715,22.7511256],[120.3324844,22.7511231],[120.3324817,22.751321],[120.3327097,22.7513234],[120.332707,22.751457],[120.332479,22.7514545],[120.3324736,22.7516697]]]}},{"type":"Feature","id":"way/631730047","properties":{"osm_id":631730047,"osm_type":"way","building":"apartments","name":"聯上峰景","addr_housenumber":"177","addr_street":"卓越路","raw_height":null,"building_levels":"15","raw_min_height":null,"roof_levels":null,"height_m":48,"min_height_m":0,"height_source":"osm_levels_derived","default_height_rule":null,"confidence":"medium"},"geometry":{"type":"Polygon","coordinates":[[[120.3303031,22.7514579],[120.3303143,22.7512318],[120.3310009,22.7512481],[120.3309842,22.7514826],[120.3303031,22.7514579]]]}},{"type":"Feature","id":"way/631730049","properties":{"osm_id":631730049,"osm_type":"way","building":"apartments","name":"龍騰Mine Mine","addr_housenumber":null,"addr_street":null,"raw_height":null,"building_levels":"11","raw_min_height":null,"roof_levels":null,"height_m":35.2,"min_height_m":0,"height_source":"osm_levels_derived","default_height_rule":null,"confidence":"medium"},"geometry":{"type":"Polygon","coordinates":[[[120.3316851,22.7497132],[120.3320794,22.7497206],[120.332074,22.7499234],[120.3316797,22.749916],[120.3316851,22.7497132]]]}},{"type":"Feature","id":"way/631740710","properties":{"osm_id":631740710,"osm_type":"way","building":"industrial","name":"明春毛刷","addr_housenumber":"7","addr_street":"土庫北路","raw_height":null,"building_levels":null,"raw_min_height":null,"roof_levels":null,"height_m":9,"min_height_m":0,"height_source":"building_type_default","default_height_rule":"industrial","confidence":"low"},"geometry":{"type":"Polygon","coordinates":[[[120.3340008,22.7504292],[120.3341752,22.7498602],[120.3335127,22.7496203],[120.3332578,22.7501571],[120.3340008,22.7504292]]]}},{"type":"Feature","id":"way/631740711","properties":{"osm_id":631740711,"osm_type":"way","building":"residential","name":"億居天下","addr_housenumber":"55","addr_street":"芎林二街","raw_height":null,"building_levels":null,"raw_min_height":null,"roof_levels":null,"height_m":10,"min_height_m":0,"height_source":"building_type_default","default_height_rule":"residential","confidence":"low"},"geometry":{"type":"Polygon","coordinates":[[[120.3323057,22.7499468],[120.3326302,22.7499518],[120.3326275,22.7497217],[120.3323057,22.7497168],[120.3323057,22.7499468]]]}},{"type":"Feature","id":"way/631740712","properties":{"osm_id":631740712,"osm_type":"way","building":"yes","name":"康騰自動化","addr_housenumber":"671","addr_street":"創新路","raw_height":null,"building_levels":null,"raw_min_height":null,"roof_levels":null,"height_m":9,"min_height_m":0,"height_source":"building_type_default","default_height_rule":"yes","confidence":"low"},"geometry":{"type":"Polygon","coordinates":[[[120.3312306,22.7495367],[120.3313918,22.7495382],[120.3313951,22.7493775],[120.3312339,22.749379],[120.3312306,22.7495367]]]}},{"type":"Feature","id":"way/631740715","properties":{"osm_id":631740715,"osm_type":"way","building":"apartments","name":"高科技大學城","addr_housenumber":"151","addr_street":"芎蕉五街","raw_height":null,"building_levels":"6","raw_min_height":null,"roof_levels":null,"height_m":19.2,"min_height_m":0,"height_source":"osm_levels_derived","default_height_rule":null,"confidence":"medium"},"geometry":{"type":"Polygon","coordinates":[[[120.3335413,22.7486579],[120.3330248,22.7486579],[120.3330248,22.7488407],[120.3331396,22.7488407],[120.3331396,22.7487636],[120.3334048,22.7487636],[120.3334048,22.7488434],[120.3335413,22.7488434],[120.3335413,22.7486579]]]}},{"type":"Feature","id":"way/631740718","properties":{"osm_id":631740718,"osm_type":"way","building":"apartments","name":"書香亭","addr_housenumber":"170","addr_street":"芎蕉三街","raw_height":null,"building_levels":"5","raw_min_height":null,"roof_levels":null,"height_m":16,"min_height_m":0,"height_source":"osm_levels_derived","default_height_rule":null,"confidence":"medium"},"geometry":{"type":"Polygon","coordinates":[[[120.3328849,22.7481551],[120.3328849,22.7483541],[120.3323989,22.7483332],[120.3323989,22.7481384],[120.3328849,22.7481551]]]}},{"type":"Feature","id":"way/631740722","properties":{"osm_id":631740722,"osm_type":"way","building":"apartments","name":"e世代","addr_housenumber":"200","addr_street":"芎蕉五街","raw_height":null,"building_levels":"5","raw_min_height":null,"roof_levels":null,"height_m":16,"min_height_m":0,"height_source":"osm_levels_derived","default_height_rule":null,"confidence":"medium"},"geometry":{"type":"Polygon","coordinates":[[[120.3336231,22.7491067],[120.3339115,22.749109],[120.3339138,22.7489986],[120.3336253,22.748995],[120.3336231,22.7491067]]]}},{"type":"Feature","id":"way/631740726","properties":{"osm_id":631740726,"osm_type":"way","building":"residential","name":"帝一郡","addr_housenumber":"181","addr_street":"芎蕉五街","raw_height":null,"building_levels":null,"raw_min_height":null,"roof_levels":null,"height_m":10,"min_height_m":0,"height_source":"building_type_default","default_height_rule":"residential","confidence":"low"},"geometry":{"type":"Polygon","coordinates":[[[120.3334981,22.7489028],[120.332944,22.7488987],[120.3329463,22.7490139],[120.3334936,22.7490201],[120.3334981,22.7489028]]]}},{"type":"Feature","id":"way/631740729","properties":{"osm_id":631740729,"osm_type":"way","building":"residential","name":"台灣別莊","addr_housenumber":null,"addr_street":"芎林六街","raw_height":null,"building_levels":"3","raw_min_height":null,"roof_levels":null,"height_m":9.6,"min_height_m":0,"height_source":"osm_levels_derived","default_height_rule":null,"confidence":"medium"},"geometry":{"type":"Polygon","coordinates":[[[120.3342596,22.7491067],[120.3339787,22.7490954],[120.3339742,22.7491892],[120.3339345,22.7491876],[120.3339367,22.7491419],[120.3338215,22.7491373],[120.3338199,22.7491726],[120.3337032,22.7491679],[120.3336971,22.7492969],[120.3339728,22.749308],[120.3339714,22.7493373],[120.3341324,22.7493438],[120.3341264,22.7494697],[120.3342421,22.7494744],[120.3342596,22.7491067]]]}},{"type":"Feature","id":"way/631742940","properties":{"osm_id":631742940,"osm_type":"way","building":"apartments","name":"近水樓台","addr_housenumber":"203","addr_street":"卓越路","raw_height":null,"building_levels":"3","raw_min_height":null,"roof_levels":null,"height_m":9.6,"min_height_m":0,"height_source":"osm_levels_derived","default_height_rule":null,"confidence":"medium"},"geometry":{"type":"Polygon","coordinates":[[[120.3295387,22.7511841],[120.3297561,22.7511859],[120.3297482,22.7515542],[120.3295307,22.7515542],[120.3295387,22.7511841]]]}},{"type":"Feature","id":"way/631742941","properties":{"osm_id":631742941,"osm_type":"way","building":"apartments","name":"ALL PASS","addr_housenumber":"253","addr_street":"卓越路","raw_height":null,"building_levels":"8","raw_min_height":null,"roof_levels":null,"height_m":25.6,"min_height_m":0,"height_source":"osm_levels_derived","default_height_rule":null,"confidence":"medium"},"geometry":{"type":"Polygon","coordinates":[[[120.3283788,22.7511516],[120.328668,22.7511645],[120.328667,22.7515213],[120.3283778,22.751513],[120.3283788,22.7511516]]]}},{"type":"Feature","id":"way/631748070","properties":{"osm_id":631748070,"osm_type":"way","building":"apartments","name":"科技學苑","addr_housenumber":"126;28","addr_street":"芎蕉三街;芎蕉三街128巷","raw_height":null,"building_levels":"8","raw_min_height":null,"roof_levels":null,"height_m":25.6,"min_height_m":0,"height_source":"osm_levels_derived","default_height_rule":null,"confidence":"medium"},"geometry":{"type":"Polygon","coordinates":[[[120.3326845,22.747338],[120.332925,22.7473531],[120.3329109,22.7476201],[120.3326658,22.747605],[120.3326845,22.747338]]]}},{"type":"Feature","id":"way/631748071","properties":{"osm_id":631748071,"osm_type":"way","building":"apartments","name":"莊園","addr_housenumber":"80","addr_street":"芎蕉三街","raw_height":null,"building_levels":"5","raw_min_height":null,"roof_levels":null,"height_m":16,"min_height_m":0,"height_source":"osm_levels_derived","default_height_rule":null,"confidence":"medium"},"geometry":{"type":"Polygon","coordinates":[[[120.3322664,22.7470765],[120.3325442,22.7470808],[120.3325489,22.7471885],[120.332264,22.7471863],[120.3322664,22.7470765]]]}},{"type":"Feature","id":"way/631748072","properties":{"osm_id":631748072,"osm_type":"way","building":"apartments","name":"勤卷齋","addr_housenumber":"8","addr_street":"芎蕉路","raw_height":null,"building_levels":"5","raw_min_height":null,"roof_levels":null,"height_m":16,"min_height_m":0,"height_source":"osm_levels_derived","default_height_rule":null,"confidence":"medium"},"geometry":{"type":"Polygon","coordinates":[[[120.3289357,22.7477613],[120.3290898,22.7477634],[120.3290875,22.747912],[120.3292089,22.747912],[120.3292066,22.7480606],[120.328931,22.7480563],[120.3289357,22.7477613]]]}},{"type":"Feature","id":"way/631748073","properties":{"osm_id":631748073,"osm_type":"way","building":"apartments","name":"楓禾園","addr_housenumber":"2","addr_street":"芎林三街137巷","raw_height":null,"building_levels":"5","raw_min_height":null,"roof_levels":null,"height_m":16,"min_height_m":0,"height_source":"osm_levels_derived","default_height_rule":null,"confidence":"medium"},"geometry":{"type":"Polygon","coordinates":[[[120.3292445,22.7488151],[120.3290694,22.7488129],[120.3290694,22.749194],[120.3292347,22.749195],[120.3292445,22.7488151]]]}},{"type":"Feature","id":"way/631748074","properties":{"osm_id":631748074,"osm_type":"way","building":"apartments","name":"天之驕子","addr_housenumber":"2","addr_street":"芎蕉一街100巷","raw_height":null,"building_levels":"6","raw_min_height":null,"roof_levels":null,"height_m":19.2,"min_height_m":0,"height_source":"osm_levels_derived","default_height_rule":null,"confidence":"medium"},"geometry":{"type":"Polygon","coordinates":[[[120.3275302,22.7496096],[120.3278493,22.7496157],[120.3278428,22.7497808],[120.3275236,22.7497748],[120.3275302,22.7496096]]]}},{"type":"Feature","id":"way/631751540","properties":{"osm_id":631751540,"osm_type":"way","building":"apartments","name":"水岸豐閣","addr_housenumber":"6","addr_street":"寶溪北街","raw_height":null,"building_levels":"15","raw_min_height":null,"roof_levels":null,"height_m":48,"min_height_m":0,"height_source":"osm_levels_derived","default_height_rule":null,"confidence":"medium"},"geometry":{"type":"Polygon","coordinates":[[[120.3329989,22.7466476],[120.3336711,22.7466695],[120.3336691,22.7464762],[120.3332065,22.7464653],[120.3332105,22.7463924],[120.3330068,22.7463905],[120.3329989,22.7466476]]]}},{"type":"Feature","id":"way/631751541","properties":{"osm_id":631751541,"osm_type":"way","building":"residential","name":"總裁新天地","addr_housenumber":null,"addr_street":null,"raw_height":null,"building_levels":"5","raw_min_height":null,"roof_levels":null,"height_m":16,"min_height_m":0,"height_source":"osm_levels_derived","default_height_rule":null,"confidence":"medium"},"geometry":{"type":"Polygon","coordinates":[[[120.3286973,22.7477216],[120.3286626,22.7491936],[120.3281473,22.7491723],[120.328178,22.7478919],[120.3286973,22.7477216]]]}},{"type":"Feature","id":"way/631753341","properties":{"osm_id":631753341,"osm_type":"way","building":"apartments","name":"鹿野苑","addr_housenumber":null,"addr_street":"寶溪北街19巷","raw_height":null,"building_levels":"4","raw_min_height":null,"roof_levels":null,"height_m":12.8,"min_height_m":0,"height_source":"osm_levels_derived","default_height_rule":null,"confidence":"medium"},"geometry":{"type":"Polygon","coordinates":[[[120.3327168,22.7459631],[120.3329936,22.7460653],[120.3329778,22.7466506],[120.3326911,22.7466433],[120.3327168,22.7459631]]]}},{"type":"Feature","id":"way/633152986","properties":{"osm_id":633152986,"osm_type":"way","building":"residential","name":"龍騰精湛","addr_housenumber":null,"addr_street":null,"raw_height":null,"building_levels":"3","raw_min_height":null,"roof_levels":null,"height_m":9.6,"min_height_m":0,"height_source":"osm_levels_derived","default_height_rule":null,"confidence":"medium"},"geometry":{"type":"Polygon","coordinates":[[[120.3323764,22.7487723],[120.3329072,22.7487843],[120.3329039,22.7490366],[120.3334902,22.7490516],[120.3334836,22.7492588],[120.3323861,22.7488774],[120.3323764,22.7487723]]]}},{"type":"Feature","id":"way/633152989","properties":{"osm_id":633152989,"osm_type":"way","building":"house","name":null,"addr_housenumber":null,"addr_street":null,"raw_height":null,"building_levels":null,"raw_min_height":null,"roof_levels":null,"height_m":10,"min_height_m":0,"height_source":"building_type_default","default_height_rule":"house","confidence":"low"},"geometry":{"type":"Polygon","coordinates":[[[120.3329051,22.7487557],[120.3329089,22.7485221],[120.3326061,22.748514],[120.3326012,22.748745],[120.3329051,22.7487557]]]}},{"type":"Feature","id":"way/633152990","properties":{"osm_id":633152990,"osm_type":"way","building":"house","name":null,"addr_housenumber":null,"addr_street":null,"raw_height":null,"building_levels":null,"raw_min_height":null,"roof_levels":null,"height_m":10,"min_height_m":0,"height_source":"building_type_default","default_height_rule":"house","confidence":"low"},"geometry":{"type":"Polygon","coordinates":[[[120.3329052,22.7484903],[120.332908,22.748381],[120.3326101,22.7483733],[120.3326074,22.7484827],[120.3329052,22.7484903]]]}},{"type":"Feature","id":"way/633152991","properties":{"osm_id":633152991,"osm_type":"way","building":"house","name":null,"addr_housenumber":null,"addr_street":null,"raw_height":null,"building_levels":null,"raw_min_height":null,"roof_levels":null,"height_m":10,"min_height_m":0,"height_source":"building_type_default","default_height_rule":"house","confidence":"low"},"geometry":{"type":"Polygon","coordinates":[[[120.3336361,22.7485682],[120.3336381,22.7484825],[120.3339307,22.7484843],[120.3339288,22.7485718],[120.3336361,22.7485682]]]}},{"type":"Feature","id":"way/633152992","properties":{"osm_id":633152992,"osm_type":"way","building":"residential","name":null,"addr_housenumber":null,"addr_street":null,"raw_height":null,"building_levels":null,"raw_min_height":null,"roof_levels":null,"height_m":10,"min_height_m":0,"height_source":"building_type_default","default_height_rule":"residential","confidence":"low"},"geometry":{"type":"Polygon","coordinates":[[[120.332268,22.7493096],[120.3325272,22.7494012],[120.3324252,22.7496504],[120.3322625,22.7495945],[120.332268,22.7493096]]]}},{"type":"Feature","id":"way/633152993","properties":{"osm_id":633152993,"osm_type":"way","building":"residential","name":null,"addr_housenumber":null,"addr_street":null,"raw_height":null,"building_levels":null,"raw_min_height":null,"roof_levels":null,"height_m":10,"min_height_m":0,"height_source":"building_type_default","default_height_rule":"residential","confidence":"low"},"geometry":{"type":"Polygon","coordinates":[[[120.3325521,22.7494164],[120.3333655,22.7496987],[120.3332994,22.7498462],[120.3330622,22.7497648],[120.3330429,22.7498004],[120.3326486,22.7496682],[120.3326348,22.7497013],[120.3324583,22.7496402],[120.3325521,22.7494164]]]}},{"type":"Feature","id":"way/633152994","properties":{"osm_id":633152994,"osm_type":"way","building":"residential","name":null,"addr_housenumber":null,"addr_street":null,"raw_height":null,"building_levels":null,"raw_min_height":null,"roof_levels":null,"height_m":10,"min_height_m":0,"height_source":"building_type_default","default_height_rule":"residential","confidence":"low"},"geometry":{"type":"Polygon","coordinates":[[[120.3330843,22.749945],[120.3330843,22.7498284],[120.3332031,22.7498309],[120.3332012,22.7498601],[120.3332704,22.7498619],[120.3332664,22.749944],[120.3330843,22.749945]]]}},{"type":"Feature","id":"way/633152995","properties":{"osm_id":633152995,"osm_type":"way","building":"residential","name":null,"addr_housenumber":null,"addr_street":null,"raw_height":null,"building_levels":null,"raw_min_height":null,"roof_levels":null,"height_m":10,"min_height_m":0,"height_source":"building_type_default","default_height_rule":"residential","confidence":"low"},"geometry":{"type":"Polygon","coordinates":[[[120.3335161,22.7483845],[120.3335207,22.7481519],[120.3329043,22.7481347],[120.332904,22.748373],[120.3335161,22.7483845]]]}},{"type":"Feature","id":"way/633152996","properties":{"osm_id":633152996,"osm_type":"way","building":"residential","name":null,"addr_housenumber":null,"addr_street":null,"raw_height":null,"building_levels":null,"raw_min_height":null,"roof_levels":null,"height_m":10,"min_height_m":0,"height_source":"building_type_default","default_height_rule":"residential","confidence":"low"},"geometry":{"type":"Polygon","coordinates":[[[120.3335195,22.7480879],[120.3335235,22.747818],[120.3329007,22.7477487],[120.3329027,22.7480751],[120.3335195,22.7480879]]]}},{"type":"Feature","id":"way/637538173","properties":{"osm_id":637538173,"osm_type":"way","building":"yes","name":null,"addr_housenumber":"1","addr_street":"廣昌街182巷","raw_height":null,"building_levels":null,"raw_min_height":null,"roof_levels":null,"height_m":9,"min_height_m":0,"height_source":"building_type_default","default_height_rule":"yes","confidence":"low"},"geometry":{"type":"Polygon","coordinates":[[[120.2850271,22.7091068],[120.2852631,22.7090301],[120.2852497,22.7089955],[120.285019,22.7090672],[120.2850271,22.7091068]]]}},{"type":"Feature","id":"way/637540094","properties":{"osm_id":637540094,"osm_type":"way","building":"apartments","name":null,"addr_housenumber":null,"addr_street":null,"raw_height":null,"building_levels":null,"raw_min_height":null,"roof_levels":null,"height_m":10,"min_height_m":0,"height_source":"building_type_default","default_height_rule":"apartments","confidence":"low"},"geometry":{"type":"Polygon","coordinates":[[[120.2845892,22.7082288],[120.2849287,22.7088182],[120.2852398,22.7086783],[120.2852246,22.7085978],[120.2851639,22.7086013],[120.2851488,22.7085453],[120.2851639,22.7084928],[120.2850539,22.7082199],[120.2850046,22.7082549],[120.284997,22.7082164],[120.2850312,22.7081919],[120.2849781,22.7080624],[120.2849212,22.7079399],[120.2848285,22.7079665],[120.2847998,22.7080239],[120.2847502,22.708012],[120.2845892,22.7082288]]]}},{"type":"Feature","id":"way/649861746","properties":{"osm_id":649861746,"osm_type":"way","building":"yes","name":"鐵皮屋","addr_housenumber":null,"addr_street":null,"raw_height":null,"building_levels":null,"raw_min_height":null,"roof_levels":null,"height_m":9,"min_height_m":0,"height_source":"building_type_default","default_height_rule":"yes","confidence":"low"},"geometry":{"type":"Polygon","coordinates":[[[120.2757389,22.7326343],[120.2756983,22.73268],[120.2754006,22.7324866],[120.275457,22.7323784],[120.2757705,22.7325927],[120.2757389,22.7326343]]]}},{"type":"Feature","id":"way/650860313","properties":{"osm_id":650860313,"osm_type":"way","building":"residential","name":"常春藤","addr_housenumber":"831","addr_street":"大學西路","raw_height":null,"building_levels":null,"raw_min_height":null,"roof_levels":null,"height_m":10,"min_height_m":0,"height_source":"building_type_default","default_height_rule":"residential","confidence":"low"},"geometry":{"type":"Polygon","coordinates":[[[120.2758268,22.732486],[120.2756655,22.7323823],[120.2756726,22.7323729],[120.2755834,22.7323155],[120.2755764,22.7323247],[120.2755135,22.7322842],[120.2755743,22.7322038],[120.2756403,22.7322463],[120.2756256,22.7322658],[120.2757112,22.7323209],[120.2757548,22.7322633],[120.2759166,22.7323674],[120.2758268,22.732486]]]}},{"type":"Feature","id":"way/662568590","properties":{"osm_id":662568590,"osm_type":"way","building":"college","name":"學生餐廳","addr_housenumber":null,"addr_street":null,"raw_height":null,"building_levels":null,"raw_min_height":null,"roof_levels":null,"height_m":15,"min_height_m":0,"height_source":"building_type_default","default_height_rule":"college","confidence":"low"},"geometry":{"type":"Polygon","coordinates":[[[120.2915081,22.7094846],[120.2914192,22.7094567],[120.2913977,22.709515],[120.2912515,22.709469],[120.291225,22.7095408],[120.291037,22.7094818],[120.2911088,22.709287],[120.2908888,22.7092179],[120.2909799,22.7089708],[120.2915876,22.7091616],[120.2915458,22.7092748],[120.2916624,22.7093114],[120.291614,22.7094425],[120.291533,22.7094171],[120.2915081,22.7094846]]]}},{"type":"Feature","id":"way/662568591","properties":{"osm_id":662568591,"osm_type":"way","building":"college","name":"望德樓","addr_housenumber":null,"addr_street":null,"raw_height":null,"building_levels":null,"raw_min_height":null,"roof_levels":null,"height_m":15,"min_height_m":0,"height_source":"building_type_default","default_height_rule":"college","confidence":"low"},"geometry":{"type":"Polygon","coordinates":[[[120.2916946,22.708395],[120.2920471,22.708519],[120.2919966,22.7086412],[120.291644,22.7085172],[120.2916946,22.708395]]]}},{"type":"Feature","id":"way/662568592","properties":{"osm_id":662568592,"osm_type":"way","building":"college","name":"望德樓","addr_housenumber":null,"addr_street":null,"raw_height":null,"building_levels":null,"raw_min_height":null,"roof_levels":null,"height_m":15,"min_height_m":0,"height_source":"building_type_default","default_height_rule":"college","confidence":"low"},"geometry":{"type":"Polygon","coordinates":[[[120.2912631,22.7083582],[120.2916344,22.7084772],[120.2915911,22.7085921],[120.2912199,22.708473],[120.2912631,22.7083582]]]}},{"type":"Feature","id":"way/662568599","properties":{"osm_id":662568599,"osm_type":"way","building":"yes","name":"學生活動中心","addr_housenumber":null,"addr_street":null,"raw_height":null,"building_levels":null,"raw_min_height":null,"roof_levels":null,"height_m":9,"min_height_m":0,"height_source":"building_type_default","default_height_rule":"yes","confidence":"low"},"geometry":{"type":"Polygon","coordinates":[[[120.2918934,22.706087],[120.2918895,22.7063327],[120.2925301,22.7063414],[120.2925338,22.7061087],[120.2924289,22.7061073],[120.2924279,22.7061703],[120.2920098,22.7061646],[120.292011,22.7060886],[120.2918934,22.706087]]]}},{"type":"Feature","id":"way/662568602","properties":{"osm_id":662568602,"osm_type":"way","building":"yes","name":"圖書館","addr_housenumber":null,"addr_street":null,"raw_height":null,"building_levels":null,"raw_min_height":null,"roof_levels":null,"height_m":9,"min_height_m":0,"height_source":"building_type_default","default_height_rule":"yes","confidence":"low"},"geometry":{"type":"Polygon","coordinates":[[[120.2885827,22.7062649],[120.288692,22.7062934],[120.2886824,22.7063247],[120.2888859,22.7063777],[120.2889839,22.7065828],[120.2889167,22.7067407],[120.2889473,22.7067518],[120.2889088,22.7068422],[120.2886493,22.7067481],[120.2885131,22.7064924],[120.2885827,22.7062649]]]}},{"type":"Feature","id":"way/662568603","properties":{"osm_id":662568603,"osm_type":"way","building":"yes","name":"體育館","addr_housenumber":null,"addr_street":null,"raw_height":null,"building_levels":null,"raw_min_height":null,"roof_levels":null,"height_m":9,"min_height_m":0,"height_source":"building_type_default","default_height_rule":"yes","confidence":"low"},"geometry":{"type":"Polygon","coordinates":[[[120.29013,22.7074462],[120.2908174,22.7076825],[120.2907051,22.7079604],[120.2903268,22.7078304],[120.2902786,22.7079496],[120.2899696,22.7078434],[120.29013,22.7074462]]]}},{"type":"Feature","id":"way/662568604","properties":{"osm_id":662568604,"osm_type":"way","building":"college","name":"電視製作中心","addr_housenumber":null,"addr_street":null,"raw_height":null,"building_levels":null,"raw_min_height":null,"roof_levels":null,"height_m":15,"min_height_m":0,"height_source":"building_type_default","default_height_rule":"college","confidence":"low"},"geometry":{"type":"Polygon","coordinates":[[[120.2893433,22.7078226],[120.2892914,22.7079668],[120.2895763,22.7080541],[120.2896488,22.707853],[120.2895268,22.7078156],[120.2895063,22.7078726],[120.2893433,22.7078226]]]}},{"type":"Feature","id":"way/662568607","properties":{"osm_id":662568607,"osm_type":"way","building":"college","name":"逸仙樓","addr_housenumber":null,"addr_street":null,"raw_height":null,"building_levels":null,"raw_min_height":null,"roof_levels":null,"height_m":15,"min_height_m":0,"height_source":"building_type_default","default_height_rule":"college","confidence":"low"},"geometry":{"type":"Polygon","coordinates":[[[120.2892789,22.7064922],[120.2900964,22.7067501],[120.2901131,22.706694],[120.2903377,22.706768],[120.2903117,22.706818],[120.2910793,22.7070601],[120.2910535,22.7071297],[120.2910161,22.7071179],[120.2910035,22.707152],[120.2903891,22.7069579],[120.2903774,22.7069892],[120.290275,22.7069568],[120.2902454,22.7070365],[120.2900321,22.7069691],[120.2900622,22.706888],[120.2899558,22.7068544],[120.2899663,22.7068262],[120.28924,22.7065971],[120.2892789,22.7064922]]]}},{"type":"Feature","id":"way/662568608","properties":{"osm_id":662568608,"osm_type":"way","building":"college","name":"自強樓","addr_housenumber":null,"addr_street":null,"raw_height":null,"building_levels":null,"raw_min_height":null,"roof_levels":null,"height_m":15,"min_height_m":0,"height_source":"building_type_default","default_height_rule":"college","confidence":"low"},"geometry":{"type":"Polygon","coordinates":[[[120.2891753,22.7068423],[120.2900688,22.7071329],[120.2900402,22.7072076],[120.2900054,22.7071963],[120.2899855,22.7072483],[120.2891569,22.7069788],[120.2891731,22.7069364],[120.2891431,22.7069266],[120.2891753,22.7068423]]]}},{"type":"Feature","id":"way/662568609","properties":{"osm_id":662568609,"osm_type":"way","building":"college","name":"莊敬樓","addr_housenumber":null,"addr_street":null,"raw_height":null,"building_levels":null,"raw_min_height":null,"roof_levels":null,"height_m":15,"min_height_m":0,"height_source":"building_type_default","default_height_rule":"college","confidence":"low"},"geometry":{"type":"Polygon","coordinates":[[[120.2901262,22.7071635],[120.2909663,22.7074235],[120.2909364,22.7075059],[120.2909134,22.7074988],[120.2908965,22.7075451],[120.2900979,22.7072979],[120.2901096,22.7072658],[120.2900911,22.70726],[120.2901262,22.7071635]]]}},{"type":"Feature","id":"way/662568610","properties":{"osm_id":662568610,"osm_type":"way","building":"college","name":"嚴復樓","addr_housenumber":null,"addr_street":null,"raw_height":null,"building_levels":null,"raw_min_height":null,"roof_levels":null,"height_m":15,"min_height_m":0,"height_source":"building_type_default","default_height_rule":"college","confidence":"low"},"geometry":{"type":"Polygon","coordinates":[[[120.2890233,22.7072008],[120.2898916,22.7074951],[120.2898631,22.7075665],[120.2898346,22.7075569],[120.2898143,22.7076077],[120.2890008,22.707332],[120.2890217,22.7072794],[120.2889956,22.7072706],[120.2890233,22.7072008]]]}},{"type":"Feature","id":"way/662568612","properties":{"osm_id":662568612,"osm_type":"way","building":"college","name":"世昌樓","addr_housenumber":null,"addr_street":null,"raw_height":null,"building_levels":null,"raw_min_height":null,"roof_levels":null,"height_m":15,"min_height_m":0,"height_source":"building_type_default","default_height_rule":"college","confidence":"low"},"geometry":{"type":"Polygon","coordinates":[[[120.2882887,22.7046162],[120.2879452,22.7046247],[120.2879445,22.7045988],[120.2878652,22.7046007],[120.2878693,22.7047408],[120.2880365,22.7048687],[120.2884099,22.7048602],[120.288406,22.704713],[120.2883472,22.7047144],[120.2882898,22.7046548],[120.2882887,22.7046162]]]}},{"type":"Feature","id":"way/662568615","properties":{"osm_id":662568615,"osm_type":"way","building":"college","name":null,"addr_housenumber":null,"addr_street":null,"raw_height":null,"building_levels":null,"raw_min_height":null,"roof_levels":null,"height_m":15,"min_height_m":0,"height_source":"building_type_default","default_height_rule":"college","confidence":"low"},"geometry":{"type":"Polygon","coordinates":[[[120.2894555,22.7040569],[120.2900273,22.7040557],[120.2900276,22.7041736],[120.2894558,22.7041747],[120.2894555,22.7040569]]]}},{"type":"Feature","id":"way/662568616","properties":{"osm_id":662568616,"osm_type":"way","building":"college","name":"鄭和樓","addr_housenumber":null,"addr_street":null,"raw_height":null,"building_levels":null,"raw_min_height":null,"roof_levels":null,"height_m":15,"min_height_m":0,"height_source":"building_type_default","default_height_rule":"college","confidence":"low"},"geometry":{"type":"Polygon","coordinates":[[[120.289715,22.7039301],[120.2897155,22.7037496],[120.2901204,22.7037504],[120.2901259,22.7039338],[120.289715,22.7039301]]]}},{"type":"Feature","id":"way/680846560","properties":{"osm_id":680846560,"osm_type":"way","building":"yes","name":"楠梓藍田郵局","addr_housenumber":"430","addr_street":"藍昌路","raw_height":null,"building_levels":null,"raw_min_height":null,"roof_levels":null,"height_m":9,"min_height_m":0,"height_source":"building_type_default","default_height_rule":"yes","confidence":"low"},"geometry":{"type":"Polygon","coordinates":[[[120.292319,22.7303437],[120.2925711,22.730314],[120.2925389,22.7301062],[120.2924337,22.7301218],[120.2922895,22.7301433],[120.292319,22.7303437]]]}},{"type":"Feature","id":"way/680848734","properties":{"osm_id":680848734,"osm_type":"way","building":"yes","name":"101文具天堂-藍田店","addr_housenumber":"950","addr_street":"藍田路","raw_height":null,"building_levels":null,"raw_min_height":null,"roof_levels":null,"height_m":9,"min_height_m":0,"height_source":"building_type_default","default_height_rule":"yes","confidence":"low"},"geometry":{"type":"Polygon","coordinates":[[[120.2802695,22.7272881],[120.2802244,22.7273775],[120.2800958,22.727313],[120.280141,22.7272298],[120.2802695,22.7272881]]]}},{"type":"Feature","id":"way/682189070","properties":{"osm_id":682189070,"osm_type":"way","building":"yes","name":null,"addr_housenumber":null,"addr_street":"大學南路","raw_height":null,"building_levels":null,"raw_min_height":null,"roof_levels":null,"height_m":9,"min_height_m":0,"height_source":"building_type_default","default_height_rule":"yes","confidence":"low"},"geometry":{"type":"Polygon","coordinates":[[[120.2908145,22.7323081],[120.2913267,22.7322683],[120.2912849,22.7318892],[120.2912386,22.7316183],[120.2907453,22.7316481],[120.2908145,22.7323081]]]}},{"type":"Feature","id":"way/682440843","properties":{"osm_id":682440843,"osm_type":"way","building":"yes","name":null,"addr_housenumber":null,"addr_street":null,"raw_height":null,"building_levels":null,"raw_min_height":null,"roof_levels":null,"height_m":9,"min_height_m":0,"height_source":"building_type_default","default_height_rule":"yes","confidence":"low"},"geometry":{"type":"Polygon","coordinates":[[[120.2848924,22.7319149],[120.2855288,22.731939],[120.2855255,22.7320129],[120.2848891,22.7319887],[120.2848909,22.7319465],[120.2848924,22.7319149]]]}},{"type":"Feature","id":"way/682930119","properties":{"osm_id":682930119,"osm_type":"way","building":"yes","name":"7-Eleven","addr_housenumber":"962;966","addr_street":"藍田路","raw_height":null,"building_levels":null,"raw_min_height":null,"roof_levels":null,"height_m":9,"min_height_m":0,"height_source":"building_type_default","default_height_rule":"yes","confidence":"low"},"geometry":{"type":"Polygon","coordinates":[[[120.2797654,22.7272436],[120.2798491,22.7270914],[120.2798866,22.727109],[120.2799554,22.7271411],[120.2800694,22.7271945],[120.2800291,22.7272678],[120.2799858,22.7273466],[120.2799038,22.7273083],[120.2797654,22.7272436]]]}},{"type":"Feature","id":"way/683072932","properties":{"osm_id":683072932,"osm_type":"way","building":"yes","name":"814百貨生鮮超市","addr_housenumber":null,"addr_street":null,"raw_height":null,"building_levels":null,"raw_min_height":null,"roof_levels":null,"height_m":9,"min_height_m":0,"height_source":"building_type_default","default_height_rule":"yes","confidence":"low"},"geometry":{"type":"Polygon","coordinates":[[[120.3045956,22.714644],[120.3046433,22.7145352],[120.3044846,22.714476],[120.3045454,22.7143373],[120.3048839,22.7144637],[120.3049125,22.7143986],[120.3051329,22.7144809],[120.3050893,22.7145803],[120.3053823,22.7146896],[120.3053436,22.7147778],[120.305262,22.7147473],[120.3051616,22.7149763],[120.3044788,22.7147215],[120.3045244,22.7146175],[120.3045956,22.714644]]]}},{"type":"Feature","id":"way/683072934","properties":{"osm_id":683072934,"osm_type":"way","building":"yes","name":"中油員工消費合作社","addr_housenumber":null,"addr_street":null,"raw_height":null,"building_levels":null,"raw_min_height":null,"roof_levels":null,"height_m":9,"min_height_m":0,"height_source":"building_type_default","default_height_rule":"yes","confidence":"low"},"geometry":{"type":"Polygon","coordinates":[[[120.3050267,22.7154539],[120.3048923,22.7151422],[120.3047225,22.7152045],[120.3048569,22.7155162],[120.3050267,22.7154539]]]}},{"type":"Feature","id":"way/683072935","properties":{"osm_id":683072935,"osm_type":"way","building":"yes","name":"中油後勁餐廳","addr_housenumber":null,"addr_street":null,"raw_height":null,"building_levels":null,"raw_min_height":null,"roof_levels":null,"height_m":9,"min_height_m":0,"height_source":"building_type_default","default_height_rule":"yes","confidence":"low"},"geometry":{"type":"Polygon","coordinates":[[[120.3040904,22.7154051],[120.3043241,22.7154888],[120.3044411,22.7152111],[120.3042075,22.7151273],[120.3040904,22.7154051]]]}},{"type":"Feature","id":"way/683977285","properties":{"osm_id":683977285,"osm_type":"way","building":"yes","name":"小橘屋","addr_housenumber":null,"addr_street":null,"raw_height":null,"building_levels":null,"raw_min_height":null,"roof_levels":null,"height_m":9,"min_height_m":0,"height_source":"building_type_default","default_height_rule":"yes","confidence":"low"},"geometry":{"type":"Polygon","coordinates":[[[120.2763366,22.7315052],[120.2763757,22.7314538],[120.2765527,22.7315683],[120.276534,22.7315929],[120.2765136,22.7316197],[120.2763366,22.7315052]]]}},{"type":"Feature","id":"way/690656699","properties":{"osm_id":690656699,"osm_type":"way","building":"yes","name":"援中港聖母宮","addr_housenumber":null,"addr_street":null,"raw_height":null,"building_levels":null,"raw_min_height":null,"roof_levels":null,"height_m":9,"min_height_m":0,"height_source":"building_type_default","default_height_rule":"yes","confidence":"low"},"geometry":{"type":"Polygon","coordinates":[[[120.2789569,22.7224944],[120.2789526,22.7223817],[120.2789515,22.7223522],[120.2791178,22.7223633],[120.2791151,22.722513],[120.2789542,22.7225117],[120.2789569,22.7224944]]]}},{"type":"Feature","id":"way/690663658","properties":{"osm_id":690663658,"osm_type":"way","building":"house","name":"張家古厝","addr_housenumber":"17","addr_street":"德中路40巷12弄","raw_height":null,"building_levels":null,"raw_min_height":null,"roof_levels":null,"height_m":10,"min_height_m":0,"height_source":"building_type_default","default_height_rule":"house","confidence":"low"},"geometry":{"type":"Polygon","coordinates":[[[120.2802247,22.7223544],[120.2802399,22.7222872],[120.2803427,22.7223071],[120.2803233,22.7223749],[120.2802247,22.7223544]]]}},{"type":"Feature","id":"way/690667260","properties":{"osm_id":690667260,"osm_type":"way","building":"yes","name":"暖陽小徑","addr_housenumber":"421","addr_street":"大學二十一路","raw_height":null,"building_levels":null,"raw_min_height":null,"roof_levels":null,"height_m":9,"min_height_m":0,"height_source":"building_type_default","default_height_rule":"yes","confidence":"low"},"geometry":{"type":"Polygon","coordinates":[[[120.2808742,22.7258887],[120.2808101,22.7258164],[120.2808483,22.7257875],[120.2808306,22.7257675],[120.2809294,22.725693],[120.2810112,22.7257854],[120.2808742,22.7258887]]]}},{"type":"Feature","id":"way/691056879","properties":{"osm_id":691056879,"osm_type":"way","building":"apartments","name":"水悅集","addr_housenumber":null,"addr_street":"大學十八街","raw_height":null,"building_levels":"19","raw_min_height":null,"roof_levels":null,"height_m":60.8,"min_height_m":0,"height_source":"osm_levels_derived","default_height_rule":null,"confidence":"medium"},"geometry":{"type":"Polygon","coordinates":[[[120.2768128,22.724959],[120.2771672,22.7251444],[120.2773094,22.724913],[120.2769551,22.7247276],[120.2768128,22.724959]]]}},{"type":"Feature","id":"way/691060507","properties":{"osm_id":691060507,"osm_type":"way","building":"apartments","name":"海龍之星","addr_housenumber":null,"addr_street":"大學二十街","raw_height":null,"building_levels":"15","raw_min_height":null,"roof_levels":null,"height_m":48,"min_height_m":0,"height_source":"osm_levels_derived","default_height_rule":null,"confidence":"medium"},"geometry":{"type":"Polygon","coordinates":[[[120.2837951,22.7294146],[120.2840026,22.7294274],[120.2840104,22.7293211],[120.2840628,22.7293243],[120.2840553,22.7294275],[120.2841579,22.7294339],[120.2841641,22.7293491],[120.2841851,22.7293504],[120.2841799,22.7294219],[120.2842811,22.7294282],[120.2842918,22.7292832],[120.2842488,22.7292498],[120.2838091,22.7292225],[120.2837951,22.7294146]]]}},{"type":"Feature","id":"way/691064627","properties":{"osm_id":691064627,"osm_type":"way","building":"apartments","name":"天砌晴","addr_housenumber":null,"addr_street":"大學二十六街","raw_height":null,"building_levels":"15","raw_min_height":null,"roof_levels":null,"height_m":48,"min_height_m":0,"height_source":"osm_levels_derived","default_height_rule":null,"confidence":"medium"},"geometry":{"type":"Polygon","coordinates":[[[120.282315,22.7298942],[120.2826587,22.7299003],[120.2826663,22.7295404],[120.2823226,22.7295343],[120.282315,22.7298942]]]}},{"type":"Feature","id":"way/691130320","properties":{"osm_id":691130320,"osm_type":"way","building":"apartments","name":"水伊林","addr_housenumber":null,"addr_street":"大學西路","raw_height":null,"building_levels":"15","raw_min_height":null,"roof_levels":null,"height_m":48,"min_height_m":0,"height_source":"osm_levels_derived","default_height_rule":null,"confidence":"medium"},"geometry":{"type":"Polygon","coordinates":[[[120.2816662,22.7227384],[120.2818015,22.7227851],[120.2818387,22.7226934],[120.2820088,22.7227521],[120.2820805,22.7225755],[120.2817752,22.72247],[120.2816662,22.7227384]]]}},{"type":"Feature","id":"way/695656229","properties":{"osm_id":695656229,"osm_type":"way","building":"yes","name":"楠梓消防分隊","addr_housenumber":"418","addr_street":"楠梓路","raw_height":null,"building_levels":null,"raw_min_height":null,"roof_levels":null,"height_m":9,"min_height_m":0,"height_source":"building_type_default","default_height_rule":"yes","confidence":"low"},"geometry":{"type":"Polygon","coordinates":[[[120.3254124,22.7371081],[120.3255045,22.7369869],[120.3255449,22.7370144],[120.3256414,22.7368869],[120.3253936,22.736743],[120.3252347,22.7369528],[120.3252295,22.7369789],[120.3252383,22.7369973],[120.3252528,22.737016],[120.3254124,22.7371081]]]}},{"type":"Feature","id":"way/711491384","properties":{"osm_id":711491384,"osm_type":"way","building":"storage_tank","name":null,"addr_housenumber":null,"addr_street":null,"raw_height":null,"building_levels":null,"raw_min_height":null,"roof_levels":null,"height_m":9,"min_height_m":0,"height_source":"building_type_default","default_height_rule":"storage_tank","confidence":"low"},"geometry":{"type":"Polygon","coordinates":[[[120.3191391,22.7214886],[120.319045,22.7214665],[120.3189566,22.721413],[120.3188931,22.721335],[120.318862,22.7212418],[120.3188671,22.7211444],[120.3189076,22.7210543],[120.3189788,22.7209822],[120.3190723,22.7209367],[120.319177,22.720923],[120.3192805,22.720943],[120.3193639,22.7209888],[120.3194276,22.7210563],[120.3194653,22.7211387],[120.3194733,22.7212279],[120.3194508,22.721315],[120.3193999,22.7213912],[120.3193258,22.721449],[120.3192359,22.7214826],[120.3191391,22.7214886]]]}},{"type":"Feature","id":"way/711491385","properties":{"osm_id":711491385,"osm_type":"way","building":"storage_tank","name":null,"addr_housenumber":null,"addr_street":null,"raw_height":null,"building_levels":null,"raw_min_height":null,"roof_levels":null,"height_m":9,"min_height_m":0,"height_source":"building_type_default","default_height_rule":"storage_tank","confidence":"low"},"geometry":{"type":"Polygon","coordinates":[[[120.3191584,22.7221837],[120.3190663,22.722162],[120.3189798,22.7221096],[120.3189176,22.7220333],[120.3188871,22.721942],[120.318892,22.7218466],[120.3189317,22.7217583],[120.3190015,22.7216878],[120.319093,22.7216431],[120.3191956,22.7216298],[120.3192969,22.7216493],[120.3193786,22.7216942],[120.319441,22.7217603],[120.319478,22.721841],[120.3194858,22.7219284],[120.3194637,22.7220136],[120.3194139,22.7220883],[120.3193413,22.7221448],[120.3192532,22.7221777],[120.3191584,22.7221837]]]}},{"type":"Feature","id":"way/711491652","properties":{"osm_id":711491652,"osm_type":"way","building":"yes","name":null,"addr_housenumber":null,"addr_street":null,"raw_height":null,"building_levels":null,"raw_min_height":null,"roof_levels":null,"height_m":9,"min_height_m":0,"height_source":"building_type_default","default_height_rule":"yes","confidence":"low"},"geometry":{"type":"Polygon","coordinates":[[[120.3182732,22.724217],[120.3183878,22.7242889],[120.3183389,22.7243553],[120.3184977,22.7244548],[120.3187376,22.7241292],[120.3186009,22.7240434],[120.3185474,22.7241161],[120.3184107,22.7240304],[120.3182732,22.724217]]]}},{"type":"Feature","id":"way/711491997","properties":{"osm_id":711491997,"osm_type":"way","building":"warehouse","name":"統一速達南區 高雄轉運中心","addr_housenumber":"939","addr_street":"高楠公路","raw_height":null,"building_levels":null,"raw_min_height":null,"roof_levels":null,"height_m":9,"min_height_m":0,"height_source":"building_type_default","default_height_rule":"warehouse","confidence":"low"},"geometry":{"type":"Polygon","coordinates":[[[120.3239956,22.7125228],[120.3245584,22.7124345],[120.3245463,22.7123691],[120.3244946,22.7120946],[120.3244531,22.7118693],[120.3244075,22.7116222],[120.3238458,22.7117103],[120.3239956,22.7125228]]]}},{"type":"Feature","id":"way/711492228","properties":{"osm_id":711492228,"osm_type":"way","building":"industrial","name":null,"addr_housenumber":null,"addr_street":null,"raw_height":null,"building_levels":null,"raw_min_height":null,"roof_levels":null,"height_m":9,"min_height_m":0,"height_source":"building_type_default","default_height_rule":"industrial","confidence":"low"},"geometry":{"type":"Polygon","coordinates":[[[120.3247748,22.7120458],[120.3244946,22.7120946],[120.3245463,22.7123691],[120.3248307,22.7123198],[120.3247748,22.7120458]]]}},{"type":"Feature","id":"way/711492960","properties":{"osm_id":711492960,"osm_type":"way","building":"industrial","name":null,"addr_housenumber":null,"addr_street":null,"raw_height":null,"building_levels":null,"raw_min_height":null,"roof_levels":null,"height_m":9,"min_height_m":0,"height_source":"building_type_default","default_height_rule":"industrial","confidence":"low"},"geometry":{"type":"Polygon","coordinates":[[[120.3244091,22.7139301],[120.3245848,22.7138998],[120.3245226,22.7135929],[120.3240646,22.7136717],[120.3241367,22.714028],[120.3244191,22.7139795],[120.3244091,22.7139301]]]}},{"type":"Feature","id":"way/711493108","properties":{"osm_id":711493108,"osm_type":"way","building":"industrial","name":null,"addr_housenumber":null,"addr_street":null,"raw_height":null,"building_levels":null,"raw_min_height":null,"roof_levels":null,"height_m":9,"min_height_m":0,"height_source":"building_type_default","default_height_rule":"industrial","confidence":"low"},"geometry":{"type":"Polygon","coordinates":[[[120.3248815,22.7140645],[120.325392,22.7139867],[120.3253646,22.7138334],[120.324854,22.7139112],[120.3248815,22.7140645]]]}},{"type":"Feature","id":"way/711493109","properties":{"osm_id":711493109,"osm_type":"way","building":"industrial","name":null,"addr_housenumber":null,"addr_street":null,"raw_height":null,"building_levels":null,"raw_min_height":null,"roof_levels":null,"height_m":9,"min_height_m":0,"height_source":"building_type_default","default_height_rule":"industrial","confidence":"low"},"geometry":{"type":"Polygon","coordinates":[[[120.3248136,22.7133248],[120.3251798,22.7132687],[120.3251261,22.7129698],[120.3247599,22.7130258],[120.3248136,22.7133248]]]}},{"type":"Feature","id":"way/711493110","properties":{"osm_id":711493110,"osm_type":"way","building":"industrial","name":null,"addr_housenumber":null,"addr_street":null,"raw_height":null,"building_levels":null,"raw_min_height":null,"roof_levels":null,"height_m":9,"min_height_m":0,"height_source":"building_type_default","default_height_rule":"industrial","confidence":"low"},"geometry":{"type":"Polygon","coordinates":[[[120.3247874,22.7136188],[120.3253064,22.7135413],[120.3252795,22.7133881],[120.3247606,22.7134656],[120.3247874,22.7136188]]]}},{"type":"Feature","id":"way/711494406","properties":{"osm_id":711494406,"osm_type":"way","building":"industrial","name":null,"addr_housenumber":null,"addr_street":null,"raw_height":null,"building_levels":null,"raw_min_height":null,"roof_levels":null,"height_m":9,"min_height_m":0,"height_source":"building_type_default","default_height_rule":"industrial","confidence":"low"},"geometry":{"type":"Polygon","coordinates":[[[120.3250256,22.7143866],[120.3253111,22.7143536],[120.325287,22.7141758],[120.3250015,22.7142088],[120.3250256,22.7143866]]]}},{"type":"Feature","id":"way/711494708","properties":{"osm_id":711494708,"osm_type":"way","building":"industrial","name":null,"addr_housenumber":null,"addr_street":null,"raw_height":null,"building_levels":null,"raw_min_height":null,"roof_levels":null,"height_m":9,"min_height_m":0,"height_source":"building_type_default","default_height_rule":"industrial","confidence":"low"},"geometry":{"type":"Polygon","coordinates":[[[120.3245956,22.7128461],[120.3253321,22.7127227],[120.3252902,22.7125101],[120.3245538,22.7126336],[120.3245956,22.7128461]]]}},{"type":"Feature","id":"way/711494763","properties":{"osm_id":711494763,"osm_type":"way","building":"industrial","name":null,"addr_housenumber":null,"addr_street":null,"raw_height":null,"building_levels":null,"raw_min_height":null,"roof_levels":null,"height_m":9,"min_height_m":0,"height_source":"building_type_default","default_height_rule":"industrial","confidence":"low"},"geometry":{"type":"Polygon","coordinates":[[[120.3237528,22.7136101],[120.3239627,22.7135774],[120.3238622,22.7130288],[120.3236523,22.7130615],[120.3237528,22.7136101]]]}},{"type":"Feature","id":"way/711494764","properties":{"osm_id":711494764,"osm_type":"way","building":"industrial","name":null,"addr_housenumber":null,"addr_street":null,"raw_height":null,"building_levels":null,"raw_min_height":null,"roof_levels":null,"height_m":9,"min_height_m":0,"height_source":"building_type_default","default_height_rule":"industrial","confidence":"low"},"geometry":{"type":"Polygon","coordinates":[[[120.3240676,22.7135561],[120.3242847,22.7135203],[120.3242072,22.7131202],[120.3239901,22.713156],[120.3240676,22.7135561]]]}},{"type":"Feature","id":"way/711495274","properties":{"osm_id":711495274,"osm_type":"way","building":"industrial","name":null,"addr_housenumber":null,"addr_street":null,"raw_height":null,"building_levels":null,"raw_min_height":null,"roof_levels":null,"height_m":9,"min_height_m":0,"height_source":"building_type_default","default_height_rule":"industrial","confidence":"low"},"geometry":{"type":"Polygon","coordinates":[[[120.3235956,22.7136511],[120.3237391,22.7136287],[120.3236758,22.7132828],[120.3235323,22.7133052],[120.3235956,22.7136511]]]}},{"type":"Feature","id":"way/711497744","properties":{"osm_id":711497744,"osm_type":"way","building":"apartments","name":null,"addr_housenumber":null,"addr_street":null,"raw_height":null,"building_levels":null,"raw_min_height":null,"roof_levels":null,"height_m":10,"min_height_m":0,"height_source":"building_type_default","default_height_rule":"apartments","confidence":"low"},"geometry":{"type":"Polygon","coordinates":[[[120.3258536,22.7392154],[120.3259818,22.7393281],[120.3257827,22.7395209],[120.3256544,22.7394083],[120.3258536,22.7392154]]]}},{"type":"Feature","id":"way/711498161","properties":{"osm_id":711498161,"osm_type":"way","building":"apartments","name":null,"addr_housenumber":null,"addr_street":null,"raw_height":null,"building_levels":null,"raw_min_height":null,"roof_levels":null,"height_m":10,"min_height_m":0,"height_source":"building_type_default","default_height_rule":"apartments","confidence":"low"},"geometry":{"type":"Polygon","coordinates":[[[120.3259587,22.739439],[120.3261003,22.7393156],[120.3263158,22.7395259],[120.3261742,22.7396494],[120.3259587,22.739439]]]}},{"type":"Feature","id":"way/711498750","properties":{"osm_id":711498750,"osm_type":"way","building":"apartments","name":null,"addr_housenumber":null,"addr_street":null,"raw_height":null,"building_levels":null,"raw_min_height":null,"roof_levels":null,"height_m":10,"min_height_m":0,"height_source":"building_type_default","default_height_rule":"apartments","confidence":"low"},"geometry":{"type":"Polygon","coordinates":[[[120.3267137,22.7399073],[120.3268865,22.7400588],[120.3267423,22.7401987],[120.3265695,22.7400472],[120.3267137,22.7399073]]]}},{"type":"Feature","id":"way/711498751","properties":{"osm_id":711498751,"osm_type":"way","building":"apartments","name":null,"addr_housenumber":null,"addr_street":null,"raw_height":null,"building_levels":null,"raw_min_height":null,"roof_levels":null,"height_m":10,"min_height_m":0,"height_source":"building_type_default","default_height_rule":"apartments","confidence":"low"},"geometry":{"type":"Polygon","coordinates":[[[120.3268774,22.7401505],[120.3269949,22.7402609],[120.3268344,22.7404063],[120.3267169,22.7402958],[120.3268774,22.7401505]]]}},{"type":"Feature","id":"way/711498752","properties":{"osm_id":711498752,"osm_type":"way","building":"apartments","name":null,"addr_housenumber":null,"addr_street":null,"raw_height":null,"building_levels":null,"raw_min_height":null,"roof_levels":null,"height_m":10,"min_height_m":0,"height_source":"building_type_default","default_height_rule":"apartments","confidence":"low"},"geometry":{"type":"Polygon","coordinates":[[[120.3263217,22.7395816],[120.3264576,22.7397007],[120.3262686,22.7398841],[120.3261327,22.739765],[120.3263217,22.7395816]]]}},{"type":"Feature","id":"way/711498753","properties":{"osm_id":711498753,"osm_type":"way","building":"apartments","name":null,"addr_housenumber":null,"addr_street":null,"raw_height":null,"building_levels":null,"raw_min_height":null,"roof_levels":null,"height_m":10,"min_height_m":0,"height_source":"building_type_default","default_height_rule":"apartments","confidence":"low"},"geometry":{"type":"Polygon","coordinates":[[[120.3265006,22.7397828],[120.3266332,22.7399049],[120.3264528,22.7400715],[120.3263202,22.7399494],[120.3265006,22.7397828]]]}},{"type":"Feature","id":"way/712539278","properties":{"osm_id":712539278,"osm_type":"way","building":"yes","name":null,"addr_housenumber":null,"addr_street":null,"raw_height":null,"building_levels":null,"raw_min_height":null,"roof_levels":null,"height_m":9,"min_height_m":0,"height_source":"building_type_default","default_height_rule":"yes","confidence":"low"},"geometry":{"type":"Polygon","coordinates":[[[120.3259114,22.7322995],[120.3259678,22.7323211],[120.3260421,22.7321564],[120.3262027,22.732218],[120.3262265,22.7321652],[120.3259885,22.7320739],[120.3258904,22.7322914],[120.3259114,22.7322995]]]}},{"type":"Feature","id":"way/712539323","properties":{"osm_id":712539323,"osm_type":"way","building":"yes","name":null,"addr_housenumber":null,"addr_street":null,"raw_height":null,"building_levels":null,"raw_min_height":null,"roof_levels":null,"height_m":9,"min_height_m":0,"height_source":"building_type_default","default_height_rule":"yes","confidence":"low"},"geometry":{"type":"Polygon","coordinates":[[[120.3260027,22.732441],[120.3261979,22.7325251],[120.3263682,22.7321887],[120.3262852,22.732153],[120.3261684,22.7323836],[120.3260563,22.7323352],[120.3260027,22.732441]]]}},{"type":"Feature","id":"way/712540128","properties":{"osm_id":712540128,"osm_type":"way","building":"office","name":"台灣電力公司楠梓服務所","addr_housenumber":"89","addr_street":"旗楠路","raw_height":null,"building_levels":null,"raw_min_height":null,"roof_levels":null,"height_m":12,"min_height_m":0,"height_source":"building_type_default","default_height_rule":"office","confidence":"low"},"geometry":{"type":"Polygon","coordinates":[[[120.3294693,22.7326892],[120.3298435,22.7330488],[120.3299462,22.732958],[120.3299187,22.7329316],[120.3300026,22.7328574],[120.3297645,22.7326285],[120.3296989,22.7325654],[120.3296131,22.7326413],[120.3295872,22.7326164],[120.3295701,22.7325999],[120.3294693,22.7326892]]]}},{"type":"Feature","id":"way/712540329","properties":{"osm_id":712540329,"osm_type":"way","building":"yes","name":null,"addr_housenumber":null,"addr_street":null,"raw_height":null,"building_levels":null,"raw_min_height":null,"roof_levels":null,"height_m":9,"min_height_m":0,"height_source":"building_type_default","default_height_rule":"yes","confidence":"low"},"geometry":{"type":"Polygon","coordinates":[[[120.3315384,22.7294295],[120.3319018,22.7296434],[120.3320097,22.7294875],[120.3316462,22.7292736],[120.3315384,22.7294295]]]}},{"type":"Feature","id":"way/712540418","properties":{"osm_id":712540418,"osm_type":"way","building":"yes","name":null,"addr_housenumber":null,"addr_street":null,"raw_height":null,"building_levels":null,"raw_min_height":null,"roof_levels":null,"height_m":9,"min_height_m":0,"height_source":"building_type_default","default_height_rule":"yes","confidence":"low"},"geometry":{"type":"Polygon","coordinates":[[[120.331979,22.7298212],[120.3320522,22.7298648],[120.3322227,22.7296211],[120.3321495,22.7295775],[120.331979,22.7298212]]]}},{"type":"Feature","id":"way/712540886","properties":{"osm_id":712540886,"osm_type":"way","building":"yes","name":null,"addr_housenumber":null,"addr_street":null,"raw_height":null,"building_levels":null,"raw_min_height":null,"roof_levels":null,"height_m":9,"min_height_m":0,"height_source":"building_type_default","default_height_rule":"yes","confidence":"low"},"geometry":{"type":"Polygon","coordinates":[[[120.3289563,22.728188],[120.3290734,22.72817],[120.3290562,22.7280748],[120.3292342,22.7280474],[120.3291989,22.7278529],[120.3289038,22.7278984],[120.3289563,22.728188]]]}},{"type":"Feature","id":"way/712541012","properties":{"osm_id":712541012,"osm_type":"way","building":"yes","name":"NET","addr_housenumber":null,"addr_street":null,"raw_height":null,"building_levels":null,"raw_min_height":null,"roof_levels":null,"height_m":9,"min_height_m":0,"height_source":"building_type_default","default_height_rule":"yes","confidence":"low"},"geometry":{"type":"Polygon","coordinates":[[[120.3249196,22.7263834],[120.32504,22.7265531],[120.3252394,22.7264326],[120.325119,22.726263],[120.3249196,22.7263834]]]}},{"type":"Feature","id":"way/712541085","properties":{"osm_id":712541085,"osm_type":"way","building":"yes","name":null,"addr_housenumber":null,"addr_street":null,"raw_height":null,"building_levels":null,"raw_min_height":null,"roof_levels":null,"height_m":9,"min_height_m":0,"height_source":"building_type_default","default_height_rule":"yes","confidence":"low"},"geometry":{"type":"Polygon","coordinates":[[[120.3236281,22.7254566],[120.3237318,22.7254318],[120.3238266,22.7252355],[120.3237693,22.725224],[120.3236871,22.725224],[120.3236228,22.725229],[120.323553,22.7252487],[120.3236281,22.7254566]]]}},{"type":"Feature","id":"way/712541362","properties":{"osm_id":712541362,"osm_type":"way","building":"yes","name":null,"addr_housenumber":null,"addr_street":null,"raw_height":null,"building_levels":null,"raw_min_height":null,"roof_levels":null,"height_m":9,"min_height_m":0,"height_source":"building_type_default","default_height_rule":"yes","confidence":"low"},"geometry":{"type":"Polygon","coordinates":[[[120.3244731,22.724755],[120.3245748,22.7248762],[120.3252712,22.7243796],[120.3251695,22.7242583],[120.3244731,22.724755]]]}},{"type":"Feature","id":"way/712541405","properties":{"osm_id":712541405,"osm_type":"way","building":"yes","name":null,"addr_housenumber":null,"addr_street":null,"raw_height":null,"building_levels":null,"raw_min_height":null,"roof_levels":null,"height_m":9,"min_height_m":0,"height_source":"building_type_default","default_height_rule":"yes","confidence":"low"},"geometry":{"type":"Polygon","coordinates":[[[120.3248423,22.724281],[120.3249408,22.7243994],[120.3251583,22.7242454],[120.3250597,22.7241271],[120.3248423,22.724281]]]}},{"type":"Feature","id":"way/712541472","properties":{"osm_id":712541472,"osm_type":"way","building":"yes","name":null,"addr_housenumber":null,"addr_street":null,"raw_height":null,"building_levels":null,"raw_min_height":null,"roof_levels":null,"height_m":9,"min_height_m":0,"height_source":"building_type_default","default_height_rule":"yes","confidence":"low"},"geometry":{"type":"Polygon","coordinates":[[[120.3242987,22.7246777],[120.3244094,22.7248049],[120.3242326,22.7249433],[120.3242343,22.7247207],[120.3242987,22.7246777]]]}},{"type":"Feature","id":"way/712541682","properties":{"osm_id":712541682,"osm_type":"way","building":"yes","name":null,"addr_housenumber":null,"addr_street":null,"raw_height":null,"building_levels":null,"raw_min_height":null,"roof_levels":null,"height_m":9,"min_height_m":0,"height_source":"building_type_default","default_height_rule":"yes","confidence":"low"},"geometry":{"type":"Polygon","coordinates":[[[120.3242665,22.7250769],[120.3245132,22.7249186],[120.3244094,22.7248049],[120.3242326,22.7249433],[120.3242665,22.7250769]]]}},{"type":"Feature","id":"way/712541768","properties":{"osm_id":712541768,"osm_type":"way","building":"yes","name":null,"addr_housenumber":null,"addr_street":null,"raw_height":null,"building_levels":null,"raw_min_height":null,"roof_levels":null,"height_m":9,"min_height_m":0,"height_source":"building_type_default","default_height_rule":"yes","confidence":"low"},"geometry":{"type":"Polygon","coordinates":[[[120.3260296,22.7243839],[120.3262152,22.7246639],[120.3265562,22.7244716],[120.3263705,22.7241916],[120.3260296,22.7243839]]]}},{"type":"Feature","id":"way/712542004","properties":{"osm_id":712542004,"osm_type":"way","building":"yes","name":null,"addr_housenumber":null,"addr_street":null,"raw_height":null,"building_levels":null,"raw_min_height":null,"roof_levels":null,"height_m":9,"min_height_m":0,"height_source":"building_type_default","default_height_rule":"yes","confidence":"low"},"geometry":{"type":"Polygon","coordinates":[[[120.3252553,22.7241995],[120.3253379,22.724302],[120.3256728,22.7240724],[120.3255902,22.7239699],[120.3252553,22.7241995]]]}},{"type":"Feature","id":"way/712542103","properties":{"osm_id":712542103,"osm_type":"way","building":"yes","name":null,"addr_housenumber":null,"addr_street":null,"raw_height":null,"building_levels":null,"raw_min_height":null,"roof_levels":null,"height_m":9,"min_height_m":0,"height_source":"building_type_default","default_height_rule":"yes","confidence":"low"},"geometry":{"type":"Polygon","coordinates":[[[120.3275363,22.7235399],[120.3276334,22.7236123],[120.3275695,22.7236852],[120.3275426,22.7236652],[120.3274709,22.7237469],[120.3274992,22.7237681],[120.327435,22.7238412],[120.3273365,22.7237677],[120.3275363,22.7235399]]]}},{"type":"Feature","id":"way/712542483","properties":{"osm_id":712542483,"osm_type":"way","building":"industrial","name":null,"addr_housenumber":null,"addr_street":null,"raw_height":null,"building_levels":null,"raw_min_height":null,"roof_levels":null,"height_m":9,"min_height_m":0,"height_source":"building_type_default","default_height_rule":"industrial","confidence":"low"},"geometry":{"type":"Polygon","coordinates":[[[120.3298723,22.7220998],[120.330162,22.7220009],[120.329756,22.7209931],[120.3294572,22.7210871],[120.3298723,22.7220998]]]}},{"type":"Feature","id":"way/712542525","properties":{"osm_id":712542525,"osm_type":"way","building":"yes","name":null,"addr_housenumber":null,"addr_street":null,"raw_height":null,"building_levels":null,"raw_min_height":null,"roof_levels":null,"height_m":9,"min_height_m":0,"height_source":"building_type_default","default_height_rule":"yes","confidence":"low"},"geometry":{"type":"Polygon","coordinates":[[[120.3293199,22.7214823],[120.3293928,22.7215767],[120.3291652,22.7217264],[120.3290923,22.7216319],[120.3293199,22.7214823]]]}},{"type":"Feature","id":"way/712542526","properties":{"osm_id":712542526,"osm_type":"way","building":"yes","name":null,"addr_housenumber":null,"addr_street":null,"raw_height":null,"building_levels":null,"raw_min_height":null,"roof_levels":null,"height_m":9,"min_height_m":0,"height_source":"building_type_default","default_height_rule":"yes","confidence":"low"},"geometry":{"type":"Polygon","coordinates":[[[120.3292165,22.7218864],[120.3294808,22.721795],[120.3294351,22.7216826],[120.3291708,22.7217741],[120.3292165,22.7218864]]]}},{"type":"Feature","id":"way/712542674","properties":{"osm_id":712542674,"osm_type":"way","building":"industrial","name":null,"addr_housenumber":null,"addr_street":null,"raw_height":null,"building_levels":null,"raw_min_height":null,"roof_levels":null,"height_m":9,"min_height_m":0,"height_source":"building_type_default","default_height_rule":"industrial","confidence":"low"},"geometry":{"type":"Polygon","coordinates":[[[120.3308571,22.7196209],[120.3309603,22.719719],[120.3311635,22.7199122],[120.3315021,22.7196094],[120.3311957,22.719318],[120.3308571,22.7196209]]]}},{"type":"Feature","id":"way/712542740","properties":{"osm_id":712542740,"osm_type":"way","building":"industrial","name":null,"addr_housenumber":null,"addr_street":null,"raw_height":null,"building_levels":null,"raw_min_height":null,"roof_levels":null,"height_m":9,"min_height_m":0,"height_source":"building_type_default","default_height_rule":"industrial","confidence":"low"},"geometry":{"type":"Polygon","coordinates":[[[120.3304616,22.7206284],[120.331181,22.7206416],[120.3311767,22.7208424],[120.331104,22.7208411],[120.3311004,22.7210093],[120.3310295,22.721008],[120.3310256,22.7211929],[120.3305692,22.7211845],[120.3305733,22.720998],[120.33051,22.7209969],[120.3305141,22.7208054],[120.3304578,22.7208043],[120.3304616,22.7206284]]]}},{"type":"Feature","id":"way/712543080","properties":{"osm_id":712543080,"osm_type":"way","building":"industrial","name":null,"addr_housenumber":null,"addr_street":null,"raw_height":null,"building_levels":null,"raw_min_height":null,"roof_levels":null,"height_m":9,"min_height_m":0,"height_source":"building_type_default","default_height_rule":"industrial","confidence":"low"},"geometry":{"type":"Polygon","coordinates":[[[120.3304231,22.7202179],[120.3307448,22.7204984],[120.3308272,22.7204241],[120.330886,22.7204885],[120.3315443,22.7198947],[120.3315021,22.7196094],[120.3311635,22.7199122],[120.3309603,22.719719],[120.3306982,22.7199606],[120.3305178,22.719842],[120.3304675,22.7199194],[120.3306287,22.72003],[120.3304231,22.7202179]]]}},{"type":"Feature","id":"way/712543296","properties":{"osm_id":712543296,"osm_type":"way","building":"yes","name":null,"addr_housenumber":null,"addr_street":null,"raw_height":null,"building_levels":null,"raw_min_height":null,"roof_levels":null,"height_m":9,"min_height_m":0,"height_source":"building_type_default","default_height_rule":"yes","confidence":"low"},"geometry":{"type":"Polygon","coordinates":[[[120.3304768,22.7183662],[120.3305681,22.7182757],[120.3308041,22.7184782],[120.3307128,22.7185688],[120.3304768,22.7183662]]]}},{"type":"Feature","id":"way/712543333","properties":{"osm_id":712543333,"osm_type":"way","building":"industrial","name":null,"addr_housenumber":null,"addr_street":null,"raw_height":null,"building_levels":null,"raw_min_height":null,"roof_levels":null,"height_m":9,"min_height_m":0,"height_source":"building_type_default","default_height_rule":"industrial","confidence":"low"},"geometry":{"type":"Polygon","coordinates":[[[120.3293622,22.7185155],[120.3296723,22.7184109],[120.3297254,22.7185448],[120.3294153,22.7186494],[120.3293622,22.7185155]]]}},{"type":"Feature","id":"way/712543334","properties":{"osm_id":712543334,"osm_type":"way","building":"industrial","name":null,"addr_housenumber":null,"addr_street":null,"raw_height":null,"building_levels":null,"raw_min_height":null,"roof_levels":null,"height_m":9,"min_height_m":0,"height_source":"building_type_default","default_height_rule":"industrial","confidence":"low"},"geometry":{"type":"Polygon","coordinates":[[[120.3297809,22.7185264],[120.3297254,22.7185448],[120.3294153,22.7186494],[120.329757,22.7194756],[120.3301296,22.7193396],[120.3297809,22.7185264]]]}},{"type":"Feature","id":"way/712906837","properties":{"osm_id":712906837,"osm_type":"way","building":"apartments","name":"大學17Ⅱ","addr_housenumber":null,"addr_street":null,"raw_height":null,"building_levels":null,"raw_min_height":null,"roof_levels":null,"height_m":10,"min_height_m":0,"height_source":"building_type_default","default_height_rule":"apartments","confidence":"low"},"geometry":{"type":"Polygon","coordinates":[[[120.282572,22.728924],[120.2827815,22.7289325],[120.2828,22.7286881],[120.2827199,22.7286853],[120.282572,22.728924]]]}},{"type":"Feature","id":"way/712906838","properties":{"osm_id":712906838,"osm_type":"way","building":"apartments","name":"大學17","addr_housenumber":"286;288;290;292;296;298;300","addr_street":"大學十七街","raw_height":null,"building_levels":"15","raw_min_height":null,"roof_levels":null,"height_m":48,"min_height_m":0,"height_source":"osm_levels_derived","default_height_rule":null,"confidence":"medium"},"geometry":{"type":"Polygon","coordinates":[[[120.2832636,22.7277235],[120.2835018,22.7278065],[120.2835353,22.7277245],[120.2833932,22.727675],[120.2834476,22.7275421],[120.2835373,22.7275733],[120.2835648,22.7275062],[120.283379,22.7274416],[120.2832636,22.7277235]]]}},{"type":"Feature","id":"way/713257356","properties":{"osm_id":713257356,"osm_type":"way","building":"apartments","name":"水丰林","addr_housenumber":"170;172;176;178;180","addr_street":"高雄大學路","raw_height":null,"building_levels":"15","raw_min_height":null,"roof_levels":null,"height_m":48,"min_height_m":0,"height_source":"osm_levels_derived","default_height_rule":null,"confidence":"medium"},"geometry":{"type":"Polygon","coordinates":[[[120.2856949,22.7262082],[120.2857949,22.726233],[120.2858079,22.7261885],[120.2858345,22.7261784],[120.2858569,22.7261497],[120.2859834,22.7261812],[120.2859631,22.7262506],[120.2859119,22.7262378],[120.2858833,22.7263354],[120.2860159,22.7263684],[120.2860884,22.7261205],[120.2857454,22.7260353],[120.2856949,22.7262082]]]}},{"type":"Feature","id":"way/713271054","properties":{"osm_id":713271054,"osm_type":"way","building":"yes","name":"仁壽宮","addr_housenumber":"716","addr_street":"大學二十六街","raw_height":null,"building_levels":null,"raw_min_height":null,"roof_levels":null,"height_m":9,"min_height_m":0,"height_source":"building_type_default","default_height_rule":"yes","confidence":"low"},"geometry":{"type":"Polygon","coordinates":[[[120.2834331,22.7305345],[120.2835962,22.7305071],[120.2835649,22.7303484],[120.2835358,22.7303532],[120.2835209,22.7302775],[120.2834165,22.730295],[120.2834318,22.730373],[120.2834022,22.7303779],[120.2834331,22.7305345]]]}},{"type":"Feature","id":"way/713271055","properties":{"osm_id":713271055,"osm_type":"way","building":"apartments","name":"水丰景","addr_housenumber":"60;62;66;68;70;72;76","addr_street":"大學十一街","raw_height":null,"building_levels":"15","raw_min_height":null,"roof_levels":null,"height_m":48,"min_height_m":0,"height_source":"osm_levels_derived","default_height_rule":null,"confidence":"medium"},"geometry":{"type":"Polygon","coordinates":[[[120.2879973,22.725331],[120.2881398,22.7253525],[120.2881809,22.7251206],[120.2878227,22.7250666],[120.287794,22.7252287],[120.2878969,22.7252442],[120.2879031,22.7252088],[120.2879238,22.7252119],[120.287927,22.7251937],[120.2879483,22.7251969],[120.2879539,22.7251655],[120.2880836,22.7251851],[120.2880726,22.7252471],[120.2880138,22.7252383],[120.2879973,22.725331]]]}},{"type":"Feature","id":"way/713274763","properties":{"osm_id":713274763,"osm_type":"way","building":"apartments","name":"大學普羅旺斯","addr_housenumber":"127-1;127-2;127-3;129-1;129-2;129-3","addr_street":"大學五十六街","raw_height":null,"building_levels":"15","raw_min_height":null,"roof_levels":null,"height_m":48,"min_height_m":0,"height_source":"osm_levels_derived","default_height_rule":null,"confidence":"medium"},"geometry":{"type":"Polygon","coordinates":[[[120.2746833,22.7284893],[120.2749046,22.7286231],[120.2750573,22.7284082],[120.2748336,22.728273],[120.2747824,22.7283451],[120.2749146,22.7284251],[120.2748736,22.7284828],[120.274864,22.7284964],[120.2747341,22.7284178],[120.2746833,22.7284893]]]}},{"type":"Feature","id":"way/713276354","properties":{"osm_id":713276354,"osm_type":"way","building":"apartments","name":"戀戀APP","addr_housenumber":"1195;1197;1199;1201;1203;1205;1207;1209;1211;1213","addr_street":"大學南路","raw_height":null,"building_levels":"15","raw_min_height":null,"roof_levels":null,"height_m":48,"min_height_m":0,"height_source":"osm_levels_derived","default_height_rule":null,"confidence":"medium"},"geometry":{"type":"Polygon","coordinates":[[[120.2755124,22.7278198],[120.2757714,22.7279744],[120.2759357,22.7277402],[120.2756767,22.7275856],[120.2755124,22.7278198]]]}},{"type":"Feature","id":"way/713279692","properties":{"osm_id":713279692,"osm_type":"way","building":"apartments","name":"京城樂活","addr_housenumber":"226;228;270-1;270-2;270-3","addr_street":"德中路","raw_height":null,"building_levels":"15","raw_min_height":null,"roof_levels":null,"height_m":48,"min_height_m":0,"height_source":"osm_levels_derived","default_height_rule":null,"confidence":"medium"},"geometry":{"type":"Polygon","coordinates":[[[120.2759841,22.72608],[120.2761299,22.7258894],[120.2759803,22.7257921],[120.2758861,22.7259152],[120.2758224,22.7258738],[120.2758747,22.7258055],[120.2758149,22.7257666],[120.2758788,22.7256831],[120.2759935,22.7257578],[120.2760879,22.7256344],[120.2758864,22.7255033],[120.2756243,22.7258459],[120.2759841,22.72608]]]}},{"type":"Feature","id":"way/713281623","properties":{"osm_id":713281623,"osm_type":"way","building":"apartments","name":"水舞集B","addr_housenumber":"1317;1319;1321;1323","addr_street":"大學二十六街","raw_height":null,"building_levels":"15","raw_min_height":null,"roof_levels":null,"height_m":48,"min_height_m":0,"height_source":"osm_levels_derived","default_height_rule":null,"confidence":"medium"},"geometry":{"type":"Polygon","coordinates":[[[120.2763131,22.7261912],[120.2764756,22.7262966],[120.2765335,22.7262207],[120.2765017,22.7262001],[120.2765811,22.7260961],[120.2764503,22.7260112],[120.2763131,22.7261912]]]}},{"type":"Feature","id":"way/713281624","properties":{"osm_id":713281624,"osm_type":"way","building":"apartments","name":"水舞集A","addr_housenumber":"1309;1311;;1313;1315","addr_street":"大學二十六街","raw_height":null,"building_levels":"15","raw_min_height":null,"roof_levels":null,"height_m":48,"min_height_m":0,"height_source":"osm_levels_derived","default_height_rule":null,"confidence":"medium"},"geometry":{"type":"Polygon","coordinates":[[[120.2764932,22.7263128],[120.2766509,22.7264128],[120.2767869,22.7262302],[120.276653,22.7261453],[120.2765747,22.7262504],[120.2765509,22.7262353],[120.2764932,22.7263128]]]}},{"type":"Feature","id":"way/713282624","properties":{"osm_id":713282624,"osm_type":"way","building":"apartments","name":"芳崗左岸","addr_housenumber":"476-1;476-2;476-3;478-1;478-2;478-3;478-5","addr_street":"大學十街","raw_height":null,"building_levels":"15","raw_min_height":null,"roof_levels":null,"height_m":48,"min_height_m":0,"height_source":"osm_levels_derived","default_height_rule":null,"confidence":"medium"},"geometry":{"type":"Polygon","coordinates":[[[120.2841401,22.7254719],[120.2842837,22.7255281],[120.2843394,22.7254072],[120.284385,22.7254251],[120.2843594,22.7254806],[120.2844669,22.7255226],[120.2844889,22.725475],[120.2845293,22.7254908],[120.2845694,22.7254038],[120.2842323,22.7252717],[120.2841401,22.7254719]]]}},{"type":"Feature","id":"way/713283613","properties":{"osm_id":713283613,"osm_type":"way","building":"apartments","name":"八分沐大樓","addr_housenumber":"128;130;132;136","addr_street":"大學二十五路","raw_height":null,"building_levels":"15","raw_min_height":null,"roof_levels":null,"height_m":48,"min_height_m":0,"height_source":"osm_levels_derived","default_height_rule":null,"confidence":"medium"},"geometry":{"type":"Polygon","coordinates":[[[120.282387,22.7263732],[120.2825776,22.726373],[120.2825773,22.7261714],[120.2823867,22.7261717],[120.282387,22.7263732]]]}},{"type":"Feature","id":"way/713283614","properties":{"osm_id":713283614,"osm_type":"way","building":"apartments","name":"八分沐大樓","addr_housenumber":"118;120;122;126","addr_street":"大學二十五路","raw_height":null,"building_levels":"15","raw_min_height":null,"roof_levels":null,"height_m":48,"min_height_m":0,"height_source":"osm_levels_derived","default_height_rule":null,"confidence":"medium"},"geometry":{"type":"Polygon","coordinates":[[[120.2823954,22.7260948],[120.2825485,22.7261483],[120.2826215,22.7259708],[120.2824684,22.7259172],[120.2823954,22.7260948]]]}},{"type":"Feature","id":"way/713289138","properties":{"osm_id":713289138,"osm_type":"way","building":"apartments","name":"HAUS-B","addr_housenumber":"831;833;835;837;839","addr_street":"藍田路","raw_height":null,"building_levels":"15","raw_min_height":null,"roof_levels":null,"height_m":48,"min_height_m":0,"height_source":"osm_levels_derived","default_height_rule":null,"confidence":"medium"},"geometry":{"type":"Polygon","coordinates":[[[120.2825715,22.7278727],[120.2827593,22.7279439],[120.2827895,22.7278762],[120.2827609,22.7278653],[120.2828283,22.727714],[120.2826692,22.7276536],[120.2825715,22.7278727]]]}},{"type":"Feature","id":"way/713289139","properties":{"osm_id":713289139,"osm_type":"way","building":"apartments","name":"HAUS-A","addr_housenumber":"841;843;845","addr_street":"藍田路","raw_height":null,"building_levels":"15","raw_min_height":null,"roof_levels":null,"height_m":48,"min_height_m":0,"height_source":"osm_levels_derived","default_height_rule":null,"confidence":"medium"},"geometry":{"type":"Polygon","coordinates":[[[120.2822131,22.727738],[120.2824619,22.7278344],[120.2825338,22.7276767],[120.2824376,22.7276394],[120.2824056,22.7277098],[120.2822529,22.7276506],[120.2822131,22.727738]]]}},{"type":"Feature","id":"way/713291889","properties":{"osm_id":713291889,"osm_type":"way","building":"apartments","name":"冠藝３光合","addr_housenumber":"276;278;280;282;286;288","addr_street":"大學二十五路","raw_height":null,"building_levels":"15","raw_min_height":null,"roof_levels":null,"height_m":48,"min_height_m":0,"height_source":"osm_levels_derived","default_height_rule":null,"confidence":"medium"},"geometry":{"type":"Polygon","coordinates":[[[120.2802935,22.7281749],[120.2803748,22.7282244],[120.2804008,22.728188],[120.280479,22.7282356],[120.2805674,22.7281119],[120.2804979,22.7280696],[120.2805347,22.7280181],[120.2806018,22.7280589],[120.2806897,22.7279359],[120.2806208,22.727894],[120.2806369,22.7278714],[120.2805488,22.7278179],[120.2802935,22.7281749]]]}},{"type":"Feature","id":"way/727210707","properties":{"osm_id":727210707,"osm_type":"way","building":"yes","name":null,"addr_housenumber":"4之4","addr_street":"仁昌街86巷","raw_height":null,"building_levels":null,"raw_min_height":null,"roof_levels":null,"height_m":9,"min_height_m":0,"height_source":"building_type_default","default_height_rule":"yes","confidence":"low"},"geometry":{"type":"Polygon","coordinates":[[[120.283402,22.7207985],[120.2833516,22.7207766],[120.2834105,22.7206617],[120.2834608,22.7206836],[120.283402,22.7207985]]]}},{"type":"Feature","id":"way/729249956","properties":{"osm_id":729249956,"osm_type":"way","building":"yes","name":"7-Eleven","addr_housenumber":"287","addr_street":"常德路","raw_height":null,"building_levels":null,"raw_min_height":null,"roof_levels":null,"height_m":9,"min_height_m":0,"height_source":"building_type_default","default_height_rule":"yes","confidence":"low"},"geometry":{"type":"Polygon","coordinates":[[[120.3366414,22.7365623],[120.3368072,22.7365136],[120.3367486,22.7363439],[120.3365827,22.7363927],[120.3366414,22.7365623]]]}},{"type":"Feature","id":"way/729249957","properties":{"osm_id":729249957,"osm_type":"way","building":"yes","name":"全家便利商店","addr_housenumber":"320","addr_street":"常德路","raw_height":null,"building_levels":null,"raw_min_height":null,"roof_levels":null,"height_m":9,"min_height_m":0,"height_source":"building_type_default","default_height_rule":"yes","confidence":"low"},"geometry":{"type":"Polygon","coordinates":[[[120.33726,22.7372813],[120.3373662,22.7372515],[120.3373311,22.7371454],[120.337225,22.7371753],[120.33726,22.7372813]]]}},{"type":"Feature","id":"way/747363072","properties":{"osm_id":747363072,"osm_type":"way","building":"yes","name":null,"addr_housenumber":null,"addr_street":null,"raw_height":null,"building_levels":null,"raw_min_height":null,"roof_levels":null,"height_m":9,"min_height_m":0,"height_source":"building_type_default","default_height_rule":"yes","confidence":"low"},"geometry":{"type":"Polygon","coordinates":[[[120.2904256,22.7318843],[120.2904373,22.7321094],[120.2903184,22.7321146],[120.2903068,22.7318895],[120.2904256,22.7318843]]]}},{"type":"Feature","id":"way/752957677","properties":{"osm_id":752957677,"osm_type":"way","building":"apartments","name":"蔚藍海","addr_housenumber":null,"addr_street":null,"raw_height":null,"building_levels":null,"raw_min_height":null,"roof_levels":null,"height_m":10,"min_height_m":0,"height_source":"building_type_default","default_height_rule":"apartments","confidence":"low"},"geometry":{"type":"Polygon","coordinates":[[[120.2730276,22.7305298],[120.2732258,22.7303083],[120.2736428,22.7305851],[120.2734754,22.7308124],[120.2730276,22.7305298]]]}},{"type":"Feature","id":"way/752957679","properties":{"osm_id":752957679,"osm_type":"way","building":"yes","name":"高雄水利會-楠梓工作站","addr_housenumber":null,"addr_street":null,"raw_height":null,"building_levels":null,"raw_min_height":null,"roof_levels":null,"height_m":9,"min_height_m":0,"height_source":"building_type_default","default_height_rule":"yes","confidence":"low"},"geometry":{"type":"Polygon","coordinates":[[[120.283238,22.7228274],[120.2835747,22.7229397],[120.2837734,22.7224832],[120.2834489,22.722356],[120.283238,22.7228274]]]}},{"type":"Feature","id":"way/754852385","properties":{"osm_id":754852385,"osm_type":"way","building":"ruins","name":"三合院","addr_housenumber":null,"addr_street":null,"raw_height":null,"building_levels":null,"raw_min_height":null,"roof_levels":null,"height_m":9,"min_height_m":0,"height_source":"building_type_default","default_height_rule":"ruins","confidence":"low"},"geometry":{"type":"Polygon","coordinates":[[[120.2782195,22.7233712],[120.2783483,22.7234009],[120.2783885,22.7232748],[120.2782517,22.7232475],[120.2782195,22.7233712]]]}},{"type":"Feature","id":"way/754852386","properties":{"osm_id":754852386,"osm_type":"way","building":"ruins","name":"老屋","addr_housenumber":null,"addr_street":null,"raw_height":null,"building_levels":null,"raw_min_height":null,"roof_levels":null,"height_m":9,"min_height_m":0,"height_source":"building_type_default","default_height_rule":"ruins","confidence":"low"},"geometry":{"type":"Polygon","coordinates":[[[120.2789236,22.7235185],[120.278941,22.7234479],[120.279047,22.7234702],[120.2790309,22.7235444],[120.2789236,22.7235185]]]}},{"type":"Feature","id":"way/754852387","properties":{"osm_id":754852387,"osm_type":"way","building":"ruins","name":"吳家老厝","addr_housenumber":null,"addr_street":null,"raw_height":null,"building_levels":null,"raw_min_height":null,"roof_levels":null,"height_m":9,"min_height_m":0,"height_source":"building_type_default","default_height_rule":"ruins","confidence":"low"},"geometry":{"type":"Polygon","coordinates":[[[120.278933,22.722947],[120.2787801,22.7229358],[120.2788217,22.7228319],[120.2789579,22.7228502],[120.278933,22.722947]]]}},{"type":"Feature","id":"way/754852388","properties":{"osm_id":754852388,"osm_type":"way","building":"yes","name":"南河堂","addr_housenumber":null,"addr_street":null,"raw_height":null,"building_levels":null,"raw_min_height":null,"roof_levels":null,"height_m":9,"min_height_m":0,"height_source":"building_type_default","default_height_rule":"yes","confidence":"low"},"geometry":{"type":"Polygon","coordinates":[[[120.2798425,22.7222746],[120.2798717,22.7221369],[120.2800361,22.7221702],[120.2799871,22.7223079],[120.2798425,22.7222746]]]}},{"type":"Feature","id":"way/754852389","properties":{"osm_id":754852389,"osm_type":"way","building":"yes","name":"西海岸聯合鴿會","addr_housenumber":null,"addr_street":null,"raw_height":null,"building_levels":null,"raw_min_height":null,"roof_levels":null,"height_m":9,"min_height_m":0,"height_source":"building_type_default","default_height_rule":"yes","confidence":"low"},"geometry":{"type":"Polygon","coordinates":[[[120.2800797,22.724043],[120.2803477,22.7239532],[120.2801934,22.7236947],[120.2799498,22.7237546],[120.2800797,22.724043]]]}},{"type":"Feature","id":"way/754852390","properties":{"osm_id":754852390,"osm_type":"way","building":"yes","name":"老屋","addr_housenumber":null,"addr_street":null,"raw_height":null,"building_levels":null,"raw_min_height":null,"roof_levels":null,"height_m":9,"min_height_m":0,"height_source":"building_type_default","default_height_rule":"yes","confidence":"low"},"geometry":{"type":"Polygon","coordinates":[[[120.2788138,22.7234934],[120.2789173,22.7235121],[120.2789325,22.7234335],[120.2788239,22.7234166],[120.2788138,22.7234934]]]}},{"type":"Feature","id":"way/759750075","properties":{"osm_id":759750075,"osm_type":"way","building":"transportation","name":"統聯客運楠梓站","addr_housenumber":null,"addr_street":null,"raw_height":null,"building_levels":null,"raw_min_height":null,"roof_levels":null,"height_m":9,"min_height_m":0,"height_source":"building_type_default","default_height_rule":"transportation","confidence":"low"},"geometry":{"type":"Polygon","coordinates":[[[120.3335505,22.7299094],[120.3335378,22.7297717],[120.3335803,22.7297668],[120.3335935,22.7299093],[120.3335505,22.7299094]]]}},{"type":"Feature","id":"way/763001134","properties":{"osm_id":763001134,"osm_type":"way","building":"yes","name":null,"addr_housenumber":null,"addr_street":null,"raw_height":null,"building_levels":null,"raw_min_height":null,"roof_levels":null,"height_m":9,"min_height_m":0,"height_source":"building_type_default","default_height_rule":"yes","confidence":"low"},"geometry":{"type":"Polygon","coordinates":[[[120.2997198,22.7164875],[120.2998409,22.7165311],[120.2999642,22.7162397],[120.2998431,22.7161961],[120.2997198,22.7164875]]]}},{"type":"Feature","id":"way/773733478","properties":{"osm_id":773733478,"osm_type":"way","building":"apartments","name":null,"addr_housenumber":null,"addr_street":null,"raw_height":null,"building_levels":null,"raw_min_height":null,"roof_levels":null,"height_m":10,"min_height_m":0,"height_source":"building_type_default","default_height_rule":"apartments","confidence":"low"},"geometry":{"type":"Polygon","coordinates":[[[120.2926217,22.7329027],[120.2926808,22.7330907],[120.2931555,22.7329175],[120.2931099,22.7327097],[120.2926217,22.7329027]]]}},{"type":"Feature","id":"way/773733479","properties":{"osm_id":773733479,"osm_type":"way","building":"house","name":null,"addr_housenumber":null,"addr_street":null,"raw_height":null,"building_levels":null,"raw_min_height":null,"roof_levels":null,"height_m":10,"min_height_m":0,"height_source":"building_type_default","default_height_rule":"house","confidence":"low"},"geometry":{"type":"Polygon","coordinates":[[[120.2925802,22.7324673],[120.2925507,22.7323584],[120.2928082,22.7322743],[120.2928511,22.7323832],[120.2925802,22.7324673]]]}},{"type":"Feature","id":"way/773733480","properties":{"osm_id":773733480,"osm_type":"way","building":"house","name":null,"addr_housenumber":null,"addr_street":null,"raw_height":null,"building_levels":null,"raw_min_height":null,"roof_levels":null,"height_m":10,"min_height_m":0,"height_source":"building_type_default","default_height_rule":"house","confidence":"low"},"geometry":{"type":"Polygon","coordinates":[[[120.291219,22.7334438],[120.2918008,22.7333581],[120.2917171,22.7328745],[120.2911352,22.7329603],[120.291219,22.7334438]]]}},{"type":"Feature","id":"way/776253964","properties":{"osm_id":776253964,"osm_type":"way","building":"university","name":"國立高雄大學警衛室","addr_housenumber":null,"addr_street":null,"raw_height":null,"building_levels":null,"raw_min_height":null,"roof_levels":null,"height_m":15,"min_height_m":0,"height_source":"building_type_default","default_height_rule":"university","confidence":"low"},"geometry":{"type":"Polygon","coordinates":[[[120.2845124,22.7327345],[120.2846306,22.7327369],[120.2846353,22.7325614],[120.2845177,22.7325626],[120.2845124,22.7327345]]]}},{"type":"Feature","id":"way/788169937","properties":{"osm_id":788169937,"osm_type":"way","building":"ruins","name":"高雄導線點","addr_housenumber":null,"addr_street":null,"raw_height":null,"building_levels":null,"raw_min_height":null,"roof_levels":null,"height_m":9,"min_height_m":0,"height_source":"building_type_default","default_height_rule":"ruins","confidence":"low"},"geometry":{"type":"Polygon","coordinates":[[[120.3182458,22.704422],[120.3182547,22.7044217],[120.3182543,22.7044133],[120.3182454,22.7044136],[120.3182458,22.704422]]]}},{"type":"Feature","id":"way/799053782","properties":{"osm_id":799053782,"osm_type":"way","building":"yes","name":"全家便利商店","addr_housenumber":"890-1","addr_street":"創新路","raw_height":null,"building_levels":null,"raw_min_height":null,"roof_levels":null,"height_m":9,"min_height_m":0,"height_source":"building_type_default","default_height_rule":"yes","confidence":"low"},"geometry":{"type":"Polygon","coordinates":[[[120.3316701,22.7501818],[120.3316701,22.750078],[120.3319008,22.7500816],[120.3318995,22.7501843],[120.3316701,22.7501818]]]}},{"type":"Feature","id":"way/818514696","properties":{"osm_id":818514696,"osm_type":"way","building":"yes","name":null,"addr_housenumber":null,"addr_street":null,"raw_height":null,"building_levels":null,"raw_min_height":null,"roof_levels":null,"height_m":9,"min_height_m":0,"height_source":"building_type_default","default_height_rule":"yes","confidence":"low"},"geometry":{"type":"Polygon","coordinates":[[[120.3047023,22.6976775],[120.3050209,22.6975547],[120.3051158,22.6977643],[120.3047972,22.6978871],[120.3047023,22.6976775]]]}},{"type":"Feature","id":"way/818514697","properties":{"osm_id":818514697,"osm_type":"way","building":"yes","name":null,"addr_housenumber":null,"addr_street":null,"raw_height":null,"building_levels":null,"raw_min_height":null,"roof_levels":null,"height_m":9,"min_height_m":0,"height_source":"building_type_default","default_height_rule":"yes","confidence":"low"},"geometry":{"type":"Polygon","coordinates":[[[120.304309,22.6978356],[120.3046277,22.6977128],[120.3047225,22.6979223],[120.3044039,22.6980451],[120.304309,22.6978356]]]}},{"type":"Feature","id":"way/818514698","properties":{"osm_id":818514698,"osm_type":"way","building":"yes","name":null,"addr_housenumber":null,"addr_street":null,"raw_height":null,"building_levels":null,"raw_min_height":null,"roof_levels":null,"height_m":9,"min_height_m":0,"height_source":"building_type_default","default_height_rule":"yes","confidence":"low"},"geometry":{"type":"Polygon","coordinates":[[[120.3039219,22.6979956],[120.3042263,22.6978764],[120.3043214,22.6980834],[120.304017,22.6982025],[120.3039219,22.6979956]]]}},{"type":"Feature","id":"way/818514700","properties":{"osm_id":818514700,"osm_type":"way","building":"yes","name":null,"addr_housenumber":null,"addr_street":null,"raw_height":null,"building_levels":null,"raw_min_height":null,"roof_levels":null,"height_m":9,"min_height_m":0,"height_source":"building_type_default","default_height_rule":"yes","confidence":"low"},"geometry":{"type":"Polygon","coordinates":[[[120.3045545,22.6973741],[120.3048717,22.6972524],[120.3049659,22.6974615],[120.3046486,22.6975831],[120.3045545,22.6973741]]]}},{"type":"Feature","id":"way/818514701","properties":{"osm_id":818514701,"osm_type":"way","building":"yes","name":null,"addr_housenumber":null,"addr_street":null,"raw_height":null,"building_levels":null,"raw_min_height":null,"roof_levels":null,"height_m":9,"min_height_m":0,"height_source":"building_type_default","default_height_rule":"yes","confidence":"low"},"geometry":{"type":"Polygon","coordinates":[[[120.3041535,22.6975287],[120.3044707,22.6974071],[120.3045649,22.6976161],[120.3042477,22.6977377],[120.3041535,22.6975287]]]}},{"type":"Feature","id":"way/818514702","properties":{"osm_id":818514702,"osm_type":"way","building":"yes","name":null,"addr_housenumber":null,"addr_street":null,"raw_height":null,"building_levels":null,"raw_min_height":null,"roof_levels":null,"height_m":9,"min_height_m":0,"height_source":"building_type_default","default_height_rule":"yes","confidence":"low"},"geometry":{"type":"Polygon","coordinates":[[[120.3044271,22.6970858],[120.3047443,22.6969642],[120.3048385,22.6971732],[120.3045212,22.6972948],[120.3044271,22.6970858]]]}},{"type":"Feature","id":"way/818514703","properties":{"osm_id":818514703,"osm_type":"way","building":"yes","name":null,"addr_housenumber":null,"addr_street":null,"raw_height":null,"building_levels":null,"raw_min_height":null,"roof_levels":null,"height_m":9,"min_height_m":0,"height_source":"building_type_default","default_height_rule":"yes","confidence":"low"},"geometry":{"type":"Polygon","coordinates":[[[120.3040194,22.6972293],[120.3043366,22.6971077],[120.3044308,22.6973167],[120.3041135,22.6974383],[120.3040194,22.6972293]]]}},{"type":"Feature","id":"way/818514709","properties":{"osm_id":818514709,"osm_type":"way","building":"yes","name":null,"addr_housenumber":null,"addr_street":null,"raw_height":null,"building_levels":null,"raw_min_height":null,"roof_levels":null,"height_m":9,"min_height_m":0,"height_source":"building_type_default","default_height_rule":"yes","confidence":"low"},"geometry":{"type":"Polygon","coordinates":[[[120.3042271,22.6982702],[120.3051165,22.697926],[120.3052119,22.6981358],[120.3043224,22.69848],[120.3042271,22.6982702]]]}},{"type":"Feature","id":"way/818659433","properties":{"osm_id":818659433,"osm_type":"way","building":"yes","name":null,"addr_housenumber":null,"addr_street":null,"raw_height":null,"building_levels":null,"raw_min_height":null,"roof_levels":null,"height_m":9,"min_height_m":0,"height_source":"building_type_default","default_height_rule":"yes","confidence":"low"},"geometry":{"type":"Polygon","coordinates":[[[120.2864976,22.7137198],[120.28677,22.7134982],[120.2863658,22.7130755],[120.2860935,22.7132971],[120.2864976,22.7137198]]]}},{"type":"Feature","id":"way/818674033","properties":{"osm_id":818674033,"osm_type":"way","building":"school","name":null,"addr_housenumber":null,"addr_street":null,"raw_height":null,"building_levels":null,"raw_min_height":null,"roof_levels":null,"height_m":15,"min_height_m":0,"height_source":"building_type_default","default_height_rule":"school","confidence":"low"},"geometry":{"type":"Polygon","coordinates":[[[120.2788299,22.7282439],[120.2790057,22.728344],[120.2787405,22.7287401],[120.2786721,22.7288007],[120.2785514,22.7288267],[120.2784629,22.7288143],[120.2784495,22.7287525],[120.2784575,22.7287166],[120.2782616,22.7285296],[120.2782204,22.7285663],[120.2776628,22.7280341],[120.2777978,22.7279138],[120.2782879,22.7283817],[120.2783573,22.7283199],[120.2778661,22.7278508],[120.2778755,22.7278149],[120.277982,22.7277278],[120.2782,22.7279547],[120.2782524,22.727941],[120.2783784,22.7280623],[120.2783932,22.7281303],[120.2785125,22.7282491],[120.2784978,22.7284099],[120.2783935,22.728543],[120.2785112,22.7286214],[120.2785863,22.7286078],[120.2788299,22.7282439]]]}},{"type":"Feature","id":"way/818723113","properties":{"osm_id":818723113,"osm_type":"way","building":"school","name":null,"addr_housenumber":null,"addr_street":null,"raw_height":null,"building_levels":null,"raw_min_height":null,"roof_levels":null,"height_m":15,"min_height_m":0,"height_source":"building_type_default","default_height_rule":"school","confidence":"low"},"geometry":{"type":"Polygon","coordinates":[[[120.3134691,22.7214858],[120.3133,22.721414],[120.3129222,22.7223169],[120.3130361,22.7223544],[120.3129876,22.7224792],[120.3137925,22.7227858],[120.3138608,22.7226139],[120.3131112,22.722291],[120.3134691,22.7214858]]]}},{"type":"Feature","id":"way/818934323","properties":{"osm_id":818934323,"osm_type":"way","building":"yes","name":"高雄市楠梓區宏昌等六里聯合活動中心","addr_housenumber":"19","addr_street":"後昌路960巷","raw_height":null,"building_levels":null,"raw_min_height":null,"roof_levels":null,"height_m":9,"min_height_m":0,"height_source":"building_type_default","default_height_rule":"yes","confidence":"low"},"geometry":{"type":"Polygon","coordinates":[[[120.2938625,22.7155478],[120.2941389,22.7156809],[120.2942216,22.7155348],[120.2941891,22.7155192],[120.2942366,22.7154353],[120.2941821,22.7154091],[120.2942075,22.7153641],[120.2941562,22.7153394],[120.2941127,22.7153185],[120.2941029,22.7153359],[120.2940645,22.7153421],[120.2940708,22.7153216],[120.2940296,22.7153109],[120.2940183,22.7153203],[120.2939162,22.7152711],[120.2938027,22.7154715],[120.2938836,22.7155105],[120.2938625,22.7155478]]]}},{"type":"Feature","id":"way/818943817","properties":{"osm_id":818943817,"osm_type":"way","building":"yes","name":null,"addr_housenumber":null,"addr_street":null,"raw_height":null,"building_levels":null,"raw_min_height":null,"roof_levels":null,"height_m":9,"min_height_m":0,"height_source":"building_type_default","default_height_rule":"yes","confidence":"low"},"geometry":{"type":"Polygon","coordinates":[[[120.3033058,22.7091495],[120.3034975,22.7091504],[120.3034994,22.7088054],[120.3033076,22.7088045],[120.3033058,22.7091495]]]}},{"type":"Feature","id":"way/818949721","properties":{"osm_id":818949721,"osm_type":"way","building":"school","name":null,"addr_housenumber":null,"addr_street":null,"raw_height":null,"building_levels":null,"raw_min_height":null,"roof_levels":null,"height_m":15,"min_height_m":0,"height_source":"building_type_default","default_height_rule":"school","confidence":"low"},"geometry":{"type":"Polygon","coordinates":[[[120.3284472,22.7333177],[120.3283364,22.7332968],[120.328297,22.7334749],[120.3282202,22.7334604],[120.3281843,22.7336229],[120.328246,22.7336345],[120.32818,22.7339344],[120.3286739,22.7340269],[120.3286691,22.7340487],[120.3287396,22.7340619],[120.3287415,22.7340529],[120.3290507,22.7341102],[120.3290135,22.7341414],[120.3290183,22.7341676],[120.3291071,22.7341538],[120.3291387,22.7340904],[120.329106,22.7340311],[120.3290833,22.7340268],[120.3290941,22.7339781],[120.3283326,22.7338344],[120.3284472,22.7333177]]]}},{"type":"Feature","id":"way/818953594","properties":{"osm_id":818953594,"osm_type":"way","building":"yes","name":null,"addr_housenumber":null,"addr_street":null,"raw_height":null,"building_levels":null,"raw_min_height":null,"roof_levels":null,"height_m":9,"min_height_m":0,"height_source":"building_type_default","default_height_rule":"yes","confidence":"low"},"geometry":{"type":"Polygon","coordinates":[[[120.3271249,22.7349836],[120.327178,22.7350256],[120.3273992,22.7351026],[120.327573,22.7346777],[120.3272903,22.7345793],[120.3271249,22.7349836]]]}},{"type":"Feature","id":"way/822581340","properties":{"osm_id":822581340,"osm_type":"way","building":"industrial","name":null,"addr_housenumber":null,"addr_street":null,"raw_height":null,"building_levels":null,"raw_min_height":null,"roof_levels":null,"height_m":9,"min_height_m":0,"height_source":"building_type_default","default_height_rule":"industrial","confidence":"low"},"geometry":{"type":"Polygon","coordinates":[[[120.3240486,22.7130117],[120.3241278,22.7129985],[120.3241383,22.713052],[120.3244516,22.7129996],[120.3243883,22.7126775],[120.3239958,22.7127432],[120.3240486,22.7130117]]]}},{"type":"Feature","id":"way/823165871","properties":{"osm_id":823165871,"osm_type":"way","building":"university","name":null,"addr_housenumber":null,"addr_street":null,"raw_height":null,"building_levels":null,"raw_min_height":null,"roof_levels":null,"height_m":15,"min_height_m":0,"height_source":"building_type_default","default_height_rule":"university","confidence":"low"},"geometry":{"type":"Polygon","coordinates":[[[120.3131633,22.7263448],[120.3131636,22.726282],[120.3133623,22.7262828],[120.3133626,22.7262301],[120.3131081,22.726229],[120.3131078,22.7262967],[120.3129603,22.7262961],[120.31296,22.726344],[120.3131633,22.7263448]]]}},{"type":"Feature","id":"way/823172094","properties":{"osm_id":823172094,"osm_type":"way","building":"industrial","name":"國巨_楠梓廠W3","addr_housenumber":null,"addr_street":null,"raw_height":null,"building_levels":null,"raw_min_height":null,"roof_levels":null,"height_m":9,"min_height_m":0,"height_source":"building_type_default","default_height_rule":"industrial","confidence":"low"},"geometry":{"type":"Polygon","coordinates":[[[120.300138,22.7191242],[120.3003731,22.7185814],[120.3015561,22.7190337],[120.3013171,22.7195767],[120.300138,22.7191242]]]}},{"type":"Feature","id":"way/823172095","properties":{"osm_id":823172095,"osm_type":"way","building":"industrial","name":"國巨_楠梓廠W6","addr_housenumber":null,"addr_street":null,"raw_height":null,"building_levels":null,"raw_min_height":null,"roof_levels":null,"height_m":9,"min_height_m":0,"height_source":"building_type_default","default_height_rule":"industrial","confidence":"low"},"geometry":{"type":"Polygon","coordinates":[[[120.3015561,22.7190337],[120.3027504,22.7194906],[120.302514,22.7200362],[120.3013171,22.7195767],[120.3015561,22.7190337]]]}},{"type":"Feature","id":"way/823172097","properties":{"osm_id":823172097,"osm_type":"way","building":"industrial","name":"日月光_K9","addr_housenumber":null,"addr_street":null,"raw_height":null,"building_levels":null,"raw_min_height":null,"roof_levels":null,"height_m":9,"min_height_m":0,"height_source":"building_type_default","default_height_rule":"industrial","confidence":"low"},"geometry":{"type":"Polygon","coordinates":[[[120.3010065,22.7202825],[120.3013171,22.7195767],[120.300138,22.7191242],[120.2998292,22.7198368],[120.3010065,22.7202825]]]}},{"type":"Feature","id":"way/823172098","properties":{"osm_id":823172098,"osm_type":"way","building":"industrial","name":"台弟工業股份公司","addr_housenumber":null,"addr_street":null,"raw_height":null,"building_levels":null,"raw_min_height":null,"roof_levels":null,"height_m":9,"min_height_m":0,"height_source":"building_type_default","default_height_rule":"industrial","confidence":"low"},"geometry":{"type":"Polygon","coordinates":[[[120.2998292,22.7198368],[120.2995318,22.7205122],[120.3007082,22.7209602],[120.3010065,22.7202825],[120.2998292,22.7198368]]]}},{"type":"Feature","id":"way/823172099","properties":{"osm_id":823172099,"osm_type":"way","building":"industrial","name":"萬寶至馬達股份有限公司","addr_housenumber":null,"addr_street":null,"raw_height":null,"building_levels":null,"raw_min_height":null,"roof_levels":null,"height_m":9,"min_height_m":0,"height_source":"building_type_default","default_height_rule":"industrial","confidence":"low"},"geometry":{"type":"Polygon","coordinates":[[[120.3007082,22.7209602],[120.3019139,22.7214194],[120.3022098,22.7207381],[120.3010065,22.7202825],[120.3007082,22.7209602]]]}},{"type":"Feature","id":"way/836783205","properties":{"osm_id":836783205,"osm_type":"way","building":"yes","name":"楠梓派出所","addr_housenumber":"25;160","addr_street":"旗楠路","raw_height":null,"building_levels":"4","raw_min_height":null,"roof_levels":null,"height_m":12.8,"min_height_m":0,"height_source":"osm_levels_derived","default_height_rule":null,"confidence":"medium"},"geometry":{"type":"Polygon","coordinates":[[[120.3285487,22.7315102],[120.3285912,22.731395],[120.3286017,22.7313662],[120.3286298,22.7313524],[120.3286662,22.7313537],[120.3288152,22.731433],[120.3287717,22.7315343],[120.3286818,22.7314885],[120.3286517,22.7315388],[120.3285487,22.7315102]]]}},{"type":"Feature","id":"way/846478238","properties":{"osm_id":846478238,"osm_type":"way","building":"yes","name":null,"addr_housenumber":null,"addr_street":null,"raw_height":null,"building_levels":null,"raw_min_height":null,"roof_levels":null,"height_m":9,"min_height_m":0,"height_source":"building_type_default","default_height_rule":"yes","confidence":"low"},"geometry":{"type":"Polygon","coordinates":[[[120.2975814,22.7048958],[120.297683,22.7049292],[120.2976975,22.7048916],[120.2976527,22.7048769],[120.2977813,22.7045443],[120.2978458,22.7045655],[120.297829,22.704609],[120.297862,22.7046199],[120.2979276,22.7044503],[120.2977848,22.7044032],[120.297736,22.7045294],[120.2977655,22.7045391],[120.2977517,22.7045746],[120.2977108,22.7045611],[120.2975814,22.7048958]]]}},{"type":"Feature","id":"way/847589553","properties":{"osm_id":847589553,"osm_type":"way","building":"yes","name":"精神堡壘","addr_housenumber":null,"addr_street":null,"raw_height":null,"building_levels":null,"raw_min_height":null,"roof_levels":null,"height_m":9,"min_height_m":0,"height_source":"building_type_default","default_height_rule":"yes","confidence":"low"},"geometry":{"type":"Polygon","coordinates":[[[120.2892678,22.7051505],[120.2892326,22.705139],[120.2891952,22.705139],[120.28916,22.7051505],[120.289131,22.7051723],[120.2891115,22.7052017],[120.2891038,22.7052354],[120.2891087,22.7052696],[120.2891257,22.7053003],[120.289151,22.7053228],[120.2891826,22.7053368],[120.2892174,22.7053409],[120.2892519,22.7053347],[120.2892825,22.7053189],[120.2893062,22.705295],[120.2893205,22.7052654],[120.289324,22.7052332],[120.2893164,22.7052016],[120.2892969,22.7051722],[120.2892678,22.7051505]]]}},{"type":"Feature","id":"way/847589554","properties":{"osm_id":847589554,"osm_type":"way","building":"yes","name":"中正台","addr_housenumber":null,"addr_street":null,"raw_height":null,"building_levels":null,"raw_min_height":null,"roof_levels":null,"height_m":9,"min_height_m":0,"height_source":"building_type_default","default_height_rule":"yes","confidence":"low"},"geometry":{"type":"Polygon","coordinates":[[[120.2898705,22.7064509],[120.2898689,22.7063886],[120.2900985,22.7063836],[120.2900978,22.7063589],[120.2903632,22.7063531],[120.290364,22.7063828],[120.2906299,22.7063769],[120.2906315,22.7064407],[120.2903666,22.7064466],[120.2903683,22.7065116],[120.2901028,22.7065175],[120.2901009,22.7064458],[120.2898705,22.7064509]]]}},{"type":"Feature","id":"way/847589555","properties":{"osm_id":847589555,"osm_type":"way","building":"college","name":"勤務隊","addr_housenumber":null,"addr_street":null,"raw_height":null,"building_levels":null,"raw_min_height":null,"roof_levels":null,"height_m":15,"min_height_m":0,"height_source":"building_type_default","default_height_rule":"college","confidence":"low"},"geometry":{"type":"Polygon","coordinates":[[[120.2876451,22.703954],[120.2880765,22.7039527],[120.2880763,22.7038975],[120.2879538,22.7038979],[120.2879536,22.703865],[120.2878719,22.7038653],[120.2878369,22.7038654],[120.2878367,22.7038291],[120.2876447,22.7038297],[120.2876451,22.703954]]]}},{"type":"Feature","id":"way/847589556","properties":{"osm_id":847589556,"osm_type":"way","building":"college","name":"鴻烈樓","addr_housenumber":null,"addr_street":null,"raw_height":null,"building_levels":null,"raw_min_height":null,"roof_levels":null,"height_m":15,"min_height_m":0,"height_source":"building_type_default","default_height_rule":"college","confidence":"low"},"geometry":{"type":"Polygon","coordinates":[[[120.2882936,22.7031069],[120.2888072,22.7031069],[120.2888072,22.7030079],[120.2882936,22.7030079],[120.2882936,22.7031069]]]}},{"type":"Feature","id":"way/847589557","properties":{"osm_id":847589557,"osm_type":"way","building":"dormitory","name":"學生寢室","addr_housenumber":null,"addr_street":null,"raw_height":null,"building_levels":null,"raw_min_height":null,"roof_levels":null,"height_m":10,"min_height_m":0,"height_source":"building_type_default","default_height_rule":"dormitory","confidence":"low"},"geometry":{"type":"Polygon","coordinates":[[[120.2876572,22.7027961],[120.2882162,22.7027912],[120.2882145,22.7026222],[120.2876118,22.7026274],[120.2876128,22.7027275],[120.2876565,22.7027271],[120.2876572,22.7027961]]]}},{"type":"Feature","id":"way/847589560","properties":{"osm_id":847589560,"osm_type":"way","building":"kindergarten","name":"私立英倫幼稚園","addr_housenumber":null,"addr_street":null,"raw_height":null,"building_levels":null,"raw_min_height":null,"roof_levels":null,"height_m":9,"min_height_m":0,"height_source":"building_type_default","default_height_rule":"kindergarten","confidence":"low"},"geometry":{"type":"Polygon","coordinates":[[[120.2897855,22.711771],[120.2900169,22.7116246],[120.2897549,22.7112723],[120.2896841,22.7113171],[120.2896106,22.7112183],[120.289507,22.7112839],[120.2894673,22.7112306],[120.2893755,22.7112887],[120.2894963,22.7114511],[120.2895312,22.711429],[120.2897855,22.711771]]]}},{"type":"Feature","id":"way/849084602","properties":{"osm_id":849084602,"osm_type":"way","building":"university","name":null,"addr_housenumber":null,"addr_street":null,"raw_height":null,"building_levels":null,"raw_min_height":null,"roof_levels":null,"height_m":15,"min_height_m":0,"height_source":"building_type_default","default_height_rule":"university","confidence":"low"},"geometry":{"type":"Polygon","coordinates":[[[120.2800932,22.7365467],[120.2802752,22.7364929],[120.2802503,22.736421],[120.2800682,22.7364748],[120.2800932,22.7365467]]]}},{"type":"Feature","id":"way/851989007","properties":{"osm_id":851989007,"osm_type":"way","building":"yes","name":"臺灣高雄少年及家事法院家事法庭","addr_housenumber":null,"addr_street":null,"raw_height":null,"building_levels":null,"raw_min_height":null,"roof_levels":null,"height_m":9,"min_height_m":0,"height_source":"building_type_default","default_height_rule":"yes","confidence":"low"},"geometry":{"type":"Polygon","coordinates":[[[120.3349072,22.7324405],[120.3352397,22.7324448],[120.3352409,22.7323629],[120.335282,22.7323634],[120.3352854,22.732143],[120.3352564,22.7321426],[120.3352575,22.7320701],[120.3351262,22.7320684],[120.335125,22.7321465],[120.3350286,22.7321453],[120.3350297,22.7320731],[120.3349003,22.7320715],[120.3348991,22.7321541],[120.334865,22.7321536],[120.3348619,22.7323558],[120.3349085,22.7323564],[120.3349072,22.7324405]]]}},{"type":"Feature","id":"way/851989012","properties":{"osm_id":851989012,"osm_type":"way","building":"office","name":"輸變電工程處南區施工處","addr_housenumber":null,"addr_street":null,"raw_height":null,"building_levels":null,"raw_min_height":null,"roof_levels":null,"height_m":12,"min_height_m":0,"height_source":"building_type_default","default_height_rule":"office","confidence":"low"},"geometry":{"type":"Polygon","coordinates":[[[120.3296915,22.7332764],[120.3297745,22.7333611],[120.3298143,22.733328],[120.3298331,22.7333472],[120.3298593,22.7333253],[120.3299252,22.7333924],[120.3300104,22.7333211],[120.3302482,22.7331221],[120.3302889,22.7331562],[120.3303136,22.7331371],[120.3303458,22.7331274],[120.3303812,22.7331281],[120.3304098,22.7331338],[120.3304332,22.7331454],[120.3304517,22.7331627],[120.3304653,22.7331839],[120.330471,22.7332073],[120.3304675,22.733232],[120.3304564,22.733256],[120.3304356,22.7332798],[120.3304129,22.7332918],[120.3304352,22.7333146],[120.3301147,22.7335815],[120.3300488,22.7335142],[120.3299768,22.7335741],[120.3298784,22.7334736],[120.3297936,22.7335442],[120.3296033,22.7333499],[120.3296915,22.7332764]]]}},{"type":"Feature","id":"way/851989017","properties":{"osm_id":851989017,"osm_type":"way","building":"yes","name":null,"addr_housenumber":null,"addr_street":null,"raw_height":null,"building_levels":null,"raw_min_height":null,"roof_levels":null,"height_m":9,"min_height_m":0,"height_source":"building_type_default","default_height_rule":"yes","confidence":"low"},"geometry":{"type":"Polygon","coordinates":[[[120.3300664,22.7326673],[120.330153,22.7325954],[120.3299757,22.7324136],[120.329889,22.7324855],[120.3299115,22.7325086],[120.3300664,22.7326673]]]}},{"type":"Feature","id":"way/851989023","properties":{"osm_id":851989023,"osm_type":"way","building":"yes","name":"高雄市消防教育訓練中心","addr_housenumber":null,"addr_street":null,"raw_height":null,"building_levels":null,"raw_min_height":null,"roof_levels":null,"height_m":9,"min_height_m":0,"height_source":"building_type_default","default_height_rule":"yes","confidence":"low"},"geometry":{"type":"Polygon","coordinates":[[[120.3300415,22.7356559],[120.3301838,22.7355485],[120.3300582,22.7354069],[120.3300826,22.7353885],[120.3300315,22.7353309],[120.33,22.7353546],[120.3298833,22.735223],[120.3297481,22.735325],[120.3300415,22.7356559]]]}},{"type":"Feature","id":"way/851989024","properties":{"osm_id":851989024,"osm_type":"way","building":"civic","name":null,"addr_housenumber":null,"addr_street":null,"raw_height":null,"building_levels":null,"raw_min_height":null,"roof_levels":null,"height_m":15,"min_height_m":0,"height_source":"building_type_default","default_height_rule":"civic","confidence":"low"},"geometry":{"type":"Polygon","coordinates":[[[120.3306182,22.7355662],[120.3307839,22.7354372],[120.3308814,22.7355437],[120.3308501,22.7355503],[120.3308786,22.7356647],[120.3310497,22.7356284],[120.3310208,22.7355128],[120.3309018,22.735538],[120.3309722,22.7354851],[120.3308409,22.7353365],[120.3307538,22.735402],[120.3307157,22.7353589],[120.3305443,22.7354877],[120.3305562,22.7355352],[120.3306182,22.7355662]]]}},{"type":"Feature","id":"way/852010576","properties":{"osm_id":852010576,"osm_type":"way","building":"yes","name":"和欣客運楠梓站","addr_housenumber":null,"addr_street":null,"raw_height":null,"building_levels":null,"raw_min_height":null,"roof_levels":null,"height_m":9,"min_height_m":0,"height_source":"building_type_default","default_height_rule":"yes","confidence":"low"},"geometry":{"type":"Polygon","coordinates":[[[120.3321594,22.7227286],[120.3322566,22.7226959],[120.3322328,22.72265],[120.3320908,22.7227158],[120.3321594,22.7227286]]]}},{"type":"Feature","id":"way/852417300","properties":{"osm_id":852417300,"osm_type":"way","building":"yes","name":"楠梓郵局","addr_housenumber":"247","addr_street":"楠梓新路","raw_height":null,"building_levels":null,"raw_min_height":null,"roof_levels":null,"height_m":9,"min_height_m":0,"height_source":"building_type_default","default_height_rule":"yes","confidence":"low"},"geometry":{"type":"Polygon","coordinates":[[[120.3255926,22.7285293],[120.3258563,22.7284044],[120.3257797,22.7282667],[120.3255159,22.7283916],[120.3255926,22.7285293]]]}},{"type":"Feature","id":"way/852417301","properties":{"osm_id":852417301,"osm_type":"way","building":"yes","name":"楠梓科技園區郵局","addr_housenumber":"600-11","addr_street":"加昌路","raw_height":null,"building_levels":null,"raw_min_height":null,"roof_levels":null,"height_m":9,"min_height_m":0,"height_source":"building_type_default","default_height_rule":"yes","confidence":"low"},"geometry":{"type":"Polygon","coordinates":[[[120.3049755,22.7198588],[120.3049928,22.7198161],[120.3051619,22.7198742],[120.3051446,22.719917],[120.3049755,22.7198588]]]}},{"type":"Feature","id":"way/852417302","properties":{"osm_id":852417302,"osm_type":"way","building":"industrial","name":"富國製衣股份有限公司","addr_housenumber":null,"addr_street":null,"raw_height":null,"building_levels":null,"raw_min_height":null,"roof_levels":null,"height_m":9,"min_height_m":0,"height_source":"building_type_default","default_height_rule":"industrial","confidence":"low"},"geometry":{"type":"Polygon","coordinates":[[[120.3022329,22.7177048],[120.3032175,22.7180534],[120.3033442,22.7177488],[120.303167,22.7176861],[120.3031867,22.7176386],[120.3030712,22.7175977],[120.3030489,22.7176513],[120.3026586,22.7175129],[120.3026816,22.7174575],[120.3025729,22.717419],[120.3025488,22.7174771],[120.302356,22.7174089],[120.3022329,22.7177048]]]}},{"type":"Feature","id":"way/852417304","properties":{"osm_id":852417304,"osm_type":"way","building":"yes","name":"煉製事業部國光聯合診所","addr_housenumber":null,"addr_street":null,"raw_height":null,"building_levels":null,"raw_min_height":null,"roof_levels":null,"height_m":9,"min_height_m":0,"height_source":"building_type_default","default_height_rule":"yes","confidence":"low"},"geometry":{"type":"Polygon","coordinates":[[[120.3010447,22.7083812],[120.3013735,22.7083922],[120.3013742,22.7083728],[120.3015337,22.7083782],[120.3015378,22.7082727],[120.3013772,22.7082673],[120.3013782,22.7082417],[120.3010506,22.7082308],[120.3010447,22.7083812]]]}},{"type":"Feature","id":"way/852417305","properties":{"osm_id":852417305,"osm_type":"way","building":"yes","name":"基督教油廠教會","addr_housenumber":null,"addr_street":null,"raw_height":null,"building_levels":null,"raw_min_height":null,"roof_levels":null,"height_m":9,"min_height_m":0,"height_source":"building_type_default","default_height_rule":"yes","confidence":"low"},"geometry":{"type":"Polygon","coordinates":[[[120.3004668,22.7083231],[120.300667,22.7083296],[120.3006708,22.7082301],[120.3004705,22.7082236],[120.3004668,22.7083231]]]}},{"type":"Feature","id":"way/852417310","properties":{"osm_id":852417310,"osm_type":"way","building":"yes","name":"宏南社區洗衣部","addr_housenumber":null,"addr_street":null,"raw_height":null,"building_levels":null,"raw_min_height":null,"roof_levels":null,"height_m":9,"min_height_m":0,"height_source":"building_type_default","default_height_rule":"yes","confidence":"low"},"geometry":{"type":"Polygon","coordinates":[[[120.3005697,22.7076521],[120.3008996,22.7076615],[120.3009009,22.7076222],[120.300571,22.7076129],[120.3005697,22.7076521]]]}},{"type":"Feature","id":"way/852417320","properties":{"osm_id":852417320,"osm_type":"way","building":"storage_tank","name":null,"addr_housenumber":null,"addr_street":null,"raw_height":null,"building_levels":null,"raw_min_height":null,"roof_levels":null,"height_m":9,"min_height_m":0,"height_source":"building_type_default","default_height_rule":"storage_tank","confidence":"low"},"geometry":{"type":"Polygon","coordinates":[[[120.3171657,22.7071869],[120.3170976,22.7071419],[120.3170172,22.7071208],[120.3169337,22.7071256],[120.3168566,22.7071557],[120.3167954,22.7072084],[120.3167564,22.7072765],[120.3167447,22.7073528],[120.3167613,22.7074287],[120.3168006,22.7074907],[120.316859,22.7075382],[120.3169308,22.7075666],[120.3170087,22.7075727],[120.3170846,22.707556],[120.3171511,22.7075183],[120.3172014,22.7074635],[120.3172306,22.7073966],[120.3172355,22.7073248],[120.3172136,22.7072502],[120.3171657,22.7071869]]]}},{"type":"Feature","id":"way/885715435","properties":{"osm_id":885715435,"osm_type":"way","building":"apartments","name":"遠雄 明水漾","addr_housenumber":"168","addr_street":"德富街","raw_height":null,"building_levels":"15","raw_min_height":null,"roof_levels":null,"height_m":48,"min_height_m":0,"height_source":"osm_levels_derived","default_height_rule":null,"confidence":"medium"},"geometry":{"type":"Polygon","coordinates":[[[120.297253,22.72849],[120.2972986,22.7280942],[120.2976768,22.7280967],[120.2976929,22.7279359],[120.2979155,22.7279482],[120.2978834,22.7285345],[120.297253,22.72849]]]}},{"type":"Feature","id":"way/885892280","properties":{"osm_id":885892280,"osm_type":"way","building":"apartments","name":"郡都 河畔Happy","addr_housenumber":null,"addr_street":null,"raw_height":null,"building_levels":"15","raw_min_height":null,"roof_levels":null,"height_m":48,"min_height_m":0,"height_source":"osm_levels_derived","default_height_rule":null,"confidence":"medium"},"geometry":{"type":"Polygon","coordinates":[[[120.2981057,22.7292937],[120.2979153,22.7292801],[120.2979421,22.7286576],[120.298152,22.7286661],[120.2981057,22.7292937]]]}},{"type":"Feature","id":"way/886138969","properties":{"osm_id":886138969,"osm_type":"way","building":"house","name":"福懋 樹河院","addr_housenumber":null,"addr_street":null,"raw_height":null,"building_levels":"14","raw_min_height":null,"roof_levels":null,"height_m":44.8,"min_height_m":0,"height_source":"osm_levels_derived","default_height_rule":null,"confidence":"medium"},"geometry":{"type":"Polygon","coordinates":[[[120.2976871,22.7292471],[120.2977199,22.7292647],[120.2977445,22.7292875],[120.2977883,22.7292925],[120.2978048,22.7292799],[120.2978102,22.729237],[120.2978102,22.7291612],[120.2978185,22.7289138],[120.2976871,22.7288961],[120.2976898,22.7288078],[120.2977172,22.7285326],[120.2971998,22.7284997],[120.2973066,22.7288002],[120.2974517,22.7290022],[120.2976049,22.7291637],[120.2976871,22.7292471]]]}},{"type":"Feature","id":"way/886885809","properties":{"osm_id":886885809,"osm_type":"way","building":"yes","name":"拿坡里披薩炸雞","addr_housenumber":"902;904","addr_street":"後昌路","raw_height":null,"building_levels":null,"raw_min_height":null,"roof_levels":null,"height_m":9,"min_height_m":0,"height_source":"building_type_default","default_height_rule":"yes","confidence":"low"},"geometry":{"type":"Polygon","coordinates":[[[120.294014,22.7136017],[120.2941494,22.7136441],[120.2941237,22.7137045],[120.2939932,22.7136637],[120.294014,22.7136017]]]}},{"type":"Feature","id":"way/886885810","properties":{"osm_id":886885810,"osm_type":"way","building":"yes","name":"中美租車","addr_housenumber":"898","addr_street":"後昌路","raw_height":null,"building_levels":null,"raw_min_height":null,"roof_levels":null,"height_m":9,"min_height_m":0,"height_source":"building_type_default","default_height_rule":"yes","confidence":"low"},"geometry":{"type":"Polygon","coordinates":[[[120.294014,22.7136017],[120.2941494,22.7136441],[120.2941715,22.7135837],[120.2940344,22.7135446],[120.294014,22.7136017]]]}},{"type":"Feature","id":"way/886885811","properties":{"osm_id":886885811,"osm_type":"way","building":"yes","name":"右昌攝影","addr_housenumber":null,"addr_street":null,"raw_height":null,"building_levels":null,"raw_min_height":null,"roof_levels":null,"height_m":9,"min_height_m":0,"height_source":"building_type_default","default_height_rule":"yes","confidence":"low"},"geometry":{"type":"Polygon","coordinates":[[[120.2939932,22.7136637],[120.2939804,22.7136972],[120.294098,22.7137422],[120.2941034,22.7137356],[120.2941237,22.7137045],[120.2939932,22.7136637]]]}},{"type":"Feature","id":"way/886885812","properties":{"osm_id":886885812,"osm_type":"way","building":"yes","name":"中野安全帽","addr_housenumber":"906","addr_street":"後昌路","raw_height":null,"building_levels":null,"raw_min_height":null,"roof_levels":null,"height_m":9,"min_height_m":0,"height_source":"building_type_default","default_height_rule":"yes","confidence":"low"},"geometry":{"type":"Polygon","coordinates":[[[120.2940709,22.7137957],[120.294098,22.7137422],[120.2939804,22.7136972],[120.2940709,22.7137957]]]}},{"type":"Feature","id":"way/886885813","properties":{"osm_id":886885813,"osm_type":"way","building":"yes","name":"麻辣燙","addr_housenumber":null,"addr_street":null,"raw_height":null,"building_levels":null,"raw_min_height":null,"roof_levels":null,"height_m":9,"min_height_m":0,"height_source":"building_type_default","default_height_rule":"yes","confidence":"low"},"geometry":{"type":"Polygon","coordinates":[[[120.2940344,22.7135446],[120.2940648,22.7134557],[120.2941958,22.7134934],[120.2941715,22.7135837],[120.2940344,22.7135446]]]}},{"type":"Feature","id":"way/886885814","properties":{"osm_id":886885814,"osm_type":"way","building":"yes","name":"台利電動機車專賣店","addr_housenumber":null,"addr_street":null,"raw_height":null,"building_levels":null,"raw_min_height":null,"roof_levels":null,"height_m":9,"min_height_m":0,"height_source":"building_type_default","default_height_rule":"yes","confidence":"low"},"geometry":{"type":"Polygon","coordinates":[[[120.2940995,22.7133662],[120.2940818,22.7134131],[120.2941966,22.7134472],[120.2942181,22.7133968],[120.2940995,22.7133662]]]}},{"type":"Feature","id":"way/886887212","properties":{"osm_id":886887212,"osm_type":"way","building":"house","name":null,"addr_housenumber":null,"addr_street":null,"raw_height":null,"building_levels":null,"raw_min_height":null,"roof_levels":null,"height_m":10,"min_height_m":0,"height_source":"building_type_default","default_height_rule":"house","confidence":"low"},"geometry":{"type":"Polygon","coordinates":[[[120.2941359,22.7133018],[120.2946473,22.7134389],[120.2946791,22.7133442],[120.2941659,22.7132137],[120.2941359,22.7133018]]]}},{"type":"Feature","id":"way/886887213","properties":{"osm_id":886887213,"osm_type":"way","building":"house","name":null,"addr_housenumber":null,"addr_street":null,"raw_height":null,"building_levels":null,"raw_min_height":null,"roof_levels":null,"height_m":10,"min_height_m":0,"height_source":"building_type_default","default_height_rule":"house","confidence":"low"},"geometry":{"type":"Polygon","coordinates":[[[120.2941854,22.7131696],[120.2942155,22.7130798],[120.2947057,22.7132169],[120.2946756,22.7133116],[120.2941854,22.7131696]]]}},{"type":"Feature","id":"way/886887214","properties":{"osm_id":886887214,"osm_type":"way","building":"house","name":null,"addr_housenumber":null,"addr_street":null,"raw_height":null,"building_levels":null,"raw_min_height":null,"roof_levels":null,"height_m":10,"min_height_m":0,"height_source":"building_type_default","default_height_rule":"house","confidence":"low"},"geometry":{"type":"Polygon","coordinates":[[[120.2947216,22.7134683],[120.295256,22.7136087],[120.2952879,22.7135271],[120.2947428,22.7133769],[120.2947216,22.7134683]]]}},{"type":"Feature","id":"way/886887215","properties":{"osm_id":886887215,"osm_type":"way","building":"house","name":null,"addr_housenumber":null,"addr_street":null,"raw_height":null,"building_levels":null,"raw_min_height":null,"roof_levels":null,"height_m":10,"min_height_m":0,"height_source":"building_type_default","default_height_rule":"house","confidence":"low"},"geometry":{"type":"Polygon","coordinates":[[[120.2947623,22.7133426],[120.2947959,22.7132332],[120.2951569,22.7133296],[120.2952755,22.7134797],[120.2947623,22.7133426]]]}},{"type":"Feature","id":"way/886887216","properties":{"osm_id":886887216,"osm_type":"way","building":"carport","name":"住家機車停放處","addr_housenumber":null,"addr_street":null,"raw_height":null,"building_levels":null,"raw_min_height":null,"roof_levels":null,"height_m":4,"min_height_m":0,"height_source":"building_type_default","default_height_rule":"carport","confidence":"low"},"geometry":{"type":"Polygon","coordinates":[[[120.2948366,22.7131418],[120.2949039,22.7129443],[120.2951021,22.7129982],[120.2950366,22.7132022],[120.2948366,22.7131418]]]}},{"type":"Feature","id":"way/886887217","properties":{"osm_id":886887217,"osm_type":"way","building":"house","name":null,"addr_housenumber":null,"addr_street":null,"raw_height":null,"building_levels":null,"raw_min_height":null,"roof_levels":null,"height_m":10,"min_height_m":0,"height_source":"building_type_default","default_height_rule":"house","confidence":"low"},"geometry":{"type":"Polygon","coordinates":[[[120.2950366,22.7132022],[120.2952012,22.7132512],[120.2952808,22.713039],[120.2951021,22.7129982],[120.2950366,22.7132022]]]}},{"type":"Feature","id":"way/886887218","properties":{"osm_id":886887218,"osm_type":"way","building":"house","name":null,"addr_housenumber":null,"addr_street":null,"raw_height":null,"building_levels":null,"raw_min_height":null,"roof_levels":null,"height_m":10,"min_height_m":0,"height_source":"building_type_default","default_height_rule":"house","confidence":"low"},"geometry":{"type":"Polygon","coordinates":[[[120.2952595,22.7133214],[120.2953923,22.7135173],[120.2954914,22.7135303],[120.2956152,22.7131288],[120.2953445,22.713052],[120.2952595,22.7133214]]]}},{"type":"Feature","id":"way/886887219","properties":{"osm_id":886887219,"osm_type":"way","building":"house","name":null,"addr_housenumber":null,"addr_street":null,"raw_height":null,"building_levels":null,"raw_min_height":null,"roof_levels":null,"height_m":10,"min_height_m":0,"height_source":"building_type_default","default_height_rule":"house","confidence":"low"},"geometry":{"type":"Polygon","coordinates":[[[120.2942774,22.7130096],[120.2947145,22.7131304],[120.294757,22.7130194],[120.2943164,22.7129035],[120.2942774,22.7130096]]]}},{"type":"Feature","id":"way/886887220","properties":{"osm_id":886887220,"osm_type":"way","building":"house","name":null,"addr_housenumber":null,"addr_street":null,"raw_height":null,"building_levels":null,"raw_min_height":null,"roof_levels":null,"height_m":10,"min_height_m":0,"height_source":"building_type_default","default_height_rule":"house","confidence":"low"},"geometry":{"type":"Polygon","coordinates":[[[120.2943128,22.7128806],[120.2943482,22.7127648],[120.2948136,22.7129035],[120.2947658,22.713008],[120.2943128,22.7128806]]]}},{"type":"Feature","id":"way/886887221","properties":{"osm_id":886887221,"osm_type":"way","building":"yes","name":"農湖海產","addr_housenumber":null,"addr_street":null,"raw_height":null,"building_levels":null,"raw_min_height":null,"roof_levels":null,"height_m":9,"min_height_m":0,"height_source":"building_type_default","default_height_rule":"yes","confidence":"low"},"geometry":{"type":"Polygon","coordinates":[[[120.2940022,22.7142167],[120.2940359,22.7141041],[120.294204,22.714158],[120.2941474,22.7142673],[120.2940022,22.7142167]]]}},{"type":"Feature","id":"way/887874399","properties":{"osm_id":887874399,"osm_type":"way","building":"yes","name":null,"addr_housenumber":null,"addr_street":null,"raw_height":null,"building_levels":null,"raw_min_height":null,"roof_levels":null,"height_m":9,"min_height_m":0,"height_source":"building_type_default","default_height_rule":"yes","confidence":"low"},"geometry":{"type":"Polygon","coordinates":[[[120.2995034,22.7294278],[120.2994723,22.7293961],[120.2994349,22.7293703],[120.299385,22.7293703],[120.2993554,22.7293789],[120.2993273,22.7293976],[120.2993086,22.7294278],[120.2993024,22.7294551],[120.2993055,22.7294838],[120.2993211,22.7295154],[120.2993429,22.7295327],[120.2993741,22.7295499],[120.2993897,22.7295528],[120.2994255,22.7295542],[120.2994582,22.7295442],[120.2994878,22.7295154],[120.299505,22.7294781],[120.2995143,22.7294493],[120.2995034,22.7294278]]]}},{"type":"Feature","id":"way/891785362","properties":{"osm_id":891785362,"osm_type":"way","building":"yes","name":"主恩碳火脆皮烤鴨","addr_housenumber":null,"addr_street":null,"raw_height":null,"building_levels":null,"raw_min_height":null,"roof_levels":null,"height_m":9,"min_height_m":0,"height_source":"building_type_default","default_height_rule":"yes","confidence":"low"},"geometry":{"type":"Polygon","coordinates":[[[120.2940359,22.7141041],[120.2938727,22.7140697],[120.2938016,22.7142218],[120.2939746,22.7142651],[120.2940359,22.7141041]]]}},{"type":"Feature","id":"way/891787633","properties":{"osm_id":891787633,"osm_type":"way","building":"commercial","name":"陽信商業銀行","addr_housenumber":null,"addr_street":null,"raw_height":null,"building_levels":null,"raw_min_height":null,"roof_levels":null,"height_m":12,"min_height_m":0,"height_source":"building_type_default","default_height_rule":"commercial","confidence":"low"},"geometry":{"type":"Polygon","coordinates":[[[120.294485,22.7137886],[120.2945469,22.7136336],[120.2942784,22.7135614],[120.2942212,22.7137251],[120.294485,22.7137886]]]}},{"type":"Feature","id":"way/891787634","properties":{"osm_id":891787634,"osm_type":"way","building":"house","name":null,"addr_housenumber":null,"addr_street":null,"raw_height":null,"building_levels":null,"raw_min_height":null,"roof_levels":null,"height_m":10,"min_height_m":0,"height_source":"building_type_default","default_height_rule":"house","confidence":"low"},"geometry":{"type":"Polygon","coordinates":[[[120.2941987,22.7135134],[120.2942424,22.7133887],[120.2946114,22.7135021],[120.2945595,22.7136287],[120.2941987,22.7135134]]]}},{"type":"Feature","id":"way/891787635","properties":{"osm_id":891787635,"osm_type":"way","building":"house","name":null,"addr_housenumber":null,"addr_street":null,"raw_height":null,"building_levels":null,"raw_min_height":null,"roof_levels":null,"height_m":10,"min_height_m":0,"height_source":"building_type_default","default_height_rule":"house","confidence":"low"},"geometry":{"type":"Polygon","coordinates":[[[120.2946978,22.7138022],[120.2947496,22.7136831],[120.2950454,22.7137581],[120.2949915,22.7138856],[120.2946978,22.7138022]]]}},{"type":"Feature","id":"way/891787636","properties":{"osm_id":891787636,"osm_type":"way","building":"house","name":null,"addr_housenumber":null,"addr_street":null,"raw_height":null,"building_levels":null,"raw_min_height":null,"roof_levels":null,"height_m":10,"min_height_m":0,"height_source":"building_type_default","default_height_rule":"house","confidence":"low"},"geometry":{"type":"Polygon","coordinates":[[[120.2947547,22.7136653],[120.2947953,22.7135509],[120.2950941,22.7136325],[120.2950535,22.7137506],[120.2947547,22.7136653]]]}},{"type":"Feature","id":"way/891787637","properties":{"osm_id":891787637,"osm_type":"way","building":"yes","name":"北半球","addr_housenumber":null,"addr_street":null,"raw_height":null,"building_levels":null,"raw_min_height":null,"roof_levels":null,"height_m":9,"min_height_m":0,"height_source":"building_type_default","default_height_rule":"yes","confidence":"low"},"geometry":{"type":"Polygon","coordinates":[[[120.2964568,22.7145104],[120.2965308,22.7143612],[120.2963336,22.7143157],[120.2962319,22.7144578],[120.2964568,22.7145104]]]}},{"type":"Feature","id":"way/891787638","properties":{"osm_id":891787638,"osm_type":"way","building":"house","name":null,"addr_housenumber":null,"addr_street":null,"raw_height":null,"building_levels":null,"raw_min_height":null,"roof_levels":null,"height_m":10,"min_height_m":0,"height_source":"building_type_default","default_height_rule":"house","confidence":"low"},"geometry":{"type":"Polygon","coordinates":[[[120.2959053,22.7142049],[120.2957605,22.7139775],[120.2968682,22.7132258],[120.2970284,22.7134517],[120.2959053,22.7142049]]]}},{"type":"Feature","id":"way/891787639","properties":{"osm_id":891787639,"osm_type":"way","building":"house","name":null,"addr_housenumber":null,"addr_street":null,"raw_height":null,"building_levels":null,"raw_min_height":null,"roof_levels":null,"height_m":10,"min_height_m":0,"height_source":"building_type_default","default_height_rule":"house","confidence":"low"},"geometry":{"type":"Polygon","coordinates":[[[120.2959377,22.7143441],[120.2961133,22.7143925],[120.2965031,22.7141168],[120.2963798,22.7139491],[120.295967,22.7142248],[120.2959377,22.7143441]]]}},{"type":"Feature","id":"way/891787640","properties":{"osm_id":891787640,"osm_type":"way","building":"house","name":null,"addr_housenumber":null,"addr_street":null,"raw_height":null,"building_levels":null,"raw_min_height":null,"roof_levels":null,"height_m":10,"min_height_m":0,"height_source":"building_type_default","default_height_rule":"house","confidence":"low"},"geometry":{"type":"Polygon","coordinates":[[[120.2963783,22.7143064],[120.296537,22.7143348],[120.2969822,22.7135504],[120.2964214,22.7139199],[120.2965631,22.7141501],[120.2963783,22.7143064]]]}},{"type":"Feature","id":"way/891787641","properties":{"osm_id":891787641,"osm_type":"way","building":"house","name":null,"addr_housenumber":null,"addr_street":null,"raw_height":null,"building_levels":null,"raw_min_height":null,"roof_levels":null,"height_m":10,"min_height_m":0,"height_source":"building_type_default","default_height_rule":"house","confidence":"low"},"geometry":{"type":"Polygon","coordinates":[[[120.2955661,22.7137496],[120.2956154,22.7135705],[120.2958311,22.713616],[120.2955661,22.7137496]]]}},{"type":"Feature","id":"way/891787642","properties":{"osm_id":891787642,"osm_type":"way","building":"house","name":null,"addr_housenumber":null,"addr_street":null,"raw_height":null,"building_levels":null,"raw_min_height":null,"roof_levels":null,"height_m":10,"min_height_m":0,"height_source":"building_type_default","default_height_rule":"house","confidence":"low"},"geometry":{"type":"Polygon","coordinates":[[[120.2956277,22.7137695],[120.2957972,22.713815],[120.2967431,22.713184],[120.2965613,22.7131186],[120.2956277,22.7137695]]]}},{"type":"Feature","id":"way/891787643","properties":{"osm_id":891787643,"osm_type":"way","building":"house","name":null,"addr_housenumber":null,"addr_street":null,"raw_height":null,"building_levels":null,"raw_min_height":null,"roof_levels":null,"height_m":10,"min_height_m":0,"height_source":"building_type_default","default_height_rule":"house","confidence":"low"},"geometry":{"type":"Polygon","coordinates":[[[120.295637,22.7134767],[120.2959081,22.713545],[120.2961639,22.7133432],[120.2957171,22.7132295],[120.295637,22.7134767]]]}},{"type":"Feature","id":"way/891787644","properties":{"osm_id":891787644,"osm_type":"way","building":"house","name":null,"addr_housenumber":null,"addr_street":null,"raw_height":null,"building_levels":null,"raw_min_height":null,"roof_levels":null,"height_m":10,"min_height_m":0,"height_source":"building_type_default","default_height_rule":"house","confidence":"low"},"geometry":{"type":"Polygon","coordinates":[[[120.2957479,22.71313],[120.2962902,22.7132778],[120.296512,22.7131272],[120.2958188,22.7129311],[120.2957479,22.71313]]]}},{"type":"Feature","id":"way/891787645","properties":{"osm_id":891787645,"osm_type":"way","building":"house","name":null,"addr_housenumber":null,"addr_street":null,"raw_height":null,"building_levels":null,"raw_min_height":null,"roof_levels":null,"height_m":10,"min_height_m":0,"height_source":"building_type_default","default_height_rule":"house","confidence":"low"},"geometry":{"type":"Polygon","coordinates":[[[120.2953936,22.7129851],[120.2956616,22.7130447],[120.2957818,22.7126809],[120.2951563,22.7124905],[120.2950978,22.7126014],[120.2948452,22.7125303],[120.2948267,22.7126497],[120.2944385,22.7125474],[120.2943645,22.7127037],[120.2952765,22.712951],[120.295332,22.7127662],[120.2954737,22.7128145],[120.2953936,22.7129851]]]}},{"type":"Feature","id":"way/921651674","properties":{"osm_id":921651674,"osm_type":"way","building":"university","name":null,"addr_housenumber":null,"addr_street":null,"raw_height":null,"building_levels":null,"raw_min_height":null,"roof_levels":null,"height_m":15,"min_height_m":0,"height_source":"building_type_default","default_height_rule":"university","confidence":"low"},"geometry":{"type":"Polygon","coordinates":[[[120.2834786,22.7340526],[120.2835557,22.734059],[120.2836222,22.7340784],[120.2836818,22.7341172],[120.2837215,22.7341699],[120.2837448,22.7342345],[120.2838009,22.7342389],[120.2837966,22.7343661],[120.2837483,22.7343659],[120.2837378,22.7344865],[120.2837016,22.7345522],[120.2836316,22.734606],[120.283579,22.7346276],[120.283537,22.7346319],[120.2834308,22.7346265],[120.2834308,22.7345522],[120.2835452,22.7345554],[120.2836024,22.7345339],[120.2836444,22.7344984],[120.2836771,22.7344499],[120.2836876,22.7342432],[120.2836654,22.7341818],[120.2836339,22.734143],[120.2835767,22.7341172],[120.2834798,22.734115],[120.2834786,22.7340526]]]}},{"type":"Feature","id":"way/921651675","properties":{"osm_id":921651675,"osm_type":"way","building":"university","name":null,"addr_housenumber":null,"addr_street":null,"raw_height":null,"building_levels":null,"raw_min_height":null,"roof_levels":null,"height_m":15,"min_height_m":0,"height_source":"building_type_default","default_height_rule":"university","confidence":"low"},"geometry":{"type":"Polygon","coordinates":[[[120.2840868,22.7345323],[120.2840857,22.7346136],[120.2837413,22.734605],[120.2837436,22.7345231],[120.2840868,22.7345323]]]}},{"type":"Feature","id":"way/922803673","properties":{"osm_id":922803673,"osm_type":"way","building":"yes","name":null,"addr_housenumber":null,"addr_street":null,"raw_height":null,"building_levels":null,"raw_min_height":null,"roof_levels":null,"height_m":9,"min_height_m":0,"height_source":"building_type_default","default_height_rule":"yes","confidence":"low"},"geometry":{"type":"Polygon","coordinates":[[[120.3010409,22.7118231],[120.3009899,22.711756],[120.3010914,22.7116904],[120.3011424,22.7117576],[120.3010409,22.7118231]]]}},{"type":"Feature","id":"way/933128248","properties":{"osm_id":933128248,"osm_type":"way","building":"apartments","name":"名人香榭","addr_housenumber":null,"addr_street":null,"raw_height":"21","building_levels":"7","raw_min_height":null,"roof_levels":null,"height_m":21,"min_height_m":0,"height_source":"osm_height","default_height_rule":null,"confidence":"high"},"geometry":{"type":"Polygon","coordinates":[[[120.2988736,22.7255799],[120.298574,22.7253773],[120.298538,22.7249643],[120.298571,22.7249697],[120.2986571,22.7248233],[120.2988855,22.7249375],[120.2988343,22.7250245],[120.2987237,22.7250332],[120.2987316,22.7251198],[120.2988605,22.7251825],[120.298898,22.725117],[120.2988635,22.7251002],[120.2989421,22.7249628],[120.2993679,22.7251531],[120.2991171,22.7257395],[120.2989435,22.7256242],[120.2991899,22.7252928],[120.2991201,22.7252486],[120.2988736,22.7255799]]]}},{"type":"Feature","id":"way/935475964","properties":{"osm_id":935475964,"osm_type":"way","building":"school","name":null,"addr_housenumber":null,"addr_street":null,"raw_height":null,"building_levels":null,"raw_min_height":null,"roof_levels":null,"height_m":15,"min_height_m":0,"height_source":"building_type_default","default_height_rule":"school","confidence":"low"},"geometry":{"type":"Polygon","coordinates":[[[120.3311152,22.7433157],[120.3312162,22.7434588],[120.3311801,22.7434854],[120.331292,22.7436385],[120.3314219,22.7435919],[120.3315157,22.7437184],[120.3314833,22.7437351],[120.3317467,22.7441611],[120.3318441,22.7441244],[120.3320426,22.7440213],[120.3321184,22.7440745],[120.3321328,22.7441544],[120.3323169,22.7440679],[120.332205,22.7438715],[120.3324107,22.743765],[120.3324324,22.7437151],[120.3324793,22.7436286],[120.3324865,22.743562],[120.3324504,22.7434688],[120.33262,22.7433856],[120.3326525,22.7434322],[120.3326814,22.7435354],[120.3326741,22.7436419],[120.3326092,22.743755],[120.3325623,22.7437417],[120.332537,22.7438116],[120.3325731,22.7438582],[120.3323638,22.7439547],[120.3324287,22.7440346],[120.3323746,22.7440612],[120.332436,22.7441611],[120.3321364,22.7443175],[120.332057,22.7441844],[120.3318044,22.7443108],[120.3316998,22.7443474],[120.3318153,22.7445538],[120.3318658,22.7445238],[120.3319055,22.744617],[120.332057,22.7445371],[120.3321184,22.7446603],[120.3318477,22.7447668],[120.3318116,22.7447069],[120.3317611,22.7447335],[120.3317323,22.7446836],[120.3316781,22.7447135],[120.3315121,22.7443607],[120.3315771,22.7443208],[120.3313173,22.7438515],[120.3312306,22.7438881],[120.3310322,22.7435454],[120.3310827,22.7435154],[120.3310033,22.743369],[120.3311152,22.7433157]]]}},{"type":"Feature","id":"way/961524176","properties":{"osm_id":961524176,"osm_type":"way","building":"service","name":"加昌變電所","addr_housenumber":null,"addr_street":null,"raw_height":null,"building_levels":null,"raw_min_height":null,"roof_levels":null,"height_m":9,"min_height_m":0,"height_source":"building_type_default","default_height_rule":"service","confidence":"low"},"geometry":{"type":"Polygon","coordinates":[[[120.3091638,22.7217555],[120.3093918,22.7212409],[120.3090055,22.7210727],[120.3087722,22.7216095],[120.3091638,22.7217555]]]}},{"type":"Feature","id":"way/974630719","properties":{"osm_id":974630719,"osm_type":"way","building":"apartments","name":null,"addr_housenumber":null,"addr_street":null,"raw_height":null,"building_levels":null,"raw_min_height":null,"roof_levels":null,"height_m":10,"min_height_m":0,"height_source":"building_type_default","default_height_rule":"apartments","confidence":"low"},"geometry":{"type":"Polygon","coordinates":[[[120.3282411,22.7370934],[120.3283325,22.7367002],[120.3280606,22.7366464],[120.3279692,22.7370396],[120.3282411,22.7370934]]]}},{"type":"Feature","id":"way/974630720","properties":{"osm_id":974630720,"osm_type":"way","building":"apartments","name":null,"addr_housenumber":null,"addr_street":null,"raw_height":null,"building_levels":null,"raw_min_height":null,"roof_levels":null,"height_m":10,"min_height_m":0,"height_source":"building_type_default","default_height_rule":"apartments","confidence":"low"},"geometry":{"type":"Polygon","coordinates":[[[120.3281496,22.7374866],[120.3282411,22.7370934],[120.3279692,22.7370396],[120.3278777,22.7374328],[120.3281496,22.7374866]]]}},{"type":"Feature","id":"way/974630721","properties":{"osm_id":974630721,"osm_type":"way","building":"apartments","name":null,"addr_housenumber":null,"addr_street":null,"raw_height":null,"building_levels":null,"raw_min_height":null,"roof_levels":null,"height_m":10,"min_height_m":0,"height_source":"building_type_default","default_height_rule":"apartments","confidence":"low"},"geometry":{"type":"Polygon","coordinates":[[[120.3276433,22.7391755],[120.3275117,22.7393031],[120.3277571,22.7395183],[120.3278887,22.7393906],[120.3276433,22.7391755]]]}},{"type":"Feature","id":"way/977468101","properties":{"osm_id":977468101,"osm_type":"way","building":"yes","name":null,"addr_housenumber":null,"addr_street":null,"raw_height":null,"building_levels":null,"raw_min_height":null,"roof_levels":null,"height_m":9,"min_height_m":0,"height_source":"building_type_default","default_height_rule":"yes","confidence":"low"},"geometry":{"type":"Polygon","coordinates":[[[120.2618848,22.7048948],[120.2620324,22.7048948],[120.2620324,22.7048527],[120.2621843,22.7048527],[120.2621843,22.705072],[120.2618848,22.705072],[120.2618848,22.7048948]]]}},{"type":"Feature","id":"way/977468102","properties":{"osm_id":977468102,"osm_type":"way","building":"yes","name":null,"addr_housenumber":null,"addr_street":null,"raw_height":null,"building_levels":null,"raw_min_height":null,"roof_levels":null,"height_m":9,"min_height_m":0,"height_source":"building_type_default","default_height_rule":"yes","confidence":"low"},"geometry":{"type":"Polygon","coordinates":[[[120.261861,22.7045215],[120.2621725,22.7045193],[120.2621744,22.7047584],[120.2620279,22.7047594],[120.2620274,22.7047029],[120.2618625,22.704704],[120.261861,22.7045215]]]}},{"type":"Feature","id":"way/977468103","properties":{"osm_id":977468103,"osm_type":"way","building":"yes","name":null,"addr_housenumber":null,"addr_street":null,"raw_height":null,"building_levels":null,"raw_min_height":null,"roof_levels":null,"height_m":9,"min_height_m":0,"height_source":"building_type_default","default_height_rule":"yes","confidence":"low"},"geometry":{"type":"Polygon","coordinates":[[[120.2631886,22.7049073],[120.2633187,22.7049073],[120.2633187,22.7050768],[120.2631886,22.7050768],[120.2631886,22.7049073]]]}},{"type":"Feature","id":"way/977468104","properties":{"osm_id":977468104,"osm_type":"way","building":"yes","name":null,"addr_housenumber":null,"addr_street":null,"raw_height":null,"building_levels":null,"raw_min_height":null,"roof_levels":null,"height_m":9,"min_height_m":0,"height_source":"building_type_default","default_height_rule":"yes","confidence":"low"},"geometry":{"type":"Polygon","coordinates":[[[120.2636265,22.6970671],[120.2636959,22.6970363],[120.2637173,22.6970773],[120.2636479,22.6971082],[120.2636265,22.6970671]]]}},{"type":"Feature","id":"way/977468133","properties":{"osm_id":977468133,"osm_type":"way","building":"yes","name":null,"addr_housenumber":null,"addr_street":null,"raw_height":null,"building_levels":null,"raw_min_height":null,"roof_levels":null,"height_m":9,"min_height_m":0,"height_source":"building_type_default","default_height_rule":"yes","confidence":"low"},"geometry":{"type":"Polygon","coordinates":[[[120.2631606,22.7050859],[120.2632423,22.7050865],[120.2632418,22.7051433],[120.2631601,22.7051427],[120.2631606,22.7050859]]]}},{"type":"Feature","id":"way/977468134","properties":{"osm_id":977468134,"osm_type":"way","building":"yes","name":null,"addr_housenumber":null,"addr_street":null,"raw_height":null,"building_levels":null,"raw_min_height":null,"roof_levels":null,"height_m":9,"min_height_m":0,"height_source":"building_type_default","default_height_rule":"yes","confidence":"low"},"geometry":{"type":"Polygon","coordinates":[[[120.2625635,22.7059161],[120.262598,22.7059161],[120.262598,22.7059718],[120.2625635,22.7059718],[120.2625635,22.7059161]]]}},{"type":"Feature","id":"way/977468135","properties":{"osm_id":977468135,"osm_type":"way","building":"yes","name":null,"addr_housenumber":null,"addr_street":null,"raw_height":null,"building_levels":null,"raw_min_height":null,"roof_levels":null,"height_m":9,"min_height_m":0,"height_source":"building_type_default","default_height_rule":"yes","confidence":"low"},"geometry":{"type":"Polygon","coordinates":[[[120.2623591,22.7063593],[120.2624004,22.7063602],[120.2623989,22.7064233],[120.2623576,22.7064225],[120.2623591,22.7063593]]]}},{"type":"Feature","id":"way/977468136","properties":{"osm_id":977468136,"osm_type":"way","building":"yes","name":null,"addr_housenumber":null,"addr_street":null,"raw_height":null,"building_levels":null,"raw_min_height":null,"roof_levels":null,"height_m":9,"min_height_m":0,"height_source":"building_type_default","default_height_rule":"yes","confidence":"low"},"geometry":{"type":"Polygon","coordinates":[[[120.2640384,22.7059865],[120.2642961,22.706048],[120.2642432,22.7062368],[120.2639854,22.7061753],[120.2640384,22.7059865]]]}},{"type":"Feature","id":"way/977468140","properties":{"osm_id":977468140,"osm_type":"way","building":"yes","name":null,"addr_housenumber":null,"addr_street":null,"raw_height":null,"building_levels":null,"raw_min_height":null,"roof_levels":null,"height_m":9,"min_height_m":0,"height_source":"building_type_default","default_height_rule":"yes","confidence":"low"},"geometry":{"type":"Polygon","coordinates":[[[120.2621977,22.7076212],[120.2624704,22.7076257],[120.2624673,22.707783],[120.2621946,22.7077785],[120.2621977,22.7076212]]]}},{"type":"Feature","id":"way/977468141","properties":{"osm_id":977468141,"osm_type":"way","building":"yes","name":null,"addr_housenumber":null,"addr_street":null,"raw_height":null,"building_levels":null,"raw_min_height":null,"roof_levels":null,"height_m":9,"min_height_m":0,"height_source":"building_type_default","default_height_rule":"yes","confidence":"low"},"geometry":{"type":"Polygon","coordinates":[[[120.2649866,22.7070734],[120.2650797,22.7070221],[120.2651299,22.7070995],[120.2650367,22.7071509],[120.2649866,22.7070734]]]}},{"type":"Feature","id":"way/977468142","properties":{"osm_id":977468142,"osm_type":"way","building":"yes","name":null,"addr_housenumber":null,"addr_street":null,"raw_height":null,"building_levels":null,"raw_min_height":null,"roof_levels":null,"height_m":9,"min_height_m":0,"height_source":"building_type_default","default_height_rule":"yes","confidence":"low"},"geometry":{"type":"Polygon","coordinates":[[[120.2647952,22.7068553],[120.2649383,22.7068869],[120.2650169,22.7065835],[120.2648738,22.706552],[120.2647952,22.7068553]]]}},{"type":"Feature","id":"way/977468143","properties":{"osm_id":977468143,"osm_type":"way","building":"yes","name":null,"addr_housenumber":null,"addr_street":null,"raw_height":null,"building_levels":null,"raw_min_height":null,"roof_levels":null,"height_m":9,"min_height_m":0,"height_source":"building_type_default","default_height_rule":"yes","confidence":"low"},"geometry":{"type":"Polygon","coordinates":[[[120.2644147,22.7066974],[120.2647473,22.7067655],[120.2647233,22.7068653],[120.2643907,22.7067972],[120.2644147,22.7066974]]]}},{"type":"Feature","id":"way/977468144","properties":{"osm_id":977468144,"osm_type":"way","building":"yes","name":null,"addr_housenumber":null,"addr_street":null,"raw_height":null,"building_levels":null,"raw_min_height":null,"roof_levels":null,"height_m":9,"min_height_m":0,"height_source":"building_type_default","default_height_rule":"yes","confidence":"low"},"geometry":{"type":"Polygon","coordinates":[[[120.2644424,22.7065766],[120.2647751,22.7066447],[120.2647511,22.7067445],[120.2644184,22.7066764],[120.2644424,22.7065766]]]}},{"type":"Feature","id":"way/977468145","properties":{"osm_id":977468145,"osm_type":"way","building":"yes","name":null,"addr_housenumber":null,"addr_street":null,"raw_height":null,"building_levels":null,"raw_min_height":null,"roof_levels":null,"height_m":9,"min_height_m":0,"height_source":"building_type_default","default_height_rule":"yes","confidence":"low"},"geometry":{"type":"Polygon","coordinates":[[[120.2644724,22.7064704],[120.264805,22.7065385],[120.264781,22.7066383],[120.2644483,22.7065702],[120.2644724,22.7064704]]]}},{"type":"Feature","id":"way/977468146","properties":{"osm_id":977468146,"osm_type":"way","building":"yes","name":null,"addr_housenumber":null,"addr_street":null,"raw_height":null,"building_levels":null,"raw_min_height":null,"roof_levels":null,"height_m":9,"min_height_m":0,"height_source":"building_type_default","default_height_rule":"yes","confidence":"low"},"geometry":{"type":"Polygon","coordinates":[[[120.263938,22.7057752],[120.2640696,22.7058057],[120.2640393,22.7059169],[120.2639077,22.7058864],[120.263938,22.7057752]]]}},{"type":"Feature","id":"way/977468153","properties":{"osm_id":977468153,"osm_type":"way","building":"yes","name":null,"addr_housenumber":null,"addr_street":null,"raw_height":null,"building_levels":null,"raw_min_height":null,"roof_levels":null,"height_m":9,"min_height_m":0,"height_source":"building_type_default","default_height_rule":"yes","confidence":"low"},"geometry":{"type":"Polygon","coordinates":[[[120.3031931,22.7014019],[120.3039751,22.7014396],[120.3039621,22.7016692],[120.3031801,22.7016313],[120.3031931,22.7014019]]]}},{"type":"Feature","id":"way/977468183","properties":{"osm_id":977468183,"osm_type":"way","building":"yes","name":null,"addr_housenumber":null,"addr_street":null,"raw_height":null,"building_levels":null,"raw_min_height":null,"roof_levels":null,"height_m":9,"min_height_m":0,"height_source":"building_type_default","default_height_rule":"yes","confidence":"low"},"geometry":{"type":"Polygon","coordinates":[[[120.3079516,22.7067498],[120.3087445,22.7072286],[120.3086368,22.7073803],[120.3078439,22.7069017],[120.3079516,22.7067498]]]}},{"type":"Feature","id":"way/977468184","properties":{"osm_id":977468184,"osm_type":"way","building":"yes","name":null,"addr_housenumber":null,"addr_street":null,"raw_height":null,"building_levels":null,"raw_min_height":null,"roof_levels":null,"height_m":9,"min_height_m":0,"height_source":"building_type_default","default_height_rule":"yes","confidence":"low"},"geometry":{"type":"Polygon","coordinates":[[[120.3083505,22.7066837],[120.3084978,22.7064743],[120.3085496,22.7064927],[120.3085735,22.7064559],[120.308677,22.7065073],[120.308669,22.7065441],[120.3089239,22.7066984],[120.3089597,22.7066653],[120.3090393,22.7067057],[120.3090433,22.7067461],[120.3090194,22.7067939],[120.3090433,22.7068196],[120.3089358,22.7069812],[120.308898,22.706961],[120.3088632,22.7070023],[120.3083505,22.7066837]]]}},{"type":"Feature","id":"way/977468188","properties":{"osm_id":977468188,"osm_type":"way","building":"yes","name":null,"addr_housenumber":null,"addr_street":null,"raw_height":null,"building_levels":null,"raw_min_height":null,"roof_levels":null,"height_m":9,"min_height_m":0,"height_source":"building_type_default","default_height_rule":"yes","confidence":"low"},"geometry":{"type":"Polygon","coordinates":[[[120.2902892,22.7042189],[120.290408,22.7042189],[120.290408,22.7043255],[120.2902892,22.7043255],[120.2902892,22.7042189]]]}},{"type":"Feature","id":"way/977468194","properties":{"osm_id":977468194,"osm_type":"way","building":"yes","name":null,"addr_housenumber":null,"addr_street":null,"raw_height":null,"building_levels":null,"raw_min_height":null,"roof_levels":null,"height_m":9,"min_height_m":0,"height_source":"building_type_default","default_height_rule":"yes","confidence":"low"},"geometry":{"type":"Polygon","coordinates":[[[120.2831923,22.7066406],[120.2832899,22.7067015],[120.2832517,22.7067536],[120.2831541,22.7066927],[120.2831923,22.7066406]]]}},{"type":"Feature","id":"way/977468195","properties":{"osm_id":977468195,"osm_type":"way","building":"yes","name":null,"addr_housenumber":null,"addr_street":null,"raw_height":null,"building_levels":null,"raw_min_height":null,"roof_levels":null,"height_m":9,"min_height_m":0,"height_source":"building_type_default","default_height_rule":"yes","confidence":"low"},"geometry":{"type":"Polygon","coordinates":[[[120.2830128,22.7066024],[120.2830514,22.7065544],[120.2829895,22.706512],[120.2829509,22.7065599],[120.2830128,22.7066024]]]}},{"type":"Feature","id":"way/983661791","properties":{"osm_id":983661791,"osm_type":"way","building":"apartments","name":"行政中心","addr_housenumber":null,"addr_street":null,"raw_height":null,"building_levels":null,"raw_min_height":null,"roof_levels":null,"height_m":10,"min_height_m":0,"height_source":"building_type_default","default_height_rule":"apartments","confidence":"low"},"geometry":{"type":"Polygon","coordinates":[[[120.3256261,22.736539],[120.326015,22.7367765],[120.3258514,22.7369893],[120.3254665,22.7367505],[120.3256261,22.736539]]]}},{"type":"Feature","id":"way/983661792","properties":{"osm_id":983661792,"osm_type":"way","building":"retail","name":"自立家園","addr_housenumber":null,"addr_street":null,"raw_height":null,"building_levels":null,"raw_min_height":null,"roof_levels":null,"height_m":12,"min_height_m":0,"height_source":"building_type_default","default_height_rule":"retail","confidence":"low"},"geometry":{"type":"Polygon","coordinates":[[[120.3255668,22.7371448],[120.3257375,22.7372603],[120.3256329,22.7373918],[120.3254622,22.7372763],[120.3255668,22.7371448]]]}},{"type":"Feature","id":"way/983661793","properties":{"osm_id":983661793,"osm_type":"way","building":"house","name":"女童宿舍","addr_housenumber":null,"addr_street":null,"raw_height":null,"building_levels":null,"raw_min_height":null,"roof_levels":null,"height_m":10,"min_height_m":0,"height_source":"building_type_default","default_height_rule":"house","confidence":"low"},"geometry":{"type":"Polygon","coordinates":[[[120.3259299,22.7370914],[120.3260748,22.7371842],[120.3258025,22.7375503],[120.3256577,22.737455],[120.3259299,22.7370914]]]}},{"type":"Feature","id":"way/983661794","properties":{"osm_id":983661794,"osm_type":"way","building":"house","name":"男童宿舍","addr_housenumber":null,"addr_street":null,"raw_height":null,"building_levels":null,"raw_min_height":null,"roof_levels":null,"height_m":10,"min_height_m":0,"height_source":"building_type_default","default_height_rule":"house","confidence":"low"},"geometry":{"type":"Polygon","coordinates":[[[120.3259876,22.7370209],[120.3262638,22.7366597],[120.3264073,22.73675],[120.3261311,22.7371137],[120.3259876,22.7370209]]]}},{"type":"Feature","id":"way/987099884","properties":{"osm_id":987099884,"osm_type":"way","building":"apartments","name":null,"addr_housenumber":null,"addr_street":null,"raw_height":null,"building_levels":null,"raw_min_height":null,"roof_levels":null,"height_m":10,"min_height_m":0,"height_source":"building_type_default","default_height_rule":"apartments","confidence":"low"},"geometry":{"type":"Polygon","coordinates":[[[120.3284333,22.735745],[120.3284497,22.7358272],[120.3283726,22.7358403],[120.328439,22.7361747],[120.3291122,22.7360609],[120.3290648,22.7358226],[120.3287626,22.7358736],[120.3287775,22.7359489],[120.3289786,22.735915],[120.3289932,22.7359887],[120.3285359,22.7360659],[120.3285057,22.7359138],[120.3285472,22.7359068],[120.3285124,22.7357316],[120.3284333,22.735745]]]}},{"type":"Feature","id":"way/987099885","properties":{"osm_id":987099885,"osm_type":"way","building":"apartments","name":null,"addr_housenumber":null,"addr_street":null,"raw_height":null,"building_levels":null,"raw_min_height":null,"roof_levels":null,"height_m":10,"min_height_m":0,"height_source":"building_type_default","default_height_rule":"apartments","confidence":"low"},"geometry":{"type":"Polygon","coordinates":[[[120.329122,22.7357676],[120.3294126,22.7356846],[120.3294562,22.7357817],[120.3292703,22.7358386],[120.3293111,22.735959],[120.3295153,22.7359045],[120.3295401,22.7359803],[120.329283,22.7360511],[120.3292534,22.7359803],[120.3291958,22.7359945],[120.329122,22.7357676]]]}},{"type":"Feature","id":"way/1013525940","properties":{"osm_id":1013525940,"osm_type":"way","building":"apartments","name":null,"addr_housenumber":null,"addr_street":null,"raw_height":null,"building_levels":null,"raw_min_height":null,"roof_levels":null,"height_m":10,"min_height_m":0,"height_source":"building_type_default","default_height_rule":"apartments","confidence":"low"},"geometry":{"type":"Polygon","coordinates":[[[120.3310284,22.7503356],[120.3313456,22.7503405],[120.33135,22.7501015],[120.3310328,22.7500965],[120.3310284,22.7503356]]]}},{"type":"Feature","id":"way/1013525941","properties":{"osm_id":1013525941,"osm_type":"way","building":"apartments","name":null,"addr_housenumber":null,"addr_street":null,"raw_height":null,"building_levels":null,"raw_min_height":null,"roof_levels":null,"height_m":10,"min_height_m":0,"height_source":"building_type_default","default_height_rule":"apartments","confidence":"low"},"geometry":{"type":"Polygon","coordinates":[[[120.3310277,22.7504209],[120.3310256,22.7506468],[120.331328,22.7506493],[120.3313301,22.7504234],[120.3310277,22.7504209]]]}},{"type":"Feature","id":"way/1016155586","properties":{"osm_id":1016155586,"osm_type":"way","building":"house","name":null,"addr_housenumber":null,"addr_street":null,"raw_height":null,"building_levels":null,"raw_min_height":null,"roof_levels":null,"height_m":10,"min_height_m":0,"height_source":"building_type_default","default_height_rule":"house","confidence":"low"},"geometry":{"type":"Polygon","coordinates":[[[120.3341359,22.7262995],[120.3341619,22.7263647],[120.334216,22.7263463],[120.3341899,22.7262811],[120.3341359,22.7262995]]]}},{"type":"Feature","id":"way/1016155587","properties":{"osm_id":1016155587,"osm_type":"way","building":"house","name":null,"addr_housenumber":null,"addr_street":null,"raw_height":null,"building_levels":null,"raw_min_height":null,"roof_levels":null,"height_m":10,"min_height_m":0,"height_source":"building_type_default","default_height_rule":"house","confidence":"low"},"geometry":{"type":"Polygon","coordinates":[[[120.3342981,22.7262781],[120.3343358,22.7263497],[120.3344335,22.726306],[120.3343957,22.7262343],[120.3342981,22.7262781]]]}},{"type":"Feature","id":"way/1016155588","properties":{"osm_id":1016155588,"osm_type":"way","building":"house","name":null,"addr_housenumber":null,"addr_street":null,"raw_height":null,"building_levels":null,"raw_min_height":null,"roof_levels":null,"height_m":10,"min_height_m":0,"height_source":"building_type_default","default_height_rule":"house","confidence":"low"},"geometry":{"type":"Polygon","coordinates":[[[120.3342706,22.7262282],[120.3343433,22.7262021],[120.3343015,22.7261032],[120.3342288,22.7261294],[120.3342706,22.7262282]]]}},{"type":"Feature","id":"way/1042898053","properties":{"osm_id":1042898053,"osm_type":"way","building":"yes","name":null,"addr_housenumber":null,"addr_street":null,"raw_height":null,"building_levels":null,"raw_min_height":null,"roof_levels":null,"height_m":9,"min_height_m":0,"height_source":"building_type_default","default_height_rule":"yes","confidence":"low"},"geometry":{"type":"Polygon","coordinates":[[[120.2987161,22.7084839],[120.298656,22.7083817],[120.2987133,22.7083531],[120.2987734,22.7084553],[120.2987161,22.7084839]]]}},{"type":"Feature","id":"way/1050699420","properties":{"osm_id":1050699420,"osm_type":"way","building":"apartments","name":null,"addr_housenumber":null,"addr_street":null,"raw_height":null,"building_levels":null,"raw_min_height":null,"roof_levels":null,"height_m":10,"min_height_m":0,"height_source":"building_type_default","default_height_rule":"apartments","confidence":"low"},"geometry":{"type":"Polygon","coordinates":[[[120.299063,22.716107],[120.2991695,22.7161437],[120.2992529,22.7159372],[120.2991464,22.7159006],[120.299063,22.716107]]]}},{"type":"Feature","id":"way/1050699421","properties":{"osm_id":1050699421,"osm_type":"way","building":"apartments","name":null,"addr_housenumber":null,"addr_street":null,"raw_height":null,"building_levels":null,"raw_min_height":null,"roof_levels":null,"height_m":10,"min_height_m":0,"height_source":"building_type_default","default_height_rule":"apartments","confidence":"low"},"geometry":{"type":"Polygon","coordinates":[[[120.2986868,22.7160032],[120.2986377,22.7161285],[120.2987434,22.7161637],[120.2987586,22.7161251],[120.2989431,22.7161866],[120.2989279,22.7162253],[120.2990417,22.7162632],[120.2990908,22.7161379],[120.2986868,22.7160032]]]}},{"type":"Feature","id":"way/1050699422","properties":{"osm_id":1050699422,"osm_type":"way","building":"apartments","name":null,"addr_housenumber":null,"addr_street":null,"raw_height":null,"building_levels":null,"raw_min_height":null,"roof_levels":null,"height_m":10,"min_height_m":0,"height_source":"building_type_default","default_height_rule":"apartments","confidence":"low"},"geometry":{"type":"Polygon","coordinates":[[[120.3115946,22.7288364],[120.3114563,22.7289241],[120.3115205,22.7290104],[120.3116589,22.7289226],[120.3115946,22.7288364]]]}},{"type":"Feature","id":"way/1050699423","properties":{"osm_id":1050699423,"osm_type":"way","building":"apartments","name":null,"addr_housenumber":null,"addr_street":null,"raw_height":null,"building_levels":null,"raw_min_height":null,"roof_levels":null,"height_m":10,"min_height_m":0,"height_source":"building_type_default","default_height_rule":"apartments","confidence":"low"},"geometry":{"type":"Polygon","coordinates":[[[120.311733,22.7287487],[120.3115946,22.7288364],[120.3116589,22.7289226],[120.3117973,22.7288349],[120.311733,22.7287487]]]}},{"type":"Feature","id":"way/1050699424","properties":{"osm_id":1050699424,"osm_type":"way","building":"apartments","name":null,"addr_housenumber":null,"addr_street":null,"raw_height":null,"building_levels":null,"raw_min_height":null,"roof_levels":null,"height_m":10,"min_height_m":0,"height_source":"building_type_default","default_height_rule":"apartments","confidence":"low"},"geometry":{"type":"Polygon","coordinates":[[[120.3118714,22.7286609],[120.311733,22.7287487],[120.3117973,22.7288349],[120.3119357,22.7287472],[120.3118714,22.7286609]]]}},{"type":"Feature","id":"way/1050699425","properties":{"osm_id":1050699425,"osm_type":"way","building":"apartments","name":null,"addr_housenumber":null,"addr_street":null,"raw_height":null,"building_levels":null,"raw_min_height":null,"roof_levels":null,"height_m":10,"min_height_m":0,"height_source":"building_type_default","default_height_rule":"apartments","confidence":"low"},"geometry":{"type":"Polygon","coordinates":[[[120.3115247,22.7279396],[120.3117144,22.7280978],[120.3119035,22.7279048],[120.3117138,22.7277467],[120.3115247,22.7279396]]]}},{"type":"Feature","id":"way/1050699426","properties":{"osm_id":1050699426,"osm_type":"way","building":"apartments","name":null,"addr_housenumber":null,"addr_street":null,"raw_height":null,"building_levels":null,"raw_min_height":null,"roof_levels":null,"height_m":10,"min_height_m":0,"height_source":"building_type_default","default_height_rule":"apartments","confidence":"low"},"geometry":{"type":"Polygon","coordinates":[[[120.310201,22.7275367],[120.3099822,22.7278222],[120.3101017,22.7279],[120.3103204,22.7276145],[120.310201,22.7275367]]]}},{"type":"Feature","id":"way/1050699427","properties":{"osm_id":1050699427,"osm_type":"way","building":"apartments","name":null,"addr_housenumber":null,"addr_street":null,"raw_height":null,"building_levels":null,"raw_min_height":null,"roof_levels":null,"height_m":10,"min_height_m":0,"height_source":"building_type_default","default_height_rule":"apartments","confidence":"low"},"geometry":{"type":"Polygon","coordinates":[[[120.3102839,22.7273385],[120.3101687,22.7274846],[120.3102539,22.7275418],[120.3103692,22.7273956],[120.3102839,22.7273385]]]}},{"type":"Feature","id":"way/1050699428","properties":{"osm_id":1050699428,"osm_type":"way","building":"apartments","name":null,"addr_housenumber":null,"addr_street":null,"raw_height":null,"building_levels":null,"raw_min_height":null,"roof_levels":null,"height_m":10,"min_height_m":0,"height_source":"building_type_default","default_height_rule":"apartments","confidence":"low"},"geometry":{"type":"Polygon","coordinates":[[[120.310948,22.7271245],[120.3108435,22.7272683],[120.3110876,22.7274192],[120.3111921,22.7272754],[120.310948,22.7271245]]]}},{"type":"Feature","id":"way/1050699429","properties":{"osm_id":1050699429,"osm_type":"way","building":"residential","name":null,"addr_housenumber":null,"addr_street":null,"raw_height":null,"building_levels":null,"raw_min_height":null,"roof_levels":null,"height_m":10,"min_height_m":0,"height_source":"building_type_default","default_height_rule":"residential","confidence":"low"},"geometry":{"type":"Polygon","coordinates":[[[120.3073197,22.7273688],[120.3072888,22.7274608],[120.3074034,22.7274936],[120.3074343,22.7274015],[120.3073197,22.7273688]]]}},{"type":"Feature","id":"way/1050699994","properties":{"osm_id":1050699994,"osm_type":"way","building":"apartments","name":null,"addr_housenumber":null,"addr_street":null,"raw_height":null,"building_levels":null,"raw_min_height":null,"roof_levels":null,"height_m":10,"min_height_m":0,"height_source":"building_type_default","default_height_rule":"apartments","confidence":"low"},"geometry":{"type":"Polygon","coordinates":[[[120.3218968,22.7273896],[120.3220028,22.7272618],[120.322099,22.7273157],[120.3219769,22.7274378],[120.3218968,22.7273896]]]}},{"type":"Feature","id":"way/1050699995","properties":{"osm_id":1050699995,"osm_type":"way","building":"apartments","name":null,"addr_housenumber":null,"addr_street":null,"raw_height":null,"building_levels":null,"raw_min_height":null,"roof_levels":null,"height_m":10,"min_height_m":0,"height_source":"building_type_default","default_height_rule":"apartments","confidence":"low"},"geometry":{"type":"Polygon","coordinates":[[[120.3218202,22.7275129],[120.3218968,22.7273896],[120.3219769,22.7274378],[120.32206,22.7274989],[120.3219572,22.7276146],[120.3218775,22.7275667],[120.3218202,22.7275129]]]}},{"type":"Feature","id":"way/1050709444","properties":{"osm_id":1050709444,"osm_type":"way","building":"apartments","name":null,"addr_housenumber":null,"addr_street":null,"raw_height":null,"building_levels":null,"raw_min_height":null,"roof_levels":null,"height_m":10,"min_height_m":0,"height_source":"building_type_default","default_height_rule":"apartments","confidence":"low"},"geometry":{"type":"Polygon","coordinates":[[[120.3010142,22.726703],[120.3009442,22.7268483],[120.3010526,22.7268928],[120.3011226,22.7267474],[120.3010142,22.726703]]]}},{"type":"Feature","id":"way/1050709445","properties":{"osm_id":1050709445,"osm_type":"way","building":"apartments","name":null,"addr_housenumber":null,"addr_street":null,"raw_height":null,"building_levels":null,"raw_min_height":null,"roof_levels":null,"height_m":10,"min_height_m":0,"height_source":"building_type_default","default_height_rule":"apartments","confidence":"low"},"geometry":{"type":"Polygon","coordinates":[[[120.3010842,22.7265576],[120.3010142,22.726703],[120.3011226,22.7267474],[120.3011926,22.7266021],[120.3010842,22.7265576]]]}},{"type":"Feature","id":"way/1050709446","properties":{"osm_id":1050709446,"osm_type":"way","building":"apartments","name":null,"addr_housenumber":null,"addr_street":null,"raw_height":null,"building_levels":null,"raw_min_height":null,"roof_levels":null,"height_m":10,"min_height_m":0,"height_source":"building_type_default","default_height_rule":"apartments","confidence":"low"},"geometry":{"type":"Polygon","coordinates":[[[120.3011542,22.7264123],[120.3010842,22.7265576],[120.3011926,22.7266021],[120.3012626,22.7264567],[120.3011542,22.7264123]]]}},{"type":"Feature","id":"way/1050709447","properties":{"osm_id":1050709447,"osm_type":"way","building":"apartments","name":null,"addr_housenumber":null,"addr_street":null,"raw_height":null,"building_levels":null,"raw_min_height":null,"roof_levels":null,"height_m":10,"min_height_m":0,"height_source":"building_type_default","default_height_rule":"apartments","confidence":"low"},"geometry":{"type":"Polygon","coordinates":[[[120.3012242,22.7262669],[120.3011542,22.7264123],[120.3012626,22.7264567],[120.3013326,22.7263114],[120.3012242,22.7262669]]]}},{"type":"Feature","id":"way/1050709448","properties":{"osm_id":1050709448,"osm_type":"way","building":"apartments","name":null,"addr_housenumber":null,"addr_street":null,"raw_height":null,"building_levels":null,"raw_min_height":null,"roof_levels":null,"height_m":10,"min_height_m":0,"height_source":"building_type_default","default_height_rule":"apartments","confidence":"low"},"geometry":{"type":"Polygon","coordinates":[[[120.3012942,22.7261216],[120.3012242,22.7262669],[120.3013326,22.7263114],[120.3014027,22.726166],[120.3012942,22.7261216]]]}},{"type":"Feature","id":"way/1050709449","properties":{"osm_id":1050709449,"osm_type":"way","building":"residential","name":null,"addr_housenumber":null,"addr_street":null,"raw_height":null,"building_levels":null,"raw_min_height":null,"roof_levels":null,"height_m":10,"min_height_m":0,"height_source":"building_type_default","default_height_rule":"residential","confidence":"low"},"geometry":{"type":"Polygon","coordinates":[[[120.2993988,22.7263631],[120.2993924,22.726399],[120.299516,22.7264176],[120.2995224,22.7263818],[120.2993988,22.7263631]]]}},{"type":"Feature","id":"way/1050709450","properties":{"osm_id":1050709450,"osm_type":"way","building":"residential","name":null,"addr_housenumber":null,"addr_street":null,"raw_height":null,"building_levels":null,"raw_min_height":null,"roof_levels":null,"height_m":10,"min_height_m":0,"height_source":"building_type_default","default_height_rule":"residential","confidence":"low"},"geometry":{"type":"Polygon","coordinates":[[[120.2994052,22.7263272],[120.2993988,22.7263631],[120.2995224,22.7263818],[120.2995287,22.7263459],[120.2994052,22.7263272]]]}},{"type":"Feature","id":"way/1050709451","properties":{"osm_id":1050709451,"osm_type":"way","building":"residential","name":null,"addr_housenumber":null,"addr_street":null,"raw_height":null,"building_levels":null,"raw_min_height":null,"roof_levels":null,"height_m":10,"min_height_m":0,"height_source":"building_type_default","default_height_rule":"residential","confidence":"low"},"geometry":{"type":"Polygon","coordinates":[[[120.2994115,22.7262914],[120.2994052,22.7263272],[120.2995287,22.7263459],[120.2995351,22.72631],[120.2994115,22.7262914]]]}},{"type":"Feature","id":"way/1050709452","properties":{"osm_id":1050709452,"osm_type":"way","building":"residential","name":null,"addr_housenumber":null,"addr_street":null,"raw_height":null,"building_levels":null,"raw_min_height":null,"roof_levels":null,"height_m":10,"min_height_m":0,"height_source":"building_type_default","default_height_rule":"residential","confidence":"low"},"geometry":{"type":"Polygon","coordinates":[[[120.2994179,22.7262555],[120.2994115,22.7262914],[120.2995351,22.72631],[120.2995415,22.7262742],[120.2994179,22.7262555]]]}},{"type":"Feature","id":"way/1050709453","properties":{"osm_id":1050709453,"osm_type":"way","building":"residential","name":null,"addr_housenumber":null,"addr_street":null,"raw_height":null,"building_levels":null,"raw_min_height":null,"roof_levels":null,"height_m":10,"min_height_m":0,"height_source":"building_type_default","default_height_rule":"residential","confidence":"low"},"geometry":{"type":"Polygon","coordinates":[[[120.2994243,22.7262196],[120.2994179,22.7262555],[120.2995415,22.7262742],[120.2995478,22.7262383],[120.2994243,22.7262196]]]}},{"type":"Feature","id":"way/1050709454","properties":{"osm_id":1050709454,"osm_type":"way","building":"residential","name":null,"addr_housenumber":null,"addr_street":null,"raw_height":null,"building_levels":null,"raw_min_height":null,"roof_levels":null,"height_m":10,"min_height_m":0,"height_source":"building_type_default","default_height_rule":"residential","confidence":"low"},"geometry":{"type":"Polygon","coordinates":[[[120.2994306,22.7261837],[120.2994243,22.7262196],[120.2995478,22.7262383],[120.2995542,22.7262024],[120.2994306,22.7261837]]]}},{"type":"Feature","id":"way/1050709455","properties":{"osm_id":1050709455,"osm_type":"way","building":"residential","name":null,"addr_housenumber":null,"addr_street":null,"raw_height":null,"building_levels":null,"raw_min_height":null,"roof_levels":null,"height_m":10,"min_height_m":0,"height_source":"building_type_default","default_height_rule":"residential","confidence":"low"},"geometry":{"type":"Polygon","coordinates":[[[120.299437,22.7261479],[120.2994306,22.7261837],[120.2995542,22.7262024],[120.2995606,22.7261665],[120.299437,22.7261479]]]}},{"type":"Feature","id":"way/1050709456","properties":{"osm_id":1050709456,"osm_type":"way","building":"residential","name":null,"addr_housenumber":null,"addr_street":null,"raw_height":null,"building_levels":null,"raw_min_height":null,"roof_levels":null,"height_m":10,"min_height_m":0,"height_source":"building_type_default","default_height_rule":"residential","confidence":"low"},"geometry":{"type":"Polygon","coordinates":[[[120.2994434,22.726112],[120.299437,22.7261479],[120.2995606,22.7261665],[120.2995669,22.7261307],[120.2994434,22.726112]]]}},{"type":"Feature","id":"way/1050709457","properties":{"osm_id":1050709457,"osm_type":"way","building":"apartments","name":null,"addr_housenumber":null,"addr_street":null,"raw_height":null,"building_levels":null,"raw_min_height":null,"roof_levels":null,"height_m":10,"min_height_m":0,"height_source":"building_type_default","default_height_rule":"apartments","confidence":"low"},"geometry":{"type":"Polygon","coordinates":[[[120.299829,22.7261735],[120.2998772,22.7260759],[120.299949,22.7261061],[120.2999258,22.7261529],[120.2999587,22.7261667],[120.299973,22.7261378],[120.30008,22.7261828],[120.3000436,22.7262564],[120.3000086,22.7262417],[120.2999725,22.7263148],[120.2998694,22.7262714],[120.2999026,22.7262045],[120.299829,22.7261735]]]}},{"type":"Feature","id":"way/1050709458","properties":{"osm_id":1050709458,"osm_type":"way","building":"apartments","name":null,"addr_housenumber":null,"addr_street":null,"raw_height":null,"building_levels":null,"raw_min_height":null,"roof_levels":null,"height_m":10,"min_height_m":0,"height_source":"building_type_default","default_height_rule":"apartments","confidence":"low"},"geometry":{"type":"Polygon","coordinates":[[[120.2996323,22.726432],[120.2997307,22.7264782],[120.2998208,22.7263151],[120.2997224,22.7262689],[120.2996323,22.726432]]]}},{"type":"Feature","id":"way/1050709459","properties":{"osm_id":1050709459,"osm_type":"way","building":"apartments","name":null,"addr_housenumber":null,"addr_street":null,"raw_height":null,"building_levels":null,"raw_min_height":null,"roof_levels":null,"height_m":10,"min_height_m":0,"height_source":"building_type_default","default_height_rule":"apartments","confidence":"low"},"geometry":{"type":"Polygon","coordinates":[[[120.299957,22.726476],[120.3000703,22.7265216],[120.3001489,22.7263555],[120.3000357,22.7263099],[120.299957,22.726476]]]}},{"type":"Feature","id":"way/1050709460","properties":{"osm_id":1050709460,"osm_type":"way","building":"apartments","name":null,"addr_housenumber":null,"addr_street":null,"raw_height":null,"building_levels":null,"raw_min_height":null,"roof_levels":null,"height_m":10,"min_height_m":0,"height_source":"building_type_default","default_height_rule":"apartments","confidence":"low"},"geometry":{"type":"Polygon","coordinates":[[[120.2998615,22.7266778],[120.2999748,22.7267234],[120.3000703,22.7265216],[120.299957,22.726476],[120.2999083,22.7265789],[120.2998615,22.7266778]]]}},{"type":"Feature","id":"way/1050709461","properties":{"osm_id":1050709461,"osm_type":"way","building":"apartments","name":null,"addr_housenumber":null,"addr_street":null,"raw_height":null,"building_levels":null,"raw_min_height":null,"roof_levels":null,"height_m":10,"min_height_m":0,"height_source":"building_type_default","default_height_rule":"apartments","confidence":"low"},"geometry":{"type":"Polygon","coordinates":[[[120.2997683,22.7265224],[120.2997215,22.7266214],[120.2998615,22.7266778],[120.2999083,22.7265789],[120.2997683,22.7265224]]]}},{"type":"Feature","id":"way/1050709462","properties":{"osm_id":1050709462,"osm_type":"way","building":"apartments","name":null,"addr_housenumber":null,"addr_street":null,"raw_height":null,"building_levels":null,"raw_min_height":null,"roof_levels":null,"height_m":10,"min_height_m":0,"height_source":"building_type_default","default_height_rule":"apartments","confidence":"low"},"geometry":{"type":"Polygon","coordinates":[[[120.299538,22.7265475],[120.2997215,22.7266214],[120.2997683,22.7265224],[120.2995848,22.7264485],[120.299538,22.7265475]]]}},{"type":"Feature","id":"way/1050709463","properties":{"osm_id":1050709463,"osm_type":"way","building":"apartments","name":"玫瑰花園","addr_housenumber":null,"addr_street":null,"raw_height":null,"building_levels":"10","raw_min_height":null,"roof_levels":null,"height_m":32,"min_height_m":0,"height_source":"osm_levels_derived","default_height_rule":null,"confidence":"medium"},"geometry":{"type":"Polygon","coordinates":[[[120.2994484,22.7271593],[120.299671,22.7272791],[120.2998207,22.7268694],[120.2994343,22.7267253],[120.2994139,22.7269853],[120.2994737,22.7270225],[120.2994454,22.7270904],[120.2994664,22.7271046],[120.2994484,22.7271593]]]}},{"type":"Feature","id":"way/1050709863","properties":{"osm_id":1050709863,"osm_type":"way","building":"residential","name":null,"addr_housenumber":null,"addr_street":null,"raw_height":null,"building_levels":null,"raw_min_height":null,"roof_levels":null,"height_m":10,"min_height_m":0,"height_source":"building_type_default","default_height_rule":"residential","confidence":"low"},"geometry":{"type":"Polygon","coordinates":[[[120.2959221,22.7281737],[120.2959119,22.7280915],[120.2957915,22.7281042],[120.2958017,22.7281864],[120.2959221,22.7281737]]]}},{"type":"Feature","id":"way/1050709864","properties":{"osm_id":1050709864,"osm_type":"way","building":"residential","name":null,"addr_housenumber":null,"addr_street":null,"raw_height":null,"building_levels":null,"raw_min_height":null,"roof_levels":null,"height_m":10,"min_height_m":0,"height_source":"building_type_default","default_height_rule":"residential","confidence":"low"},"geometry":{"type":"Polygon","coordinates":[[[120.2958107,22.7282592],[120.2959311,22.7282465],[120.2959221,22.7281737],[120.2958017,22.7281864],[120.2958107,22.7282592]]]}},{"type":"Feature","id":"way/1050709865","properties":{"osm_id":1050709865,"osm_type":"way","building":"residential","name":null,"addr_housenumber":null,"addr_street":null,"raw_height":null,"building_levels":null,"raw_min_height":null,"roof_levels":null,"height_m":10,"min_height_m":0,"height_source":"building_type_default","default_height_rule":"residential","confidence":"low"},"geometry":{"type":"Polygon","coordinates":[[[120.2957187,22.728261],[120.2957989,22.7282532],[120.2957828,22.7281124],[120.2957025,22.7281202],[120.2957187,22.728261]]]}},{"type":"Feature","id":"way/1050709866","properties":{"osm_id":1050709866,"osm_type":"way","building":"residential","name":null,"addr_housenumber":null,"addr_street":null,"raw_height":null,"building_levels":null,"raw_min_height":null,"roof_levels":null,"height_m":10,"min_height_m":0,"height_source":"building_type_default","default_height_rule":"residential","confidence":"low"},"geometry":{"type":"Polygon","coordinates":[[[120.2956384,22.7282689],[120.2957187,22.728261],[120.2957025,22.7281202],[120.2956223,22.7281281],[120.2956384,22.7282689]]]}},{"type":"Feature","id":"way/1050709867","properties":{"osm_id":1050709867,"osm_type":"way","building":"residential","name":null,"addr_housenumber":null,"addr_street":null,"raw_height":null,"building_levels":null,"raw_min_height":null,"roof_levels":null,"height_m":10,"min_height_m":0,"height_source":"building_type_default","default_height_rule":"residential","confidence":"low"},"geometry":{"type":"Polygon","coordinates":[[[120.2955582,22.7282767],[120.2956384,22.7282689],[120.2956223,22.7281281],[120.295542,22.7281359],[120.2955582,22.7282767]]]}},{"type":"Feature","id":"way/1050709868","properties":{"osm_id":1050709868,"osm_type":"way","building":"residential","name":null,"addr_housenumber":null,"addr_street":null,"raw_height":null,"building_levels":null,"raw_min_height":null,"roof_levels":null,"height_m":10,"min_height_m":0,"height_source":"building_type_default","default_height_rule":"residential","confidence":"low"},"geometry":{"type":"Polygon","coordinates":[[[120.2955911,22.7283744],[120.2955997,22.728447],[120.2959283,22.7284136],[120.2959196,22.728341],[120.2955911,22.7283744]]]}},{"type":"Feature","id":"way/1050709869","properties":{"osm_id":1050709869,"osm_type":"way","building":"residential","name":null,"addr_housenumber":null,"addr_street":null,"raw_height":null,"building_levels":null,"raw_min_height":null,"roof_levels":null,"height_m":10,"min_height_m":0,"height_source":"building_type_default","default_height_rule":"residential","confidence":"low"},"geometry":{"type":"Polygon","coordinates":[[[120.2953677,22.7284029],[120.2954214,22.7283981],[120.2954034,22.7282284],[120.2953497,22.7282333],[120.2953677,22.7284029]]]}},{"type":"Feature","id":"way/1050709870","properties":{"osm_id":1050709870,"osm_type":"way","building":"residential","name":null,"addr_housenumber":null,"addr_street":null,"raw_height":null,"building_levels":null,"raw_min_height":null,"roof_levels":null,"height_m":10,"min_height_m":0,"height_source":"building_type_default","default_height_rule":"residential","confidence":"low"},"geometry":{"type":"Polygon","coordinates":[[[120.295314,22.7284078],[120.2953677,22.7284029],[120.2953497,22.7282333],[120.295296,22.7282381],[120.295314,22.7284078]]]}},{"type":"Feature","id":"way/1050709871","properties":{"osm_id":1050709871,"osm_type":"way","building":"residential","name":null,"addr_housenumber":null,"addr_street":null,"raw_height":null,"building_levels":null,"raw_min_height":null,"roof_levels":null,"height_m":10,"min_height_m":0,"height_source":"building_type_default","default_height_rule":"residential","confidence":"low"},"geometry":{"type":"Polygon","coordinates":[[[120.2952603,22.7284127],[120.295314,22.7284078],[120.295296,22.7282381],[120.2952423,22.728243],[120.2952603,22.7284127]]]}},{"type":"Feature","id":"way/1050709872","properties":{"osm_id":1050709872,"osm_type":"way","building":"residential","name":null,"addr_housenumber":null,"addr_street":null,"raw_height":null,"building_levels":null,"raw_min_height":null,"roof_levels":null,"height_m":10,"min_height_m":0,"height_source":"building_type_default","default_height_rule":"residential","confidence":"low"},"geometry":{"type":"Polygon","coordinates":[[[120.295142,22.7284343],[120.2951974,22.7284282],[120.2951741,22.7282455],[120.2951186,22.7282516],[120.295142,22.7284343]]]}},{"type":"Feature","id":"way/1050709873","properties":{"osm_id":1050709873,"osm_type":"way","building":"residential","name":null,"addr_housenumber":null,"addr_street":null,"raw_height":null,"building_levels":null,"raw_min_height":null,"roof_levels":null,"height_m":10,"min_height_m":0,"height_source":"building_type_default","default_height_rule":"residential","confidence":"low"},"geometry":{"type":"Polygon","coordinates":[[[120.2950865,22.7284403],[120.295142,22.7284343],[120.2951186,22.7282516],[120.2950631,22.7282576],[120.2950865,22.7284403]]]}},{"type":"Feature","id":"way/1050709874","properties":{"osm_id":1050709874,"osm_type":"way","building":"residential","name":null,"addr_housenumber":null,"addr_street":null,"raw_height":null,"building_levels":null,"raw_min_height":null,"roof_levels":null,"height_m":10,"min_height_m":0,"height_source":"building_type_default","default_height_rule":"residential","confidence":"low"},"geometry":{"type":"Polygon","coordinates":[[[120.295031,22.7284463],[120.2950865,22.7284403],[120.2950631,22.7282576],[120.2950076,22.7282636],[120.295031,22.7284463]]]}},{"type":"Feature","id":"way/1050709875","properties":{"osm_id":1050709875,"osm_type":"way","building":"residential","name":null,"addr_housenumber":null,"addr_street":null,"raw_height":null,"building_levels":null,"raw_min_height":null,"roof_levels":null,"height_m":10,"min_height_m":0,"height_source":"building_type_default","default_height_rule":"residential","confidence":"low"},"geometry":{"type":"Polygon","coordinates":[[[120.2949755,22.7284524],[120.295031,22.7284463],[120.2950076,22.7282636],[120.2949522,22.7282697],[120.2949755,22.7284524]]]}},{"type":"Feature","id":"way/1050709876","properties":{"osm_id":1050709876,"osm_type":"way","building":"residential","name":null,"addr_housenumber":null,"addr_street":null,"raw_height":null,"building_levels":null,"raw_min_height":null,"roof_levels":null,"height_m":10,"min_height_m":0,"height_source":"building_type_default","default_height_rule":"residential","confidence":"low"},"geometry":{"type":"Polygon","coordinates":[[[120.2952066,22.7284175],[120.2952603,22.7284127],[120.2952423,22.728243],[120.2951886,22.7282478],[120.2952066,22.7284175]]]}},{"type":"Feature","id":"way/1050711900","properties":{"osm_id":1050711900,"osm_type":"way","building":"apartments","name":null,"addr_housenumber":null,"addr_street":null,"raw_height":null,"building_levels":null,"raw_min_height":null,"roof_levels":null,"height_m":10,"min_height_m":0,"height_source":"building_type_default","default_height_rule":"apartments","confidence":"low"},"geometry":{"type":"Polygon","coordinates":[[[120.3330459,22.728231],[120.3332627,22.7282038],[120.3332112,22.7278542],[120.3330423,22.7278754],[120.33308,22.7281308],[120.333032,22.7281369],[120.3330459,22.728231]]]}},{"type":"Feature","id":"way/1050711901","properties":{"osm_id":1050711901,"osm_type":"way","building":"apartments","name":null,"addr_housenumber":null,"addr_street":null,"raw_height":null,"building_levels":null,"raw_min_height":null,"roof_levels":null,"height_m":10,"min_height_m":0,"height_source":"building_type_default","default_height_rule":"apartments","confidence":"low"},"geometry":{"type":"Polygon","coordinates":[[[120.3326712,22.7283808],[120.3328675,22.7284866],[120.3329496,22.7283571],[120.3327533,22.7282512],[120.3326712,22.7283808]]]}},{"type":"Feature","id":"way/1050711902","properties":{"osm_id":1050711902,"osm_type":"way","building":"apartments","name":null,"addr_housenumber":null,"addr_street":null,"raw_height":null,"building_levels":null,"raw_min_height":null,"roof_levels":null,"height_m":10,"min_height_m":0,"height_source":"building_type_default","default_height_rule":"apartments","confidence":"low"},"geometry":{"type":"Polygon","coordinates":[[[120.3326248,22.7284665],[120.3325504,22.7285851],[120.3327325,22.7286822],[120.3328068,22.7285636],[120.3326248,22.7284665]]]}},{"type":"Feature","id":"way/1050711903","properties":{"osm_id":1050711903,"osm_type":"way","building":"apartments","name":null,"addr_housenumber":null,"addr_street":null,"raw_height":null,"building_levels":null,"raw_min_height":null,"roof_levels":null,"height_m":10,"min_height_m":0,"height_source":"building_type_default","default_height_rule":"apartments","confidence":"low"},"geometry":{"type":"Polygon","coordinates":[[[120.3318036,22.7280108],[120.3319766,22.728106],[120.3320932,22.7279258],[120.3319201,22.7278306],[120.3318036,22.7280108]]]}},{"type":"Feature","id":"way/1050711904","properties":{"osm_id":1050711904,"osm_type":"way","building":"apartments","name":null,"addr_housenumber":null,"addr_street":null,"raw_height":null,"building_levels":null,"raw_min_height":null,"roof_levels":null,"height_m":10,"min_height_m":0,"height_source":"building_type_default","default_height_rule":"apartments","confidence":"low"},"geometry":{"type":"Polygon","coordinates":[[[120.3318454,22.7283121],[120.3319696,22.7281284],[120.3317929,22.7280268],[120.3316687,22.7282105],[120.3318454,22.7283121]]]}},{"type":"Feature","id":"way/1050711905","properties":{"osm_id":1050711905,"osm_type":"way","building":"apartments","name":null,"addr_housenumber":null,"addr_street":null,"raw_height":null,"building_levels":null,"raw_min_height":null,"roof_levels":null,"height_m":10,"min_height_m":0,"height_source":"building_type_default","default_height_rule":"apartments","confidence":"low"},"geometry":{"type":"Polygon","coordinates":[[[120.3315256,22.7302956],[120.3314306,22.7304743],[120.3313943,22.7304578],[120.3313788,22.7304869],[120.3313425,22.7304705],[120.3313598,22.7304379],[120.3313331,22.7304258],[120.3314262,22.7302506],[120.3315256,22.7302956]]]}},{"type":"Feature","id":"way/1050711906","properties":{"osm_id":1050711906,"osm_type":"way","building":"apartments","name":null,"addr_housenumber":null,"addr_street":null,"raw_height":null,"building_levels":null,"raw_min_height":null,"roof_levels":null,"height_m":10,"min_height_m":0,"height_source":"building_type_default","default_height_rule":"apartments","confidence":"low"},"geometry":{"type":"Polygon","coordinates":[[[120.331673,22.7303651],[120.3315895,22.7305221],[120.3314964,22.73048],[120.3315799,22.730323],[120.331673,22.7303651]]]}},{"type":"Feature","id":"way/1050711907","properties":{"osm_id":1050711907,"osm_type":"way","building":"apartments","name":null,"addr_housenumber":null,"addr_street":null,"raw_height":null,"building_levels":null,"raw_min_height":null,"roof_levels":null,"height_m":10,"min_height_m":0,"height_source":"building_type_default","default_height_rule":"apartments","confidence":"low"},"geometry":{"type":"Polygon","coordinates":[[[120.3315895,22.7305221],[120.3314939,22.730702],[120.3314008,22.7306598],[120.3314964,22.73048],[120.3315895,22.7305221]]]}},{"type":"Feature","id":"way/1050711908","properties":{"osm_id":1050711908,"osm_type":"way","building":"apartments","name":null,"addr_housenumber":null,"addr_street":null,"raw_height":null,"building_levels":null,"raw_min_height":null,"roof_levels":null,"height_m":10,"min_height_m":0,"height_source":"building_type_default","default_height_rule":"apartments","confidence":"low"},"geometry":{"type":"Polygon","coordinates":[[[120.3314262,22.7302506],[120.3315074,22.7300979],[120.3317554,22.7302101],[120.331673,22.7303651],[120.3315799,22.730323],[120.3316091,22.7302681],[120.3315536,22.730243],[120.3315256,22.7302956],[120.3314262,22.7302506]]]}},{"type":"Feature","id":"way/1050711909","properties":{"osm_id":1050711909,"osm_type":"way","building":"apartments","name":null,"addr_housenumber":null,"addr_street":null,"raw_height":null,"building_levels":null,"raw_min_height":null,"roof_levels":null,"height_m":10,"min_height_m":0,"height_source":"building_type_default","default_height_rule":"apartments","confidence":"low"},"geometry":{"type":"Polygon","coordinates":[[[120.3300775,22.7306272],[120.3301978,22.7306687],[120.330266,22.7305003],[120.3301458,22.7304589],[120.3300775,22.7306272]]]}},{"type":"Feature","id":"way/1050711910","properties":{"osm_id":1050711910,"osm_type":"way","building":"apartments","name":null,"addr_housenumber":null,"addr_street":null,"raw_height":null,"building_levels":null,"raw_min_height":null,"roof_levels":null,"height_m":10,"min_height_m":0,"height_source":"building_type_default","default_height_rule":"apartments","confidence":"low"},"geometry":{"type":"Polygon","coordinates":[[[120.3300028,22.730813],[120.3299576,22.7309183],[120.3299152,22.7310172],[120.330026,22.7310576],[120.3301136,22.7308535],[120.3300028,22.730813]]]}},{"type":"Feature","id":"way/1050711911","properties":{"osm_id":1050711911,"osm_type":"way","building":"apartments","name":null,"addr_housenumber":null,"addr_street":null,"raw_height":null,"building_levels":null,"raw_min_height":null,"roof_levels":null,"height_m":10,"min_height_m":0,"height_source":"building_type_default","default_height_rule":"apartments","confidence":"low"},"geometry":{"type":"Polygon","coordinates":[[[120.3296331,22.7307413],[120.3296566,22.7306866],[120.3296897,22.7306095],[120.3297081,22.7305666],[120.32962,22.7305344],[120.329545,22.7307092],[120.3296331,22.7307413]]]}},{"type":"Feature","id":"way/1050711912","properties":{"osm_id":1050711912,"osm_type":"way","building":"apartments","name":null,"addr_housenumber":null,"addr_street":null,"raw_height":null,"building_levels":null,"raw_min_height":null,"roof_levels":null,"height_m":10,"min_height_m":0,"height_source":"building_type_default","default_height_rule":"apartments","confidence":"low"},"geometry":{"type":"Polygon","coordinates":[[[120.32987,22.7306753],[120.3300485,22.7307405],[120.3300882,22.7306482],[120.3299096,22.730583],[120.32987,22.7306753]]]}},{"type":"Feature","id":"way/1050711913","properties":{"osm_id":1050711913,"osm_type":"way","building":"apartments","name":null,"addr_housenumber":null,"addr_street":null,"raw_height":null,"building_levels":null,"raw_min_height":null,"roof_levels":null,"height_m":10,"min_height_m":0,"height_source":"building_type_default","default_height_rule":"apartments","confidence":"low"},"geometry":{"type":"Polygon","coordinates":[[[120.3297836,22.7308547],[120.3299576,22.7309183],[120.3300028,22.730813],[120.3298288,22.7307494],[120.3297836,22.7308547]]]}},{"type":"Feature","id":"way/1050711914","properties":{"osm_id":1050711914,"osm_type":"way","building":"apartments","name":null,"addr_housenumber":null,"addr_street":null,"raw_height":null,"building_levels":null,"raw_min_height":null,"roof_levels":null,"height_m":10,"min_height_m":0,"height_source":"building_type_default","default_height_rule":"apartments","confidence":"low"},"geometry":{"type":"Polygon","coordinates":[[[120.3296897,22.7306095],[120.32987,22.7306753],[120.3299096,22.730583],[120.3297293,22.7305171],[120.3297081,22.7305666],[120.3296897,22.7306095]]]}},{"type":"Feature","id":"way/1050711915","properties":{"osm_id":1050711915,"osm_type":"way","building":"apartments","name":null,"addr_housenumber":null,"addr_street":null,"raw_height":null,"building_levels":null,"raw_min_height":null,"roof_levels":null,"height_m":10,"min_height_m":0,"height_source":"building_type_default","default_height_rule":"apartments","confidence":"low"},"geometry":{"type":"Polygon","coordinates":[[[120.3296114,22.7307919],[120.3297836,22.7308547],[120.3298288,22.7307494],[120.3296566,22.7306866],[120.3296331,22.7307413],[120.3296114,22.7307919]]]}},{"type":"Feature","id":"way/1050720449","properties":{"osm_id":1050720449,"osm_type":"way","building":"residential","name":null,"addr_housenumber":null,"addr_street":null,"raw_height":null,"building_levels":null,"raw_min_height":null,"roof_levels":null,"height_m":10,"min_height_m":0,"height_source":"building_type_default","default_height_rule":"residential","confidence":"low"},"geometry":{"type":"Polygon","coordinates":[[[120.283665,22.7261449],[120.2836636,22.7261962],[120.2838002,22.7261992],[120.2838016,22.726148],[120.283665,22.7261449]]]}},{"type":"Feature","id":"way/1050720450","properties":{"osm_id":1050720450,"osm_type":"way","building":"residential","name":null,"addr_housenumber":null,"addr_street":null,"raw_height":null,"building_levels":null,"raw_min_height":null,"roof_levels":null,"height_m":10,"min_height_m":0,"height_source":"building_type_default","default_height_rule":"residential","confidence":"low"},"geometry":{"type":"Polygon","coordinates":[[[120.2836663,22.7260937],[120.283665,22.7261449],[120.2838016,22.726148],[120.2838029,22.7260967],[120.2836663,22.7260937]]]}},{"type":"Feature","id":"way/1050720451","properties":{"osm_id":1050720451,"osm_type":"way","building":"residential","name":null,"addr_housenumber":null,"addr_street":null,"raw_height":null,"building_levels":null,"raw_min_height":null,"roof_levels":null,"height_m":10,"min_height_m":0,"height_source":"building_type_default","default_height_rule":"residential","confidence":"low"},"geometry":{"type":"Polygon","coordinates":[[[120.2836677,22.7260424],[120.2836663,22.7260937],[120.2838029,22.7260967],[120.2838043,22.7260455],[120.2836677,22.7260424]]]}},{"type":"Feature","id":"way/1050720452","properties":{"osm_id":1050720452,"osm_type":"way","building":"residential","name":null,"addr_housenumber":null,"addr_street":null,"raw_height":null,"building_levels":null,"raw_min_height":null,"roof_levels":null,"height_m":10,"min_height_m":0,"height_source":"building_type_default","default_height_rule":"residential","confidence":"low"},"geometry":{"type":"Polygon","coordinates":[[[120.283669,22.7259912],[120.2836677,22.7260424],[120.2838043,22.7260455],[120.2838056,22.7259942],[120.283669,22.7259912]]]}},{"type":"Feature","id":"way/1050720453","properties":{"osm_id":1050720453,"osm_type":"way","building":"residential","name":null,"addr_housenumber":null,"addr_street":null,"raw_height":null,"building_levels":null,"raw_min_height":null,"roof_levels":null,"height_m":10,"min_height_m":0,"height_source":"building_type_default","default_height_rule":"residential","confidence":"low"},"geometry":{"type":"Polygon","coordinates":[[[120.2837429,22.7256319],[120.2837337,22.7256862],[120.2838939,22.7257094],[120.2839031,22.725655],[120.2837818,22.7256375],[120.2837429,22.7256319]]]}},{"type":"Feature","id":"way/1050720454","properties":{"osm_id":1050720454,"osm_type":"way","building":"residential","name":null,"addr_housenumber":null,"addr_street":null,"raw_height":null,"building_levels":null,"raw_min_height":null,"roof_levels":null,"height_m":10,"min_height_m":0,"height_source":"building_type_default","default_height_rule":"residential","confidence":"low"},"geometry":{"type":"Polygon","coordinates":[[[120.2840006,22.725629],[120.2837884,22.7255983],[120.2837818,22.7256375],[120.2839031,22.725655],[120.2839939,22.7256682],[120.2840006,22.725629]]]}},{"type":"Feature","id":"way/1050720455","properties":{"osm_id":1050720455,"osm_type":"way","building":"residential","name":null,"addr_housenumber":null,"addr_street":null,"raw_height":null,"building_levels":null,"raw_min_height":null,"roof_levels":null,"height_m":10,"min_height_m":0,"height_source":"building_type_default","default_height_rule":"residential","confidence":"low"},"geometry":{"type":"Polygon","coordinates":[[[120.2837962,22.7255523],[120.2837884,22.7255983],[120.2840006,22.725629],[120.2840084,22.725583],[120.2837962,22.7255523]]]}},{"type":"Feature","id":"way/1050720456","properties":{"osm_id":1050720456,"osm_type":"way","building":"residential","name":null,"addr_housenumber":null,"addr_street":null,"raw_height":null,"building_levels":null,"raw_min_height":null,"roof_levels":null,"height_m":10,"min_height_m":0,"height_source":"building_type_default","default_height_rule":"residential","confidence":"low"},"geometry":{"type":"Polygon","coordinates":[[[120.2839922,22.7260681],[120.2840897,22.7261033],[120.2841268,22.7260161],[120.2840292,22.7259809],[120.2839922,22.7260681]]]}},{"type":"Feature","id":"way/1050720457","properties":{"osm_id":1050720457,"osm_type":"way","building":"residential","name":null,"addr_housenumber":null,"addr_street":null,"raw_height":null,"building_levels":null,"raw_min_height":null,"roof_levels":null,"height_m":10,"min_height_m":0,"height_source":"building_type_default","default_height_rule":"residential","confidence":"low"},"geometry":{"type":"Polygon","coordinates":[[[120.2838946,22.7260328],[120.2839922,22.7260681],[120.2840292,22.7259809],[120.2839317,22.7259456],[120.2838946,22.7260328]]]}},{"type":"Feature","id":"way/1050720458","properties":{"osm_id":1050720458,"osm_type":"way","building":"yes","name":null,"addr_housenumber":null,"addr_street":null,"raw_height":null,"building_levels":null,"raw_min_height":null,"roof_levels":null,"height_m":9,"min_height_m":0,"height_source":"building_type_default","default_height_rule":"yes","confidence":"low"},"geometry":{"type":"Polygon","coordinates":[[[120.2840783,22.7262945],[120.2840326,22.7264432],[120.2842076,22.7264889],[120.2842534,22.7263402],[120.2840783,22.7262945]]]}},{"type":"Feature","id":"way/1050720459","properties":{"osm_id":1050720459,"osm_type":"way","building":"yes","name":null,"addr_housenumber":null,"addr_street":null,"raw_height":null,"building_levels":null,"raw_min_height":null,"roof_levels":null,"height_m":9,"min_height_m":0,"height_source":"building_type_default","default_height_rule":"yes","confidence":"low"},"geometry":{"type":"Polygon","coordinates":[[[120.2837779,22.7262635],[120.2839478,22.7263466],[120.2840061,22.7262452],[120.2838363,22.7261621],[120.2837779,22.7262635]]]}},{"type":"Feature","id":"way/1050720460","properties":{"osm_id":1050720460,"osm_type":"way","building":"residential","name":null,"addr_housenumber":null,"addr_street":null,"raw_height":null,"building_levels":null,"raw_min_height":null,"roof_levels":null,"height_m":10,"min_height_m":0,"height_source":"building_type_default","default_height_rule":"residential","confidence":"low"},"geometry":{"type":"Polygon","coordinates":[[[120.2831335,22.7261534],[120.2831209,22.7262411],[120.2832416,22.7262559],[120.2832542,22.7261683],[120.2831335,22.7261534]]]}},{"type":"Feature","id":"way/1050720461","properties":{"osm_id":1050720461,"osm_type":"way","building":"residential","name":null,"addr_housenumber":null,"addr_street":null,"raw_height":null,"building_levels":null,"raw_min_height":null,"roof_levels":null,"height_m":10,"min_height_m":0,"height_source":"building_type_default","default_height_rule":"residential","confidence":"low"},"geometry":{"type":"Polygon","coordinates":[[[120.2833334,22.7261967],[120.2833211,22.7262924],[120.2834458,22.726306],[120.2834581,22.7262103],[120.2833334,22.7261967]]]}},{"type":"Feature","id":"way/1050720462","properties":{"osm_id":1050720462,"osm_type":"way","building":"residential","name":null,"addr_housenumber":null,"addr_street":null,"raw_height":null,"building_levels":null,"raw_min_height":null,"roof_levels":null,"height_m":10,"min_height_m":0,"height_source":"building_type_default","default_height_rule":"residential","confidence":"low"},"geometry":{"type":"Polygon","coordinates":[[[120.2833246,22.7263557],[120.2833132,22.7264513],[120.2834353,22.7264637],[120.2834467,22.7263681],[120.2833246,22.7263557]]]}},{"type":"Feature","id":"way/1050720463","properties":{"osm_id":1050720463,"osm_type":"way","building":"residential","name":null,"addr_housenumber":null,"addr_street":null,"raw_height":null,"building_levels":null,"raw_min_height":null,"roof_levels":null,"height_m":10,"min_height_m":0,"height_source":"building_type_default","default_height_rule":"residential","confidence":"low"},"geometry":{"type":"Polygon","coordinates":[[[120.2831208,22.7263303],[120.2831072,22.7264273],[120.2832373,22.7264428],[120.2832509,22.7263458],[120.2831208,22.7263303]]]}},{"type":"Feature","id":"way/1050720464","properties":{"osm_id":1050720464,"osm_type":"way","building":"residential","name":null,"addr_housenumber":null,"addr_street":null,"raw_height":null,"building_levels":null,"raw_min_height":null,"roof_levels":null,"height_m":10,"min_height_m":0,"height_source":"building_type_default","default_height_rule":"residential","confidence":"low"},"geometry":{"type":"Polygon","coordinates":[[[120.2831449,22.7265629],[120.283138,22.7266216],[120.2832976,22.7266377],[120.2833045,22.726579],[120.2831449,22.7265629]]]}},{"type":"Feature","id":"way/1050720465","properties":{"osm_id":1050720465,"osm_type":"way","building":"residential","name":null,"addr_housenumber":null,"addr_street":null,"raw_height":null,"building_levels":null,"raw_min_height":null,"roof_levels":null,"height_m":10,"min_height_m":0,"height_source":"building_type_default","default_height_rule":"residential","confidence":"low"},"geometry":{"type":"Polygon","coordinates":[[[120.2831416,22.7264491],[120.2831283,22.726547],[120.2833107,22.726568],[120.283324,22.7264701],[120.2831416,22.7264491]]]}},{"type":"Feature","id":"way/1050720466","properties":{"osm_id":1050720466,"osm_type":"way","building":"residential","name":null,"addr_housenumber":null,"addr_street":null,"raw_height":null,"building_levels":null,"raw_min_height":null,"roof_levels":null,"height_m":10,"min_height_m":0,"height_source":"building_type_default","default_height_rule":"residential","confidence":"low"},"geometry":{"type":"Polygon","coordinates":[[[120.2836521,22.7267673],[120.2836438,22.7268171],[120.2837485,22.7268318],[120.2837567,22.7267821],[120.2836521,22.7267673]]]}},{"type":"Feature","id":"way/1050720467","properties":{"osm_id":1050720467,"osm_type":"way","building":"residential","name":null,"addr_housenumber":null,"addr_street":null,"raw_height":null,"building_levels":null,"raw_min_height":null,"roof_levels":null,"height_m":10,"min_height_m":0,"height_source":"building_type_default","default_height_rule":"residential","confidence":"low"},"geometry":{"type":"Polygon","coordinates":[[[120.2836603,22.7267176],[120.2836521,22.7267673],[120.2837567,22.7267821],[120.2837649,22.7267323],[120.2836603,22.7267176]]]}},{"type":"Feature","id":"way/1050720468","properties":{"osm_id":1050720468,"osm_type":"way","building":"residential","name":null,"addr_housenumber":null,"addr_street":null,"raw_height":null,"building_levels":null,"raw_min_height":null,"roof_levels":null,"height_m":10,"min_height_m":0,"height_source":"building_type_default","default_height_rule":"residential","confidence":"low"},"geometry":{"type":"Polygon","coordinates":[[[120.2836685,22.7266678],[120.2836603,22.7267176],[120.2837649,22.7267323],[120.2837732,22.7266826],[120.2836685,22.7266678]]]}},{"type":"Feature","id":"way/1050720469","properties":{"osm_id":1050720469,"osm_type":"way","building":"residential","name":null,"addr_housenumber":null,"addr_street":null,"raw_height":null,"building_levels":null,"raw_min_height":null,"roof_levels":null,"height_m":10,"min_height_m":0,"height_source":"building_type_default","default_height_rule":"residential","confidence":"low"},"geometry":{"type":"Polygon","coordinates":[[[120.2836768,22.7266181],[120.2836685,22.7266678],[120.2837732,22.7266826],[120.2837814,22.7266328],[120.2836768,22.7266181]]]}},{"type":"Feature","id":"way/1050720470","properties":{"osm_id":1050720470,"osm_type":"way","building":"residential","name":null,"addr_housenumber":null,"addr_street":null,"raw_height":null,"building_levels":null,"raw_min_height":null,"roof_levels":null,"height_m":10,"min_height_m":0,"height_source":"building_type_default","default_height_rule":"residential","confidence":"low"},"geometry":{"type":"Polygon","coordinates":[[[120.283685,22.7265684],[120.2836768,22.7266181],[120.2837814,22.7266328],[120.2837896,22.7265831],[120.283685,22.7265684]]]}},{"type":"Feature","id":"way/1050720471","properties":{"osm_id":1050720471,"osm_type":"way","building":"residential","name":null,"addr_housenumber":null,"addr_street":null,"raw_height":null,"building_levels":null,"raw_min_height":null,"roof_levels":null,"height_m":10,"min_height_m":0,"height_source":"building_type_default","default_height_rule":"residential","confidence":"low"},"geometry":{"type":"Polygon","coordinates":[[[120.2836933,22.7265186],[120.283685,22.7265684],[120.2837896,22.7265831],[120.2837979,22.7265334],[120.2836933,22.7265186]]]}},{"type":"Feature","id":"way/1050720472","properties":{"osm_id":1050720472,"osm_type":"way","building":"residential","name":null,"addr_housenumber":null,"addr_street":null,"raw_height":null,"building_levels":null,"raw_min_height":null,"roof_levels":null,"height_m":10,"min_height_m":0,"height_source":"building_type_default","default_height_rule":"residential","confidence":"low"},"geometry":{"type":"Polygon","coordinates":[[[120.2837015,22.7264689],[120.2836933,22.7265186],[120.2837979,22.7265334],[120.2838061,22.7264836],[120.2837015,22.7264689]]]}},{"type":"Feature","id":"way/1050720473","properties":{"osm_id":1050720473,"osm_type":"way","building":"residential","name":null,"addr_housenumber":null,"addr_street":null,"raw_height":null,"building_levels":null,"raw_min_height":null,"roof_levels":null,"height_m":10,"min_height_m":0,"height_source":"building_type_default","default_height_rule":"residential","confidence":"low"},"geometry":{"type":"Polygon","coordinates":[[[120.2803871,22.7285428],[120.2803008,22.7286736],[120.28035,22.7287012],[120.2804363,22.7285704],[120.2803871,22.7285428]]]}},{"type":"Feature","id":"way/1050720474","properties":{"osm_id":1050720474,"osm_type":"way","building":"residential","name":null,"addr_housenumber":null,"addr_street":null,"raw_height":null,"building_levels":null,"raw_min_height":null,"roof_levels":null,"height_m":10,"min_height_m":0,"height_source":"building_type_default","default_height_rule":"residential","confidence":"low"},"geometry":{"type":"Polygon","coordinates":[[[120.2803268,22.7285089],[120.2802405,22.7286397],[120.2803008,22.7286736],[120.2803871,22.7285428],[120.2803268,22.7285089]]]}},{"type":"Feature","id":"way/1050720475","properties":{"osm_id":1050720475,"osm_type":"way","building":"residential","name":null,"addr_housenumber":null,"addr_street":null,"raw_height":null,"building_levels":null,"raw_min_height":null,"roof_levels":null,"height_m":10,"min_height_m":0,"height_source":"building_type_default","default_height_rule":"residential","confidence":"low"},"geometry":{"type":"Polygon","coordinates":[[[120.2791679,22.7273836],[120.2792477,22.7274325],[120.2793003,22.7273594],[120.2792205,22.7273105],[120.2791679,22.7273836]]]}},{"type":"Feature","id":"way/1050720476","properties":{"osm_id":1050720476,"osm_type":"way","building":"residential","name":null,"addr_housenumber":null,"addr_street":null,"raw_height":null,"building_levels":null,"raw_min_height":null,"roof_levels":null,"height_m":10,"min_height_m":0,"height_source":"building_type_default","default_height_rule":"residential","confidence":"low"},"geometry":{"type":"Polygon","coordinates":[[[120.2791857,22.7275588],[120.2792503,22.727475],[120.2791708,22.7274228],[120.2791062,22.7275067],[120.2791857,22.7275588]]]}},{"type":"Feature","id":"way/1050720477","properties":{"osm_id":1050720477,"osm_type":"way","building":"residential","name":null,"addr_housenumber":null,"addr_street":null,"raw_height":null,"building_levels":null,"raw_min_height":null,"roof_levels":null,"height_m":10,"min_height_m":0,"height_source":"building_type_default","default_height_rule":"residential","confidence":"low"},"geometry":{"type":"Polygon","coordinates":[[[120.2789989,22.7276459],[120.2790784,22.727698],[120.2791857,22.7275588],[120.2791062,22.7275067],[120.2789989,22.7276459]]]}},{"type":"Feature","id":"way/1050720478","properties":{"osm_id":1050720478,"osm_type":"way","building":"residential","name":null,"addr_housenumber":null,"addr_street":null,"raw_height":null,"building_levels":null,"raw_min_height":null,"roof_levels":null,"height_m":10,"min_height_m":0,"height_source":"building_type_default","default_height_rule":"residential","confidence":"low"},"geometry":{"type":"Polygon","coordinates":[[[120.2796386,22.7278209],[120.2797986,22.7279477],[120.2798764,22.7278642],[120.2797164,22.7277374],[120.2796386,22.7278209]]]}},{"type":"Feature","id":"way/1050720479","properties":{"osm_id":1050720479,"osm_type":"way","building":"residential","name":null,"addr_housenumber":null,"addr_street":null,"raw_height":null,"building_levels":null,"raw_min_height":null,"roof_levels":null,"height_m":10,"min_height_m":0,"height_source":"building_type_default","default_height_rule":"residential","confidence":"low"},"geometry":{"type":"Polygon","coordinates":[[[120.2813049,22.7285637],[120.2813448,22.7286382],[120.2814957,22.7285695],[120.2814558,22.728495],[120.2813049,22.7285637]]]}},{"type":"Feature","id":"way/1050720480","properties":{"osm_id":1050720480,"osm_type":"way","building":"residential","name":null,"addr_housenumber":null,"addr_street":null,"raw_height":null,"building_levels":null,"raw_min_height":null,"roof_levels":null,"height_m":10,"min_height_m":0,"height_source":"building_type_default","default_height_rule":"residential","confidence":"low"},"geometry":{"type":"Polygon","coordinates":[[[120.2812788,22.7284907],[120.2813146,22.7285495],[120.281434,22.7284877],[120.2813981,22.7284289],[120.2812788,22.7284907]]]}},{"type":"Feature","id":"way/1050720481","properties":{"osm_id":1050720481,"osm_type":"way","building":"residential","name":null,"addr_housenumber":null,"addr_street":null,"raw_height":null,"building_levels":null,"raw_min_height":null,"roof_levels":null,"height_m":10,"min_height_m":0,"height_source":"building_type_default","default_height_rule":"residential","confidence":"low"},"geometry":{"type":"Polygon","coordinates":[[[120.2812144,22.7287219],[120.2812494,22.728847],[120.2813123,22.728832],[120.2812772,22.7287069],[120.2812144,22.7287219]]]}},{"type":"Feature","id":"way/1050720482","properties":{"osm_id":1050720482,"osm_type":"way","building":"residential","name":null,"addr_housenumber":null,"addr_street":null,"raw_height":null,"building_levels":null,"raw_min_height":null,"roof_levels":null,"height_m":10,"min_height_m":0,"height_source":"building_type_default","default_height_rule":"residential","confidence":"low"},"geometry":{"type":"Polygon","coordinates":[[[120.2813329,22.7288006],[120.2813777,22.7288971],[120.2815171,22.728842],[120.2814723,22.7287455],[120.2813329,22.7288006]]]}},{"type":"Feature","id":"way/1050720483","properties":{"osm_id":1050720483,"osm_type":"way","building":"residential","name":null,"addr_housenumber":null,"addr_street":null,"raw_height":null,"building_levels":null,"raw_min_height":null,"roof_levels":null,"height_m":10,"min_height_m":0,"height_source":"building_type_default","default_height_rule":"residential","confidence":"low"},"geometry":{"type":"Polygon","coordinates":[[[120.2813566,22.7289528],[120.2813761,22.7290081],[120.2815364,22.72896],[120.2815169,22.7289047],[120.2813566,22.7289528]]]}},{"type":"Feature","id":"way/1050720484","properties":{"osm_id":1050720484,"osm_type":"way","building":"apartments","name":null,"addr_housenumber":null,"addr_street":null,"raw_height":null,"building_levels":null,"raw_min_height":null,"roof_levels":null,"height_m":10,"min_height_m":0,"height_source":"building_type_default","default_height_rule":"apartments","confidence":"low"},"geometry":{"type":"Polygon","coordinates":[[[120.2822524,22.7294436],[120.2824861,22.7294523],[120.2825022,22.729086],[120.2824772,22.7290851],[120.2824781,22.7290651],[120.2823947,22.729062],[120.2823907,22.729152],[120.2823507,22.7291505],[120.2823425,22.7293379],[120.2822572,22.7293347],[120.2822524,22.7294436]]]}},{"type":"Feature","id":"way/1050720485","properties":{"osm_id":1050720485,"osm_type":"way","building":"residential","name":null,"addr_housenumber":null,"addr_street":null,"raw_height":null,"building_levels":null,"raw_min_height":null,"roof_levels":null,"height_m":10,"min_height_m":0,"height_source":"building_type_default","default_height_rule":"residential","confidence":"low"},"geometry":{"type":"Polygon","coordinates":[[[120.2820935,22.7275085],[120.2821343,22.7276274],[120.282253,22.7275928],[120.2822122,22.7274739],[120.2820935,22.7275085]]]}},{"type":"Feature","id":"way/1050720486","properties":{"osm_id":1050720486,"osm_type":"way","building":"residential","name":null,"addr_housenumber":null,"addr_street":null,"raw_height":null,"building_levels":null,"raw_min_height":null,"roof_levels":null,"height_m":10,"min_height_m":0,"height_source":"building_type_default","default_height_rule":"residential","confidence":"low"},"geometry":{"type":"Polygon","coordinates":[[[120.2819021,22.7268867],[120.281923,22.7269241],[120.2820651,22.7268567],[120.2820443,22.7268193],[120.2819021,22.7268867]]]}},{"type":"Feature","id":"way/1050720487","properties":{"osm_id":1050720487,"osm_type":"way","building":"residential","name":null,"addr_housenumber":null,"addr_street":null,"raw_height":null,"building_levels":null,"raw_min_height":null,"roof_levels":null,"height_m":10,"min_height_m":0,"height_source":"building_type_default","default_height_rule":"residential","confidence":"low"},"geometry":{"type":"Polygon","coordinates":[[[120.2818812,22.7268493],[120.2819021,22.7268867],[120.2820443,22.7268193],[120.2820234,22.7267819],[120.2818812,22.7268493]]]}},{"type":"Feature","id":"way/1050720488","properties":{"osm_id":1050720488,"osm_type":"way","building":"residential","name":null,"addr_housenumber":null,"addr_street":null,"raw_height":null,"building_levels":null,"raw_min_height":null,"roof_levels":null,"height_m":10,"min_height_m":0,"height_source":"building_type_default","default_height_rule":"residential","confidence":"low"},"geometry":{"type":"Polygon","coordinates":[[[120.2818604,22.7268118],[120.2818812,22.7268493],[120.2820234,22.7267819],[120.2820025,22.7267444],[120.2818604,22.7268118]]]}},{"type":"Feature","id":"way/1050720489","properties":{"osm_id":1050720489,"osm_type":"way","building":"residential","name":null,"addr_housenumber":null,"addr_street":null,"raw_height":null,"building_levels":null,"raw_min_height":null,"roof_levels":null,"height_m":10,"min_height_m":0,"height_source":"building_type_default","default_height_rule":"residential","confidence":"low"},"geometry":{"type":"Polygon","coordinates":[[[120.2818395,22.7267744],[120.2818604,22.7268118],[120.2820025,22.7267444],[120.2819817,22.726707],[120.2818395,22.7267744]]]}},{"type":"Feature","id":"way/1050720490","properties":{"osm_id":1050720490,"osm_type":"way","building":"residential","name":null,"addr_housenumber":null,"addr_street":null,"raw_height":null,"building_levels":null,"raw_min_height":null,"roof_levels":null,"height_m":10,"min_height_m":0,"height_source":"building_type_default","default_height_rule":"residential","confidence":"low"},"geometry":{"type":"Polygon","coordinates":[[[120.2818187,22.726737],[120.2818395,22.7267744],[120.2819817,22.726707],[120.2819608,22.7266696],[120.2818187,22.726737]]]}},{"type":"Feature","id":"way/1050720491","properties":{"osm_id":1050720491,"osm_type":"way","building":"residential","name":null,"addr_housenumber":null,"addr_street":null,"raw_height":null,"building_levels":null,"raw_min_height":null,"roof_levels":null,"height_m":10,"min_height_m":0,"height_source":"building_type_default","default_height_rule":"residential","confidence":"low"},"geometry":{"type":"Polygon","coordinates":[[[120.2817978,22.7266996],[120.2818187,22.726737],[120.2819608,22.7266696],[120.28194,22.7266321],[120.2817978,22.7266996]]]}},{"type":"Feature","id":"way/1050720492","properties":{"osm_id":1050720492,"osm_type":"way","building":"residential","name":null,"addr_housenumber":null,"addr_street":null,"raw_height":null,"building_levels":null,"raw_min_height":null,"roof_levels":null,"height_m":10,"min_height_m":0,"height_source":"building_type_default","default_height_rule":"residential","confidence":"low"},"geometry":{"type":"Polygon","coordinates":[[[120.2820913,22.7268446],[120.2821069,22.7268791],[120.2822253,22.726817],[120.2822091,22.7267827],[120.2820913,22.7268446]]]}},{"type":"Feature","id":"way/1050720493","properties":{"osm_id":1050720493,"osm_type":"way","building":"residential","name":null,"addr_housenumber":null,"addr_street":null,"raw_height":null,"building_levels":null,"raw_min_height":null,"roof_levels":null,"height_m":10,"min_height_m":0,"height_source":"building_type_default","default_height_rule":"residential","confidence":"low"},"geometry":{"type":"Polygon","coordinates":[[[120.2820758,22.7268102],[120.2820913,22.7268446],[120.2822091,22.7267827],[120.282193,22.7267485],[120.2820758,22.7268102]]]}},{"type":"Feature","id":"way/1050720494","properties":{"osm_id":1050720494,"osm_type":"way","building":"residential","name":null,"addr_housenumber":null,"addr_street":null,"raw_height":null,"building_levels":null,"raw_min_height":null,"roof_levels":null,"height_m":10,"min_height_m":0,"height_source":"building_type_default","default_height_rule":"residential","confidence":"low"},"geometry":{"type":"Polygon","coordinates":[[[120.2820602,22.7267757],[120.2820758,22.7268102],[120.282193,22.7267485],[120.2821768,22.7267142],[120.2820602,22.7267757]]]}},{"type":"Feature","id":"way/1050720495","properties":{"osm_id":1050720495,"osm_type":"way","building":"residential","name":null,"addr_housenumber":null,"addr_street":null,"raw_height":null,"building_levels":null,"raw_min_height":null,"roof_levels":null,"height_m":10,"min_height_m":0,"height_source":"building_type_default","default_height_rule":"residential","confidence":"low"},"geometry":{"type":"Polygon","coordinates":[[[120.2820446,22.7267412],[120.2820602,22.7267757],[120.2821768,22.7267142],[120.2821606,22.72668],[120.2820446,22.7267412]]]}},{"type":"Feature","id":"way/1050720496","properties":{"osm_id":1050720496,"osm_type":"way","building":"residential","name":null,"addr_housenumber":null,"addr_street":null,"raw_height":null,"building_levels":null,"raw_min_height":null,"roof_levels":null,"height_m":10,"min_height_m":0,"height_source":"building_type_default","default_height_rule":"residential","confidence":"low"},"geometry":{"type":"Polygon","coordinates":[[[120.2820291,22.7267067],[120.2820446,22.7267412],[120.2821606,22.72668],[120.2821445,22.7266457],[120.2820291,22.7267067]]]}},{"type":"Feature","id":"way/1050720497","properties":{"osm_id":1050720497,"osm_type":"way","building":"residential","name":null,"addr_housenumber":null,"addr_street":null,"raw_height":null,"building_levels":null,"raw_min_height":null,"roof_levels":null,"height_m":10,"min_height_m":0,"height_source":"building_type_default","default_height_rule":"residential","confidence":"low"},"geometry":{"type":"Polygon","coordinates":[[[120.2820135,22.7266722],[120.2820291,22.7267067],[120.2821445,22.7266457],[120.2821283,22.7266115],[120.2820135,22.7266722]]]}},{"type":"Feature","id":"way/1050720498","properties":{"osm_id":1050720498,"osm_type":"way","building":"residential","name":null,"addr_housenumber":null,"addr_street":null,"raw_height":null,"building_levels":null,"raw_min_height":null,"roof_levels":null,"height_m":10,"min_height_m":0,"height_source":"building_type_default","default_height_rule":"residential","confidence":"low"},"geometry":{"type":"Polygon","coordinates":[[[120.2819979,22.7266377],[120.2820135,22.7266722],[120.2821283,22.7266115],[120.2821122,22.7265772],[120.2819979,22.7266377]]]}},{"type":"Feature","id":"way/1050720499","properties":{"osm_id":1050720499,"osm_type":"way","building":"residential","name":null,"addr_housenumber":null,"addr_street":null,"raw_height":null,"building_levels":null,"raw_min_height":null,"roof_levels":null,"height_m":10,"min_height_m":0,"height_source":"building_type_default","default_height_rule":"residential","confidence":"low"},"geometry":{"type":"Polygon","coordinates":[[[120.2819823,22.7266033],[120.2819979,22.7266377],[120.2821122,22.7265772],[120.282096,22.726543],[120.2819823,22.7266033]]]}},{"type":"Feature","id":"way/1050720500","properties":{"osm_id":1050720500,"osm_type":"way","building":"residential","name":null,"addr_housenumber":null,"addr_street":null,"raw_height":null,"building_levels":null,"raw_min_height":null,"roof_levels":null,"height_m":10,"min_height_m":0,"height_source":"building_type_default","default_height_rule":"residential","confidence":"low"},"geometry":{"type":"Polygon","coordinates":[[[120.2807309,22.7262227],[120.2807448,22.7263011],[120.280942,22.7262714],[120.2809281,22.726193],[120.2807309,22.7262227]]]}},{"type":"Feature","id":"way/1050720501","properties":{"osm_id":1050720501,"osm_type":"way","building":"residential","name":null,"addr_housenumber":null,"addr_street":null,"raw_height":null,"building_levels":null,"raw_min_height":null,"roof_levels":null,"height_m":10,"min_height_m":0,"height_source":"building_type_default","default_height_rule":"residential","confidence":"low"},"geometry":{"type":"Polygon","coordinates":[[[120.2795447,22.7265598],[120.279412,22.7264979],[120.2793737,22.7265678],[120.2795065,22.7266296],[120.2795447,22.7265598]]]}},{"type":"Feature","id":"way/1050720502","properties":{"osm_id":1050720502,"osm_type":"way","building":"residential","name":null,"addr_housenumber":null,"addr_street":null,"raw_height":null,"building_levels":null,"raw_min_height":null,"roof_levels":null,"height_m":10,"min_height_m":0,"height_source":"building_type_default","default_height_rule":"residential","confidence":"low"},"geometry":{"type":"Polygon","coordinates":[[[120.2789796,22.726142],[120.2788846,22.7263139],[120.2789841,22.7263607],[120.2790791,22.7261888],[120.2789796,22.726142]]]}},{"type":"Feature","id":"way/1050720503","properties":{"osm_id":1050720503,"osm_type":"way","building":"residential","name":null,"addr_housenumber":null,"addr_street":null,"raw_height":null,"building_levels":null,"raw_min_height":null,"roof_levels":null,"height_m":10,"min_height_m":0,"height_source":"building_type_default","default_height_rule":"residential","confidence":"low"},"geometry":{"type":"Polygon","coordinates":[[[120.2778898,22.7267874],[120.2780166,22.7268746],[120.2780909,22.7267827],[120.2779641,22.7266955],[120.2778898,22.7267874]]]}},{"type":"Feature","id":"way/1050720504","properties":{"osm_id":1050720504,"osm_type":"way","building":"residential","name":null,"addr_housenumber":null,"addr_street":null,"raw_height":null,"building_levels":null,"raw_min_height":null,"roof_levels":null,"height_m":10,"min_height_m":0,"height_source":"building_type_default","default_height_rule":"residential","confidence":"low"},"geometry":{"type":"Polygon","coordinates":[[[120.2778744,22.726809],[120.277796,22.7269059],[120.2779254,22.726995],[120.2780038,22.7268981],[120.2778744,22.726809]]]}},{"type":"Feature","id":"way/1050720505","properties":{"osm_id":1050720505,"osm_type":"way","building":"residential","name":null,"addr_housenumber":null,"addr_street":null,"raw_height":null,"building_levels":null,"raw_min_height":null,"roof_levels":null,"height_m":10,"min_height_m":0,"height_source":"building_type_default","default_height_rule":"residential","confidence":"low"},"geometry":{"type":"Polygon","coordinates":[[[120.2787884,22.7273032],[120.2788571,22.7273448],[120.2789543,22.7272081],[120.2788856,22.7271665],[120.2787884,22.7273032]]]}},{"type":"Feature","id":"way/1050720506","properties":{"osm_id":1050720506,"osm_type":"way","building":"residential","name":null,"addr_housenumber":null,"addr_street":null,"raw_height":null,"building_levels":null,"raw_min_height":null,"roof_levels":null,"height_m":10,"min_height_m":0,"height_source":"building_type_default","default_height_rule":"residential","confidence":"low"},"geometry":{"type":"Polygon","coordinates":[[[120.2781513,22.727417],[120.2781125,22.7274718],[120.2783002,22.727585],[120.2783391,22.7275302],[120.2781513,22.727417]]]}},{"type":"Feature","id":"way/1050720507","properties":{"osm_id":1050720507,"osm_type":"way","building":"residential","name":null,"addr_housenumber":null,"addr_street":null,"raw_height":null,"building_levels":null,"raw_min_height":null,"roof_levels":null,"height_m":10,"min_height_m":0,"height_source":"building_type_default","default_height_rule":"residential","confidence":"low"},"geometry":{"type":"Polygon","coordinates":[[[120.278203,22.7273348],[120.2781594,22.7273952],[120.2783532,22.7275139],[120.2783968,22.7274535],[120.278203,22.7273348]]]}},{"type":"Feature","id":"way/1050720508","properties":{"osm_id":1050720508,"osm_type":"way","building":"residential","name":null,"addr_housenumber":null,"addr_street":null,"raw_height":null,"building_levels":null,"raw_min_height":null,"roof_levels":null,"height_m":10,"min_height_m":0,"height_source":"building_type_default","default_height_rule":"residential","confidence":"low"},"geometry":{"type":"Polygon","coordinates":[[[120.2779958,22.727308],[120.2780997,22.7273705],[120.2781567,22.7272899],[120.2780529,22.7272273],[120.2779958,22.727308]]]}},{"type":"Feature","id":"way/1050720509","properties":{"osm_id":1050720509,"osm_type":"way","building":"residential","name":null,"addr_housenumber":null,"addr_street":null,"raw_height":null,"building_levels":null,"raw_min_height":null,"roof_levels":null,"height_m":10,"min_height_m":0,"height_source":"building_type_default","default_height_rule":"residential","confidence":"low"},"geometry":{"type":"Polygon","coordinates":[[[120.2779958,22.727308],[120.2779365,22.7273917],[120.2780404,22.7274543],[120.2780997,22.7273705],[120.2779958,22.727308]]]}},{"type":"Feature","id":"way/1050720510","properties":{"osm_id":1050720510,"osm_type":"way","building":"residential","name":null,"addr_housenumber":null,"addr_street":null,"raw_height":null,"building_levels":null,"raw_min_height":null,"roof_levels":null,"height_m":10,"min_height_m":0,"height_source":"building_type_default","default_height_rule":"residential","confidence":"low"},"geometry":{"type":"Polygon","coordinates":[[[120.2796466,22.7288942],[120.2796819,22.7289162],[120.2797532,22.7288189],[120.2797179,22.7287968],[120.2796466,22.7288942]]]}},{"type":"Feature","id":"way/1050720511","properties":{"osm_id":1050720511,"osm_type":"way","building":"residential","name":null,"addr_housenumber":null,"addr_street":null,"raw_height":null,"building_levels":null,"raw_min_height":null,"roof_levels":null,"height_m":10,"min_height_m":0,"height_source":"building_type_default","default_height_rule":"residential","confidence":"low"},"geometry":{"type":"Polygon","coordinates":[[[120.2796113,22.7288722],[120.2796466,22.7288942],[120.2797179,22.7287968],[120.2796826,22.7287748],[120.2796113,22.7288722]]]}},{"type":"Feature","id":"way/1050720512","properties":{"osm_id":1050720512,"osm_type":"way","building":"residential","name":null,"addr_housenumber":null,"addr_street":null,"raw_height":null,"building_levels":null,"raw_min_height":null,"roof_levels":null,"height_m":10,"min_height_m":0,"height_source":"building_type_default","default_height_rule":"residential","confidence":"low"},"geometry":{"type":"Polygon","coordinates":[[[120.279576,22.7288501],[120.2796113,22.7288722],[120.2796826,22.7287748],[120.2796472,22.7287528],[120.279576,22.7288501]]]}},{"type":"Feature","id":"way/1050720513","properties":{"osm_id":1050720513,"osm_type":"way","building":"residential","name":null,"addr_housenumber":null,"addr_street":null,"raw_height":null,"building_levels":null,"raw_min_height":null,"roof_levels":null,"height_m":10,"min_height_m":0,"height_source":"building_type_default","default_height_rule":"residential","confidence":"low"},"geometry":{"type":"Polygon","coordinates":[[[120.2795406,22.7288281],[120.279576,22.7288501],[120.2796472,22.7287528],[120.2796119,22.7287308],[120.2795406,22.7288281]]]}},{"type":"Feature","id":"way/1050720514","properties":{"osm_id":1050720514,"osm_type":"way","building":"residential","name":null,"addr_housenumber":null,"addr_street":null,"raw_height":null,"building_levels":null,"raw_min_height":null,"roof_levels":null,"height_m":10,"min_height_m":0,"height_source":"building_type_default","default_height_rule":"residential","confidence":"low"},"geometry":{"type":"Polygon","coordinates":[[[120.2795053,22.7288061],[120.2795406,22.7288281],[120.2796119,22.7287308],[120.2795766,22.7287088],[120.2795053,22.7288061]]]}},{"type":"Feature","id":"way/1050720515","properties":{"osm_id":1050720515,"osm_type":"way","building":"residential","name":null,"addr_housenumber":null,"addr_street":null,"raw_height":null,"building_levels":null,"raw_min_height":null,"roof_levels":null,"height_m":10,"min_height_m":0,"height_source":"building_type_default","default_height_rule":"residential","confidence":"low"},"geometry":{"type":"Polygon","coordinates":[[[120.27947,22.7287841],[120.2795053,22.7288061],[120.2795766,22.7287088],[120.2795413,22.7286868],[120.27947,22.7287841]]]}},{"type":"Feature","id":"way/1050720516","properties":{"osm_id":1050720516,"osm_type":"way","building":"residential","name":null,"addr_housenumber":null,"addr_street":null,"raw_height":null,"building_levels":null,"raw_min_height":null,"roof_levels":null,"height_m":10,"min_height_m":0,"height_source":"building_type_default","default_height_rule":"residential","confidence":"low"},"geometry":{"type":"Polygon","coordinates":[[[120.2797162,22.7283459],[120.2796784,22.7283219],[120.2795897,22.7284406],[120.2796275,22.7284646],[120.2797162,22.7283459]]]}},{"type":"Feature","id":"way/1050720517","properties":{"osm_id":1050720517,"osm_type":"way","building":"residential","name":null,"addr_housenumber":null,"addr_street":null,"raw_height":null,"building_levels":null,"raw_min_height":null,"roof_levels":null,"height_m":10,"min_height_m":0,"height_source":"building_type_default","default_height_rule":"residential","confidence":"low"},"geometry":{"type":"Polygon","coordinates":[[[120.279754,22.72837],[120.2797162,22.7283459],[120.2796275,22.7284646],[120.2796653,22.7284887],[120.279754,22.72837]]]}},{"type":"Feature","id":"way/1050720518","properties":{"osm_id":1050720518,"osm_type":"way","building":"residential","name":null,"addr_housenumber":null,"addr_street":null,"raw_height":null,"building_levels":null,"raw_min_height":null,"roof_levels":null,"height_m":10,"min_height_m":0,"height_source":"building_type_default","default_height_rule":"residential","confidence":"low"},"geometry":{"type":"Polygon","coordinates":[[[120.2797918,22.728394],[120.279754,22.72837],[120.2796653,22.7284887],[120.2797031,22.7285127],[120.2797918,22.728394]]]}},{"type":"Feature","id":"way/1050720519","properties":{"osm_id":1050720519,"osm_type":"way","building":"residential","name":null,"addr_housenumber":null,"addr_street":null,"raw_height":null,"building_levels":null,"raw_min_height":null,"roof_levels":null,"height_m":10,"min_height_m":0,"height_source":"building_type_default","default_height_rule":"residential","confidence":"low"},"geometry":{"type":"Polygon","coordinates":[[[120.2798296,22.7284181],[120.2797918,22.728394],[120.2797031,22.7285127],[120.2797409,22.7285368],[120.2798296,22.7284181]]]}},{"type":"Feature","id":"way/1050720520","properties":{"osm_id":1050720520,"osm_type":"way","building":"residential","name":null,"addr_housenumber":null,"addr_street":null,"raw_height":null,"building_levels":null,"raw_min_height":null,"roof_levels":null,"height_m":10,"min_height_m":0,"height_source":"building_type_default","default_height_rule":"residential","confidence":"low"},"geometry":{"type":"Polygon","coordinates":[[[120.2798674,22.7284421],[120.2798296,22.7284181],[120.2797409,22.7285368],[120.2797787,22.7285608],[120.2798674,22.7284421]]]}},{"type":"Feature","id":"way/1050720521","properties":{"osm_id":1050720521,"osm_type":"way","building":"residential","name":null,"addr_housenumber":null,"addr_street":null,"raw_height":null,"building_levels":null,"raw_min_height":null,"roof_levels":null,"height_m":10,"min_height_m":0,"height_source":"building_type_default","default_height_rule":"residential","confidence":"low"},"geometry":{"type":"Polygon","coordinates":[[[120.2799053,22.7284662],[120.2798674,22.7284421],[120.2797787,22.7285608],[120.2798165,22.7285849],[120.2799053,22.7284662]]]}},{"type":"Feature","id":"way/1050720522","properties":{"osm_id":1050720522,"osm_type":"way","building":"residential","name":null,"addr_housenumber":null,"addr_street":null,"raw_height":null,"building_levels":null,"raw_min_height":null,"roof_levels":null,"height_m":10,"min_height_m":0,"height_source":"building_type_default","default_height_rule":"residential","confidence":"low"},"geometry":{"type":"Polygon","coordinates":[[[120.2799431,22.7284902],[120.2799053,22.7284662],[120.2798165,22.7285849],[120.2798543,22.7286089],[120.2799431,22.7284902]]]}},{"type":"Feature","id":"way/1050720523","properties":{"osm_id":1050720523,"osm_type":"way","building":"residential","name":null,"addr_housenumber":null,"addr_street":null,"raw_height":null,"building_levels":null,"raw_min_height":null,"roof_levels":null,"height_m":10,"min_height_m":0,"height_source":"building_type_default","default_height_rule":"residential","confidence":"low"},"geometry":{"type":"Polygon","coordinates":[[[120.2800683,22.7285572],[120.2800336,22.7285344],[120.2799486,22.7286446],[120.2799834,22.7286674],[120.2800683,22.7285572]]]}},{"type":"Feature","id":"way/1050720524","properties":{"osm_id":1050720524,"osm_type":"way","building":"residential","name":null,"addr_housenumber":null,"addr_street":null,"raw_height":null,"building_levels":null,"raw_min_height":null,"roof_levels":null,"height_m":10,"min_height_m":0,"height_source":"building_type_default","default_height_rule":"residential","confidence":"low"},"geometry":{"type":"Polygon","coordinates":[[[120.280103,22.7285799],[120.2800683,22.7285572],[120.2799834,22.7286674],[120.2800181,22.7286902],[120.280103,22.7285799]]]}},{"type":"Feature","id":"way/1050720525","properties":{"osm_id":1050720525,"osm_type":"way","building":"residential","name":null,"addr_housenumber":null,"addr_street":null,"raw_height":null,"building_levels":null,"raw_min_height":null,"roof_levels":null,"height_m":10,"min_height_m":0,"height_source":"building_type_default","default_height_rule":"residential","confidence":"low"},"geometry":{"type":"Polygon","coordinates":[[[120.2801378,22.7286027],[120.280103,22.7285799],[120.2800181,22.7286902],[120.2800528,22.7287129],[120.2801378,22.7286027]]]}},{"type":"Feature","id":"way/1050720526","properties":{"osm_id":1050720526,"osm_type":"way","building":"residential","name":null,"addr_housenumber":null,"addr_street":null,"raw_height":null,"building_levels":null,"raw_min_height":null,"roof_levels":null,"height_m":10,"min_height_m":0,"height_source":"building_type_default","default_height_rule":"residential","confidence":"low"},"geometry":{"type":"Polygon","coordinates":[[[120.2801725,22.7286255],[120.2801378,22.7286027],[120.2800528,22.7287129],[120.2800875,22.7287357],[120.2801725,22.7286255]]]}},{"type":"Feature","id":"way/1050720527","properties":{"osm_id":1050720527,"osm_type":"way","building":"residential","name":null,"addr_housenumber":null,"addr_street":null,"raw_height":null,"building_levels":null,"raw_min_height":null,"roof_levels":null,"height_m":10,"min_height_m":0,"height_source":"building_type_default","default_height_rule":"residential","confidence":"low"},"geometry":{"type":"Polygon","coordinates":[[[120.2802072,22.7286482],[120.2801725,22.7286255],[120.2800875,22.7287357],[120.2801222,22.7287585],[120.2802072,22.7286482]]]}},{"type":"Feature","id":"way/1050720528","properties":{"osm_id":1050720528,"osm_type":"way","building":"residential","name":null,"addr_housenumber":null,"addr_street":null,"raw_height":null,"building_levels":null,"raw_min_height":null,"roof_levels":null,"height_m":10,"min_height_m":0,"height_source":"building_type_default","default_height_rule":"residential","confidence":"low"},"geometry":{"type":"Polygon","coordinates":[[[120.2801702,22.7288189],[120.2802433,22.7288672],[120.2803446,22.7287367],[120.2802715,22.7286884],[120.2801702,22.7288189]]]}},{"type":"Feature","id":"way/1050720529","properties":{"osm_id":1050720529,"osm_type":"way","building":"residential","name":null,"addr_housenumber":null,"addr_street":null,"raw_height":null,"building_levels":null,"raw_min_height":null,"roof_levels":null,"height_m":10,"min_height_m":0,"height_source":"building_type_default","default_height_rule":"residential","confidence":"low"},"geometry":{"type":"Polygon","coordinates":[[[120.2802419,22.728671],[120.2802072,22.7286482],[120.2801222,22.7287585],[120.280157,22.7287812],[120.2802419,22.728671]]]}},{"type":"Feature","id":"way/1050720530","properties":{"osm_id":1050720530,"osm_type":"way","building":"residential","name":null,"addr_housenumber":null,"addr_street":null,"raw_height":null,"building_levels":null,"raw_min_height":null,"roof_levels":null,"height_m":10,"min_height_m":0,"height_source":"building_type_default","default_height_rule":"residential","confidence":"low"},"geometry":{"type":"Polygon","coordinates":[[[120.2799809,22.7285142],[120.2799431,22.7284902],[120.2798543,22.7286089],[120.2798921,22.7286329],[120.2799809,22.7285142]]]}},{"type":"Feature","id":"way/1050721272","properties":{"osm_id":1050721272,"osm_type":"way","building":"residential","name":null,"addr_housenumber":null,"addr_street":null,"raw_height":null,"building_levels":null,"raw_min_height":null,"roof_levels":null,"height_m":10,"min_height_m":0,"height_source":"building_type_default","default_height_rule":"residential","confidence":"low"},"geometry":{"type":"Polygon","coordinates":[[[120.2834883,22.725149],[120.2834692,22.7252043],[120.2836294,22.7252514],[120.2836485,22.725196],[120.2834883,22.725149]]]}},{"type":"Feature","id":"way/1050721273","properties":{"osm_id":1050721273,"osm_type":"way","building":"residential","name":null,"addr_housenumber":null,"addr_street":null,"raw_height":null,"building_levels":null,"raw_min_height":null,"roof_levels":null,"height_m":10,"min_height_m":0,"height_source":"building_type_default","default_height_rule":"residential","confidence":"low"},"geometry":{"type":"Polygon","coordinates":[[[120.2842097,22.7267676],[120.2841718,22.7267553],[120.284126,22.7268753],[120.2841639,22.7268876],[120.2842097,22.7267676]]]}},{"type":"Feature","id":"way/1050721274","properties":{"osm_id":1050721274,"osm_type":"way","building":"residential","name":null,"addr_housenumber":null,"addr_street":null,"raw_height":null,"building_levels":null,"raw_min_height":null,"roof_levels":null,"height_m":10,"min_height_m":0,"height_source":"building_type_default","default_height_rule":"residential","confidence":"low"},"geometry":{"type":"Polygon","coordinates":[[[120.2840187,22.7266488],[120.2839994,22.7266992],[120.2841718,22.7267553],[120.2842097,22.7267676],[120.2842582,22.7267834],[120.2842775,22.726733],[120.2840187,22.7266488]]]}},{"type":"Feature","id":"way/1050721275","properties":{"osm_id":1050721275,"osm_type":"way","building":"residential","name":null,"addr_housenumber":null,"addr_street":null,"raw_height":null,"building_levels":null,"raw_min_height":null,"roof_levels":null,"height_m":10,"min_height_m":0,"height_source":"building_type_default","default_height_rule":"residential","confidence":"low"},"geometry":{"type":"Polygon","coordinates":[[[120.2839137,22.7275411],[120.2839158,22.7276045],[120.2840235,22.7276015],[120.2840213,22.727538],[120.2839137,22.7275411]]]}},{"type":"Feature","id":"way/1050721276","properties":{"osm_id":1050721276,"osm_type":"way","building":"residential","name":null,"addr_housenumber":null,"addr_street":null,"raw_height":null,"building_levels":null,"raw_min_height":null,"roof_levels":null,"height_m":10,"min_height_m":0,"height_source":"building_type_default","default_height_rule":"residential","confidence":"low"},"geometry":{"type":"Polygon","coordinates":[[[120.2838445,22.7277335],[120.2839123,22.7277229],[120.2838881,22.7275917],[120.2838203,22.7276023],[120.2838445,22.7277335]]]}},{"type":"Feature","id":"way/1050721277","properties":{"osm_id":1050721277,"osm_type":"way","building":"residential","name":null,"addr_housenumber":null,"addr_street":null,"raw_height":null,"building_levels":null,"raw_min_height":null,"roof_levels":null,"height_m":10,"min_height_m":0,"height_source":"building_type_default","default_height_rule":"residential","confidence":"low"},"geometry":{"type":"Polygon","coordinates":[[[120.283697,22.7276216],[120.2837259,22.7277514],[120.283827,22.7277323],[120.283798,22.7276024],[120.283697,22.7276216]]]}},{"type":"Feature","id":"way/1050721278","properties":{"osm_id":1050721278,"osm_type":"way","building":"residential","name":null,"addr_housenumber":null,"addr_street":null,"raw_height":null,"building_levels":null,"raw_min_height":null,"roof_levels":null,"height_m":10,"min_height_m":0,"height_source":"building_type_default","default_height_rule":"residential","confidence":"low"},"geometry":{"type":"Polygon","coordinates":[[[120.2836207,22.7277628],[120.2837022,22.7277476],[120.283677,22.727633],[120.2835956,22.7276482],[120.2836207,22.7277628]]]}},{"type":"Feature","id":"way/1050721279","properties":{"osm_id":1050721279,"osm_type":"way","building":"residential","name":null,"addr_housenumber":null,"addr_street":null,"raw_height":null,"building_levels":null,"raw_min_height":null,"roof_levels":null,"height_m":10,"min_height_m":0,"height_source":"building_type_default","default_height_rule":"residential","confidence":"low"},"geometry":{"type":"Polygon","coordinates":[[[120.2853973,22.7304432],[120.2854299,22.730502],[120.2855579,22.7304417],[120.2855254,22.7303829],[120.2853973,22.7304432]]]}},{"type":"Feature","id":"way/1050721280","properties":{"osm_id":1050721280,"osm_type":"way","building":"residential","name":null,"addr_housenumber":null,"addr_street":null,"raw_height":null,"building_levels":null,"raw_min_height":null,"roof_levels":null,"height_m":10,"min_height_m":0,"height_source":"building_type_default","default_height_rule":"residential","confidence":"low"},"geometry":{"type":"Polygon","coordinates":[[[120.2851915,22.7299992],[120.2852554,22.7301047],[120.2853406,22.7300608],[120.2852766,22.7299553],[120.2851915,22.7299992]]]}},{"type":"Feature","id":"way/1050721281","properties":{"osm_id":1050721281,"osm_type":"way","building":"residential","name":null,"addr_housenumber":null,"addr_street":null,"raw_height":null,"building_levels":null,"raw_min_height":null,"roof_levels":null,"height_m":10,"min_height_m":0,"height_source":"building_type_default","default_height_rule":"residential","confidence":"low"},"geometry":{"type":"Polygon","coordinates":[[[120.2854194,22.7301807],[120.2854882,22.7301483],[120.2854347,22.7300515],[120.2853658,22.7300839],[120.2854194,22.7301807]]]}},{"type":"Feature","id":"way/1050721282","properties":{"osm_id":1050721282,"osm_type":"way","building":"residential","name":null,"addr_housenumber":null,"addr_street":null,"raw_height":null,"building_levels":null,"raw_min_height":null,"roof_levels":null,"height_m":10,"min_height_m":0,"height_source":"building_type_default","default_height_rule":"residential","confidence":"low"},"geometry":{"type":"Polygon","coordinates":[[[120.2852659,22.7301309],[120.2853194,22.7302277],[120.2854194,22.7301807],[120.2853658,22.7300839],[120.2852659,22.7301309]]]}},{"type":"Feature","id":"way/1050721283","properties":{"osm_id":1050721283,"osm_type":"way","building":"residential","name":null,"addr_housenumber":null,"addr_street":null,"raw_height":null,"building_levels":null,"raw_min_height":null,"roof_levels":null,"height_m":10,"min_height_m":0,"height_source":"building_type_default","default_height_rule":"residential","confidence":"low"},"geometry":{"type":"Polygon","coordinates":[[[120.2860441,22.7297986],[120.2860862,22.7298715],[120.2861592,22.7298356],[120.2861171,22.7297627],[120.2860441,22.7297986]]]}},{"type":"Feature","id":"way/1050721284","properties":{"osm_id":1050721284,"osm_type":"way","building":"residential","name":null,"addr_housenumber":null,"addr_street":null,"raw_height":null,"building_levels":null,"raw_min_height":null,"roof_levels":null,"height_m":10,"min_height_m":0,"height_source":"building_type_default","default_height_rule":"residential","confidence":"low"},"geometry":{"type":"Polygon","coordinates":[[[120.286118,22.7299289],[120.2862622,22.7302735],[120.2863655,22.7302368],[120.2862214,22.7298922],[120.286118,22.7299289]]]}},{"type":"Feature","id":"way/1050721285","properties":{"osm_id":1050721285,"osm_type":"way","building":"residential","name":null,"addr_housenumber":null,"addr_street":null,"raw_height":null,"building_levels":null,"raw_min_height":null,"roof_levels":null,"height_m":10,"min_height_m":0,"height_source":"building_type_default","default_height_rule":"residential","confidence":"low"},"geometry":{"type":"Polygon","coordinates":[[[120.2869541,22.7298641],[120.2870115,22.7298413],[120.286936,22.7296796],[120.2868786,22.7297024],[120.2869541,22.7298641]]]}},{"type":"Feature","id":"way/1050721286","properties":{"osm_id":1050721286,"osm_type":"way","building":"residential","name":null,"addr_housenumber":null,"addr_street":null,"raw_height":null,"building_levels":null,"raw_min_height":null,"roof_levels":null,"height_m":10,"min_height_m":0,"height_source":"building_type_default","default_height_rule":"residential","confidence":"low"},"geometry":{"type":"Polygon","coordinates":[[[120.2868103,22.7297295],[120.2868858,22.7298912],[120.2869541,22.7298641],[120.2868786,22.7297024],[120.2868103,22.7297295]]]}},{"type":"Feature","id":"way/1050721287","properties":{"osm_id":1050721287,"osm_type":"way","building":"residential","name":null,"addr_housenumber":null,"addr_street":null,"raw_height":null,"building_levels":null,"raw_min_height":null,"roof_levels":null,"height_m":10,"min_height_m":0,"height_source":"building_type_default","default_height_rule":"residential","confidence":"low"},"geometry":{"type":"Polygon","coordinates":[[[120.2864655,22.7298104],[120.2863996,22.7298348],[120.2864307,22.7299062],[120.2864999,22.7300651],[120.2865658,22.7300407],[120.2864655,22.7298104]]]}},{"type":"Feature","id":"way/1050721288","properties":{"osm_id":1050721288,"osm_type":"way","building":"residential","name":null,"addr_housenumber":null,"addr_street":null,"raw_height":null,"building_levels":null,"raw_min_height":null,"roof_levels":null,"height_m":10,"min_height_m":0,"height_source":"building_type_default","default_height_rule":"residential","confidence":"low"},"geometry":{"type":"Polygon","coordinates":[[[120.2865315,22.729786],[120.2864655,22.7298104],[120.2865658,22.7300407],[120.2866318,22.7300162],[120.2865315,22.729786]]]}},{"type":"Feature","id":"way/1050721289","properties":{"osm_id":1050721289,"osm_type":"way","building":"residential","name":null,"addr_housenumber":null,"addr_street":null,"raw_height":null,"building_levels":null,"raw_min_height":null,"roof_levels":null,"height_m":10,"min_height_m":0,"height_source":"building_type_default","default_height_rule":"residential","confidence":"low"},"geometry":{"type":"Polygon","coordinates":[[[120.2865974,22.7297615],[120.2865315,22.729786],[120.2866318,22.7300162],[120.2866977,22.7299918],[120.2865974,22.7297615]]]}},{"type":"Feature","id":"way/1050721290","properties":{"osm_id":1050721290,"osm_type":"way","building":"residential","name":null,"addr_housenumber":null,"addr_street":null,"raw_height":null,"building_levels":null,"raw_min_height":null,"roof_levels":null,"height_m":10,"min_height_m":0,"height_source":"building_type_default","default_height_rule":"residential","confidence":"low"},"geometry":{"type":"Polygon","coordinates":[[[120.2866634,22.7297371],[120.2865974,22.7297615],[120.2866977,22.7299918],[120.2867637,22.7299674],[120.2866634,22.7297371]]]}},{"type":"Feature","id":"way/1050721291","properties":{"osm_id":1050721291,"osm_type":"way","building":"residential","name":null,"addr_housenumber":null,"addr_street":null,"raw_height":null,"building_levels":null,"raw_min_height":null,"roof_levels":null,"height_m":10,"min_height_m":0,"height_source":"building_type_default","default_height_rule":"residential","confidence":"low"},"geometry":{"type":"Polygon","coordinates":[[[120.2863778,22.7299258],[120.286447,22.7300847],[120.2864999,22.7300651],[120.2864307,22.7299062],[120.2863778,22.7299258]]]}},{"type":"Feature","id":"way/1050721292","properties":{"osm_id":1050721292,"osm_type":"way","building":"residential","name":null,"addr_housenumber":null,"addr_street":null,"raw_height":null,"building_levels":null,"raw_min_height":null,"roof_levels":null,"height_m":10,"min_height_m":0,"height_source":"building_type_default","default_height_rule":"residential","confidence":"low"},"geometry":{"type":"Polygon","coordinates":[[[120.2867293,22.7297127],[120.2866634,22.7297371],[120.2867637,22.7299674],[120.2868296,22.729943],[120.2867293,22.7297127]]]}},{"type":"Feature","id":"way/1050721293","properties":{"osm_id":1050721293,"osm_type":"way","building":"residential","name":null,"addr_housenumber":null,"addr_street":null,"raw_height":null,"building_levels":null,"raw_min_height":null,"roof_levels":null,"height_m":10,"min_height_m":0,"height_source":"building_type_default","default_height_rule":"residential","confidence":"low"},"geometry":{"type":"Polygon","coordinates":[[[120.2853423,22.7279032],[120.2854988,22.7279376],[120.2855118,22.7278872],[120.2855971,22.7279059],[120.2856233,22.7278043],[120.285538,22.7277856],[120.2855498,22.72774],[120.2856696,22.7277628],[120.2857315,22.7275773],[120.2854324,22.7275542],[120.2853423,22.7279032]]]}},{"type":"Feature","id":"way/1050721294","properties":{"osm_id":1050721294,"osm_type":"way","building":"residential","name":null,"addr_housenumber":null,"addr_street":null,"raw_height":null,"building_levels":null,"raw_min_height":null,"roof_levels":null,"height_m":10,"min_height_m":0,"height_source":"building_type_default","default_height_rule":"residential","confidence":"low"},"geometry":{"type":"Polygon","coordinates":[[[120.286835,22.7271003],[120.286946,22.7271201],[120.2870003,22.726861],[120.2868893,22.7268412],[120.286835,22.7271003]]]}},{"type":"Feature","id":"way/1050721295","properties":{"osm_id":1050721295,"osm_type":"way","building":"residential","name":null,"addr_housenumber":null,"addr_street":null,"raw_height":null,"building_levels":null,"raw_min_height":null,"roof_levels":null,"height_m":10,"min_height_m":0,"height_source":"building_type_default","default_height_rule":"residential","confidence":"low"},"geometry":{"type":"Polygon","coordinates":[[[120.2870482,22.7261132],[120.2870384,22.7261747],[120.2873811,22.7262211],[120.2873909,22.7261596],[120.2870482,22.7261132]]]}},{"type":"Feature","id":"way/1050721296","properties":{"osm_id":1050721296,"osm_type":"way","building":"residential","name":null,"addr_housenumber":null,"addr_street":null,"raw_height":null,"building_levels":null,"raw_min_height":null,"roof_levels":null,"height_m":10,"min_height_m":0,"height_source":"building_type_default","default_height_rule":"residential","confidence":"low"},"geometry":{"type":"Polygon","coordinates":[[[120.2867317,22.7263674],[120.2867183,22.7264231],[120.2869443,22.7264695],[120.2869577,22.7264138],[120.2867317,22.7263674]]]}},{"type":"Feature","id":"way/1050721297","properties":{"osm_id":1050721297,"osm_type":"way","building":"residential","name":null,"addr_housenumber":null,"addr_street":null,"raw_height":null,"building_levels":null,"raw_min_height":null,"roof_levels":null,"height_m":10,"min_height_m":0,"height_source":"building_type_default","default_height_rule":"residential","confidence":"low"},"geometry":{"type":"Polygon","coordinates":[[[120.2865887,22.7265601],[120.2865749,22.7266132],[120.2867365,22.726649],[120.2867503,22.726596],[120.2865887,22.7265601]]]}},{"type":"Feature","id":"way/1050721298","properties":{"osm_id":1050721298,"osm_type":"way","building":"residential","name":null,"addr_housenumber":null,"addr_street":null,"raw_height":null,"building_levels":null,"raw_min_height":null,"roof_levels":null,"height_m":10,"min_height_m":0,"height_source":"building_type_default","default_height_rule":"residential","confidence":"low"},"geometry":{"type":"Polygon","coordinates":[[[120.2866025,22.7265071],[120.2865887,22.7265601],[120.2867503,22.726596],[120.2867641,22.7265429],[120.2866025,22.7265071]]]}},{"type":"Feature","id":"way/1050721299","properties":{"osm_id":1050721299,"osm_type":"way","building":"residential","name":null,"addr_housenumber":null,"addr_street":null,"raw_height":null,"building_levels":null,"raw_min_height":null,"roof_levels":null,"height_m":10,"min_height_m":0,"height_source":"building_type_default","default_height_rule":"residential","confidence":"low"},"geometry":{"type":"Polygon","coordinates":[[[120.2866164,22.726454],[120.2866025,22.7265071],[120.2867641,22.7265429],[120.286778,22.7264899],[120.2866164,22.726454]]]}},{"type":"Feature","id":"way/1050721300","properties":{"osm_id":1050721300,"osm_type":"way","building":"residential","name":null,"addr_housenumber":null,"addr_street":null,"raw_height":null,"building_levels":null,"raw_min_height":null,"roof_levels":null,"height_m":10,"min_height_m":0,"height_source":"building_type_default","default_height_rule":"residential","confidence":"low"},"geometry":{"type":"Polygon","coordinates":[[[120.2861954,22.7261136],[120.2861587,22.7262951],[120.2862523,22.7263112],[120.2862592,22.7262768],[120.2863101,22.7262856],[120.2863032,22.72632],[120.2863976,22.7263362],[120.2864343,22.7261547],[120.2863462,22.7261395],[120.2863396,22.7261722],[120.2862857,22.7261629],[120.2862923,22.7261302],[120.2861954,22.7261136]]]}},{"type":"Feature","id":"way/1050721583","properties":{"osm_id":1050721583,"osm_type":"way","building":"residential","name":null,"addr_housenumber":null,"addr_street":null,"raw_height":null,"building_levels":null,"raw_min_height":null,"roof_levels":null,"height_m":10,"min_height_m":0,"height_source":"building_type_default","default_height_rule":"residential","confidence":"low"},"geometry":{"type":"Polygon","coordinates":[[[120.2819805,22.725451],[120.2819465,22.7255206],[120.282065,22.7255698],[120.282099,22.7255002],[120.2819805,22.725451]]]}},{"type":"Feature","id":"way/1050721584","properties":{"osm_id":1050721584,"osm_type":"way","building":"residential","name":null,"addr_housenumber":null,"addr_street":null,"raw_height":null,"building_levels":null,"raw_min_height":null,"roof_levels":null,"height_m":10,"min_height_m":0,"height_source":"building_type_default","default_height_rule":"residential","confidence":"low"},"geometry":{"type":"Polygon","coordinates":[[[120.2820145,22.7253814],[120.2819805,22.725451],[120.282099,22.7255002],[120.282133,22.7254306],[120.2820145,22.7253814]]]}},{"type":"Feature","id":"way/1050721585","properties":{"osm_id":1050721585,"osm_type":"way","building":"residential","name":null,"addr_housenumber":null,"addr_street":null,"raw_height":null,"building_levels":null,"raw_min_height":null,"roof_levels":null,"height_m":10,"min_height_m":0,"height_source":"building_type_default","default_height_rule":"residential","confidence":"low"},"geometry":{"type":"Polygon","coordinates":[[[120.2820485,22.7253118],[120.2820145,22.7253814],[120.282133,22.7254306],[120.282167,22.725361],[120.2820485,22.7253118]]]}},{"type":"Feature","id":"way/1050721586","properties":{"osm_id":1050721586,"osm_type":"way","building":"residential","name":null,"addr_housenumber":null,"addr_street":null,"raw_height":null,"building_levels":null,"raw_min_height":null,"roof_levels":null,"height_m":10,"min_height_m":0,"height_source":"building_type_default","default_height_rule":"residential","confidence":"low"},"geometry":{"type":"Polygon","coordinates":[[[120.2820825,22.7252422],[120.2820485,22.7253118],[120.282167,22.725361],[120.282201,22.7252914],[120.2820825,22.7252422]]]}},{"type":"Feature","id":"way/1050721587","properties":{"osm_id":1050721587,"osm_type":"way","building":"residential","name":null,"addr_housenumber":null,"addr_street":null,"raw_height":null,"building_levels":null,"raw_min_height":null,"roof_levels":null,"height_m":10,"min_height_m":0,"height_source":"building_type_default","default_height_rule":"residential","confidence":"low"},"geometry":{"type":"Polygon","coordinates":[[[120.2821165,22.7251726],[120.2820825,22.7252422],[120.282201,22.7252914],[120.282235,22.7252218],[120.2821165,22.7251726]]]}},{"type":"Feature","id":"way/1050721588","properties":{"osm_id":1050721588,"osm_type":"way","building":"residential","name":null,"addr_housenumber":null,"addr_street":null,"raw_height":null,"building_levels":null,"raw_min_height":null,"roof_levels":null,"height_m":10,"min_height_m":0,"height_source":"building_type_default","default_height_rule":"residential","confidence":"low"},"geometry":{"type":"Polygon","coordinates":[[[120.2821505,22.725103],[120.2821165,22.7251726],[120.282235,22.7252218],[120.282269,22.7251522],[120.2821505,22.725103]]]}},{"type":"Feature","id":"way/1050721589","properties":{"osm_id":1050721589,"osm_type":"way","building":"residential","name":null,"addr_housenumber":null,"addr_street":null,"raw_height":null,"building_levels":null,"raw_min_height":null,"roof_levels":null,"height_m":10,"min_height_m":0,"height_source":"building_type_default","default_height_rule":"residential","confidence":"low"},"geometry":{"type":"Polygon","coordinates":[[[120.2821631,22.724949],[120.2821382,22.7250012],[120.2822525,22.7250476],[120.2822774,22.7249953],[120.2821631,22.724949]]]}},{"type":"Feature","id":"way/1050721590","properties":{"osm_id":1050721590,"osm_type":"way","building":"residential","name":null,"addr_housenumber":null,"addr_street":null,"raw_height":null,"building_levels":null,"raw_min_height":null,"roof_levels":null,"height_m":10,"min_height_m":0,"height_source":"building_type_default","default_height_rule":"residential","confidence":"low"},"geometry":{"type":"Polygon","coordinates":[[[120.2821845,22.7250334],[120.2821505,22.725103],[120.282269,22.7251522],[120.282303,22.7250826],[120.2821845,22.7250334]]]}},{"type":"Feature","id":"way/1050721591","properties":{"osm_id":1050721591,"osm_type":"way","building":"residential","name":null,"addr_housenumber":null,"addr_street":null,"raw_height":null,"building_levels":null,"raw_min_height":null,"roof_levels":null,"height_m":10,"min_height_m":0,"height_source":"building_type_default","default_height_rule":"residential","confidence":"low"},"geometry":{"type":"Polygon","coordinates":[[[120.2825889,22.7246929],[120.282526,22.7246703],[120.2824823,22.7247739],[120.2825452,22.7247964],[120.2825889,22.7246929]]]}},{"type":"Feature","id":"way/1050721592","properties":{"osm_id":1050721592,"osm_type":"way","building":"residential","name":null,"addr_housenumber":null,"addr_street":null,"raw_height":null,"building_levels":null,"raw_min_height":null,"roof_levels":null,"height_m":10,"min_height_m":0,"height_source":"building_type_default","default_height_rule":"residential","confidence":"low"},"geometry":{"type":"Polygon","coordinates":[[[120.2826517,22.7247154],[120.2825889,22.7246929],[120.2825452,22.7247964],[120.282608,22.724819],[120.2826517,22.7247154]]]}},{"type":"Feature","id":"way/1050721593","properties":{"osm_id":1050721593,"osm_type":"way","building":"residential","name":null,"addr_housenumber":null,"addr_street":null,"raw_height":null,"building_levels":null,"raw_min_height":null,"roof_levels":null,"height_m":10,"min_height_m":0,"height_source":"building_type_default","default_height_rule":"residential","confidence":"low"},"geometry":{"type":"Polygon","coordinates":[[[120.2827146,22.724738],[120.2826517,22.7247154],[120.282608,22.724819],[120.2826709,22.7248416],[120.2827146,22.724738]]]}},{"type":"Feature","id":"way/1050721594","properties":{"osm_id":1050721594,"osm_type":"way","building":"residential","name":null,"addr_housenumber":null,"addr_street":null,"raw_height":null,"building_levels":null,"raw_min_height":null,"roof_levels":null,"height_m":10,"min_height_m":0,"height_source":"building_type_default","default_height_rule":"residential","confidence":"low"},"geometry":{"type":"Polygon","coordinates":[[[120.2827775,22.7247606],[120.2827146,22.724738],[120.2826709,22.7248416],[120.2827338,22.7248642],[120.2827775,22.7247606]]]}},{"type":"Feature","id":"way/1050721595","properties":{"osm_id":1050721595,"osm_type":"way","building":"residential","name":null,"addr_housenumber":null,"addr_street":null,"raw_height":null,"building_levels":null,"raw_min_height":null,"roof_levels":null,"height_m":10,"min_height_m":0,"height_source":"building_type_default","default_height_rule":"residential","confidence":"low"},"geometry":{"type":"Polygon","coordinates":[[[120.2829337,22.724776],[120.282876,22.7248985],[120.2830752,22.7249783],[120.2831329,22.7248558],[120.2829337,22.724776]]]}},{"type":"Feature","id":"way/1050721596","properties":{"osm_id":1050721596,"osm_type":"way","building":"residential","name":null,"addr_housenumber":null,"addr_street":null,"raw_height":null,"building_levels":null,"raw_min_height":null,"roof_levels":null,"height_m":10,"min_height_m":0,"height_source":"building_type_default","default_height_rule":"residential","confidence":"low"},"geometry":{"type":"Polygon","coordinates":[[[120.2811413,22.7253146],[120.2811109,22.7253706],[120.2812612,22.7254401],[120.2812916,22.7253841],[120.2811413,22.7253146]]]}},{"type":"Feature","id":"way/1050721597","properties":{"osm_id":1050721597,"osm_type":"way","building":"residential","name":null,"addr_housenumber":null,"addr_street":null,"raw_height":null,"building_levels":null,"raw_min_height":null,"roof_levels":null,"height_m":10,"min_height_m":0,"height_source":"building_type_default","default_height_rule":"residential","confidence":"low"},"geometry":{"type":"Polygon","coordinates":[[[120.2827753,22.7252197],[120.2826858,22.7254329],[120.2828452,22.7254897],[120.2829346,22.7252765],[120.2827753,22.7252197]]]}},{"type":"Feature","id":"way/1050721598","properties":{"osm_id":1050721598,"osm_type":"way","building":"residential","name":null,"addr_housenumber":null,"addr_street":null,"raw_height":null,"building_levels":null,"raw_min_height":null,"roof_levels":null,"height_m":10,"min_height_m":0,"height_source":"building_type_default","default_height_rule":"residential","confidence":"low"},"geometry":{"type":"Polygon","coordinates":[[[120.2831899,22.7251997],[120.2831242,22.7253334],[120.2832603,22.7253903],[120.283326,22.7252566],[120.2831899,22.7251997]]]}},{"type":"Feature","id":"way/1050721599","properties":{"osm_id":1050721599,"osm_type":"way","building":"residential","name":null,"addr_housenumber":null,"addr_street":null,"raw_height":null,"building_levels":null,"raw_min_height":null,"roof_levels":null,"height_m":10,"min_height_m":0,"height_source":"building_type_default","default_height_rule":"residential","confidence":"low"},"geometry":{"type":"Polygon","coordinates":[[[120.283202,22.725118],[120.2831877,22.7251489],[120.2833145,22.725199],[120.2833288,22.7251681],[120.283202,22.725118]]]}},{"type":"Feature","id":"way/1050721600","properties":{"osm_id":1050721600,"osm_type":"way","building":"residential","name":null,"addr_housenumber":null,"addr_street":null,"raw_height":null,"building_levels":null,"raw_min_height":null,"roof_levels":null,"height_m":10,"min_height_m":0,"height_source":"building_type_default","default_height_rule":"residential","confidence":"low"},"geometry":{"type":"Polygon","coordinates":[[[120.283345,22.7251333],[120.2832182,22.7250832],[120.283202,22.725118],[120.2833288,22.7251681],[120.283345,22.7251333]]]}},{"type":"Feature","id":"way/1050721601","properties":{"osm_id":1050721601,"osm_type":"way","building":"residential","name":null,"addr_housenumber":null,"addr_street":null,"raw_height":null,"building_levels":null,"raw_min_height":null,"roof_levels":null,"height_m":10,"min_height_m":0,"height_source":"building_type_default","default_height_rule":"residential","confidence":"low"},"geometry":{"type":"Polygon","coordinates":[[[120.2832328,22.7250519],[120.2832182,22.7250832],[120.283345,22.7251333],[120.2833595,22.725102],[120.2832328,22.7250519]]]}},{"type":"Feature","id":"way/1050721602","properties":{"osm_id":1050721602,"osm_type":"way","building":"residential","name":null,"addr_housenumber":null,"addr_street":null,"raw_height":null,"building_levels":null,"raw_min_height":null,"roof_levels":null,"height_m":10,"min_height_m":0,"height_source":"building_type_default","default_height_rule":"residential","confidence":"low"},"geometry":{"type":"Polygon","coordinates":[[[120.282882,22.7250776],[120.2828509,22.7251461],[120.2829794,22.7251956],[120.2830105,22.725127],[120.282882,22.7250776]]]}},{"type":"Feature","id":"way/1050721603","properties":{"osm_id":1050721603,"osm_type":"way","building":"residential","name":null,"addr_housenumber":null,"addr_street":null,"raw_height":null,"building_levels":null,"raw_min_height":null,"roof_levels":null,"height_m":10,"min_height_m":0,"height_source":"building_type_default","default_height_rule":"residential","confidence":"low"},"geometry":{"type":"Polygon","coordinates":[[[120.2828625,22.7249875],[120.2828339,22.7250495],[120.2830197,22.7251225],[120.2830484,22.7250605],[120.2828625,22.7249875]]]}},{"type":"Feature","id":"way/1059635533","properties":{"osm_id":1059635533,"osm_type":"way","building":"apartments","name":null,"addr_housenumber":null,"addr_street":null,"raw_height":null,"building_levels":null,"raw_min_height":null,"roof_levels":null,"height_m":10,"min_height_m":0,"height_source":"building_type_default","default_height_rule":"apartments","confidence":"low"},"geometry":{"type":"Polygon","coordinates":[[[120.3320149,22.7301709],[120.3321987,22.7302682],[120.332255,22.7301778],[120.3321885,22.7301425],[120.3322482,22.7300466],[120.3321309,22.7299845],[120.3320149,22.7301709]]]}},{"type":"Feature","id":"way/1059635534","properties":{"osm_id":1059635534,"osm_type":"way","building":"apartments","name":null,"addr_housenumber":null,"addr_street":null,"raw_height":null,"building_levels":null,"raw_min_height":null,"roof_levels":null,"height_m":10,"min_height_m":0,"height_source":"building_type_default","default_height_rule":"apartments","confidence":"low"},"geometry":{"type":"Polygon","coordinates":[[[120.3322604,22.729968],[120.3323846,22.730034],[120.3324206,22.7299765],[120.3325776,22.73006],[120.3326347,22.7299687],[120.3323535,22.7298191],[120.3322604,22.729968]]]}},{"type":"Feature","id":"way/1059635535","properties":{"osm_id":1059635535,"osm_type":"way","building":"apartments","name":null,"addr_housenumber":null,"addr_street":null,"raw_height":null,"building_levels":null,"raw_min_height":null,"roof_levels":null,"height_m":10,"min_height_m":0,"height_source":"building_type_default","default_height_rule":"apartments","confidence":"low"},"geometry":{"type":"Polygon","coordinates":[[[120.3323418,22.7302237],[120.3324426,22.7302771],[120.3325776,22.73006],[120.332477,22.7300065],[120.3323418,22.7302237]]]}},{"type":"Feature","id":"way/1059635536","properties":{"osm_id":1059635536,"osm_type":"way","building":"apartments","name":null,"addr_housenumber":null,"addr_street":null,"raw_height":null,"building_levels":null,"raw_min_height":null,"roof_levels":null,"height_m":10,"min_height_m":0,"height_source":"building_type_default","default_height_rule":"apartments","confidence":"low"},"geometry":{"type":"Polygon","coordinates":[[[120.3321987,22.7302682],[120.3324163,22.7303834],[120.3324726,22.730293],[120.3324426,22.7302771],[120.3323418,22.7302237],[120.332255,22.7301778],[120.3321987,22.7302682]]]}},{"type":"Feature","id":"way/1059635537","properties":{"osm_id":1059635537,"osm_type":"way","building":"apartments","name":null,"addr_housenumber":null,"addr_street":null,"raw_height":null,"building_levels":null,"raw_min_height":null,"roof_levels":null,"height_m":10,"min_height_m":0,"height_source":"building_type_default","default_height_rule":"apartments","confidence":"low"},"geometry":{"type":"Polygon","coordinates":[[[120.3323114,22.7307438],[120.3322178,22.7308878],[120.3321241,22.7308361],[120.3322177,22.730692],[120.3323114,22.7307438]]]}},{"type":"Feature","id":"way/1059635538","properties":{"osm_id":1059635538,"osm_type":"way","building":"apartments","name":null,"addr_housenumber":null,"addr_street":null,"raw_height":null,"building_levels":null,"raw_min_height":null,"roof_levels":null,"height_m":10,"min_height_m":0,"height_source":"building_type_default","default_height_rule":"apartments","confidence":"low"},"geometry":{"type":"Polygon","coordinates":[[[120.3322177,22.730692],[120.3322637,22.7306211],[120.3321687,22.7305686],[120.3322168,22.7304945],[120.3324055,22.7305988],[120.3323114,22.7307438],[120.3322177,22.730692]]]}},{"type":"Feature","id":"way/1059635539","properties":{"osm_id":1059635539,"osm_type":"way","building":"apartments","name":null,"addr_housenumber":null,"addr_street":null,"raw_height":null,"building_levels":null,"raw_min_height":null,"roof_levels":null,"height_m":10,"min_height_m":0,"height_source":"building_type_default","default_height_rule":"apartments","confidence":"low"},"geometry":{"type":"Polygon","coordinates":[[[120.3319915,22.7305621],[120.3320361,22.7305867],[120.3319366,22.73074],[120.3317859,22.7306568],[120.3318855,22.7305035],[120.3319915,22.7305621]]]}},{"type":"Feature","id":"way/1059635540","properties":{"osm_id":1059635540,"osm_type":"way","building":"apartments","name":null,"addr_housenumber":null,"addr_street":null,"raw_height":null,"building_levels":null,"raw_min_height":null,"roof_levels":null,"height_m":10,"min_height_m":0,"height_source":"building_type_default","default_height_rule":"apartments","confidence":"low"},"geometry":{"type":"Polygon","coordinates":[[[120.3321687,22.7305686],[120.3320351,22.7304948],[120.3319915,22.7305621],[120.3318855,22.7305035],[120.3319772,22.7303622],[120.3322168,22.7304945],[120.3321687,22.7305686]]]}},{"type":"Feature","id":"way/1059635541","properties":{"osm_id":1059635541,"osm_type":"way","building":"apartments","name":null,"addr_housenumber":null,"addr_street":null,"raw_height":null,"building_levels":null,"raw_min_height":null,"roof_levels":null,"height_m":10,"min_height_m":0,"height_source":"building_type_default","default_height_rule":"apartments","confidence":"low"},"geometry":{"type":"Polygon","coordinates":[[[120.3308323,22.7297901],[120.3305779,22.7296623],[120.3304556,22.7298695],[120.330588,22.729936],[120.3306471,22.7298359],[120.3307691,22.7298972],[120.3308323,22.7297901]]]}},{"type":"Feature","id":"way/1059635542","properties":{"osm_id":1059635542,"osm_type":"way","building":"apartments","name":null,"addr_housenumber":null,"addr_street":null,"raw_height":null,"building_levels":null,"raw_min_height":null,"roof_levels":null,"height_m":10,"min_height_m":0,"height_source":"building_type_default","default_height_rule":"apartments","confidence":"low"},"geometry":{"type":"Polygon","coordinates":[[[120.3307691,22.7298972],[120.330523,22.7303139],[120.3304938,22.7302992],[120.3304348,22.7303992],[120.3305614,22.7304628],[120.3309298,22.7298391],[120.3308323,22.7297901],[120.3307691,22.7298972]]]}},{"type":"Feature","id":"way/1059635543","properties":{"osm_id":1059635543,"osm_type":"way","building":"apartments","name":null,"addr_housenumber":null,"addr_street":null,"raw_height":null,"building_levels":null,"raw_min_height":null,"roof_levels":null,"height_m":10,"min_height_m":0,"height_source":"building_type_default","default_height_rule":"apartments","confidence":"low"},"geometry":{"type":"Polygon","coordinates":[[[120.3304938,22.7302992],[120.3304413,22.7302728],[120.3304586,22.7302436],[120.3304142,22.7302213],[120.3304638,22.7301374],[120.3303491,22.7300797],[120.3302934,22.730174],[120.3303243,22.7301896],[120.3302541,22.7303085],[120.3304348,22.7303992],[120.3304938,22.7302992]]]}},{"type":"Feature","id":"way/1059635598","properties":{"osm_id":1059635598,"osm_type":"way","building":"apartments","name":null,"addr_housenumber":null,"addr_street":null,"raw_height":null,"building_levels":null,"raw_min_height":null,"roof_levels":null,"height_m":10,"min_height_m":0,"height_source":"building_type_default","default_height_rule":"apartments","confidence":"low"},"geometry":{"type":"Polygon","coordinates":[[[120.3308862,22.7322887],[120.3308347,22.732334],[120.3308499,22.7323487],[120.330796,22.732396],[120.3308196,22.7324189],[120.3307643,22.7324675],[120.3308878,22.7325871],[120.3310485,22.7324458],[120.3308862,22.7322887]]]}},{"type":"Feature","id":"way/1059635599","properties":{"osm_id":1059635599,"osm_type":"way","building":"apartments","name":null,"addr_housenumber":null,"addr_street":null,"raw_height":null,"building_levels":null,"raw_min_height":null,"roof_levels":null,"height_m":10,"min_height_m":0,"height_source":"building_type_default","default_height_rule":"apartments","confidence":"low"},"geometry":{"type":"Polygon","coordinates":[[[120.3312349,22.732546],[120.3313987,22.7323972],[120.3310129,22.7320358],[120.3309325,22.7321088],[120.330971,22.7321449],[120.3308876,22.7322207],[120.3312349,22.732546]]]}},{"type":"Feature","id":"way/1059635600","properties":{"osm_id":1059635600,"osm_type":"way","building":"apartments","name":null,"addr_housenumber":null,"addr_street":null,"raw_height":null,"building_levels":null,"raw_min_height":null,"roof_levels":null,"height_m":10,"min_height_m":0,"height_source":"building_type_default","default_height_rule":"apartments","confidence":"low"},"geometry":{"type":"Polygon","coordinates":[[[120.3311048,22.7327761],[120.3312501,22.7329106],[120.3316122,22.7325778],[120.3314669,22.7324434],[120.3311048,22.7327761]]]}},{"type":"Feature","id":"way/1059635601","properties":{"osm_id":1059635601,"osm_type":"way","building":"apartments","name":null,"addr_housenumber":null,"addr_street":null,"raw_height":null,"building_levels":null,"raw_min_height":null,"roof_levels":null,"height_m":10,"min_height_m":0,"height_source":"building_type_default","default_height_rule":"apartments","confidence":"low"},"geometry":{"type":"Polygon","coordinates":[[[120.3307615,22.7325027],[120.3306422,22.7326051],[120.3311277,22.7330863],[120.331247,22.7329839],[120.3307615,22.7325027]]]}},{"type":"Feature","id":"way/1076286364","properties":{"osm_id":1076286364,"osm_type":"way","building":"yes","name":null,"addr_housenumber":null,"addr_street":null,"raw_height":null,"building_levels":null,"raw_min_height":null,"roof_levels":null,"height_m":9,"min_height_m":0,"height_source":"building_type_default","default_height_rule":"yes","confidence":"low"},"geometry":{"type":"Polygon","coordinates":[[[120.3063331,22.6968332],[120.3062996,22.6968002],[120.3062646,22.696831],[120.3063004,22.6968619],[120.3063331,22.6968332]]]}},{"type":"Feature","id":"way/1076814033","properties":{"osm_id":1076814033,"osm_type":"way","building":"yes","name":null,"addr_housenumber":null,"addr_street":null,"raw_height":null,"building_levels":null,"raw_min_height":null,"roof_levels":null,"height_m":9,"min_height_m":0,"height_source":"building_type_default","default_height_rule":"yes","confidence":"low"},"geometry":{"type":"Polygon","coordinates":[[[120.3100676,22.6984212],[120.310036,22.698444],[120.3100037,22.6984077],[120.3100251,22.6983913],[120.3100029,22.6983653],[120.3100467,22.6983321],[120.3100737,22.698364],[120.3100837,22.6983734],[120.3100682,22.6983844],[120.3100855,22.6984046],[120.3100676,22.6984212]]]}},{"type":"Feature","id":"way/1118823455","properties":{"osm_id":1118823455,"osm_type":"way","building":"yes","name":"高雄氣象站","addr_housenumber":"28","addr_street":"德民路","raw_height":null,"building_levels":null,"raw_min_height":null,"roof_levels":null,"height_m":9,"min_height_m":0,"height_source":"building_type_default","default_height_rule":"yes","confidence":"low"},"geometry":{"type":"Polygon","coordinates":[[[120.3124365,22.7305651],[120.3128335,22.7305651],[120.3128308,22.7306319],[120.3125653,22.7306393],[120.3125626,22.7307036],[120.3123829,22.7307011],[120.3123829,22.7306331],[120.3124365,22.7306319],[120.3124365,22.7305651]]]}},{"type":"Feature","id":"way/1145691640","properties":{"osm_id":1145691640,"osm_type":"way","building":"yes","name":"學生活動中心","addr_housenumber":null,"addr_street":null,"raw_height":null,"building_levels":null,"raw_min_height":null,"roof_levels":null,"height_m":9,"min_height_m":0,"height_source":"building_type_default","default_height_rule":"yes","confidence":"low"},"geometry":{"type":"Polygon","coordinates":[[[120.2810773,22.7321291],[120.2812867,22.7322368],[120.2817009,22.7323768],[120.2815552,22.7327042],[120.2811289,22.7325545],[120.2811471,22.7324999],[120.2810834,22.7324677],[120.2810515,22.7325181],[120.2807465,22.7323334],[120.2809438,22.7320521],[120.2810652,22.7321389],[120.2810773,22.7321291]]]}},{"type":"Feature","id":"way/1145691643","properties":{"osm_id":1145691643,"osm_type":"way","building":"yes","name":null,"addr_housenumber":null,"addr_street":null,"raw_height":null,"building_levels":null,"raw_min_height":null,"roof_levels":null,"height_m":9,"min_height_m":0,"height_source":"building_type_default","default_height_rule":"yes","confidence":"low"},"geometry":{"type":"Polygon","coordinates":[[[120.2784259,22.7364565],[120.2783485,22.7362242],[120.2784366,22.7361906],[120.2784032,22.7360786],[120.2785352,22.7360464],[120.2784988,22.7359513],[120.2787916,22.7358617],[120.2788204,22.7359415],[120.2789737,22.7358953],[120.2790283,22.7360674],[120.2789008,22.7361052],[120.2789464,22.7362214],[120.2788386,22.7362494],[120.2788705,22.7363361],[120.2784259,22.7364565]]]}},{"type":"Feature","id":"way/1162440260","properties":{"osm_id":1162440260,"osm_type":"way","building":"residential","name":null,"addr_housenumber":null,"addr_street":null,"raw_height":null,"building_levels":null,"raw_min_height":null,"roof_levels":null,"height_m":10,"min_height_m":0,"height_source":"building_type_default","default_height_rule":"residential","confidence":"low"},"geometry":{"type":"Polygon","coordinates":[[[120.2761801,22.731955],[120.2762101,22.731974],[120.2759611,22.7323066],[120.2757111,22.7321474],[120.2757385,22.7321108],[120.2758727,22.7321962],[120.2760556,22.7319519],[120.275993,22.7319121],[120.2760603,22.7318221],[120.2762088,22.7319167],[120.2761801,22.731955]]]}},{"type":"Feature","id":"way/1184374154","properties":{"osm_id":1184374154,"osm_type":"way","building":"apartments","name":null,"addr_housenumber":null,"addr_street":null,"raw_height":null,"building_levels":null,"raw_min_height":null,"roof_levels":null,"height_m":10,"min_height_m":0,"height_source":"building_type_default","default_height_rule":"apartments","confidence":"low"},"geometry":{"type":"Polygon","coordinates":[[[120.3228639,22.7286221],[120.3231326,22.7288512],[120.3232713,22.7287128],[120.3231922,22.7286454],[120.3231567,22.7286809],[120.3230598,22.7285983],[120.3231021,22.728556],[120.3230093,22.7284769],[120.3228639,22.7286221]]]}},{"type":"Feature","id":"way/1184374155","properties":{"osm_id":1184374155,"osm_type":"way","building":"apartments","name":null,"addr_housenumber":null,"addr_street":null,"raw_height":null,"building_levels":null,"raw_min_height":null,"roof_levels":null,"height_m":10,"min_height_m":0,"height_source":"building_type_default","default_height_rule":"apartments","confidence":"low"},"geometry":{"type":"Polygon","coordinates":[[[120.3208363,22.7270661],[120.320763,22.72714],[120.3210805,22.7274081],[120.3211538,22.7273342],[120.3208363,22.7270661]]]}},{"type":"Feature","id":"way/1184374156","properties":{"osm_id":1184374156,"osm_type":"way","building":"apartments","name":null,"addr_housenumber":null,"addr_street":null,"raw_height":null,"building_levels":null,"raw_min_height":null,"roof_levels":null,"height_m":10,"min_height_m":0,"height_source":"building_type_default","default_height_rule":"apartments","confidence":"low"},"geometry":{"type":"Polygon","coordinates":[[[120.3207202,22.7271407],[120.3206468,22.7272146],[120.320982,22.7274976],[120.3210553,22.7274237],[120.3207202,22.7271407]]]}},{"type":"Feature","id":"way/1184374157","properties":{"osm_id":1184374157,"osm_type":"way","building":"apartments","name":null,"addr_housenumber":null,"addr_street":null,"raw_height":null,"building_levels":null,"raw_min_height":null,"roof_levels":null,"height_m":10,"min_height_m":0,"height_source":"building_type_default","default_height_rule":"apartments","confidence":"low"},"geometry":{"type":"Polygon","coordinates":[[[120.3209426,22.7269271],[120.3209715,22.7270764],[120.3211735,22.7270432],[120.3211446,22.7268938],[120.3209426,22.7269271]]]}},{"type":"Feature","id":"way/1184374158","properties":{"osm_id":1184374158,"osm_type":"way","building":"apartments","name":null,"addr_housenumber":null,"addr_street":null,"raw_height":null,"building_levels":null,"raw_min_height":null,"roof_levels":null,"height_m":10,"min_height_m":0,"height_source":"building_type_default","default_height_rule":"apartments","confidence":"low"},"geometry":{"type":"Polygon","coordinates":[[[120.3211564,22.7278875],[120.321091,22.7278322],[120.3210449,22.7278786],[120.3209714,22.7278165],[120.3208989,22.7278895],[120.3210711,22.7280349],[120.3211152,22.7279905],[120.3211564,22.7278875]]]}},{"type":"Feature","id":"way/1184374159","properties":{"osm_id":1184374159,"osm_type":"way","building":"apartments","name":null,"addr_housenumber":null,"addr_street":null,"raw_height":null,"building_levels":null,"raw_min_height":null,"roof_levels":null,"height_m":10,"min_height_m":0,"height_source":"building_type_default","default_height_rule":"apartments","confidence":"low"},"geometry":{"type":"Polygon","coordinates":[[[120.3205419,22.7274534],[120.3203987,22.7273323],[120.3203261,22.7274053],[120.3204693,22.7275264],[120.3205419,22.7274534]]]}},{"type":"Feature","id":"way/1184374160","properties":{"osm_id":1184374160,"osm_type":"way","building":"apartments","name":null,"addr_housenumber":null,"addr_street":null,"raw_height":null,"building_levels":null,"raw_min_height":null,"roof_levels":null,"height_m":10,"min_height_m":0,"height_source":"building_type_default","default_height_rule":"apartments","confidence":"low"},"geometry":{"type":"Polygon","coordinates":[[[120.320685,22.7275744],[120.3205419,22.7274534],[120.3204693,22.7275264],[120.3206125,22.7276474],[120.320685,22.7275744]]]}},{"type":"Feature","id":"way/1184374161","properties":{"osm_id":1184374161,"osm_type":"way","building":"apartments","name":null,"addr_housenumber":null,"addr_street":null,"raw_height":null,"building_levels":null,"raw_min_height":null,"roof_levels":null,"height_m":10,"min_height_m":0,"height_source":"building_type_default","default_height_rule":"apartments","confidence":"low"},"geometry":{"type":"Polygon","coordinates":[[[120.3208282,22.7276954],[120.320685,22.7275744],[120.3206125,22.7276474],[120.3207557,22.7277684],[120.3208282,22.7276954]]]}},{"type":"Feature","id":"way/1184374162","properties":{"osm_id":1184374162,"osm_type":"way","building":"apartments","name":null,"addr_housenumber":null,"addr_street":null,"raw_height":null,"building_levels":null,"raw_min_height":null,"roof_levels":null,"height_m":10,"min_height_m":0,"height_source":"building_type_default","default_height_rule":"apartments","confidence":"low"},"geometry":{"type":"Polygon","coordinates":[[[120.3209714,22.7278165],[120.3208282,22.7276954],[120.3207557,22.7277684],[120.3208989,22.7278895],[120.3209714,22.7278165]]]}},{"type":"Feature","id":"way/1191876442","properties":{"osm_id":1191876442,"osm_type":"way","building":"residential","name":null,"addr_housenumber":null,"addr_street":null,"raw_height":null,"building_levels":null,"raw_min_height":null,"roof_levels":null,"height_m":10,"min_height_m":0,"height_source":"building_type_default","default_height_rule":"residential","confidence":"low"},"geometry":{"type":"Polygon","coordinates":[[[120.3309761,22.7511407],[120.3309672,22.751464],[120.3313387,22.7514727],[120.3313476,22.7511494],[120.3309761,22.7511407]]]}},{"type":"Feature","id":"way/1191876443","properties":{"osm_id":1191876443,"osm_type":"way","building":"apartments","name":null,"addr_housenumber":null,"addr_street":null,"raw_height":null,"building_levels":null,"raw_min_height":null,"roof_levels":null,"height_m":10,"min_height_m":0,"height_source":"building_type_default","default_height_rule":"apartments","confidence":"low"},"geometry":{"type":"Polygon","coordinates":[[[120.3301889,22.7508229],[120.3301838,22.7510748],[120.3305418,22.751081],[120.3305469,22.750829],[120.3301889,22.7508229]]]}},{"type":"Feature","id":"way/1209978758","properties":{"osm_id":1209978758,"osm_type":"way","building":"yes","name":"真耶穌教會莒光教會","addr_housenumber":"14","addr_street":"榮新街","raw_height":null,"building_levels":null,"raw_min_height":null,"roof_levels":null,"height_m":9,"min_height_m":0,"height_source":"building_type_default","default_height_rule":"yes","confidence":"low"},"geometry":{"type":"Polygon","coordinates":[[[120.2974254,22.7145789],[120.2974919,22.7144761],[120.2977357,22.7146682],[120.2976467,22.7147508],[120.2975595,22.7146754],[120.2975407,22.7147038],[120.2973785,22.7146444],[120.2974254,22.7145789]]]}},{"type":"Feature","id":"way/1212763526","properties":{"osm_id":1212763526,"osm_type":"way","building":"yes","name":null,"addr_housenumber":null,"addr_street":null,"raw_height":null,"building_levels":null,"raw_min_height":null,"roof_levels":null,"height_m":9,"min_height_m":0,"height_source":"building_type_default","default_height_rule":"yes","confidence":"low"},"geometry":{"type":"Polygon","coordinates":[[[120.286198,22.7248159],[120.286403,22.7248668],[120.286707,22.7238242],[120.2865022,22.7237733],[120.286198,22.7248159]]]}},{"type":"Feature","id":"way/1214772487","properties":{"osm_id":1214772487,"osm_type":"way","building":"house","name":null,"addr_housenumber":null,"addr_street":null,"raw_height":null,"building_levels":null,"raw_min_height":null,"roof_levels":null,"height_m":10,"min_height_m":0,"height_source":"building_type_default","default_height_rule":"house","confidence":"low"},"geometry":{"type":"Polygon","coordinates":[[[120.279622,22.7255271],[120.2796587,22.7253689],[120.2797857,22.7253939],[120.2797637,22.7254887],[120.2797175,22.7254901],[120.2797098,22.7255214],[120.279622,22.7255271]]]}},{"type":"Feature","id":"way/1267071393","properties":{"osm_id":1267071393,"osm_type":"way","building":"house","name":null,"addr_housenumber":null,"addr_street":null,"raw_height":null,"building_levels":null,"raw_min_height":null,"roof_levels":null,"height_m":10,"min_height_m":0,"height_source":"building_type_default","default_height_rule":"house","confidence":"low"},"geometry":{"type":"Polygon","coordinates":[[[120.3127549,22.724906],[120.3133116,22.7247427],[120.3133524,22.7246218],[120.3127187,22.7247951],[120.3127549,22.724906]]]}},{"type":"Feature","id":"way/1267071394","properties":{"osm_id":1267071394,"osm_type":"way","building":"industrial","name":null,"addr_housenumber":null,"addr_street":null,"raw_height":null,"building_levels":null,"raw_min_height":null,"roof_levels":null,"height_m":9,"min_height_m":0,"height_source":"building_type_default","default_height_rule":"industrial","confidence":"low"},"geometry":{"type":"Polygon","coordinates":[[[120.3106739,22.7257618],[120.3108457,22.7259017],[120.3110719,22.7256826],[120.3109087,22.7255373],[120.3106739,22.7257618]]]}},{"type":"Feature","id":"way/1267071395","properties":{"osm_id":1267071395,"osm_type":"way","building":"apartments","name":null,"addr_housenumber":null,"addr_street":null,"raw_height":null,"building_levels":null,"raw_min_height":null,"roof_levels":null,"height_m":10,"min_height_m":0,"height_source":"building_type_default","default_height_rule":"apartments","confidence":"low"},"geometry":{"type":"Polygon","coordinates":[[[120.3097009,22.7268195],[120.3098179,22.7266205],[120.3098486,22.7266363],[120.310207,22.72679],[120.3100926,22.7269847],[120.3097009,22.7268195]]]}},{"type":"Feature","id":"way/1267072256","properties":{"osm_id":1267072256,"osm_type":"way","building":"apartments","name":null,"addr_housenumber":null,"addr_street":null,"raw_height":null,"building_levels":null,"raw_min_height":null,"roof_levels":null,"height_m":10,"min_height_m":0,"height_source":"building_type_default","default_height_rule":"apartments","confidence":"low"},"geometry":{"type":"Polygon","coordinates":[[[120.3093669,22.726668],[120.3094921,22.7264595],[120.3097896,22.7266005],[120.3096752,22.7267952],[120.3093669,22.726668]]]}},{"type":"Feature","id":"way/1284858678","properties":{"osm_id":1284858678,"osm_type":"way","building":"yes","name":"主幼商場","addr_housenumber":"353","addr_street":"藍田路","raw_height":null,"building_levels":null,"raw_min_height":null,"roof_levels":null,"height_m":9,"min_height_m":0,"height_source":"building_type_default","default_height_rule":"yes","confidence":"low"},"geometry":{"type":"Polygon","coordinates":[[[120.2904483,22.7271998],[120.2906062,22.7271742],[120.2905264,22.7267553],[120.2903684,22.7267809],[120.2904483,22.7271998]]]}},{"type":"Feature","id":"way/1284859979","properties":{"osm_id":1284859979,"osm_type":"way","building":"yes","name":"小時厚牛排","addr_housenumber":"68","addr_street":"土庫路","raw_height":null,"building_levels":null,"raw_min_height":null,"roof_levels":null,"height_m":9,"min_height_m":0,"height_source":"building_type_default","default_height_rule":"yes","confidence":"low"},"geometry":{"type":"Polygon","coordinates":[[[120.3319647,22.7371252],[120.3321219,22.7370743],[120.3320922,22.7369962],[120.331935,22.7370471],[120.3319647,22.7371252]]]}},{"type":"Feature","id":"way/1286255607","properties":{"osm_id":1286255607,"osm_type":"way","building":"industrial","name":"TSMC Fab22 P1","addr_housenumber":null,"addr_street":null,"raw_height":null,"building_levels":null,"raw_min_height":null,"roof_levels":null,"height_m":9,"min_height_m":0,"height_source":"building_type_default","default_height_rule":"industrial","confidence":"low"},"geometry":{"type":"Polygon","coordinates":[[[120.3095385,22.708868],[120.3114414,22.7100244],[120.3126508,22.708331],[120.3107479,22.7071745],[120.3095385,22.708868]]]}},{"type":"Feature","id":"way/1288037997","properties":{"osm_id":1288037997,"osm_type":"way","building":"yes","name":"藏壽司","addr_housenumber":"267","addr_street":"藍田路","raw_height":null,"building_levels":null,"raw_min_height":null,"roof_levels":null,"height_m":9,"min_height_m":0,"height_source":"building_type_default","default_height_rule":"yes","confidence":"low"},"geometry":{"type":"Polygon","coordinates":[[[120.293152,22.7267742],[120.2930962,22.7264896],[120.2932564,22.7264629],[120.2933121,22.7267476],[120.293152,22.7267742]]]}},{"type":"Feature","id":"way/1290261144","properties":{"osm_id":1290261144,"osm_type":"way","building":"industrial","name":"Fab22 P1 CUP","addr_housenumber":null,"addr_street":null,"raw_height":null,"building_levels":null,"raw_min_height":null,"roof_levels":null,"height_m":9,"min_height_m":0,"height_source":"building_type_default","default_height_rule":"industrial","confidence":"low"},"geometry":{"type":"Polygon","coordinates":[[[120.3109336,22.7069876],[120.3115572,22.7073606],[120.3115091,22.707429],[120.3117553,22.7075763],[120.3120925,22.7070964],[120.3112228,22.7065762],[120.3109336,22.7069876]]]}},{"type":"Feature","id":"way/1318077663","properties":{"osm_id":1318077663,"osm_type":"way","building":"yes","name":null,"addr_housenumber":null,"addr_street":null,"raw_height":null,"building_levels":null,"raw_min_height":null,"roof_levels":null,"height_m":9,"min_height_m":0,"height_source":"building_type_default","default_height_rule":"yes","confidence":"low"},"geometry":{"type":"Polygon","coordinates":[[[120.3283795,22.7503982],[120.328369,22.7505696],[120.328465,22.7505797],[120.3284746,22.7504878],[120.3284836,22.7504067],[120.3283795,22.7503982]]]}},{"type":"Feature","id":"way/1318077988","properties":{"osm_id":1318077988,"osm_type":"way","building":"yes","name":"7-Eleven","addr_housenumber":"615","addr_street":"創新路","raw_height":null,"building_levels":null,"raw_min_height":null,"roof_levels":null,"height_m":9,"min_height_m":0,"height_source":"building_type_default","default_height_rule":"yes","confidence":"low"},"geometry":{"type":"Polygon","coordinates":[[[120.3302755,22.7472663],[120.3304881,22.7471427],[120.3304286,22.747057],[120.3303787,22.746985],[120.3302842,22.7470405],[120.3301707,22.7471072],[120.3302189,22.7471804],[120.3302755,22.7472663]]]}},{"type":"Feature","id":"way/1318078136","properties":{"osm_id":1318078136,"osm_type":"way","building":"temple","name":null,"addr_housenumber":null,"addr_street":null,"raw_height":null,"building_levels":null,"raw_min_height":null,"roof_levels":null,"height_m":14,"min_height_m":0,"height_source":"building_type_default","default_height_rule":"temple","confidence":"low"},"geometry":{"type":"Polygon","coordinates":[[[120.3295963,22.7486803],[120.3295388,22.7486887],[120.3295258,22.7486525],[120.3294892,22.7486747],[120.3295095,22.7488686],[120.3295823,22.7488589],[120.3295808,22.7488328],[120.3296244,22.7488302],[120.3295963,22.7486803]]]}},{"type":"Feature","id":"way/1319022953","properties":{"osm_id":1319022953,"osm_type":"way","building":"yes","name":null,"addr_housenumber":null,"addr_street":null,"raw_height":null,"building_levels":null,"raw_min_height":null,"roof_levels":null,"height_m":9,"min_height_m":0,"height_source":"building_type_default","default_height_rule":"yes","confidence":"low"},"geometry":{"type":"Polygon","coordinates":[[[120.3282502,22.7496669],[120.3281293,22.7496611],[120.3281177,22.7498667],[120.3282386,22.7498725],[120.3282502,22.7496669]]]}},{"type":"Feature","id":"way/1319620122","properties":{"osm_id":1319620122,"osm_type":"way","building":"yes","name":"台灣創價學會創價美術館","addr_housenumber":"1","addr_street":"金富街","raw_height":null,"building_levels":null,"raw_min_height":null,"roof_levels":null,"height_m":9,"min_height_m":0,"height_source":"building_type_default","default_height_rule":"yes","confidence":"low"},"geometry":{"type":"Polygon","coordinates":[[[120.319291,22.7241705],[120.3193322,22.7241779],[120.3193577,22.7241648],[120.3193962,22.7242165],[120.3190928,22.7245678],[120.3188277,22.7243501],[120.3189161,22.7242123],[120.3190481,22.724059],[120.3191148,22.7240487],[120.319291,22.7241705]]]}},{"type":"Feature","id":"way/1324076977","properties":{"osm_id":1324076977,"osm_type":"way","building":"yes","name":"右昌新加坡大廈","addr_housenumber":null,"addr_street":null,"raw_height":null,"building_levels":null,"raw_min_height":null,"roof_levels":null,"height_m":9,"min_height_m":0,"height_source":"building_type_default","default_height_rule":"yes","confidence":"low"},"geometry":{"type":"Polygon","coordinates":[[[120.2848482,22.7093073],[120.2849118,22.7092353],[120.2852446,22.7094854],[120.2851811,22.7095573],[120.2848482,22.7093073]]]}},{"type":"Feature","id":"way/1324338099","properties":{"osm_id":1324338099,"osm_type":"way","building":"residential","name":"台灣別莊","addr_housenumber":null,"addr_street":"芎林六街","raw_height":null,"building_levels":"3","raw_min_height":null,"roof_levels":null,"height_m":9.6,"min_height_m":0,"height_source":"osm_levels_derived","default_height_rule":null,"confidence":"medium"},"geometry":{"type":"Polygon","coordinates":[[[120.3343101,22.7480228],[120.3343101,22.7479925],[120.3343523,22.7479931],[120.3343602,22.7477439],[120.3343393,22.7476986],[120.3340504,22.747584],[120.3340365,22.7479869],[120.3342048,22.7479906],[120.3342028,22.7480172],[120.3343101,22.7480228]]]}},{"type":"Feature","id":"way/1324338100","properties":{"osm_id":1324338100,"osm_type":"way","building":"residential","name":"台灣別莊","addr_housenumber":null,"addr_street":"芎林六街","raw_height":null,"building_levels":"3","raw_min_height":null,"roof_levels":null,"height_m":9.6,"min_height_m":0,"height_source":"osm_levels_derived","default_height_rule":null,"confidence":"medium"},"geometry":{"type":"Polygon","coordinates":[[[120.334335,22.7480293],[120.3342207,22.7480252],[120.334219,22.7480653],[120.3340447,22.7480589],[120.3340345,22.7482952],[120.3341997,22.7483012],[120.3341986,22.7483265],[120.3343221,22.748331],[120.334335,22.7480293]]]}},{"type":"Feature","id":"way/1324338101","properties":{"osm_id":1324338101,"osm_type":"way","building":"residential","name":"台灣別莊","addr_housenumber":null,"addr_street":"芎林六街","raw_height":null,"building_levels":"3","raw_min_height":null,"roof_levels":null,"height_m":9.6,"min_height_m":0,"height_source":"osm_levels_derived","default_height_rule":null,"confidence":"medium"},"geometry":{"type":"Polygon","coordinates":[[[120.3343035,22.7483834],[120.3341894,22.7483769],[120.3341872,22.748409],[120.3340193,22.7483994],[120.3340036,22.7486337],[120.3341765,22.7486436],[120.334174,22.7486811],[120.3342832,22.7486873],[120.3343035,22.7483834]]]}},{"type":"Feature","id":"way/1324338102","properties":{"osm_id":1324338102,"osm_type":"way","building":"residential","name":"台灣別莊","addr_housenumber":null,"addr_street":"芎林六街","raw_height":null,"building_levels":"3","raw_min_height":null,"roof_levels":null,"height_m":9.6,"min_height_m":0,"height_source":"osm_levels_derived","default_height_rule":null,"confidence":"medium"},"geometry":{"type":"Polygon","coordinates":[[[120.3342677,22.7487438],[120.3339808,22.7487332],[120.3339674,22.7490402],[120.3341478,22.7490469],[120.3341466,22.7490735],[120.3342531,22.7490775],[120.3342677,22.7487438]]]}},{"type":"Feature","id":"way/1324338827","properties":{"osm_id":1324338827,"osm_type":"way","building":"apartments","name":"高科技大學城","addr_housenumber":"151","addr_street":"芎蕉五街","raw_height":null,"building_levels":"6","raw_min_height":null,"roof_levels":null,"height_m":19.2,"min_height_m":0,"height_source":"osm_levels_derived","default_height_rule":null,"confidence":"medium"},"geometry":{"type":"Polygon","coordinates":[[[120.3335439,22.7485884],[120.333547,22.7484028],[120.3334031,22.7484008],[120.3334018,22.7484803],[120.3331558,22.7484769],[120.3331563,22.7484465],[120.3330319,22.7484448],[120.3330297,22.7485812],[120.3335439,22.7485884]]]}},{"type":"Feature","id":"way/1337981689","properties":{"osm_id":1337981689,"osm_type":"way","building":"office","name":null,"addr_housenumber":null,"addr_street":null,"raw_height":null,"building_levels":null,"raw_min_height":null,"roof_levels":null,"height_m":12,"min_height_m":0,"height_source":"building_type_default","default_height_rule":"office","confidence":"low"},"geometry":{"type":"Polygon","coordinates":[[[120.3074121,22.7049104],[120.3083107,22.7054454],[120.3083762,22.7053518],[120.3080356,22.705149],[120.3081728,22.7049529],[120.3086372,22.7052294],[120.3087271,22.7051009],[120.3077196,22.7045011],[120.3076287,22.7046311],[120.3080201,22.7048641],[120.3078819,22.7050616],[120.3074756,22.7048197],[120.3074121,22.7049104]]]}},{"type":"Feature","id":"way/1337981692","properties":{"osm_id":1337981692,"osm_type":"way","building":"office","name":"Fab22 Office","addr_housenumber":null,"addr_street":null,"raw_height":null,"building_levels":null,"raw_min_height":null,"roof_levels":null,"height_m":12,"min_height_m":0,"height_source":"building_type_default","default_height_rule":"office","confidence":"low"},"geometry":{"type":"Polygon","coordinates":[[[120.3109088,22.710274],[120.3121741,22.711033],[120.3124264,22.7106752],[120.3111611,22.7099161],[120.3109088,22.710274]]]}},{"type":"Feature","id":"way/1337981693","properties":{"osm_id":1337981693,"osm_type":"way","building":"industrial","name":"TSMC Fab22 P2","addr_housenumber":null,"addr_street":null,"raw_height":null,"building_levels":null,"raw_min_height":null,"roof_levels":null,"height_m":9,"min_height_m":0,"height_source":"building_type_default","default_height_rule":"industrial","confidence":"low"},"geometry":{"type":"Polygon","coordinates":[[[120.3117133,22.7101658],[120.3136162,22.7113222],[120.3148256,22.7096288],[120.3129227,22.7084723],[120.3117133,22.7101658]]]}},{"type":"Feature","id":"way/1340107774","properties":{"osm_id":1340107774,"osm_type":"way","building":"yes","name":null,"addr_housenumber":null,"addr_street":null,"raw_height":null,"building_levels":null,"raw_min_height":null,"roof_levels":null,"height_m":9,"min_height_m":0,"height_source":"building_type_default","default_height_rule":"yes","confidence":"low"},"geometry":{"type":"Polygon","coordinates":[[[120.273848,22.7287492],[120.2741481,22.7283303],[120.2737217,22.7280704],[120.2734216,22.7284894],[120.273848,22.7287492]]]}},{"type":"Feature","id":"way/1340107775","properties":{"osm_id":1340107775,"osm_type":"way","building":"yes","name":"全聯福利中心","addr_housenumber":"326","addr_street":"德中路","raw_height":null,"building_levels":null,"raw_min_height":null,"roof_levels":null,"height_m":9,"min_height_m":0,"height_source":"building_type_default","default_height_rule":"yes","confidence":"low"},"geometry":{"type":"Polygon","coordinates":[[[120.2749453,22.7271714],[120.2751489,22.7268794],[120.2753388,22.7269921],[120.2751351,22.7272841],[120.2749453,22.7271714]]]}},{"type":"Feature","id":"way/1340107777","properties":{"osm_id":1340107777,"osm_type":"way","building":"retail","name":"思夢樂","addr_housenumber":"328","addr_street":"德中路","raw_height":null,"building_levels":"1","raw_min_height":null,"roof_levels":null,"height_m":3.2,"min_height_m":0,"height_source":"osm_levels_derived","default_height_rule":null,"confidence":"medium"},"geometry":{"type":"Polygon","coordinates":[[[120.2747116,22.7270994],[120.2750696,22.7273209],[120.27492,22.7275267],[120.2745619,22.7273051],[120.2747116,22.7270994]]]}},{"type":"Feature","id":"way/1348417980","properties":{"osm_id":1348417980,"osm_type":"way","building":"school","name":null,"addr_housenumber":null,"addr_street":null,"raw_height":null,"building_levels":null,"raw_min_height":null,"roof_levels":null,"height_m":15,"min_height_m":0,"height_source":"building_type_default","default_height_rule":"school","confidence":"low"},"geometry":{"type":"Polygon","coordinates":[[[120.3265632,22.735813],[120.3271996,22.7360234],[120.3272496,22.7359176],[120.3272091,22.7358992],[120.3272401,22.7358462],[120.3276209,22.7359743],[120.3276515,22.7358785],[120.3272814,22.7357578],[120.327428,22.7353755],[120.3279976,22.7355612],[120.3280572,22.7354409],[120.3268271,22.7350311],[120.3267673,22.7351845],[120.3273287,22.7353705],[120.3273074,22.7354251],[120.327235,22.7354012],[120.3271078,22.7357277],[120.3271925,22.7357558],[120.3271459,22.7358753],[120.3266082,22.7356973],[120.3265632,22.735813]]]}},{"type":"Feature","id":"way/1361165985","properties":{"osm_id":1361165985,"osm_type":"way","building":"apartments","name":null,"addr_housenumber":null,"addr_street":null,"raw_height":null,"building_levels":null,"raw_min_height":null,"roof_levels":null,"height_m":10,"min_height_m":0,"height_source":"building_type_default","default_height_rule":"apartments","confidence":"low"},"geometry":{"type":"Polygon","coordinates":[[[120.3379078,22.7367385],[120.3378395,22.7365544],[120.3377307,22.7365888],[120.337799,22.7367728],[120.3379078,22.7367385]]]}},{"type":"Feature","id":"way/1361165986","properties":{"osm_id":1361165986,"osm_type":"way","building":"apartments","name":null,"addr_housenumber":null,"addr_street":null,"raw_height":null,"building_levels":null,"raw_min_height":null,"roof_levels":null,"height_m":10,"min_height_m":0,"height_source":"building_type_default","default_height_rule":"apartments","confidence":"low"},"geometry":{"type":"Polygon","coordinates":[[[120.3378395,22.7365544],[120.3377699,22.736367],[120.3376612,22.7364013],[120.3377307,22.7365888],[120.3378395,22.7365544]]]}},{"type":"Feature","id":"way/1361165987","properties":{"osm_id":1361165987,"osm_type":"way","building":"apartments","name":null,"addr_housenumber":null,"addr_street":null,"raw_height":null,"building_levels":null,"raw_min_height":null,"roof_levels":null,"height_m":10,"min_height_m":0,"height_source":"building_type_default","default_height_rule":"apartments","confidence":"low"},"geometry":{"type":"Polygon","coordinates":[[[120.337799,22.7367728],[120.33772,22.7367978],[120.3377654,22.7369202],[120.3379533,22.7368609],[120.3379078,22.7367385],[120.337799,22.7367728]]]}},{"type":"Feature","id":"way/1361165988","properties":{"osm_id":1361165988,"osm_type":"way","building":"apartments","name":null,"addr_housenumber":null,"addr_street":null,"raw_height":null,"building_levels":null,"raw_min_height":null,"roof_levels":null,"height_m":10,"min_height_m":0,"height_source":"building_type_default","default_height_rule":"apartments","confidence":"low"},"geometry":{"type":"Polygon","coordinates":[[[120.3373306,22.736541],[120.337368,22.7366448],[120.3374458,22.736621],[120.3375286,22.7368512],[120.337647,22.7368149],[120.3375269,22.7364809],[120.3373306,22.736541]]]}},{"type":"Feature","id":"way/1361165989","properties":{"osm_id":1361165989,"osm_type":"way","building":"apartments","name":null,"addr_housenumber":null,"addr_street":null,"raw_height":null,"building_levels":null,"raw_min_height":null,"roof_levels":null,"height_m":10,"min_height_m":0,"height_source":"building_type_default","default_height_rule":"apartments","confidence":"low"},"geometry":{"type":"Polygon","coordinates":[[[120.3383299,22.7364539],[120.3383697,22.7365702],[120.3385162,22.7365276],[120.3384765,22.7364113],[120.3383299,22.7364539]]]}},{"type":"Feature","id":"way/1361165990","properties":{"osm_id":1361165990,"osm_type":"way","building":"apartments","name":null,"addr_housenumber":null,"addr_street":null,"raw_height":null,"building_levels":null,"raw_min_height":null,"roof_levels":null,"height_m":10,"min_height_m":0,"height_source":"building_type_default","default_height_rule":"apartments","confidence":"low"},"geometry":{"type":"Polygon","coordinates":[[[120.338219,22.736614],[120.3383697,22.7365702],[120.3383299,22.7364539],[120.3381793,22.7364977],[120.338219,22.736614]]]}},{"type":"Feature","id":"way/1361165991","properties":{"osm_id":1361165991,"osm_type":"way","building":"apartments","name":null,"addr_housenumber":null,"addr_street":null,"raw_height":null,"building_levels":null,"raw_min_height":null,"roof_levels":null,"height_m":10,"min_height_m":0,"height_source":"building_type_default","default_height_rule":"apartments","confidence":"low"},"geometry":{"type":"Polygon","coordinates":[[[120.3380379,22.7364779],[120.3380966,22.7366496],[120.338219,22.736614],[120.3381793,22.7364977],[120.3381603,22.7364423],[120.3380379,22.7364779]]]}},{"type":"Feature","id":"way/1361165992","properties":{"osm_id":1361165992,"osm_type":"way","building":"apartments","name":null,"addr_housenumber":null,"addr_street":null,"raw_height":null,"building_levels":null,"raw_min_height":null,"roof_levels":null,"height_m":10,"min_height_m":0,"height_source":"building_type_default","default_height_rule":"apartments","confidence":"low"},"geometry":{"type":"Polygon","coordinates":[[[120.3379828,22.7363168],[120.3380379,22.7364779],[120.3381603,22.7364423],[120.3381052,22.7362812],[120.3379828,22.7363168]]]}},{"type":"Feature","id":"way/1361165993","properties":{"osm_id":1361165993,"osm_type":"way","building":"apartments","name":null,"addr_housenumber":null,"addr_street":null,"raw_height":null,"building_levels":null,"raw_min_height":null,"roof_levels":null,"height_m":10,"min_height_m":0,"height_source":"building_type_default","default_height_rule":"apartments","confidence":"low"},"geometry":{"type":"Polygon","coordinates":[[[120.3381735,22.7361535],[120.3379493,22.7362187],[120.3379828,22.7363168],[120.3381052,22.7362812],[120.338207,22.7362516],[120.3381735,22.7361535]]]}},{"type":"Feature","id":"way/1361165994","properties":{"osm_id":1361165994,"osm_type":"way","building":"apartments","name":null,"addr_housenumber":null,"addr_street":null,"raw_height":null,"building_levels":null,"raw_min_height":null,"roof_levels":null,"height_m":10,"min_height_m":0,"height_source":"building_type_default","default_height_rule":"apartments","confidence":"low"},"geometry":{"type":"Polygon","coordinates":[[[120.3380059,22.7360386],[120.3379721,22.735939],[120.3378564,22.7359725],[120.3378903,22.7360721],[120.3380059,22.7360386]]]}},{"type":"Feature","id":"way/1361165995","properties":{"osm_id":1361165995,"osm_type":"way","building":"apartments","name":null,"addr_housenumber":null,"addr_street":null,"raw_height":null,"building_levels":null,"raw_min_height":null,"roof_levels":null,"height_m":10,"min_height_m":0,"height_source":"building_type_default","default_height_rule":"apartments","confidence":"low"},"geometry":{"type":"Polygon","coordinates":[[[120.3378903,22.7360721],[120.3379238,22.7361704],[120.3381606,22.7361019],[120.3381271,22.7360035],[120.3380059,22.7360386],[120.3378903,22.7360721]]]}},{"type":"Feature","id":"way/1361165996","properties":{"osm_id":1361165996,"osm_type":"way","building":"apartments","name":null,"addr_housenumber":null,"addr_street":null,"raw_height":null,"building_levels":null,"raw_min_height":null,"roof_levels":null,"height_m":10,"min_height_m":0,"height_source":"building_type_default","default_height_rule":"apartments","confidence":"low"},"geometry":{"type":"Polygon","coordinates":[[[120.3379721,22.735939],[120.3379568,22.7358941],[120.3380062,22.7358798],[120.3379721,22.7357794],[120.337807,22.7358272],[120.3378564,22.7359725],[120.3379721,22.735939]]]}},{"type":"Feature","id":"way/1361165997","properties":{"osm_id":1361165997,"osm_type":"way","building":"apartments","name":null,"addr_housenumber":null,"addr_street":null,"raw_height":null,"building_levels":null,"raw_min_height":null,"roof_levels":null,"height_m":10,"min_height_m":0,"height_source":"building_type_default","default_height_rule":"apartments","confidence":"low"},"geometry":{"type":"Polygon","coordinates":[[[120.3381328,22.7357329],[120.3379721,22.7357794],[120.3380062,22.7358798],[120.338167,22.7358332],[120.3381328,22.7357329]]]}},{"type":"Feature","id":"way/1361165998","properties":{"osm_id":1361165998,"osm_type":"way","building":"apartments","name":null,"addr_housenumber":null,"addr_street":null,"raw_height":null,"building_levels":null,"raw_min_height":null,"roof_levels":null,"height_m":10,"min_height_m":0,"height_source":"building_type_default","default_height_rule":"apartments","confidence":"low"},"geometry":{"type":"Polygon","coordinates":[[[120.338167,22.7358332],[120.3383045,22.7357935],[120.3383257,22.7357873],[120.3382916,22.7356869],[120.3381328,22.7357329],[120.338167,22.7358332]]]}},{"type":"Feature","id":"way/1361165999","properties":{"osm_id":1361165999,"osm_type":"way","building":"apartments","name":null,"addr_housenumber":null,"addr_street":null,"raw_height":null,"building_levels":null,"raw_min_height":null,"roof_levels":null,"height_m":10,"min_height_m":0,"height_source":"building_type_default","default_height_rule":"apartments","confidence":"low"},"geometry":{"type":"Polygon","coordinates":[[[120.3383274,22.7358609],[120.3384497,22.7358255],[120.3383926,22.7356577],[120.3382916,22.7356869],[120.3383257,22.7357873],[120.3383045,22.7357935],[120.3383274,22.7358609]]]}},{"type":"Feature","id":"way/1361166000","properties":{"osm_id":1361166000,"osm_type":"way","building":"apartments","name":null,"addr_housenumber":null,"addr_street":null,"raw_height":null,"building_levels":null,"raw_min_height":null,"roof_levels":null,"height_m":10,"min_height_m":0,"height_source":"building_type_default","default_height_rule":"apartments","confidence":"low"},"geometry":{"type":"Polygon","coordinates":[[[120.338479,22.7363067],[120.3385296,22.7364553],[120.3386519,22.7364199],[120.3386014,22.7362713],[120.338479,22.7363067]]]}},{"type":"Feature","id":"way/1361166001","properties":{"osm_id":1361166001,"osm_type":"way","building":"apartments","name":null,"addr_housenumber":null,"addr_street":null,"raw_height":null,"building_levels":null,"raw_min_height":null,"roof_levels":null,"height_m":10,"min_height_m":0,"height_source":"building_type_default","default_height_rule":"apartments","confidence":"low"},"geometry":{"type":"Polygon","coordinates":[[[120.3384285,22.7361581],[120.338479,22.7363067],[120.3386014,22.7362713],[120.3385508,22.7361227],[120.3384285,22.7361581]]]}},{"type":"Feature","id":"way/1361166002","properties":{"osm_id":1361166002,"osm_type":"way","building":"apartments","name":null,"addr_housenumber":null,"addr_street":null,"raw_height":null,"building_levels":null,"raw_min_height":null,"roof_levels":null,"height_m":10,"min_height_m":0,"height_source":"building_type_default","default_height_rule":"apartments","confidence":"low"},"geometry":{"type":"Polygon","coordinates":[[[120.338378,22.7360095],[120.3384285,22.7361581],[120.3385508,22.7361227],[120.3385003,22.7359741],[120.338378,22.7360095]]]}},{"type":"Feature","id":"way/1361166003","properties":{"osm_id":1361166003,"osm_type":"way","building":"apartments","name":null,"addr_housenumber":null,"addr_street":null,"raw_height":null,"building_levels":null,"raw_min_height":null,"roof_levels":null,"height_m":10,"min_height_m":0,"height_source":"building_type_default","default_height_rule":"apartments","confidence":"low"},"geometry":{"type":"Polygon","coordinates":[[[120.3383274,22.7358609],[120.338378,22.7360095],[120.3385003,22.7359741],[120.3384497,22.7358255],[120.3383274,22.7358609]]]}},{"type":"Feature","id":"way/1361166004","properties":{"osm_id":1361166004,"osm_type":"way","building":"apartments","name":null,"addr_housenumber":null,"addr_street":null,"raw_height":null,"building_levels":null,"raw_min_height":null,"roof_levels":null,"height_m":10,"min_height_m":0,"height_source":"building_type_default","default_height_rule":"apartments","confidence":"low"},"geometry":{"type":"Polygon","coordinates":[[[120.338345,22.7366413],[120.3381687,22.7366819],[120.3381971,22.7367867],[120.3383734,22.736746],[120.338345,22.7366413]]]}},{"type":"Feature","id":"way/1361166005","properties":{"osm_id":1361166005,"osm_type":"way","building":"apartments","name":null,"addr_housenumber":null,"addr_street":null,"raw_height":null,"building_levels":null,"raw_min_height":null,"roof_levels":null,"height_m":10,"min_height_m":0,"height_source":"building_type_default","default_height_rule":"apartments","confidence":"low"},"geometry":{"type":"Polygon","coordinates":[[[120.3385212,22.7366006],[120.338345,22.7366413],[120.3383734,22.736746],[120.3385496,22.7367054],[120.3385212,22.7366006]]]}},{"type":"Feature","id":"way/1361166006","properties":{"osm_id":1361166006,"osm_type":"way","building":"apartments","name":null,"addr_housenumber":null,"addr_street":null,"raw_height":null,"building_levels":null,"raw_min_height":null,"roof_levels":null,"height_m":10,"min_height_m":0,"height_source":"building_type_default","default_height_rule":"apartments","confidence":"low"},"geometry":{"type":"Polygon","coordinates":[[[120.3386975,22.73656],[120.3385212,22.7366006],[120.3385496,22.7367054],[120.3387259,22.7366647],[120.3386975,22.73656]]]}},{"type":"Feature","id":"way/1361166007","properties":{"osm_id":1361166007,"osm_type":"way","building":"apartments","name":null,"addr_housenumber":null,"addr_street":null,"raw_height":null,"building_levels":null,"raw_min_height":null,"roof_levels":null,"height_m":10,"min_height_m":0,"height_source":"building_type_default","default_height_rule":"apartments","confidence":"low"},"geometry":{"type":"Polygon","coordinates":[[[120.3388737,22.7365193],[120.3386975,22.73656],[120.3387259,22.7366647],[120.3389021,22.7366241],[120.3388737,22.7365193]]]}},{"type":"Feature","id":"way/1361166008","properties":{"osm_id":1361166008,"osm_type":"way","building":"apartments","name":null,"addr_housenumber":null,"addr_street":null,"raw_height":null,"building_levels":null,"raw_min_height":null,"roof_levels":null,"height_m":10,"min_height_m":0,"height_source":"building_type_default","default_height_rule":"apartments","confidence":"low"},"geometry":{"type":"Polygon","coordinates":[[[120.3383397,22.7378089],[120.3385462,22.7377579],[120.3385259,22.7376879],[120.3384923,22.7376962],[120.3384816,22.7376592],[120.3384034,22.7376785],[120.3383937,22.737645],[120.3382989,22.7376684],[120.3383397,22.7378089]]]}},{"type":"Feature","id":"way/1361166009","properties":{"osm_id":1361166009,"osm_type":"way","building":"apartments","name":null,"addr_housenumber":null,"addr_street":null,"raw_height":null,"building_levels":null,"raw_min_height":null,"roof_levels":null,"height_m":10,"min_height_m":0,"height_source":"building_type_default","default_height_rule":"apartments","confidence":"low"},"geometry":{"type":"Polygon","coordinates":[[[120.3382538,22.7378752],[120.3382541,22.7379142],[120.3382788,22.737914],[120.3382791,22.7379484],[120.3383441,22.7379479],[120.3383442,22.7379626],[120.3387726,22.7379598],[120.3387719,22.7378717],[120.3382538,22.7378752]]]}},{"type":"Feature","id":"way/1361166010","properties":{"osm_id":1361166010,"osm_type":"way","building":"residential","name":null,"addr_housenumber":null,"addr_street":null,"raw_height":null,"building_levels":null,"raw_min_height":null,"roof_levels":null,"height_m":10,"min_height_m":0,"height_source":"building_type_default","default_height_rule":"residential","confidence":"low"},"geometry":{"type":"Polygon","coordinates":[[[120.3241507,22.7297534],[120.3243407,22.729724],[120.3242986,22.7294926],[120.3241085,22.729522],[120.3241507,22.7297534]]]}},{"type":"Feature","id":"way/1361166011","properties":{"osm_id":1361166011,"osm_type":"way","building":"residential","name":null,"addr_housenumber":null,"addr_street":null,"raw_height":null,"building_levels":null,"raw_min_height":null,"roof_levels":null,"height_m":10,"min_height_m":0,"height_source":"building_type_default","default_height_rule":"residential","confidence":"low"},"geometry":{"type":"Polygon","coordinates":[[[120.3238109,22.7299262],[120.3238997,22.7300005],[120.3239328,22.7299669],[120.323993,22.7300173],[120.3240382,22.7299713],[120.323978,22.7299209],[120.3240333,22.7298647],[120.3239446,22.7297904],[120.3238109,22.7299262]]]}},{"type":"Feature","id":"way/1361166012","properties":{"osm_id":1361166012,"osm_type":"way","building":"apartments","name":null,"addr_housenumber":null,"addr_street":null,"raw_height":null,"building_levels":null,"raw_min_height":null,"roof_levels":null,"height_m":10,"min_height_m":0,"height_source":"building_type_default","default_height_rule":"apartments","confidence":"low"},"geometry":{"type":"Polygon","coordinates":[[[120.311577,22.7233703],[120.3115241,22.7234838],[120.3116961,22.7235521],[120.3117353,22.7234682],[120.3116372,22.7234292],[120.311651,22.7233997],[120.311577,22.7233703]]]}},{"type":"Feature","id":"way/1361166013","properties":{"osm_id":1361166013,"osm_type":"way","building":"apartments","name":null,"addr_housenumber":null,"addr_street":null,"raw_height":null,"building_levels":null,"raw_min_height":null,"roof_levels":null,"height_m":10,"min_height_m":0,"height_source":"building_type_default","default_height_rule":"apartments","confidence":"low"},"geometry":{"type":"Polygon","coordinates":[[[120.3118255,22.7230256],[120.3118478,22.7229779],[120.3119505,22.7230187],[120.3119892,22.7229356],[120.3118127,22.7228655],[120.3117516,22.7229963],[120.3118255,22.7230256]]]}},{"type":"Feature","id":"way/1361166014","properties":{"osm_id":1361166014,"osm_type":"way","building":"apartments","name":null,"addr_housenumber":null,"addr_street":null,"raw_height":null,"building_levels":null,"raw_min_height":null,"roof_levels":null,"height_m":10,"min_height_m":0,"height_source":"building_type_default","default_height_rule":"apartments","confidence":"low"},"geometry":{"type":"Polygon","coordinates":[[[120.3116911,22.7231259],[120.3116305,22.7232557],[120.3117045,22.723285],[120.3117268,22.7232372],[120.3117855,22.7232605],[120.3118046,22.7232196],[120.3117459,22.7231963],[120.3117651,22.7231552],[120.3116911,22.7231259]]]}},{"type":"Feature","id":"way/1361166015","properties":{"osm_id":1361166015,"osm_type":"way","building":"apartments","name":null,"addr_housenumber":null,"addr_street":null,"raw_height":null,"building_levels":null,"raw_min_height":null,"roof_levels":null,"height_m":10,"min_height_m":0,"height_source":"building_type_default","default_height_rule":"apartments","confidence":"low"},"geometry":{"type":"Polygon","coordinates":[[[120.311651,22.7233997],[120.3116641,22.7233716],[120.3117245,22.7233956],[120.3117406,22.7233611],[120.3116802,22.7233371],[120.3117045,22.723285],[120.3116305,22.7232557],[120.311577,22.7233703],[120.311651,22.7233997]]]}},{"type":"Feature","id":"way/1361166016","properties":{"osm_id":1361166016,"osm_type":"way","building":"apartments","name":null,"addr_housenumber":null,"addr_street":null,"raw_height":null,"building_levels":null,"raw_min_height":null,"roof_levels":null,"height_m":10,"min_height_m":0,"height_source":"building_type_default","default_height_rule":"apartments","confidence":"low"},"geometry":{"type":"Polygon","coordinates":[[[120.3117516,22.7229963],[120.3116911,22.7231259],[120.3117651,22.7231552],[120.3117834,22.723116],[120.3118376,22.7231375],[120.3118537,22.723103],[120.3117995,22.7230814],[120.3118255,22.7230256],[120.3117516,22.7229963]]]}},{"type":"Feature","id":"way/1361166017","properties":{"osm_id":1361166017,"osm_type":"way","building":"apartments","name":null,"addr_housenumber":null,"addr_street":null,"raw_height":null,"building_levels":null,"raw_min_height":null,"roof_levels":null,"height_m":10,"min_height_m":0,"height_source":"building_type_default","default_height_rule":"apartments","confidence":"low"},"geometry":{"type":"Polygon","coordinates":[[[120.3128136,22.7233858],[120.3127532,22.7235157],[120.312902,22.7235746],[120.3129099,22.7235576],[120.3129618,22.7235781],[120.3129994,22.7234971],[120.3128903,22.7234539],[120.3129051,22.723422],[120.3128136,22.7233858]]]}},{"type":"Feature","id":"way/1361166018","properties":{"osm_id":1361166018,"osm_type":"way","building":"apartments","name":null,"addr_housenumber":null,"addr_street":null,"raw_height":null,"building_levels":null,"raw_min_height":null,"roof_levels":null,"height_m":10,"min_height_m":0,"height_source":"building_type_default","default_height_rule":"apartments","confidence":"low"},"geometry":{"type":"Polygon","coordinates":[[[120.3130037,22.7234139],[120.3130256,22.7234225],[120.3130122,22.7234513],[120.313186,22.72352],[120.3132328,22.7234193],[120.3130372,22.7233419],[120.3130037,22.7234139]]]}},{"type":"Feature","id":"way/1361166019","properties":{"osm_id":1361166019,"osm_type":"way","building":"apartments","name":null,"addr_housenumber":null,"addr_street":null,"raw_height":null,"building_levels":null,"raw_min_height":null,"roof_levels":null,"height_m":10,"min_height_m":0,"height_source":"building_type_default","default_height_rule":"apartments","confidence":"low"},"geometry":{"type":"Polygon","coordinates":[[[120.3129051,22.723422],[120.3129102,22.7234111],[120.3129694,22.7234345],[120.3129828,22.7234056],[120.3130037,22.7234139],[120.3130372,22.7233419],[120.3128656,22.723274],[120.3128136,22.7233858],[120.3129051,22.723422]]]}},{"type":"Feature","id":"way/1361166020","properties":{"osm_id":1361166020,"osm_type":"way","building":"apartments","name":null,"addr_housenumber":null,"addr_street":null,"raw_height":null,"building_levels":null,"raw_min_height":null,"roof_levels":null,"height_m":10,"min_height_m":0,"height_source":"building_type_default","default_height_rule":"apartments","confidence":"low"},"geometry":{"type":"Polygon","coordinates":[[[120.313257,22.7239249],[120.313415,22.7239848],[120.313524,22.7237402],[120.313366,22.7236803],[120.313257,22.7239249]]]}},{"type":"Feature","id":"way/1361166021","properties":{"osm_id":1361166021,"osm_type":"way","building":"apartments","name":null,"addr_housenumber":null,"addr_street":null,"raw_height":null,"building_levels":null,"raw_min_height":null,"roof_levels":null,"height_m":10,"min_height_m":0,"height_source":"building_type_default","default_height_rule":"apartments","confidence":"low"},"geometry":{"type":"Polygon","coordinates":[[[120.3246056,22.7330676],[120.324694,22.7329511],[120.32446,22.7328001],[120.3243717,22.7329166],[120.3246056,22.7330676]]]}},{"type":"Feature","id":"way/1361166022","properties":{"osm_id":1361166022,"osm_type":"way","building":"apartments","name":null,"addr_housenumber":null,"addr_street":null,"raw_height":null,"building_levels":null,"raw_min_height":null,"roof_levels":null,"height_m":10,"min_height_m":0,"height_source":"building_type_default","default_height_rule":"apartments","confidence":"low"},"geometry":{"type":"Polygon","coordinates":[[[120.3231495,22.7334665],[120.3229812,22.7337466],[120.3231218,22.7338184],[120.3232901,22.7335383],[120.3231495,22.7334665]]]}},{"type":"Feature","id":"way/1361166023","properties":{"osm_id":1361166023,"osm_type":"way","building":"apartments","name":null,"addr_housenumber":null,"addr_street":null,"raw_height":null,"building_levels":null,"raw_min_height":null,"roof_levels":null,"height_m":10,"min_height_m":0,"height_source":"building_type_default","default_height_rule":"apartments","confidence":"low"},"geometry":{"type":"Polygon","coordinates":[[[120.3238198,22.7327799],[120.3236313,22.7330936],[120.323795,22.7331772],[120.3239835,22.7328636],[120.3238198,22.7327799]]]}},{"type":"Feature","id":"way/1361166024","properties":{"osm_id":1361166024,"osm_type":"way","building":"apartments","name":null,"addr_housenumber":null,"addr_street":null,"raw_height":null,"building_levels":null,"raw_min_height":null,"roof_levels":null,"height_m":10,"min_height_m":0,"height_source":"building_type_default","default_height_rule":"apartments","confidence":"low"},"geometry":{"type":"Polygon","coordinates":[[[120.3229283,22.7338164],[120.32284,22.7339634],[120.3231771,22.7341357],[120.3232654,22.7339887],[120.3229283,22.7338164]]]}},{"type":"Feature","id":"way/1361166025","properties":{"osm_id":1361166025,"osm_type":"way","building":"apartments","name":null,"addr_housenumber":null,"addr_street":null,"raw_height":null,"building_levels":null,"raw_min_height":null,"roof_levels":null,"height_m":10,"min_height_m":0,"height_source":"building_type_default","default_height_rule":"apartments","confidence":"low"},"geometry":{"type":"Polygon","coordinates":[[[120.3242672,22.7329278],[120.324178,22.7330454],[120.3244118,22.7331963],[120.3244651,22.7331261],[120.324415,22.7330938],[120.3244509,22.7330464],[120.3242672,22.7329278]]]}},{"type":"Feature","id":"way/1361166026","properties":{"osm_id":1361166026,"osm_type":"way","building":"apartments","name":null,"addr_housenumber":null,"addr_street":null,"raw_height":null,"building_levels":null,"raw_min_height":null,"roof_levels":null,"height_m":10,"min_height_m":0,"height_source":"building_type_default","default_height_rule":"apartments","confidence":"low"},"geometry":{"type":"Polygon","coordinates":[[[120.3235908,22.7331574],[120.3233924,22.7334876],[120.3235466,22.7335664],[120.323745,22.7332361],[120.3235908,22.7331574]]]}},{"type":"Feature","id":"way/1361166027","properties":{"osm_id":1361166027,"osm_type":"way","building":"apartments","name":null,"addr_housenumber":null,"addr_street":null,"raw_height":null,"building_levels":null,"raw_min_height":null,"roof_levels":null,"height_m":10,"min_height_m":0,"height_source":"building_type_default","default_height_rule":"apartments","confidence":"low"},"geometry":{"type":"Polygon","coordinates":[[[120.3241351,22.7316254],[120.3242842,22.7317056],[120.3245102,22.7313481],[120.324361,22.7312679],[120.3241351,22.7316254]]]}},{"type":"Feature","id":"way/1361166028","properties":{"osm_id":1361166028,"osm_type":"way","building":"apartments","name":null,"addr_housenumber":null,"addr_street":null,"raw_height":null,"building_levels":null,"raw_min_height":null,"roof_levels":null,"height_m":10,"min_height_m":0,"height_source":"building_type_default","default_height_rule":"apartments","confidence":"low"},"geometry":{"type":"Polygon","coordinates":[[[120.3247378,22.7328687],[120.3246579,22.733001],[120.3250174,22.7331856],[120.3250973,22.7330533],[120.3247378,22.7328687]]]}},{"type":"Feature","id":"way/1361166029","properties":{"osm_id":1361166029,"osm_type":"way","building":"apartments","name":null,"addr_housenumber":null,"addr_street":null,"raw_height":null,"building_levels":null,"raw_min_height":null,"roof_levels":null,"height_m":10,"min_height_m":0,"height_source":"building_type_default","default_height_rule":"apartments","confidence":"low"},"geometry":{"type":"Polygon","coordinates":[[[120.3244339,22.7311491],[120.3245781,22.7312267],[120.3247765,22.7309129],[120.3246322,22.7308353],[120.3244339,22.7311491]]]}},{"type":"Feature","id":"way/1361167052","properties":{"osm_id":1361167052,"osm_type":"way","building":"apartments","name":null,"addr_housenumber":null,"addr_street":null,"raw_height":null,"building_levels":null,"raw_min_height":null,"roof_levels":null,"height_m":10,"min_height_m":0,"height_source":"building_type_default","default_height_rule":"apartments","confidence":"low"},"geometry":{"type":"Polygon","coordinates":[[[120.3001556,22.7086022],[120.3003619,22.7086067],[120.3003652,22.7084786],[120.3001589,22.7084741],[120.3001556,22.7086022]]]}},{"type":"Feature","id":"way/1361167053","properties":{"osm_id":1361167053,"osm_type":"way","building":"apartments","name":null,"addr_housenumber":null,"addr_street":null,"raw_height":null,"building_levels":null,"raw_min_height":null,"roof_levels":null,"height_m":10,"min_height_m":0,"height_source":"building_type_default","default_height_rule":"apartments","confidence":"low"},"geometry":{"type":"Polygon","coordinates":[[[120.2999205,22.7085972],[120.3001268,22.7086017],[120.30013,22.7084736],[120.2999238,22.7084691],[120.2999205,22.7085972]]]}},{"type":"Feature","id":"way/1361167054","properties":{"osm_id":1361167054,"osm_type":"way","building":"apartments","name":null,"addr_housenumber":null,"addr_street":null,"raw_height":null,"building_levels":null,"raw_min_height":null,"roof_levels":null,"height_m":10,"min_height_m":0,"height_source":"building_type_default","default_height_rule":"apartments","confidence":"low"},"geometry":{"type":"Polygon","coordinates":[[[120.3003969,22.7086073],[120.3006032,22.7086117],[120.3006065,22.7084837],[120.3004002,22.7084792],[120.3003969,22.7086073]]]}},{"type":"Feature","id":"way/1361167055","properties":{"osm_id":1361167055,"osm_type":"way","building":"apartments","name":null,"addr_housenumber":null,"addr_street":null,"raw_height":null,"building_levels":null,"raw_min_height":null,"roof_levels":null,"height_m":10,"min_height_m":0,"height_source":"building_type_default","default_height_rule":"apartments","confidence":"low"},"geometry":{"type":"Polygon","coordinates":[[[120.3006337,22.7086123],[120.30084,22.7086167],[120.3008433,22.7084887],[120.300637,22.7084842],[120.3006337,22.7086123]]]}},{"type":"Feature","id":"way/1361167056","properties":{"osm_id":1361167056,"osm_type":"way","building":"apartments","name":null,"addr_housenumber":null,"addr_street":null,"raw_height":null,"building_levels":null,"raw_min_height":null,"roof_levels":null,"height_m":10,"min_height_m":0,"height_source":"building_type_default","default_height_rule":"apartments","confidence":"low"},"geometry":{"type":"Polygon","coordinates":[[[120.300143,22.7088497],[120.3003493,22.7088542],[120.3003526,22.7087261],[120.3001463,22.7087216],[120.300143,22.7088497]]]}},{"type":"Feature","id":"way/1361167057","properties":{"osm_id":1361167057,"osm_type":"way","building":"apartments","name":null,"addr_housenumber":null,"addr_street":null,"raw_height":null,"building_levels":null,"raw_min_height":null,"roof_levels":null,"height_m":10,"min_height_m":0,"height_source":"building_type_default","default_height_rule":"apartments","confidence":"low"},"geometry":{"type":"Polygon","coordinates":[[[120.2999079,22.7088447],[120.3001142,22.7088492],[120.3001174,22.7087211],[120.2999112,22.7087167],[120.2999079,22.7088447]]]}},{"type":"Feature","id":"way/1361167058","properties":{"osm_id":1361167058,"osm_type":"way","building":"apartments","name":null,"addr_housenumber":null,"addr_street":null,"raw_height":null,"building_levels":null,"raw_min_height":null,"roof_levels":null,"height_m":10,"min_height_m":0,"height_source":"building_type_default","default_height_rule":"apartments","confidence":"low"},"geometry":{"type":"Polygon","coordinates":[[[120.3003843,22.7088548],[120.3005906,22.7088593],[120.3005939,22.7087312],[120.3003876,22.7087267],[120.3003843,22.7088548]]]}},{"type":"Feature","id":"way/1361167059","properties":{"osm_id":1361167059,"osm_type":"way","building":"apartments","name":null,"addr_housenumber":null,"addr_street":null,"raw_height":null,"building_levels":null,"raw_min_height":null,"roof_levels":null,"height_m":10,"min_height_m":0,"height_source":"building_type_default","default_height_rule":"apartments","confidence":"low"},"geometry":{"type":"Polygon","coordinates":[[[120.3006211,22.7088598],[120.3008274,22.7088643],[120.3008307,22.7087362],[120.3006244,22.7087317],[120.3006211,22.7088598]]]}},{"type":"Feature","id":"way/1361167060","properties":{"osm_id":1361167060,"osm_type":"way","building":"apartments","name":null,"addr_housenumber":null,"addr_street":null,"raw_height":null,"building_levels":null,"raw_min_height":null,"roof_levels":null,"height_m":10,"min_height_m":0,"height_source":"building_type_default","default_height_rule":"apartments","confidence":"low"},"geometry":{"type":"Polygon","coordinates":[[[120.3001511,22.7090025],[120.3003574,22.709007],[120.3003607,22.7088789],[120.3001544,22.7088744],[120.3001511,22.7090025]]]}},{"type":"Feature","id":"way/1361167061","properties":{"osm_id":1361167061,"osm_type":"way","building":"apartments","name":null,"addr_housenumber":null,"addr_street":null,"raw_height":null,"building_levels":null,"raw_min_height":null,"roof_levels":null,"height_m":10,"min_height_m":0,"height_source":"building_type_default","default_height_rule":"apartments","confidence":"low"},"geometry":{"type":"Polygon","coordinates":[[[120.299916,22.7089976],[120.3001223,22.709002],[120.3001255,22.708874],[120.2999193,22.7088695],[120.299916,22.7089976]]]}},{"type":"Feature","id":"way/1361167062","properties":{"osm_id":1361167062,"osm_type":"way","building":"apartments","name":null,"addr_housenumber":null,"addr_street":null,"raw_height":null,"building_levels":null,"raw_min_height":null,"roof_levels":null,"height_m":10,"min_height_m":0,"height_source":"building_type_default","default_height_rule":"apartments","confidence":"low"},"geometry":{"type":"Polygon","coordinates":[[[120.3003924,22.7090076],[120.3005987,22.7090121],[120.300602,22.708884],[120.3003957,22.7088795],[120.3003924,22.7090076]]]}},{"type":"Feature","id":"way/1361167063","properties":{"osm_id":1361167063,"osm_type":"way","building":"apartments","name":null,"addr_housenumber":null,"addr_street":null,"raw_height":null,"building_levels":null,"raw_min_height":null,"roof_levels":null,"height_m":10,"min_height_m":0,"height_source":"building_type_default","default_height_rule":"apartments","confidence":"low"},"geometry":{"type":"Polygon","coordinates":[[[120.3006292,22.7090126],[120.3008355,22.7090171],[120.3008388,22.708889],[120.3006325,22.7088845],[120.3006292,22.7090126]]]}},{"type":"Feature","id":"way/1361167064","properties":{"osm_id":1361167064,"osm_type":"way","building":"apartments","name":null,"addr_housenumber":null,"addr_street":null,"raw_height":null,"building_levels":null,"raw_min_height":null,"roof_levels":null,"height_m":10,"min_height_m":0,"height_source":"building_type_default","default_height_rule":"apartments","confidence":"low"},"geometry":{"type":"Polygon","coordinates":[[[120.300143,22.7092558],[120.3003493,22.7092603],[120.3003526,22.7091323],[120.3001463,22.7091278],[120.300143,22.7092558]]]}},{"type":"Feature","id":"way/1361167065","properties":{"osm_id":1361167065,"osm_type":"way","building":"apartments","name":null,"addr_housenumber":null,"addr_street":null,"raw_height":null,"building_levels":null,"raw_min_height":null,"roof_levels":null,"height_m":10,"min_height_m":0,"height_source":"building_type_default","default_height_rule":"apartments","confidence":"low"},"geometry":{"type":"Polygon","coordinates":[[[120.2999079,22.7092509],[120.3001142,22.7092554],[120.3001174,22.7091273],[120.2999112,22.7091228],[120.2999079,22.7092509]]]}},{"type":"Feature","id":"way/1361167066","properties":{"osm_id":1361167066,"osm_type":"way","building":"apartments","name":null,"addr_housenumber":null,"addr_street":null,"raw_height":null,"building_levels":null,"raw_min_height":null,"roof_levels":null,"height_m":10,"min_height_m":0,"height_source":"building_type_default","default_height_rule":"apartments","confidence":"low"},"geometry":{"type":"Polygon","coordinates":[[[120.3003843,22.7092609],[120.3005906,22.7092654],[120.3005939,22.7091374],[120.3003876,22.7091329],[120.3003843,22.7092609]]]}},{"type":"Feature","id":"way/1361167067","properties":{"osm_id":1361167067,"osm_type":"way","building":"apartments","name":null,"addr_housenumber":null,"addr_street":null,"raw_height":null,"building_levels":null,"raw_min_height":null,"roof_levels":null,"height_m":10,"min_height_m":0,"height_source":"building_type_default","default_height_rule":"apartments","confidence":"low"},"geometry":{"type":"Polygon","coordinates":[[[120.3006211,22.7092659],[120.3008274,22.7092704],[120.3008307,22.7091424],[120.3006244,22.7091379],[120.3006211,22.7092659]]]}},{"type":"Feature","id":"way/1361167068","properties":{"osm_id":1361167068,"osm_type":"way","building":"apartments","name":null,"addr_housenumber":null,"addr_street":null,"raw_height":null,"building_levels":null,"raw_min_height":null,"roof_levels":null,"height_m":10,"min_height_m":0,"height_source":"building_type_default","default_height_rule":"apartments","confidence":"low"},"geometry":{"type":"Polygon","coordinates":[[[120.3001358,22.709412],[120.3003421,22.7094165],[120.3003454,22.7092884],[120.3001391,22.7092839],[120.3001358,22.709412]]]}},{"type":"Feature","id":"way/1361167069","properties":{"osm_id":1361167069,"osm_type":"way","building":"apartments","name":null,"addr_housenumber":null,"addr_street":null,"raw_height":null,"building_levels":null,"raw_min_height":null,"roof_levels":null,"height_m":10,"min_height_m":0,"height_source":"building_type_default","default_height_rule":"apartments","confidence":"low"},"geometry":{"type":"Polygon","coordinates":[[[120.2999007,22.709407],[120.300107,22.7094115],[120.3001102,22.7092835],[120.299904,22.709279],[120.2999007,22.709407]]]}},{"type":"Feature","id":"way/1361167070","properties":{"osm_id":1361167070,"osm_type":"way","building":"apartments","name":null,"addr_housenumber":null,"addr_street":null,"raw_height":null,"building_levels":null,"raw_min_height":null,"roof_levels":null,"height_m":10,"min_height_m":0,"height_source":"building_type_default","default_height_rule":"apartments","confidence":"low"},"geometry":{"type":"Polygon","coordinates":[[[120.3003771,22.7094171],[120.3005834,22.7094216],[120.3005867,22.7092935],[120.3003804,22.709289],[120.3003771,22.7094171]]]}},{"type":"Feature","id":"way/1361167071","properties":{"osm_id":1361167071,"osm_type":"way","building":"apartments","name":null,"addr_housenumber":null,"addr_street":null,"raw_height":null,"building_levels":null,"raw_min_height":null,"roof_levels":null,"height_m":10,"min_height_m":0,"height_source":"building_type_default","default_height_rule":"apartments","confidence":"low"},"geometry":{"type":"Polygon","coordinates":[[[120.3006139,22.7094221],[120.3008202,22.7094266],[120.3008235,22.7092985],[120.3006172,22.709294],[120.3006139,22.7094221]]]}},{"type":"Feature","id":"way/1361167072","properties":{"osm_id":1361167072,"osm_type":"way","building":"apartments","name":null,"addr_housenumber":null,"addr_street":null,"raw_height":null,"building_levels":null,"raw_min_height":null,"roof_levels":null,"height_m":10,"min_height_m":0,"height_source":"building_type_default","default_height_rule":"apartments","confidence":"low"},"geometry":{"type":"Polygon","coordinates":[[[120.3001286,22.7096645],[120.3003349,22.709669],[120.3003382,22.7095409],[120.3001319,22.7095364],[120.3001286,22.7096645]]]}},{"type":"Feature","id":"way/1361167073","properties":{"osm_id":1361167073,"osm_type":"way","building":"apartments","name":null,"addr_housenumber":null,"addr_street":null,"raw_height":null,"building_levels":null,"raw_min_height":null,"roof_levels":null,"height_m":10,"min_height_m":0,"height_source":"building_type_default","default_height_rule":"apartments","confidence":"low"},"geometry":{"type":"Polygon","coordinates":[[[120.2998935,22.7096595],[120.3000998,22.709664],[120.300103,22.709536],[120.2998967,22.7095315],[120.2998935,22.7096595]]]}},{"type":"Feature","id":"way/1361167074","properties":{"osm_id":1361167074,"osm_type":"way","building":"apartments","name":null,"addr_housenumber":null,"addr_street":null,"raw_height":null,"building_levels":null,"raw_min_height":null,"roof_levels":null,"height_m":10,"min_height_m":0,"height_source":"building_type_default","default_height_rule":"apartments","confidence":"low"},"geometry":{"type":"Polygon","coordinates":[[[120.3003699,22.7096696],[120.3005762,22.7096741],[120.3005795,22.709546],[120.3003732,22.7095415],[120.3003699,22.7096696]]]}},{"type":"Feature","id":"way/1361167075","properties":{"osm_id":1361167075,"osm_type":"way","building":"apartments","name":null,"addr_housenumber":null,"addr_street":null,"raw_height":null,"building_levels":null,"raw_min_height":null,"roof_levels":null,"height_m":10,"min_height_m":0,"height_source":"building_type_default","default_height_rule":"apartments","confidence":"low"},"geometry":{"type":"Polygon","coordinates":[[[120.3006067,22.7096746],[120.300813,22.7096791],[120.3008163,22.709551],[120.30061,22.7095465],[120.3006067,22.7096746]]]}},{"type":"Feature","id":"way/1361167076","properties":{"osm_id":1361167076,"osm_type":"way","building":"apartments","name":null,"addr_housenumber":null,"addr_street":null,"raw_height":null,"building_levels":null,"raw_min_height":null,"roof_levels":null,"height_m":10,"min_height_m":0,"height_source":"building_type_default","default_height_rule":"apartments","confidence":"low"},"geometry":{"type":"Polygon","coordinates":[[[120.3001367,22.709824],[120.300343,22.7098285],[120.3003463,22.7097004],[120.30014,22.7096959],[120.3001367,22.709824]]]}},{"type":"Feature","id":"way/1361167077","properties":{"osm_id":1361167077,"osm_type":"way","building":"apartments","name":null,"addr_housenumber":null,"addr_street":null,"raw_height":null,"building_levels":null,"raw_min_height":null,"roof_levels":null,"height_m":10,"min_height_m":0,"height_source":"building_type_default","default_height_rule":"apartments","confidence":"low"},"geometry":{"type":"Polygon","coordinates":[[[120.2999016,22.709819],[120.3001079,22.7098235],[120.3001111,22.7096954],[120.2999049,22.7096909],[120.2999016,22.709819]]]}},{"type":"Feature","id":"way/1361167078","properties":{"osm_id":1361167078,"osm_type":"way","building":"apartments","name":null,"addr_housenumber":null,"addr_street":null,"raw_height":null,"building_levels":null,"raw_min_height":null,"roof_levels":null,"height_m":10,"min_height_m":0,"height_source":"building_type_default","default_height_rule":"apartments","confidence":"low"},"geometry":{"type":"Polygon","coordinates":[[[120.300378,22.7098291],[120.3005843,22.7098335],[120.3005876,22.7097055],[120.3003813,22.709701],[120.300378,22.7098291]]]}},{"type":"Feature","id":"way/1361167079","properties":{"osm_id":1361167079,"osm_type":"way","building":"apartments","name":null,"addr_housenumber":null,"addr_street":null,"raw_height":null,"building_levels":null,"raw_min_height":null,"roof_levels":null,"height_m":10,"min_height_m":0,"height_source":"building_type_default","default_height_rule":"apartments","confidence":"low"},"geometry":{"type":"Polygon","coordinates":[[[120.3006148,22.709834],[120.3008211,22.7098385],[120.3008244,22.7097105],[120.3006181,22.709706],[120.3006148,22.709834]]]}},{"type":"Feature","id":"way/1361167080","properties":{"osm_id":1361167080,"osm_type":"way","building":"apartments","name":null,"addr_housenumber":null,"addr_street":null,"raw_height":null,"building_levels":null,"raw_min_height":null,"roof_levels":null,"height_m":10,"min_height_m":0,"height_source":"building_type_default","default_height_rule":"apartments","confidence":"low"},"geometry":{"type":"Polygon","coordinates":[[[120.3005959,22.7100802],[120.3008022,22.7100847],[120.3008054,22.7099566],[120.3005992,22.7099521],[120.3005959,22.7100802]]]}},{"type":"Feature","id":"way/1361167081","properties":{"osm_id":1361167081,"osm_type":"way","building":"apartments","name":null,"addr_housenumber":null,"addr_street":null,"raw_height":null,"building_levels":null,"raw_min_height":null,"roof_levels":null,"height_m":10,"min_height_m":0,"height_source":"building_type_default","default_height_rule":"apartments","confidence":"low"},"geometry":{"type":"Polygon","coordinates":[[[120.300359,22.7100752],[120.3005653,22.7100797],[120.3005686,22.7099516],[120.3003623,22.7099471],[120.300359,22.7100752]]]}},{"type":"Feature","id":"way/1361167082","properties":{"osm_id":1361167082,"osm_type":"way","building":"apartments","name":null,"addr_housenumber":null,"addr_street":null,"raw_height":null,"building_levels":null,"raw_min_height":null,"roof_levels":null,"height_m":10,"min_height_m":0,"height_source":"building_type_default","default_height_rule":"apartments","confidence":"low"},"geometry":{"type":"Polygon","coordinates":[[[120.3001178,22.7100701],[120.300324,22.7100746],[120.3003273,22.7099465],[120.300121,22.7099421],[120.3001178,22.7100701]]]}},{"type":"Feature","id":"way/1361167083","properties":{"osm_id":1361167083,"osm_type":"way","building":"apartments","name":null,"addr_housenumber":null,"addr_street":null,"raw_height":null,"building_levels":null,"raw_min_height":null,"roof_levels":null,"height_m":10,"min_height_m":0,"height_source":"building_type_default","default_height_rule":"apartments","confidence":"low"},"geometry":{"type":"Polygon","coordinates":[[[120.2998826,22.7100652],[120.3000889,22.7100697],[120.3000922,22.7099416],[120.2998859,22.7099371],[120.2998826,22.7100652]]]}},{"type":"Feature","id":"way/1366007166","properties":{"osm_id":1366007166,"osm_type":"way","building":"yes","name":null,"addr_housenumber":null,"addr_street":null,"raw_height":null,"building_levels":null,"raw_min_height":null,"roof_levels":null,"height_m":9,"min_height_m":0,"height_source":"building_type_default","default_height_rule":"yes","confidence":"low"},"geometry":{"type":"Polygon","coordinates":[[[120.3349798,22.7402402],[120.3349555,22.7399071],[120.3350396,22.7398509],[120.3352196,22.7400798],[120.3349798,22.7402402]]]}},{"type":"Feature","id":"way/1366007167","properties":{"osm_id":1366007167,"osm_type":"way","building":"yes","name":null,"addr_housenumber":null,"addr_street":null,"raw_height":null,"building_levels":null,"raw_min_height":null,"roof_levels":null,"height_m":9,"min_height_m":0,"height_source":"building_type_default","default_height_rule":"yes","confidence":"low"},"geometry":{"type":"Polygon","coordinates":[[[120.3349337,22.7406875],[120.3349345,22.7404993],[120.3349847,22.7404851],[120.3350632,22.7406329],[120.3350098,22.7406688],[120.3349337,22.7406875]]]}},{"type":"Feature","id":"way/1366777604","properties":{"osm_id":1366777604,"osm_type":"way","building":"yes","name":"7-Eleven","addr_housenumber":"72","addr_street":"藍田路","raw_height":null,"building_levels":null,"raw_min_height":null,"roof_levels":null,"height_m":9,"min_height_m":0,"height_source":"building_type_default","default_height_rule":"yes","confidence":"low"},"geometry":{"type":"Polygon","coordinates":[[[120.2945235,22.7270837],[120.294692,22.7270608],[120.2946682,22.7269122],[120.2944997,22.7269352],[120.2945235,22.7270837]]]}},{"type":"Feature","id":"way/1366777614","properties":{"osm_id":1366777614,"osm_type":"way","building":"yes","name":"星巴克","addr_housenumber":"480","addr_street":"藍昌路","raw_height":null,"building_levels":null,"raw_min_height":null,"roof_levels":null,"height_m":9,"min_height_m":0,"height_source":"building_type_default","default_height_rule":"yes","confidence":"low"},"geometry":{"type":"Polygon","coordinates":[[[120.2926818,22.73176],[120.2925081,22.7317829],[120.2925003,22.7317326],[120.2925517,22.7317259],[120.2925457,22.7316869],[120.292668,22.7316708],[120.2926818,22.73176]]]}},{"type":"Feature","id":"way/1385586708","properties":{"osm_id":1385586708,"osm_type":"way","building":"industrial","name":"Fab22 P2 CUP","addr_housenumber":null,"addr_street":null,"raw_height":null,"building_levels":null,"raw_min_height":null,"roof_levels":null,"height_m":9,"min_height_m":0,"height_source":"building_type_default","default_height_rule":"industrial","confidence":"low"},"geometry":{"type":"Polygon","coordinates":[[[120.3130709,22.7082647],[120.3136945,22.7086377],[120.3136464,22.7087061],[120.3138926,22.7088534],[120.3142298,22.7083735],[120.3133601,22.7078533],[120.3130709,22.7082647]]]}},{"type":"Feature","id":"way/1408483515","properties":{"osm_id":1408483515,"osm_type":"way","building":"yes","name":null,"addr_housenumber":null,"addr_street":null,"raw_height":null,"building_levels":null,"raw_min_height":null,"roof_levels":null,"height_m":9,"min_height_m":0,"height_source":"building_type_default","default_height_rule":"yes","confidence":"low"},"geometry":{"type":"Polygon","coordinates":[[[120.3186319,22.7347297],[120.3186633,22.7346186],[120.3188087,22.7346535],[120.3187773,22.7347646],[120.3186319,22.7347297]]]}},{"type":"Feature","id":"way/1408483516","properties":{"osm_id":1408483516,"osm_type":"way","building":"yes","name":null,"addr_housenumber":null,"addr_street":null,"raw_height":null,"building_levels":null,"raw_min_height":null,"roof_levels":null,"height_m":9,"min_height_m":0,"height_source":"building_type_default","default_height_rule":"yes","confidence":"low"},"geometry":{"type":"Polygon","coordinates":[[[120.3187227,22.7343832],[120.3187389,22.7343587],[120.3187747,22.7343787],[120.3187585,22.7344033],[120.3187227,22.7343832]]]}},{"type":"Feature","id":"way/1408483517","properties":{"osm_id":1408483517,"osm_type":"way","building":"yes","name":null,"addr_housenumber":null,"addr_street":null,"raw_height":null,"building_levels":null,"raw_min_height":null,"roof_levels":null,"height_m":9,"min_height_m":0,"height_source":"building_type_default","default_height_rule":"yes","confidence":"low"},"geometry":{"type":"Polygon","coordinates":[[[120.3186974,22.7342913],[120.3187103,22.7342377],[120.3187801,22.734252],[120.3187671,22.7343056],[120.3186974,22.7342913]]]}},{"type":"Feature","id":"way/1419569739","properties":{"osm_id":1419569739,"osm_type":"way","building":"storage_tank","name":null,"addr_housenumber":null,"addr_street":null,"raw_height":null,"building_levels":null,"raw_min_height":null,"roof_levels":null,"height_m":9,"min_height_m":0,"height_source":"building_type_default","default_height_rule":"storage_tank","confidence":"low"},"geometry":{"type":"Polygon","coordinates":[[[120.3206308,22.7059147],[120.3205626,22.7058696],[120.3204823,22.7058485],[120.3203987,22.7058534],[120.3203217,22.7058834],[120.3202604,22.7059362],[120.3202215,22.7060043],[120.3202097,22.7060806],[120.3202264,22.7061564],[120.3202657,22.7062185],[120.3203241,22.7062659],[120.3203959,22.7062943],[120.3204738,22.7063004],[120.3205496,22.7062838],[120.3206162,22.7062461],[120.3206665,22.7061913],[120.3206957,22.7061244],[120.3207005,22.7060526],[120.3206786,22.7059779],[120.3206308,22.7059147]]]}},{"type":"Feature","id":"way/1419569740","properties":{"osm_id":1419569740,"osm_type":"way","building":"construction","name":"TSMC Fab22 P3","addr_housenumber":null,"addr_street":null,"raw_height":null,"building_levels":null,"raw_min_height":null,"roof_levels":null,"height_m":9,"min_height_m":0,"height_source":"building_type_default","default_height_rule":"construction","confidence":"low"},"geometry":{"type":"Polygon","coordinates":[[[120.3146906,22.711007],[120.3165935,22.7121634],[120.3178029,22.71047],[120.3159,22.7093135],[120.3146906,22.711007]]]}},{"type":"Feature","id":"way/1419569741","properties":{"osm_id":1419569741,"osm_type":"way","building":"construction","name":"Fab22 P3 CUP","addr_housenumber":null,"addr_street":null,"raw_height":null,"building_levels":null,"raw_min_height":null,"roof_levels":null,"height_m":9,"min_height_m":0,"height_source":"building_type_default","default_height_rule":"construction","confidence":"low"},"geometry":{"type":"Polygon","coordinates":[[[120.3160428,22.7091158],[120.3166664,22.7094888],[120.3166183,22.7095572],[120.3168645,22.7097045],[120.3172017,22.7092246],[120.316332,22.7087044],[120.3160428,22.7091158]]]}},{"type":"Feature","id":"way/1421946478","properties":{"osm_id":1421946478,"osm_type":"way","building":"yes","name":"World Gym健身俱樂部","addr_housenumber":"88","addr_street":"楠盛街","raw_height":null,"building_levels":null,"raw_min_height":null,"roof_levels":null,"height_m":9,"min_height_m":0,"height_source":"building_type_default","default_height_rule":"yes","confidence":"low"},"geometry":{"type":"Polygon","coordinates":[[[120.3318528,22.7296874],[120.3316618,22.7299864],[120.3312983,22.7297888],[120.3314892,22.7294899],[120.3318528,22.7296874]]]}},{"type":"Feature","id":"way/1421963384","properties":{"osm_id":1421963384,"osm_type":"way","building":"yes","name":null,"addr_housenumber":null,"addr_street":null,"raw_height":null,"building_levels":null,"raw_min_height":null,"roof_levels":null,"height_m":9,"min_height_m":0,"height_source":"building_type_default","default_height_rule":"yes","confidence":"low"},"geometry":{"type":"Polygon","coordinates":[[[120.3001761,22.7072936],[120.3001791,22.7071762],[120.3005435,22.7071841],[120.3005405,22.7073015],[120.3001761,22.7072936]]]}},{"type":"Feature","id":"way/1421963385","properties":{"osm_id":1421963385,"osm_type":"way","building":"yes","name":null,"addr_housenumber":null,"addr_street":null,"raw_height":null,"building_levels":null,"raw_min_height":null,"roof_levels":null,"height_m":9,"min_height_m":0,"height_source":"building_type_default","default_height_rule":"yes","confidence":"low"},"geometry":{"type":"Polygon","coordinates":[[[120.3013168,22.7074689],[120.3013207,22.7073465],[120.301827,22.7073602],[120.301823,22.7074827],[120.3013168,22.7074689]]]}},{"type":"Feature","id":"way/1421963386","properties":{"osm_id":1421963386,"osm_type":"way","building":"yes","name":null,"addr_housenumber":null,"addr_street":null,"raw_height":null,"building_levels":null,"raw_min_height":null,"roof_levels":null,"height_m":9,"min_height_m":0,"height_source":"building_type_default","default_height_rule":"yes","confidence":"low"},"geometry":{"type":"Polygon","coordinates":[[[120.3013599,22.7072442],[120.3013638,22.7071219],[120.30187,22.7071356],[120.3018661,22.707258],[120.3013599,22.7072442]]]}},{"type":"Feature","id":"way/1421963387","properties":{"osm_id":1421963387,"osm_type":"way","building":"yes","name":null,"addr_housenumber":null,"addr_street":null,"raw_height":null,"building_levels":null,"raw_min_height":null,"roof_levels":null,"height_m":9,"min_height_m":0,"height_source":"building_type_default","default_height_rule":"yes","confidence":"low"},"geometry":{"type":"Polygon","coordinates":[[[120.3013503,22.7066184],[120.3013542,22.706496],[120.3018604,22.7065097],[120.3018565,22.7066322],[120.3013503,22.7066184]]]}},{"type":"Feature","id":"way/1421963388","properties":{"osm_id":1421963388,"osm_type":"way","building":"yes","name":null,"addr_housenumber":null,"addr_street":null,"raw_height":null,"building_levels":null,"raw_min_height":null,"roof_levels":null,"height_m":9,"min_height_m":0,"height_source":"building_type_default","default_height_rule":"yes","confidence":"low"},"geometry":{"type":"Polygon","coordinates":[[[120.301368,22.7063865],[120.3013719,22.7062641],[120.3018781,22.7062778],[120.3018742,22.7064003],[120.301368,22.7063865]]]}},{"type":"Feature","id":"way/1421963389","properties":{"osm_id":1421963389,"osm_type":"way","building":"yes","name":null,"addr_housenumber":null,"addr_street":null,"raw_height":null,"building_levels":null,"raw_min_height":null,"roof_levels":null,"height_m":9,"min_height_m":0,"height_source":"building_type_default","default_height_rule":"yes","confidence":"low"},"geometry":{"type":"Polygon","coordinates":[[[120.3016678,22.7031317],[120.3016775,22.702804],[120.3020344,22.7028129],[120.3020247,22.7031407],[120.3016678,22.7031317]]]}},{"type":"Feature","id":"way/1421963390","properties":{"osm_id":1421963390,"osm_type":"way","building":"yes","name":null,"addr_housenumber":null,"addr_street":null,"raw_height":null,"building_levels":null,"raw_min_height":null,"roof_levels":null,"height_m":9,"min_height_m":0,"height_source":"building_type_default","default_height_rule":"yes","confidence":"low"},"geometry":{"type":"Polygon","coordinates":[[[120.2979673,22.7019455],[120.2979542,22.7019813],[120.2980216,22.7020022],[120.2980659,22.701881],[120.2979985,22.70186],[120.2978791,22.7018229],[120.2978479,22.7019084],[120.2979673,22.7019455]]]}},{"type":"Feature","id":"way/1428803997","properties":{"osm_id":1428803997,"osm_type":"way","building":"yes","name":null,"addr_housenumber":null,"addr_street":null,"raw_height":null,"building_levels":null,"raw_min_height":null,"roof_levels":null,"height_m":9,"min_height_m":0,"height_source":"building_type_default","default_height_rule":"yes","confidence":"low"},"geometry":{"type":"Polygon","coordinates":[[[120.3093909,22.7093208],[120.3095826,22.7090609],[120.3100526,22.7093558],[120.3098608,22.7096158],[120.3093909,22.7093208]]]}},{"type":"Feature","id":"way/1428804005","properties":{"osm_id":1428804005,"osm_type":"way","building":"yes","name":null,"addr_housenumber":null,"addr_street":null,"raw_height":null,"building_levels":null,"raw_min_height":null,"roof_levels":null,"height_m":9,"min_height_m":0,"height_source":"building_type_default","default_height_rule":"yes","confidence":"low"},"geometry":{"type":"Polygon","coordinates":[[[120.3097596,22.7105956],[120.3098908,22.7104072],[120.3119067,22.7116014],[120.3117771,22.7117875],[120.3111176,22.7113968],[120.3111641,22.7113301],[120.3110793,22.7112799],[120.3110313,22.7113487],[120.3097596,22.7105956]]]}},{"type":"Feature","id":"way/1428804006","properties":{"osm_id":1428804006,"osm_type":"way","building":"yes","name":null,"addr_housenumber":null,"addr_street":null,"raw_height":null,"building_levels":null,"raw_min_height":null,"roof_levels":null,"height_m":9,"min_height_m":0,"height_source":"building_type_default","default_height_rule":"yes","confidence":"low"},"geometry":{"type":"Polygon","coordinates":[[[120.3086602,22.7115135],[120.3084731,22.7109976],[120.3087357,22.7109165],[120.308923,22.7114324],[120.3086602,22.7115135]]]}},{"type":"Feature","id":"way/1428804007","properties":{"osm_id":1428804007,"osm_type":"way","building":"yes","name":null,"addr_housenumber":null,"addr_street":null,"raw_height":null,"building_levels":null,"raw_min_height":null,"roof_levels":null,"height_m":9,"min_height_m":0,"height_source":"building_type_default","default_height_rule":"yes","confidence":"low"},"geometry":{"type":"Polygon","coordinates":[[[120.3082736,22.7107539],[120.3081257,22.7103361],[120.3086763,22.7101702],[120.3088242,22.7105881],[120.3082736,22.7107539]]]}},{"type":"Feature","id":"way/1428804008","properties":{"osm_id":1428804008,"osm_type":"way","building":"yes","name":null,"addr_housenumber":null,"addr_street":null,"raw_height":null,"building_levels":null,"raw_min_height":null,"roof_levels":null,"height_m":9,"min_height_m":0,"height_source":"building_type_default","default_height_rule":"yes","confidence":"low"},"geometry":{"type":"Polygon","coordinates":[[[120.310505,22.7126617],[120.3104484,22.7125052],[120.3105457,22.7124752],[120.3104945,22.7123334],[120.3111089,22.7121445],[120.3112167,22.7124427],[120.310505,22.7126617]]]}},{"type":"Feature","id":"way/1428804009","properties":{"osm_id":1428804009,"osm_type":"way","building":"yes","name":null,"addr_housenumber":null,"addr_street":null,"raw_height":null,"building_levels":null,"raw_min_height":null,"roof_levels":null,"height_m":9,"min_height_m":0,"height_source":"building_type_default","default_height_rule":"yes","confidence":"low"},"geometry":{"type":"Polygon","coordinates":[[[120.3092762,22.7049671],[120.3093657,22.7048344],[120.309519,22.7049224],[120.3094294,22.7050552],[120.3092762,22.7049671]]]}},{"type":"Feature","id":"way/1428804010","properties":{"osm_id":1428804010,"osm_type":"way","building":"yes","name":null,"addr_housenumber":null,"addr_street":null,"raw_height":null,"building_levels":null,"raw_min_height":null,"roof_levels":null,"height_m":9,"min_height_m":0,"height_source":"building_type_default","default_height_rule":"yes","confidence":"low"},"geometry":{"type":"Polygon","coordinates":[[[120.3091957,22.7050616],[120.3092319,22.7050049],[120.3093739,22.705082],[120.3093378,22.7051387],[120.3091957,22.7050616]]]}},{"type":"Feature","id":"way/1428804011","properties":{"osm_id":1428804011,"osm_type":"way","building":"industrial","name":null,"addr_housenumber":null,"addr_street":null,"raw_height":null,"building_levels":null,"raw_min_height":null,"roof_levels":null,"height_m":9,"min_height_m":0,"height_source":"building_type_default","default_height_rule":"industrial","confidence":"low"},"geometry":{"type":"Polygon","coordinates":[[[120.3085983,22.7059877],[120.308902,22.7055458],[120.3091601,22.7056968],[120.3088564,22.7061387],[120.3085983,22.7059877]]]}},{"type":"Feature","id":"way/1510355793","properties":{"osm_id":1510355793,"osm_type":"way","building":"apartments","name":null,"addr_housenumber":null,"addr_street":null,"raw_height":null,"building_levels":null,"raw_min_height":null,"roof_levels":null,"height_m":10,"min_height_m":0,"height_source":"building_type_default","default_height_rule":"apartments","confidence":"low"},"geometry":{"type":"Polygon","coordinates":[[[120.3375762,22.7328264],[120.3375794,22.7326244],[120.3373093,22.7326208],[120.3373061,22.7328228],[120.3375762,22.7328264]]]}},{"type":"Feature","id":"way/1510355794","properties":{"osm_id":1510355794,"osm_type":"way","building":"apartments","name":null,"addr_housenumber":null,"addr_street":null,"raw_height":null,"building_levels":null,"raw_min_height":null,"roof_levels":null,"height_m":10,"min_height_m":0,"height_source":"building_type_default","default_height_rule":"apartments","confidence":"low"},"geometry":{"type":"Polygon","coordinates":[[[120.3376256,22.7326221],[120.3376223,22.7328314],[120.3378469,22.7328344],[120.3378502,22.7326251],[120.3376256,22.7326221]]]}},{"type":"Feature","id":"way/1510355797","properties":{"osm_id":1510355797,"osm_type":"way","building":"apartments","name":null,"addr_housenumber":null,"addr_street":null,"raw_height":null,"building_levels":null,"raw_min_height":null,"roof_levels":null,"height_m":10,"min_height_m":0,"height_source":"building_type_default","default_height_rule":"apartments","confidence":"low"},"geometry":{"type":"Polygon","coordinates":[[[120.2931338,22.7112331],[120.2932262,22.7113469],[120.2932772,22.7113117],[120.2931848,22.7111979],[120.2931338,22.7112331]]]}},{"type":"Feature","id":"way/1510355798","properties":{"osm_id":1510355798,"osm_type":"way","building":"apartments","name":null,"addr_housenumber":null,"addr_street":null,"raw_height":null,"building_levels":null,"raw_min_height":null,"roof_levels":null,"height_m":10,"min_height_m":0,"height_source":"building_type_default","default_height_rule":"apartments","confidence":"low"},"geometry":{"type":"Polygon","coordinates":[[[120.2996118,22.7126373],[120.2997225,22.7125629],[120.299642,22.7124609],[120.2994638,22.7125807],[120.2995444,22.7126826],[120.2996118,22.7126373]]]}},{"type":"Feature","id":"way/1510355799","properties":{"osm_id":1510355799,"osm_type":"way","building":"apartments","name":null,"addr_housenumber":null,"addr_street":null,"raw_height":null,"building_levels":null,"raw_min_height":null,"roof_levels":null,"height_m":10,"min_height_m":0,"height_source":"building_type_default","default_height_rule":"apartments","confidence":"low"},"geometry":{"type":"Polygon","coordinates":[[[120.2995444,22.7126826],[120.2996625,22.7128321],[120.2997281,22.712788],[120.2997119,22.7127675],[120.299804,22.7127055],[120.2997441,22.7126296],[120.2996537,22.7126903],[120.2996118,22.7126373],[120.2995444,22.7126826]]]}},{"type":"Feature","id":"way/1510355800","properties":{"osm_id":1510355800,"osm_type":"way","building":"industrial","name":null,"addr_housenumber":null,"addr_street":null,"raw_height":null,"building_levels":null,"raw_min_height":null,"roof_levels":null,"height_m":9,"min_height_m":0,"height_source":"building_type_default","default_height_rule":"industrial","confidence":"low"},"geometry":{"type":"Polygon","coordinates":[[[120.3003343,22.7134423],[120.3006319,22.7135399],[120.3006571,22.7134747],[120.3007106,22.7134923],[120.3008544,22.7131192],[120.3005031,22.7130041],[120.3003343,22.7134423]]]}},{"type":"Feature","id":"way/1510355801","properties":{"osm_id":1510355801,"osm_type":"way","building":"industrial","name":null,"addr_housenumber":null,"addr_street":null,"raw_height":null,"building_levels":null,"raw_min_height":null,"roof_levels":null,"height_m":9,"min_height_m":0,"height_source":"building_type_default","default_height_rule":"industrial","confidence":"low"},"geometry":{"type":"Polygon","coordinates":[[[120.300287,22.7136348],[120.3002245,22.7136146],[120.3001553,22.7137978],[120.3002178,22.7138179],[120.300287,22.7136348]]]}},{"type":"Feature","id":"way/1510355802","properties":{"osm_id":1510355802,"osm_type":"way","building":"industrial","name":null,"addr_housenumber":null,"addr_street":null,"raw_height":null,"building_levels":null,"raw_min_height":null,"roof_levels":null,"height_m":9,"min_height_m":0,"height_source":"building_type_default","default_height_rule":"industrial","confidence":"low"},"geometry":{"type":"Polygon","coordinates":[[[120.3002319,22.7138975],[120.3006744,22.7140398],[120.3007808,22.7137582],[120.3003383,22.7136159],[120.3002319,22.7138975]]]}},{"type":"Feature","id":"way/1510355803","properties":{"osm_id":1510355803,"osm_type":"way","building":"industrial","name":null,"addr_housenumber":null,"addr_street":null,"raw_height":null,"building_levels":null,"raw_min_height":null,"roof_levels":null,"height_m":9,"min_height_m":0,"height_source":"building_type_default","default_height_rule":"industrial","confidence":"low"},"geometry":{"type":"Polygon","coordinates":[[[120.3000855,22.714043],[120.2999517,22.714377],[120.3005098,22.7145672],[120.3006132,22.7143089],[120.3005247,22.7142787],[120.300555,22.7142029],[120.3000855,22.714043]]]}},{"type":"Feature","id":"way/1510355804","properties":{"osm_id":1510355804,"osm_type":"way","building":"industrial","name":null,"addr_housenumber":null,"addr_street":null,"raw_height":null,"building_levels":null,"raw_min_height":null,"roof_levels":null,"height_m":9,"min_height_m":0,"height_source":"building_type_default","default_height_rule":"industrial","confidence":"low"},"geometry":{"type":"Polygon","coordinates":[[[120.3013043,22.712659],[120.3020143,22.7128991],[120.3022545,22.7122945],[120.3020443,22.7122234],[120.3020798,22.7121341],[120.3016944,22.7120038],[120.3016192,22.7121933],[120.3015047,22.7121546],[120.3013043,22.712659]]]}},{"type":"Feature","id":"way/1510355805","properties":{"osm_id":1510355805,"osm_type":"way","building":"industrial","name":null,"addr_housenumber":null,"addr_street":null,"raw_height":null,"building_levels":null,"raw_min_height":null,"roof_levels":null,"height_m":9,"min_height_m":0,"height_source":"building_type_default","default_height_rule":"industrial","confidence":"low"},"geometry":{"type":"Polygon","coordinates":[[[120.3016686,22.7140168],[120.3019509,22.7133177],[120.3013135,22.7130987],[120.3010312,22.7137977],[120.3016686,22.7140168]]]}},{"type":"Feature","id":"way/1510355806","properties":{"osm_id":1510355806,"osm_type":"way","building":"industrial","name":null,"addr_housenumber":null,"addr_street":null,"raw_height":null,"building_levels":null,"raw_min_height":null,"roof_levels":null,"height_m":9,"min_height_m":0,"height_source":"building_type_default","default_height_rule":"industrial","confidence":"low"},"geometry":{"type":"Polygon","coordinates":[[[120.3007147,22.7145559],[120.3013591,22.7147773],[120.3016431,22.7140741],[120.3009987,22.7138526],[120.3007147,22.7145559]]]}},{"type":"Feature","id":"way/1510355807","properties":{"osm_id":1510355807,"osm_type":"way","building":"industrial","name":null,"addr_housenumber":null,"addr_street":null,"raw_height":null,"building_levels":null,"raw_min_height":null,"roof_levels":null,"height_m":9,"min_height_m":0,"height_source":"building_type_default","default_height_rule":"industrial","confidence":"low"},"geometry":{"type":"Polygon","coordinates":[[[120.3005512,22.7149505],[120.3002576,22.7156773],[120.3008412,22.7158779],[120.3011347,22.715151],[120.3005512,22.7149505]]]}},{"type":"Feature","id":"way/1510355913","properties":{"osm_id":1510355913,"osm_type":"way","building":"apartments","name":null,"addr_housenumber":null,"addr_street":null,"raw_height":null,"building_levels":null,"raw_min_height":null,"roof_levels":null,"height_m":10,"min_height_m":0,"height_source":"building_type_default","default_height_rule":"apartments","confidence":"low"},"geometry":{"type":"Polygon","coordinates":[[[120.2921118,22.7354863],[120.2921092,22.7356453],[120.2923871,22.7356492],[120.2923897,22.7354903],[120.2921118,22.7354863]]]}},{"type":"Feature","id":"way/1510355938","properties":{"osm_id":1510355938,"osm_type":"way","building":"apartments","name":null,"addr_housenumber":null,"addr_street":null,"raw_height":null,"building_levels":null,"raw_min_height":null,"roof_levels":null,"height_m":10,"min_height_m":0,"height_source":"building_type_default","default_height_rule":"apartments","confidence":"low"},"geometry":{"type":"Polygon","coordinates":[[[120.3323052,22.7501478],[120.3323031,22.7503274],[120.3325582,22.7503299],[120.3325603,22.7501503],[120.3324925,22.7501496],[120.3324928,22.750128],[120.3323871,22.750127],[120.3323869,22.7501486],[120.3323052,22.7501478]]]}},{"type":"Feature","id":"way/1510356015","properties":{"osm_id":1510356015,"osm_type":"way","building":"apartments","name":null,"addr_housenumber":null,"addr_street":null,"raw_height":null,"building_levels":null,"raw_min_height":null,"roof_levels":null,"height_m":10,"min_height_m":0,"height_source":"building_type_default","default_height_rule":"apartments","confidence":"low"},"geometry":{"type":"Polygon","coordinates":[[[120.2935012,22.7324689],[120.2935883,22.7327438],[120.2937339,22.7327046],[120.2936469,22.7324296],[120.2935012,22.7324689]]]}},{"type":"Feature","id":"way/1510356022","properties":{"osm_id":1510356022,"osm_type":"way","building":"apartments","name":null,"addr_housenumber":null,"addr_street":null,"raw_height":null,"building_levels":null,"raw_min_height":null,"roof_levels":null,"height_m":10,"min_height_m":0,"height_source":"building_type_default","default_height_rule":"apartments","confidence":"low"},"geometry":{"type":"Polygon","coordinates":[[[120.3339676,22.7481256],[120.33397,22.7479844],[120.3337683,22.7479815],[120.3337659,22.7481226],[120.3339676,22.7481256]]]}},{"type":"Feature","id":"way/1510356045","properties":{"osm_id":1510356045,"osm_type":"way","building":"apartments","name":null,"addr_housenumber":null,"addr_street":null,"raw_height":null,"building_levels":null,"raw_min_height":null,"roof_levels":null,"height_m":10,"min_height_m":0,"height_source":"building_type_default","default_height_rule":"apartments","confidence":"low"},"geometry":{"type":"Polygon","coordinates":[[[120.2908134,22.7351068],[120.2908118,22.7353033],[120.2910521,22.7353049],[120.2910537,22.7351085],[120.2908134,22.7351068]]]}},{"type":"Feature","id":"way/1510356049","properties":{"osm_id":1510356049,"osm_type":"way","building":"apartments","name":null,"addr_housenumber":null,"addr_street":null,"raw_height":null,"building_levels":null,"raw_min_height":null,"roof_levels":null,"height_m":10,"min_height_m":0,"height_source":"building_type_default","default_height_rule":"apartments","confidence":"low"},"geometry":{"type":"Polygon","coordinates":[[[120.3339628,22.7484079],[120.3339652,22.7482667],[120.3337635,22.7482638],[120.3337611,22.748405],[120.3339628,22.7484079]]]}},{"type":"Feature","id":"way/1510356061","properties":{"osm_id":1510356061,"osm_type":"way","building":"apartments","name":null,"addr_housenumber":null,"addr_street":null,"raw_height":null,"building_levels":null,"raw_min_height":null,"roof_levels":null,"height_m":10,"min_height_m":0,"height_source":"building_type_default","default_height_rule":"apartments","confidence":"low"},"geometry":{"type":"Polygon","coordinates":[[[120.2912841,22.7345153],[120.2912891,22.7348979],[120.2915172,22.7348953],[120.2915122,22.7345128],[120.2912841,22.7345153]]]}},{"type":"Feature","id":"way/1510356066","properties":{"osm_id":1510356066,"osm_type":"way","building":"apartments","name":null,"addr_housenumber":null,"addr_street":null,"raw_height":null,"building_levels":null,"raw_min_height":null,"roof_levels":null,"height_m":10,"min_height_m":0,"height_source":"building_type_default","default_height_rule":"apartments","confidence":"low"},"geometry":{"type":"Polygon","coordinates":[[[120.3326046,22.7501562],[120.3326025,22.7503394],[120.3328062,22.7503414],[120.3328083,22.7501582],[120.3327703,22.7501578],[120.3327706,22.7501334],[120.3326665,22.7501324],[120.3326662,22.7501568],[120.3326046,22.7501562]]]}},{"type":"Feature","id":"way/1510356067","properties":{"osm_id":1510356067,"osm_type":"way","building":"apartments","name":null,"addr_housenumber":null,"addr_street":null,"raw_height":null,"building_levels":null,"raw_min_height":null,"roof_levels":null,"height_m":10,"min_height_m":0,"height_source":"building_type_default","default_height_rule":"apartments","confidence":"low"},"geometry":{"type":"Polygon","coordinates":[[[120.292251,22.735219],[120.2922557,22.7349844],[120.2919549,22.7349794],[120.2919515,22.7351548],[120.2919886,22.7351554],[120.2919874,22.7352146],[120.292251,22.735219]]]}},{"type":"Feature","id":"way/1510356088","properties":{"osm_id":1510356088,"osm_type":"way","building":"apartments","name":null,"addr_housenumber":null,"addr_street":null,"raw_height":null,"building_levels":null,"raw_min_height":null,"roof_levels":null,"height_m":10,"min_height_m":0,"height_source":"building_type_default","default_height_rule":"apartments","confidence":"low"},"geometry":{"type":"Polygon","coordinates":[[[120.294027,22.7323908],[120.294116,22.732615],[120.2943279,22.7325434],[120.2942389,22.7323192],[120.294027,22.7323908]]]}},{"type":"Feature","id":"way/1510356116","properties":{"osm_id":1510356116,"osm_type":"way","building":"apartments","name":null,"addr_housenumber":null,"addr_street":null,"raw_height":null,"building_levels":null,"raw_min_height":null,"roof_levels":null,"height_m":10,"min_height_m":0,"height_source":"building_type_default","default_height_rule":"apartments","confidence":"low"},"geometry":{"type":"Polygon","coordinates":[[[120.2906776,22.7345255],[120.2906814,22.7346208],[120.2908166,22.7346161],[120.2908166,22.7346567],[120.2908797,22.7346546],[120.2910443,22.7345615],[120.2910373,22.7345131],[120.2906776,22.7345255]]]}},{"type":"Feature","id":"way/1510356129","properties":{"osm_id":1510356129,"osm_type":"way","building":"apartments","name":null,"addr_housenumber":null,"addr_street":null,"raw_height":null,"building_levels":null,"raw_min_height":null,"roof_levels":null,"height_m":10,"min_height_m":0,"height_source":"building_type_default","default_height_rule":"apartments","confidence":"low"},"geometry":{"type":"Polygon","coordinates":[[[120.2936166,22.7320693],[120.2937022,22.7323105],[120.2939406,22.7322386],[120.293855,22.7319974],[120.2936166,22.7320693]]]}},{"type":"Feature","id":"way/1510356145","properties":{"osm_id":1510356145,"osm_type":"way","building":"apartments","name":null,"addr_housenumber":null,"addr_street":null,"raw_height":null,"building_levels":null,"raw_min_height":null,"roof_levels":null,"height_m":10,"min_height_m":0,"height_source":"building_type_default","default_height_rule":"apartments","confidence":"low"},"geometry":{"type":"Polygon","coordinates":[[[120.2908118,22.7353033],[120.2908103,22.7354998],[120.2910506,22.7355014],[120.2910521,22.7353049],[120.2908118,22.7353033]]]}},{"type":"Feature","id":"way/1510356162","properties":{"osm_id":1510356162,"osm_type":"way","building":"apartments","name":null,"addr_housenumber":null,"addr_street":null,"raw_height":null,"building_levels":null,"raw_min_height":null,"roof_levels":null,"height_m":10,"min_height_m":0,"height_source":"building_type_default","default_height_rule":"apartments","confidence":"low"},"geometry":{"type":"Polygon","coordinates":[[[120.293784,22.7324739],[120.2938725,22.7326967],[120.2940976,22.7326207],[120.2940091,22.7323978],[120.293784,22.7324739]]]}},{"type":"Feature","id":"way/1510356168","properties":{"osm_id":1510356168,"osm_type":"way","building":"apartments","name":null,"addr_housenumber":null,"addr_street":null,"raw_height":null,"building_levels":null,"raw_min_height":null,"roof_levels":null,"height_m":10,"min_height_m":0,"height_source":"building_type_default","default_height_rule":"apartments","confidence":"low"},"geometry":{"type":"Polygon","coordinates":[[[120.3339652,22.7482667],[120.3339676,22.7481256],[120.3337659,22.7481226],[120.3337635,22.7482638],[120.3339652,22.7482667]]]}},{"type":"Feature","id":"way/1510356173","properties":{"osm_id":1510356173,"osm_type":"way","building":"apartments","name":null,"addr_housenumber":null,"addr_street":null,"raw_height":null,"building_levels":null,"raw_min_height":null,"roof_levels":null,"height_m":10,"min_height_m":0,"height_source":"building_type_default","default_height_rule":"apartments","confidence":"low"},"geometry":{"type":"Polygon","coordinates":[[[120.2951881,22.7291521],[120.2948672,22.7291818],[120.2948864,22.7293591],[120.2949183,22.7293562],[120.2949255,22.7294221],[120.2952145,22.7293953],[120.2951881,22.7291521]]]}},{"type":"Feature","id":"way/1510356199","properties":{"osm_id":1510356199,"osm_type":"way","building":"apartments","name":null,"addr_housenumber":null,"addr_street":null,"raw_height":null,"building_levels":null,"raw_min_height":null,"roof_levels":null,"height_m":10,"min_height_m":0,"height_source":"building_type_default","default_height_rule":"apartments","confidence":"low"},"geometry":{"type":"Polygon","coordinates":[[[120.3328692,22.7503387],[120.332903,22.750339],[120.3329028,22.7503577],[120.3330376,22.750359],[120.333039,22.75024],[120.333126,22.7502418],[120.3331541,22.7502251],[120.3331543,22.7502075],[120.3331951,22.7502079],[120.3331958,22.7501523],[120.3328714,22.7501491],[120.3328692,22.7503387]]]}},{"type":"Feature","id":"way/1510356202","properties":{"osm_id":1510356202,"osm_type":"way","building":"apartments","name":null,"addr_housenumber":null,"addr_street":null,"raw_height":null,"building_levels":null,"raw_min_height":null,"roof_levels":null,"height_m":10,"min_height_m":0,"height_source":"building_type_default","default_height_rule":"apartments","confidence":"low"},"geometry":{"type":"Polygon","coordinates":[[[120.2950389,22.7288515],[120.2950519,22.7289497],[120.295105,22.7289437],[120.2951218,22.7290702],[120.2953174,22.7290482],[120.2953006,22.7289217],[120.2955544,22.7288931],[120.2955414,22.7287949],[120.2950389,22.7288515]]]}},{"type":"Feature","id":"way/1510356206","properties":{"osm_id":1510356206,"osm_type":"way","building":"apartments","name":null,"addr_housenumber":null,"addr_street":null,"raw_height":null,"building_levels":null,"raw_min_height":null,"roof_levels":null,"height_m":10,"min_height_m":0,"height_source":"building_type_default","default_height_rule":"apartments","confidence":"low"},"geometry":{"type":"Polygon","coordinates":[[[120.2940406,22.7320515],[120.2940148,22.7319778],[120.2942265,22.7319148],[120.2942017,22.731844],[120.2938905,22.7319366],[120.293941,22.7320811],[120.2940406,22.7320515]]]}},{"type":"Feature","id":"way/1510356216","properties":{"osm_id":1510356216,"osm_type":"way","building":"apartments","name":null,"addr_housenumber":null,"addr_street":null,"raw_height":null,"building_levels":null,"raw_min_height":null,"roof_levels":null,"height_m":10,"min_height_m":0,"height_source":"building_type_default","default_height_rule":"apartments","confidence":"low"},"geometry":{"type":"Polygon","coordinates":[[[120.293941,22.7320811],[120.293992,22.7322269],[120.2942661,22.7321454],[120.2942367,22.7320615],[120.2940622,22.7321134],[120.2940406,22.7320515],[120.293941,22.7320811]]]}},{"type":"Feature","id":"way/1510356226","properties":{"osm_id":1510356226,"osm_type":"way","building":"apartments","name":null,"addr_housenumber":null,"addr_street":null,"raw_height":null,"building_levels":null,"raw_min_height":null,"roof_levels":null,"height_m":10,"min_height_m":0,"height_source":"building_type_default","default_height_rule":"apartments","confidence":"low"},"geometry":{"type":"Polygon","coordinates":[[[120.2931766,22.7325547],[120.2932243,22.7327005],[120.2932362,22.7326972],[120.2932512,22.7327431],[120.2932011,22.7327571],[120.2932281,22.7328396],[120.2934423,22.73278],[120.2933998,22.7326498],[120.293369,22.7326584],[120.2933219,22.7325143],[120.2931766,22.7325547]]]}},{"type":"Feature","id":"way/1510356238","properties":{"osm_id":1510356238,"osm_type":"way","building":"apartments","name":null,"addr_housenumber":null,"addr_street":null,"raw_height":null,"building_levels":null,"raw_min_height":null,"roof_levels":null,"height_m":10,"min_height_m":0,"height_source":"building_type_default","default_height_rule":"apartments","confidence":"low"},"geometry":{"type":"Polygon","coordinates":[[[120.2931943,22.7339312],[120.2929084,22.733965],[120.2929164,22.7340223],[120.2928825,22.7340263],[120.2928976,22.7341348],[120.2929315,22.7341308],[120.2929375,22.7341743],[120.2932234,22.7341405],[120.2932139,22.734072],[120.2932441,22.7340684],[120.2932326,22.733986],[120.2932024,22.7339896],[120.2931943,22.7339312]]]}},{"type":"Feature","id":"way/1510356276","properties":{"osm_id":1510356276,"osm_type":"way","building":"apartments","name":null,"addr_housenumber":null,"addr_street":null,"raw_height":null,"building_levels":null,"raw_min_height":null,"roof_levels":null,"height_m":10,"min_height_m":0,"height_source":"building_type_default","default_height_rule":"apartments","confidence":"low"},"geometry":{"type":"Polygon","coordinates":[[[120.2932028,22.7341985],[120.2929361,22.7342301],[120.2929434,22.7342827],[120.2929093,22.7342867],[120.2929238,22.7343908],[120.2929579,22.7343868],[120.2929634,22.7344261],[120.2932301,22.7343946],[120.293221,22.7343291],[120.2932374,22.7343272],[120.2932307,22.7342789],[120.2932143,22.7342809],[120.2932028,22.7341985]]]}},{"type":"Feature","id":"way/1510356300","properties":{"osm_id":1510356300,"osm_type":"way","building":"apartments","name":null,"addr_housenumber":null,"addr_street":null,"raw_height":null,"building_levels":null,"raw_min_height":null,"roof_levels":null,"height_m":10,"min_height_m":0,"height_source":"building_type_default","default_height_rule":"apartments","confidence":"low"},"geometry":{"type":"Polygon","coordinates":[[[120.2921092,22.7356453],[120.2921065,22.7358042],[120.2923844,22.7358082],[120.2923871,22.7356492],[120.2921092,22.7356453]]]}},{"type":"Feature","id":"way/1510356308","properties":{"osm_id":1510356308,"osm_type":"way","building":"apartments","name":null,"addr_housenumber":null,"addr_street":null,"raw_height":null,"building_levels":null,"raw_min_height":null,"roof_levels":null,"height_m":10,"min_height_m":0,"height_source":"building_type_default","default_height_rule":"apartments","confidence":"low"},"geometry":{"type":"Polygon","coordinates":[[[120.2919874,22.7352146],[120.2919836,22.7354088],[120.2922472,22.7354132],[120.292251,22.735219],[120.2919874,22.7352146]]]}},{"type":"Feature","id":"way/1535113118","properties":{"osm_id":1535113118,"osm_type":"way","building":"construction","name":"Fab22 Office","addr_housenumber":null,"addr_street":null,"raw_height":null,"building_levels":null,"raw_min_height":null,"roof_levels":null,"height_m":9,"min_height_m":0,"height_source":"building_type_default","default_height_rule":"construction","confidence":"low"},"geometry":{"type":"Polygon","coordinates":[[[120.3162467,22.7122923],[120.315941,22.7127872],[120.3153777,22.7128911],[120.3151846,22.712421],[120.3149325,22.7121637],[120.314734,22.7120053],[120.3142029,22.7117084],[120.314514,22.7112977],[120.3162467,22.7122923]]]}},{"type":"Feature","id":"way/1535113119","properties":{"osm_id":1535113119,"osm_type":"way","building":"construction","name":"Fab22 P5 CUP","addr_housenumber":null,"addr_street":null,"raw_height":null,"building_levels":null,"raw_min_height":null,"roof_levels":null,"height_m":9,"min_height_m":0,"height_source":"building_type_default","default_height_rule":"construction","confidence":"low"},"geometry":{"type":"Polygon","coordinates":[[[120.3198663,22.7124945],[120.3202797,22.7127416],[120.3208348,22.7119517],[120.3204214,22.7117045],[120.3198663,22.7124945]]]}},{"type":"Feature","id":"way/1535113120","properties":{"osm_id":1535113120,"osm_type":"way","building":"construction","name":"TSMC Fab22 P5","addr_housenumber":null,"addr_street":null,"raw_height":null,"building_levels":null,"raw_min_height":null,"roof_levels":null,"height_m":9,"min_height_m":0,"height_source":"building_type_default","default_height_rule":"construction","confidence":"low"},"geometry":{"type":"Polygon","coordinates":[[[120.3177912,22.7112644],[120.3196941,22.7124208],[120.3209035,22.7107274],[120.3190006,22.7095709],[120.3177912,22.7112644]]]}},{"type":"Feature","id":"way/1535113122","properties":{"osm_id":1535113122,"osm_type":"way","building":"construction","name":"Fab22 P4 CUP","addr_housenumber":null,"addr_street":null,"raw_height":null,"building_levels":null,"raw_min_height":null,"roof_levels":null,"height_m":9,"min_height_m":0,"height_source":"building_type_default","default_height_rule":"construction","confidence":"low"},"geometry":{"type":"Polygon","coordinates":[[[120.3185266,22.7145161],[120.31894,22.7147633],[120.3194951,22.7139733],[120.3190817,22.7137261],[120.3185266,22.7145161]]]}},{"type":"Feature","id":"way/1535113123","properties":{"osm_id":1535113123,"osm_type":"way","building":"construction","name":"TSMC Fab22 P4","addr_housenumber":null,"addr_street":null,"raw_height":null,"building_levels":null,"raw_min_height":null,"roof_levels":null,"height_m":9,"min_height_m":0,"height_source":"building_type_default","default_height_rule":"construction","confidence":"low"},"geometry":{"type":"Polygon","coordinates":[[[120.3163965,22.7132388],[120.3182994,22.7143952],[120.3195088,22.7127018],[120.3176059,22.7115453],[120.3163965,22.7132388]]]}}]}