{"type":"FeatureCollection","features":[{"type":"Feature","id":"relation/2646786","properties":{"osm_id":"2646786","osm_type":"relation","name":null,"feature_category":"green_area","green_type":"grass_or_meadow","green_priority":"medium","source_tags":{"landuse":"grass","type":"multipolygon"}},"geometry":{"type":"Polygon","coordinates":[[[120.2858973,22.736484],[120.2866233,22.7362608],[120.2865153,22.735883],[120.2863664,22.7357938],[120.2865489,22.7354091],[120.2862175,22.7352168],[120.2860462,22.7352718],[120.2860015,22.7350623],[120.2860611,22.7349662],[120.2860723,22.7347842],[120.2892855,22.7349936],[120.2892185,22.7362161],[120.2891701,22.7362642],[120.2861505,22.7370712],[120.2860797,22.737054],[120.2858973,22.736484]],[[120.2870462,22.735898],[120.2870795,22.7359529],[120.2871605,22.7359749],[120.2872487,22.7359529],[120.2872988,22.7359024],[120.2873297,22.735876],[120.2875966,22.7357529],[120.2877205,22.7357683],[120.2877896,22.7357793],[120.2878826,22.7357771],[120.2879469,22.7357463],[120.2879707,22.7356804],[120.2879684,22.7355881],[120.2878849,22.735465],[120.2877873,22.7354298],[120.28768,22.7354232],[120.2875013,22.7354562],[120.2873416,22.7355156],[120.2872487,22.7355485],[120.2871486,22.7355573],[120.2870342,22.7355419],[120.2869342,22.7354958],[120.2868365,22.7354276],[120.2867459,22.7354189],[120.2866935,22.7354518],[120.2866673,22.7355397],[120.2866744,22.7355947],[120.2867364,22.7356166],[120.2868603,22.735643],[120.2869723,22.7356914],[120.2870223,22.7357551],[120.2870509,22.7358144],[120.2870914,22.7358144],[120.2871057,22.735876],[120.2870462,22.735898]]]}},{"type":"Feature","id":"relation/2658980","properties":{"osm_id":"2658980","osm_type":"relation","name":null,"feature_category":"green_area","green_type":"grass_or_meadow","green_priority":"medium","source_tags":{"landuse":"grass","type":"multipolygon"}},"geometry":{"type":"Polygon","coordinates":[[[120.283769,22.7315651],[120.2842009,22.731332],[120.2840733,22.73099],[120.2842664,22.7307685],[120.2841952,22.7306379],[120.2842512,22.7305739],[120.2841508,22.7304604],[120.2841446,22.7301383],[120.2841803,22.7301055],[120.284245,22.7300922],[120.2842969,22.7301051],[120.2843207,22.7301507],[120.2843087,22.7320305],[120.2837571,22.7319951],[120.283769,22.7315651]]]}},{"type":"Feature","id":"relation/6842064","properties":{"osm_id":"6842064","osm_type":"relation","name":"楠梓水果公園","feature_category":"green_area","green_type":"park","green_priority":"high","source_tags":{"leisure":"park","name":"楠梓水果公園","type":"multipolygon"}},"geometry":{"type":"Polygon","coordinates":[[[120.2978157,22.7199796],[120.2990468,22.720368],[120.2984542,22.7216917],[120.2974703,22.7210424],[120.2974222,22.7209983],[120.2978157,22.7199796]]]}},{"type":"Feature","id":"relation/7014272","properties":{"osm_id":"7014272","osm_type":"relation","name":"壽山國家自然公園","feature_category":"green_area","green_type":"natural_green","green_priority":"medium","source_tags":{"boundary":"national_park","governance_type":"government_manages","leisure":"nature_reserve","name":"壽山國家自然公園","operator":"內政部營建署壽山國家自然公園籌備處","protect_class":"2","protection_title":"國家公園","related_law":"國家公園法","site_ownership":"public","start_date":"2011-11-01","type":"boundary","website":"http://snnp.cpami.gov.tw/"}},"geometry":{"type":"MultiPolygon","coordinates":[[[[120.320226,22.703547],[120.319858,22.703778],[120.319347,22.703988],[120.319314,22.704609],[120.319442,22.705146],[120.319587,22.705375],[120.319154,22.705661],[120.318344,22.705952],[120.317737,22.705597],[120.3175,22.70555],[120.317004,22.705371],[120.316086,22.705326],[120.315658,22.705287],[120.315291,22.705037],[120.314862,22.704797],[120.314064,22.704642],[120.313897,22.704548],[120.313666,22.704419],[120.313297,22.704413],[120.313016,22.704104],[120.312816,22.703938],[120.312087,22.703702],[120.311869,22.703437],[120.311579,22.703496],[120.310669,22.703681],[120.310231,22.702992],[120.309908,22.702344],[120.309541,22.701949],[120.309184,22.701759],[120.30897,22.701653],[120.308687,22.70105],[120.30838,22.700967],[120.308052,22.700853],[120.307762,22.700684],[120.307245,22.700276],[120.307033,22.7001],[120.307004,22.700075],[120.306906,22.700033],[120.306856,22.700012],[120.306464,22.699485],[120.306326,22.699178],[120.306271,22.699207],[120.3051593,22.6968356],[120.305031,22.696562],[120.303773,22.695204],[120.303462,22.693419],[120.30293,22.693422],[120.3029381,22.6928896],[120.302965,22.69111],[120.302986,22.689705],[120.302993,22.689235],[120.303479,22.689422],[120.303659,22.6894],[120.304285,22.689025],[120.304337,22.68906],[120.304781,22.689269],[120.304887,22.689292],[120.305219,22.689362],[120.30531,22.689381],[120.305562,22.689498],[120.305663,22.689566],[120.305807,22.689664],[120.306024,22.68981],[120.306647,22.69016],[120.306801,22.690243],[120.306927,22.690314],[120.307058,22.690375],[120.307213,22.690447],[120.30736,22.69053],[120.307498,22.690625],[120.307627,22.690732],[120.307921,22.690999],[120.307984,22.691058],[120.30805,22.691115],[120.308119,22.691168],[120.308234,22.691251],[120.308346,22.691338],[120.308453,22.69143],[120.308781,22.691748],[120.308885,22.691842],[120.30918,22.692104],[120.30954,22.692441],[120.309608,22.692505],[120.31004,22.692902],[120.310556,22.693396],[120.311147,22.693959],[120.311464,22.69427],[120.31171,22.694533],[120.31192,22.69477],[120.312021,22.694923],[120.312117,22.695079],[120.312207,22.695237],[120.312291,22.695399],[120.31237,22.695563],[120.312441,22.695699],[120.312571,22.695983],[120.313352,22.696],[120.313451,22.69611],[120.312621,22.696608],[120.31296,22.69676],[120.313483,22.696901],[120.313825,22.69703],[120.314182,22.697254],[120.314575,22.697648],[120.314872,22.697895],[120.315138,22.69819],[120.315312,22.698529],[120.31533,22.698757],[120.315376,22.698842],[120.315572,22.698921],[120.315893,22.698967],[120.316273,22.698969],[120.316546,22.698916],[120.316751,22.698791],[120.316888,22.698565],[120.316948,22.698481],[120.317035,22.698467],[120.3172,22.698528],[120.317019,22.698742],[120.317656,22.69934],[120.317621,22.699489],[120.317822,22.699488],[120.318008,22.699641],[120.318128,22.699527],[120.318147,22.699533],[120.318338,22.699719],[120.3184,22.699761],[120.318466,22.699798],[120.318535,22.699829],[120.318573,22.699853],[120.318608,22.699882],[120.318636,22.699916],[120.318659,22.699954],[120.318675,22.699994],[120.318684,22.700036],[120.318685,22.700079],[120.318679,22.700122],[120.318666,22.700163],[120.318633,22.700219],[120.318594,22.700271],[120.318549,22.700319],[120.318499,22.700363],[120.318445,22.700401],[120.318387,22.700435],[120.318335,22.700456],[120.318286,22.700482],[120.318241,22.700513],[120.318199,22.700549],[120.318163,22.700589],[120.318131,22.700632],[120.318105,22.700678],[120.318085,22.700727],[120.318071,22.700778],[120.318063,22.70083],[120.318246,22.701026],[120.318196,22.701221],[120.318099,22.701377],[120.31818,22.701475],[120.318232,22.701509],[120.318287,22.701538],[120.318345,22.701561],[120.318405,22.701579],[120.318467,22.70159],[120.31853,22.701596],[120.318592,22.701593],[120.318655,22.701597],[120.318716,22.701608],[120.318776,22.701626],[120.318833,22.70165],[120.318887,22.70168],[120.318936,22.701715],[120.318979,22.701753],[120.319017,22.701795],[120.31905,22.701841],[120.319076,22.70189],[120.319096,22.701942],[120.319109,22.701995],[120.319115,22.70205],[120.319113,22.702105],[120.319105,22.702159],[120.31909,22.702212],[120.319102,22.702277],[120.319119,22.702341],[120.319142,22.702402],[120.319171,22.702462],[120.319206,22.702519],[120.319246,22.702573],[120.319291,22.702624],[120.31934,22.70267],[120.319419,22.702684],[120.319497,22.702702],[120.319573,22.702726],[120.319647,22.702755],[120.319719,22.702788],[120.319788,22.702827],[120.319844,22.702902],[120.319905,22.702973],[120.319971,22.70304],[120.320043,22.703103],[120.320119,22.70316],[120.3202,22.703212],[120.320284,22.703259],[120.320372,22.7033],[120.320462,22.703335],[120.320436,22.703357],[120.320364,22.703428],[120.320226,22.703547]]],[[[120.2932857,22.6799684],[120.2932347,22.6800554],[120.2931417,22.6801154],[120.2930507,22.6801604],[120.2929317,22.6801874],[120.2927097,22.6802294],[120.2925927,22.6802134],[120.2925547,22.6802054],[120.2921987,22.6799304],[120.2919567,22.6799404],[120.2922827,22.6797524],[120.2926267,22.6789734],[120.2926627,22.6789424],[120.2930017,22.6788304],[120.2929437,22.6789134],[120.2929377,22.6789764],[120.2929557,22.6790234],[120.2931487,22.6793874],[120.2931447,22.6794074],[120.2932857,22.6796074],[120.2933177,22.6797194],[120.2933237,22.6798174],[120.2933137,22.6798934],[120.2932857,22.6799684]]],[[[120.2902797,22.6803334],[120.2901897,22.6803434],[120.2901023,22.6803397],[120.2900456,22.6802654],[120.2899387,22.6802574],[120.2898597,22.6802494],[120.2897987,22.6802444],[120.2897417,22.6802394],[120.2897077,22.6802364],[120.2896547,22.6802044],[120.2897087,22.6801414],[120.2900257,22.6801894],[120.2900327,22.6801604],[120.2900597,22.6801644],[120.2900757,22.6801484],[120.2901337,22.6801454],[120.2901327,22.6801304],[120.2901297,22.6800794],[120.2901197,22.6800134],[120.2901127,22.6799704],[120.2901027,22.6799274],[120.2900877,22.6798854],[120.2900857,22.6798784],[120.2900847,22.6798704],[120.2900847,22.6798624],[120.2900867,22.6798554],[120.2900897,22.6798484],[120.2900937,22.6798414],[120.2900987,22.6798354],[120.2901057,22.6798304],[120.2901127,22.6798274],[120.2905287,22.6796374],[120.2904537,22.6795034],[120.2903757,22.6793724],[120.2902917,22.6792424],[120.2902047,22.6791164],[120.2900547,22.6788974],[120.2898897,22.6786574],[120.2897257,22.6784364],[120.2894177,22.6780774],[120.2893567,22.6780104],[120.2891557,22.6778084],[120.2890447,22.6777134],[120.2889317,22.6776224],[120.2888147,22.6775344],[120.2886937,22.6774514],[120.2886297,22.6774134],[120.2885467,22.6773694],[120.2884607,22.6773314],[120.2883717,22.6772984],[120.2882797,22.6772714],[120.2884147,22.6759404],[120.2877277,22.6753334],[120.2895047,22.6752814],[120.2894757,22.6744204],[120.2891969,22.674217],[120.2883717,22.6735994],[120.2880647,22.6733644],[120.2878627,22.6732064],[120.2877547,22.6731174],[120.2877057,22.6730794],[120.2874807,22.6729074],[120.2870887,22.6726034],[120.2870717,22.6725904],[120.2870007,22.6725344],[120.2870317,22.6724964],[120.2870387,22.6724884],[120.2870467,22.6724814],[120.2870567,22.6724754],[120.2870667,22.6724714],[120.2870777,22.6724694],[120.2870897,22.6724684],[120.2871007,22.6724694],[120.2871117,22.6724724],[120.2871217,22.6724774],[120.2871317,22.6724834],[120.2878257,22.6730154],[120.2879527,22.6731174],[120.2884477,22.6735134],[120.2896317,22.6743754],[120.2904877,22.6749014],[120.2906467,22.6750264],[120.2908047,22.6751504],[120.2908057,22.6751514],[120.2911787,22.6754924],[120.2915077,22.6757934],[120.2919087,22.6761594],[120.2922877,22.6764494],[120.2925307,22.6767854],[120.2926147,22.6769654],[120.2926027,22.6773664],[120.2924969,22.6776594],[120.2924943,22.6778657],[120.2925259,22.6781203],[120.292494,22.6782169],[120.2925059,22.67829],[120.2925127,22.6783323],[120.2926279,22.6787023],[120.2925027,22.6789384],[120.2921767,22.6796754],[120.2921387,22.6797164],[120.2914847,22.6800944],[120.2912477,22.6802314],[120.2911157,22.6803074],[120.2910647,22.6803334],[120.2910097,22.6803534],[120.2909877,22.6803554],[120.2909647,22.6803584],[120.2909187,22.6803584],[120.2908777,22.6803544],[120.2907617,22.6803404],[120.2905497,22.6803404],[120.2904597,22.6803314],[120.2903697,22.6803294],[120.2902797,22.6803334]]],[[[120.2692734,22.6272309],[120.2692124,22.6271469],[120.2691254,22.6271009],[120.2690864,22.6271689],[120.2690274,22.6271849],[120.2689394,22.6271779],[120.2688574,22.6271409],[120.2686874,22.6269539],[120.2686094,22.6268199],[120.2685744,22.6267759],[120.2684364,22.6266439],[120.2683414,22.6264469],[120.2682814,22.6263489],[120.2681484,22.6261379],[120.2679724,22.6258239],[120.2678704,22.6257439],[120.2678004,22.6256889],[120.2677814,22.6254699],[120.2677454,22.6253329],[120.2677514,22.6252259],[120.2677404,22.6250959],[120.2675934,22.6249159],[120.2675714,22.6248139],[120.2675394,22.6247379],[120.2674244,22.6245789],[120.2673494,22.6243819],[120.2673184,22.6241349],[120.2672724,22.6240059],[120.2672214,22.6237889],[120.2670384,22.6234719],[120.2669894,22.6234079],[120.2668234,22.6231959],[120.2667424,22.6230219],[120.2667374,22.6229559],[120.2667874,22.6225039],[120.2667634,22.6224469],[120.2666954,22.6223589],[120.2666764,22.6222899],[120.2666734,22.6219009],[120.2666654,22.6218419],[120.2666724,22.6215889],[120.2666574,22.6214849],[120.2666544,22.6212839],[120.2666794,22.6211089],[120.2667354,22.6209619],[120.2667584,22.6208689],[120.2668524,22.6206189],[120.2669494,22.6204829],[120.2669564,22.6203919],[120.2671134,22.6202589],[120.2671314,22.6202069],[120.2671824,22.6201669],[120.2672124,22.6201689],[120.2672994,22.6200709],[120.2672554,22.6200329],[120.2672714,22.6200159],[120.2672314,22.6199819],[120.2669904,22.6194209],[120.2668516,22.6192354],[120.2668124,22.6190869],[120.2667334,22.6189389],[120.2665694,22.6186349],[120.2664959,22.6183386],[120.2669434,22.6183919],[120.2675844,22.6190989],[120.2678204,22.6193599],[120.2678734,22.6198139],[120.2686424,22.6206989],[120.2688254,22.6209099],[120.2689554,22.6224839],[120.2689744,22.6227169],[120.2690794,22.6231039],[120.2691204,22.6241119],[120.2691464,22.6242359],[120.2691604,22.6243069],[120.2691984,22.6244929],[120.2694424,22.6249259],[120.2695994,22.6251399],[120.2697344,22.6253469],[120.2697534,22.6255529],[120.2698304,22.6257729],[120.2699254,22.6259149],[120.2702114,22.6260999],[120.2701054,22.6264129],[120.2702024,22.6266269],[120.2702014,22.6266669],[120.2701904,22.6267159],[120.2701574,22.6267719],[120.2700924,22.6268299],[120.2700454,22.6268779],[120.2700084,22.6269289],[120.2699834,22.6269849],[120.2699058,22.6270305],[120.2698058,22.6270416],[120.269631,22.6270454],[120.2694525,22.6271176],[120.2693787,22.6271592],[120.2693184,22.6272009],[120.2692734,22.6272309]]],[[[120.264779,22.616256],[120.264692,22.616279],[120.264645,22.616157],[120.264598,22.616172],[120.264559,22.616174],[120.26449,22.616144],[120.264306,22.615999],[120.264273,22.615972],[120.26425,22.615944],[120.26423,22.61591],[120.264226,22.615899],[120.264101,22.615761],[120.263955,22.615607],[120.263819,22.615473],[120.263632,22.615264],[120.263459,22.615089],[120.263362,22.614983],[120.263291,22.614918],[120.263217,22.614811],[120.263176,22.614731],[120.263129,22.614658],[120.26306,22.614562],[120.26302,22.614518],[120.262949,22.614441],[120.262883,22.614369],[120.262854,22.614327],[120.262825,22.614283],[120.262781,22.614221],[120.262739,22.614169],[120.262712,22.614137],[120.262661,22.614084],[120.262534,22.613964],[120.262473,22.613895],[120.262465,22.613841],[120.2624966,22.6138132],[120.262563,22.613778],[120.26284,22.6135992],[120.262886,22.613436],[120.262906,22.613274],[120.262917,22.612985],[120.262928,22.612868],[120.262958,22.61275],[120.262968,22.612534],[120.262969,22.612434],[120.262999,22.612326],[120.263,22.612146],[120.26302,22.612064],[120.26305,22.611866],[120.26306,22.611758],[120.263061,22.611577],[120.26311,22.61155],[120.26312,22.611523],[120.26311,22.611487],[120.263081,22.611423],[120.263043,22.611333],[120.262972,22.6112727],[120.2630121,22.6111874],[120.2630622,22.6111263],[120.2631092,22.6110723],[120.263201,22.610927],[120.263153,22.610837],[120.263172,22.610747],[120.263153,22.610683],[120.263163,22.610611],[120.263125,22.61053],[120.263135,22.610503],[120.2631538,22.6104137],[120.2632263,22.6103288],[120.263301,22.610332],[120.26335,22.610359],[120.263398,22.61035],[120.263428,22.610332],[120.263457,22.610332],[120.263476,22.610351],[120.263554,22.610351],[120.263593,22.610387],[120.263583,22.610441],[120.263631,22.610523],[120.263699,22.610586],[120.263829,22.610816],[120.263862,22.610897],[120.264416,22.611948],[120.2646123,22.6122542],[120.264768,22.612468],[120.264768,22.612471],[120.264773,22.612601],[120.264917,22.612788],[120.264919,22.61279],[120.264463,22.612847],[120.265159,22.614041],[120.266309,22.615175],[120.266189,22.615764],[120.264779,22.616256]]],[[[120.2700926,22.6507304],[120.2697306,22.6510751],[120.2699358,22.6520036],[120.269739,22.6528189],[120.2700321,22.652927],[120.2706544,22.6524647],[120.2711134,22.6522258],[120.2716695,22.6517979],[120.2719747,22.6519101],[120.2723547,22.6527213],[120.2721545,22.65316],[120.2714159,22.6535317],[120.2713179,22.6544867],[120.2715889,22.6547427],[120.2719319,22.6556637],[120.2720159,22.6557117],[120.2722489,22.6561117],[120.2723154,22.6564978],[120.2723749,22.6568437],[120.2728219,22.6578957],[120.2732669,22.6581437],[120.2740339,22.6582877],[120.2740359,22.6582907],[120.2740559,22.6583277],[120.2741949,22.6584837],[120.2743369,22.6586337],[120.2744089,22.6587407],[120.2745359,22.6589627],[120.2746429,22.6591697],[120.2746969,22.6592657],[120.2748419,22.6594867],[120.2750049,22.6597247],[120.2753309,22.6602137],[120.2755879,22.6605977],[120.2756619,22.6607247],[120.2756999,22.6608317],[120.2757209,22.6609237],[120.2757449,22.6611237],[120.2758089,22.6612827],[120.2747689,22.6625667],[120.2742619,22.6625767],[120.2739629,22.6629667],[120.2751489,22.6638427],[120.2771289,22.6624787],[120.2776339,22.6627977],[120.2788129,22.6643997],[120.2799429,22.6659317],[120.2807149,22.6670177],[120.2807149,22.6669257],[120.2807219,22.6668337],[120.2807359,22.6667427],[120.2807559,22.6666527],[120.2807839,22.6665637],[120.2808169,22.6664767],[120.2808579,22.6663927],[120.2809039,22.6663117],[120.2809559,22.6662327],[120.2810149,22.6661587],[120.2810649,22.6661297],[120.2816519,22.6670247],[120.2819779,22.6675267],[120.2822089,22.6678807],[120.2824109,22.6681947],[120.2824119,22.6681957],[120.2826419,22.6685277],[120.2827159,22.6686157],[120.2829369,22.6688467],[120.2843539,22.6703607],[120.2849319,22.6709777],[120.2850719,22.6711267],[120.2850779,22.6711347],[120.2850819,22.6711427],[120.2850849,22.6711517],[120.2850869,22.6711607],[120.2850859,22.6711697],[120.2850849,22.6711787],[120.2850809,22.6711867],[120.2850759,22.6711947],[120.2850699,22.6712017],[120.2850629,22.6712077],[120.2850539,22.6712127],[120.2846949,22.6713837],[120.2842299,22.6713817],[120.2829849,22.6713787],[120.2827099,22.6713827],[120.2822239,22.6712257],[120.2815859,22.6713047],[120.2812289,22.6710137],[120.2813229,22.6705707],[120.2806499,22.6704467],[120.2795729,22.6701787],[120.2789279,22.6699617],[120.2784739,22.6695657],[120.2776559,22.6692877],[120.2775709,22.6695047],[120.2771479,22.6694507],[120.2771149,22.6696737],[120.2769789,22.6697207],[120.2768559,22.6696227],[120.2767159,22.6694207],[120.2765709,22.6692287],[120.2757679,22.6690577],[120.2752609,22.6691107],[120.2751469,22.6691567],[120.2749749,22.6695467],[120.2752259,22.6697947],[120.2762779,22.6700977],[120.2764609,22.6702717],[120.2766539,22.6708807],[120.2767999,22.6711457],[120.2770539,22.6713627],[120.2772319,22.6718187],[120.2772069,22.6725227],[120.2770719,22.6726507],[120.2763579,22.6733377],[120.2762409,22.6735517],[120.2759319,22.6736247],[120.2743449,22.6740197],[120.2732829,22.6741057],[120.2733869,22.6738467],[120.2736549,22.6729787],[120.2721599,22.6725817],[120.2720299,22.6730037],[120.2709439,22.6724357],[120.2703019,22.6723347],[120.2698839,22.6722287],[120.2691519,22.6720317],[120.2681929,22.6719777],[120.2674449,22.6718467],[120.2673229,22.6718247],[120.2674309,22.6711707],[120.2668319,22.6710857],[120.2665759,22.6709637],[120.2660599,22.6707767],[120.2655819,22.6706937],[120.2651209,22.6705117],[120.2646419,22.6703757],[120.2643379,22.6703497],[120.2636259,22.6698487],[120.2634059,22.6696797],[120.2624739,22.6707217],[120.2616609,22.6708427],[120.2613619,22.6708697],[120.2613509,22.6708607],[120.2612819,22.6708007],[120.2612649,22.6707877],[120.2612369,22.6707617],[120.2612359,22.6707607],[120.2612349,22.6707597],[120.2611389,22.6707057],[120.2610219,22.6706327],[120.2609929,22.6706147],[120.2609539,22.6705877],[120.2609529,22.6705867],[120.2609249,22.6705777],[120.2609239,22.6705777],[120.2608669,22.6705417],[120.2608279,22.6705147],[120.2607799,22.6704687],[120.2607409,22.6704327],[120.2606659,22.6703627],[120.2606639,22.6703607],[120.2606629,22.6703597],[120.2606049,22.6702877],[120.2606049,22.6702867],[120.2605179,22.6701607],[120.2604799,22.6701157],[120.2604789,22.6701147],[120.2603659,22.6698927],[120.2603639,22.6698897],[120.2603629,22.6698887],[120.2603349,22.6698437],[120.2603069,22.6698077],[120.2602289,22.6697077],[120.2602279,22.6697077],[120.2602099,22.6696717],[120.2602089,22.6696707],[120.2601129,22.6695357],[120.2601119,22.6695357],[120.2600459,22.6694817],[120.2599679,22.6694177],[120.2599669,22.6694177],[120.2599199,22.6693907],[120.2598909,22.6693727],[120.2598889,22.6693717],[120.2597839,22.6693447],[120.2596019,22.6693057],[120.2595689,22.6692977],[120.2594339,22.6691627],[120.2594329,22.6691617],[120.2594149,22.6691357],[120.2594139,22.6691347],[120.2593949,22.6691177],[120.2593659,22.6690897],[120.2593659,22.6690887],[120.2593369,22.6690537],[120.2592989,22.6690087],[120.2592829,22.6689857],[120.2592789,22.6689817],[120.2592779,22.6689807],[120.2591439,22.6688807],[120.2591429,22.6688807],[120.2589969,22.6688527],[120.2588909,22.6688807],[120.2587239,22.6689247],[120.2585209,22.6689317],[120.2585199,22.6689317],[120.2585009,22.6689227],[120.2584139,22.6688787],[120.2583559,22.6688497],[120.2582299,22.6687867],[120.2582289,22.6687857],[120.2581179,22.6687687],[120.2581129,22.6687677],[120.2580539,22.6687587],[120.2579859,22.6687767],[120.2575509,22.6687657],[120.2575489,22.6687657],[120.2572659,22.6687727],[120.2569349,22.6687807],[120.2569339,22.6687807],[120.2568869,22.6687717],[120.2568289,22.6687617],[120.2567309,22.6687437],[120.2567299,22.6687427],[120.2566249,22.6687067],[120.2566239,22.6687057],[120.2565659,22.6686707],[120.2565649,22.6686697],[120.2564399,22.6685707],[120.2564399,22.6685697],[120.2562579,22.6683377],[120.2562569,22.6683347],[120.2561789,22.6682357],[120.2561789,22.6682347],[120.2561339,22.6681417],[120.2561309,22.6681357],[120.2560539,22.6679727],[120.2560529,22.6679717],[120.2560339,22.6679087],[120.2559869,22.6678287],[120.2559859,22.6678277],[120.2558899,22.6675927],[120.2558899,22.6675917],[120.2558629,22.6675427],[120.2558609,22.6675387],[120.2558339,22.6674877],[120.2558329,22.6674847],[120.2558039,22.6674297],[120.2558029,22.6674297],[120.2557459,22.6673667],[120.2557449,22.6673657],[120.2556109,22.6671677],[120.2556099,22.6671667],[120.2554579,22.6669877],[120.2554559,22.6669857],[120.2554549,22.6669847],[120.2554179,22.6669497],[120.2553789,22.6669037],[120.2553599,22.6668687],[120.2553589,22.6668677],[120.2552909,22.6667987],[120.2552389,22.6667457],[120.2552339,22.6667407],[120.2551269,22.6666317],[120.2551259,22.6666317],[120.2550299,22.6665417],[120.2550009,22.6665137],[120.2548369,22.6663687],[120.2547589,22.6663057],[120.2547579,22.6663047],[120.2546429,22.6662237],[120.2544099,22.6660597],[120.2544089,22.6660587],[120.2541489,22.6658687],[120.2541009,22.6658317],[120.2540519,22.6657957],[120.2540509,22.6657957],[120.2539939,22.6657507],[120.2538779,22.6656597],[120.2538759,22.6656597],[120.2536969,22.6655527],[120.2536929,22.6655507],[120.2536919,22.6655497],[120.2536249,22.6655227],[120.2536239,22.6655227],[120.2534799,22.6654137],[120.2534789,22.6654137],[120.2533229,22.6653947],[120.2533119,22.6653987],[120.2531629,22.6654497],[120.2530509,22.6654937],[120.2530119,22.6655027],[120.2529339,22.6655467],[120.2528409,22.6655827],[120.2527089,22.6656457],[120.2525429,22.6656537],[120.2523199,22.6656797],[120.2523199,22.6656787],[120.2522899,22.6656257],[120.2522719,22.6655977],[120.2522429,22.6655437],[120.2525539,22.6655907],[120.2526909,22.6655457],[120.2527979,22.6655197],[120.2528269,22.6655017],[120.2528569,22.6654927],[120.2530319,22.6654117],[120.2530809,22.6653947],[120.2532269,22.6652777],[120.2531799,22.6651147],[120.2531509,22.6650157],[120.2531319,22.6649607],[120.2530749,22.6647617],[120.2530279,22.6643917],[120.2530179,22.6643647],[120.2530179,22.6643287],[120.2529989,22.6643007],[120.2529699,22.6642647],[120.2529219,22.6641927],[120.2528929,22.6641467],[120.2528739,22.6641287],[120.2528049,22.6640897],[120.2527279,22.6640477],[120.2526599,22.6640107],[120.2526589,22.6640107],[120.2523879,22.6639547],[120.2523869,22.6639547],[120.2521829,22.6639537],[120.2519889,22.6640077],[120.2518519,22.6640427],[120.2515699,22.6641227],[120.2514919,22.6641407],[120.2513849,22.6641857],[120.2513739,22.6642577],[120.2513639,22.6642927],[120.2513839,22.6643207],[120.2514119,22.6643567],[120.2514149,22.6643627],[120.2516909,22.6649537],[120.2516529,22.6649997],[120.2516139,22.6650077],[120.2516129,22.6650067],[120.2515839,22.6649537],[120.2515559,22.6648997],[120.2514789,22.6647547],[120.2512959,22.6643837],[120.2512769,22.6643567],[120.2512479,22.6643197],[120.2512279,22.6642927],[120.2512089,22.6642567],[120.2511609,22.6641837],[120.2511319,22.6641387],[120.2511119,22.6641207],[120.2510639,22.6640397],[120.2511329,22.6640037],[120.2512399,22.6639497],[120.2521859,22.6634847],[120.2523229,22.6633317],[120.2523629,22.6631967],[120.2523149,22.6630067],[120.2521509,22.6628437],[120.2521119,22.6628247],[120.2520539,22.6627977],[120.2520259,22.6627837],[120.2519469,22.6627427],[120.2517919,22.6626607],[120.2517909,22.6626607],[120.2516749,22.6626057],[120.2516739,22.6626057],[120.2515779,22.6625517],[120.2515769,22.6625517],[120.2514019,22.6625327],[120.2513749,22.6625367],[120.2513249,22.6625457],[120.2513049,22.6625497],[120.2512849,22.6626037],[120.2512459,22.6626577],[120.2511479,22.6628207],[120.2510029,22.6627917],[120.2509739,22.6627387],[120.2509729,22.6627377],[120.2509609,22.6627007],[120.2509449,22.6626567],[120.2509449,22.6626027],[120.2509459,22.6625487],[120.2509559,22.6625307],[120.2511829,22.6618817],[120.2512519,22.6617097],[120.2514189,22.6614857],[120.2515759,22.6611967],[120.2516249,22.6610347],[120.2516219,22.6610067],[120.2516059,22.6608807],[120.2513949,22.6603837],[120.2513939,22.6603827],[120.2511339,22.6600387],[120.2511339,22.6600377],[120.2509899,22.6596047],[120.2509899,22.6596037],[120.2508659,22.6591157],[120.2507909,22.6586737],[120.2507349,22.6582307],[120.2507359,22.6580047],[120.2507359,22.6579327],[120.2506889,22.6577617],[120.2506259,22.6576407],[120.2504769,22.6573537],[120.2504769,22.6573527],[120.2504299,22.6570907],[120.2504209,22.6569287],[120.2504809,22.6566577],[120.2504959,22.6565627],[120.2505109,22.6564687],[120.2505809,22.6562707],[120.2506099,22.6561887],[120.2506639,22.6561057],[120.2506919,22.6560627],[120.2506979,22.6560537],[120.2507159,22.6560167],[120.2507189,22.6560097],[120.2507819,22.6558757],[120.2507869,22.6558647],[120.2508429,22.6557457],[120.2508789,22.6556697],[120.2509349,22.6552807],[120.2509369,22.6552517],[120.2508589,22.6550437],[120.2508589,22.6550427],[120.2507829,22.6547447],[120.2507649,22.6545897],[120.2507639,22.6545827],[120.2507549,22.6545637],[120.2507549,22.6545377],[120.2507549,22.6544927],[120.2507359,22.6543827],[120.2506979,22.6542477],[120.2506689,22.6541207],[120.2506989,22.6539767],[120.2507099,22.6538777],[120.2507379,22.6537567],[120.2507509,22.6536977],[120.2508109,22.6534357],[120.2508299,22.6533637],[120.2508499,22.6532737],[120.2508599,22.6532287],[120.2508699,22.6531747],[120.2508699,22.6531207],[120.2508709,22.6530837],[120.2508709,22.6530207],[120.2508619,22.6529577],[120.2508519,22.6529217],[120.2508419,22.6528857],[120.2508229,22.6528307],[120.2508139,22.6528037],[120.2507849,22.6527587],[120.2507319,22.6526667],[120.2507169,22.6526407],[120.2505719,22.6523967],[120.2505719,22.6523957],[120.2504179,22.6522147],[120.2503409,22.6521067],[120.2503209,22.6520797],[120.2503199,22.6520787],[120.2503019,22.6520607],[120.2502439,22.6519967],[120.2501859,22.6519337],[120.2501179,22.6518617],[120.2501169,22.6518607],[120.2500419,22.6517707],[120.2500119,22.6517347],[120.2500109,22.6517337],[120.2499639,22.6516437],[120.2499589,22.6516327],[120.2499379,22.6515807],[120.2499349,22.6515717],[120.2499289,22.6515437],[120.2499249,22.6515267],[120.2499249,22.6514817],[120.2499179,22.6514297],[120.2499169,22.6514177],[120.2499139,22.6513787],[120.2499159,22.6513277],[120.2499229,22.6512777],[120.2499269,22.6512647],[120.2499359,22.6512277],[120.2499359,22.6511647],[120.2499879,22.6507227],[120.2499939,22.6506867],[120.2499969,22.6506587],[120.2501049,22.6504877],[120.2502619,22.6503537],[120.2504299,22.6502347],[120.2505269,22.6501657],[120.2505429,22.6501547],[120.2505609,22.6501427],[120.2505649,22.6501387],[120.2506339,22.6500937],[120.2507119,22.6500397],[120.2507479,22.6500197],[120.2507599,22.6500127],[120.2507669,22.6500027],[120.2507799,22.6499767],[120.2508779,22.6498327],[120.2508969,22.6498107],[120.2509369,22.6497517],[120.2509569,22.6497217],[120.2509559,22.6496717],[120.2509689,22.6495957],[120.2509879,22.6495357],[120.2510019,22.6494607],[120.2510069,22.6494307],[120.2510099,22.6493807],[120.2510059,22.6493347],[120.2510089,22.6492607],[120.2510059,22.6491827],[120.2510039,22.6491617],[120.2510059,22.6491627],[120.2524539,22.6497627],[120.2524559,22.6497637],[120.2524999,22.6497817],[120.2526109,22.6498277],[120.2529589,22.6499707],[120.2529609,22.6499717],[120.2542659,22.6504997],[120.2542669,22.6505007],[120.2542859,22.6505097],[120.2542879,22.6505097],[120.2544489,22.6506077],[120.2544509,22.6506087],[120.2547409,22.6507907],[120.2547419,22.6507917],[120.2553239,22.6511577],[120.2553439,22.6503737],[120.2553059,22.6493547],[120.2555119,22.6488137],[120.2556079,22.6483317],[120.2557069,22.6480467],[120.2558619,22.6476597],[120.2559769,22.6471387],[120.2559849,22.6469097],[120.2559699,22.6464577],[120.2560059,22.6462607],[120.2560349,22.6461757],[120.2560369,22.6461767],[120.2564149,22.6463007],[120.2565409,22.6461637],[120.2565839,22.6460247],[120.2565849,22.6460247],[120.2571939,22.6457237],[120.2592369,22.6425407],[120.2580889,22.6415787],[120.2573679,22.6413207],[120.2573049,22.6409527],[120.2570699,22.6409077],[120.2569029,22.6408377],[120.2570719,22.6406287],[120.2576189,22.6403217],[120.2576529,22.6401117],[120.2576739,22.6398597],[120.2574289,22.6400547],[120.2567839,22.6399857],[120.2567619,22.6399347],[120.2567329,22.6396957],[120.2564509,22.6396677],[120.2564499,22.6398907],[120.2563999,22.6400067],[120.2563309,22.6401037],[120.2560919,22.6401637],[120.2560329,22.6401787],[120.2559999,22.6406537],[120.2559319,22.6407477],[120.2559049,22.6407737],[120.2554159,22.6407117],[120.2553779,22.6406317],[120.2550669,22.6403087],[120.2546939,22.6399227],[120.2544629,22.6396827],[120.2546749,22.6394907],[120.2550664,22.639544],[120.2553699,22.6389757],[120.2554249,22.6389277],[120.2554659,22.6387457],[120.2554909,22.6386287],[120.2554819,22.6385387],[120.2554829,22.6384397],[120.2554819,22.6384367],[120.2554259,22.6382137],[120.2555039,22.6380507],[120.2555829,22.6378797],[120.2557699,22.6374827],[120.2558199,22.6372307],[120.2557929,22.6368877],[120.2560179,22.6364817],[120.2562049,22.6361397],[120.2562439,22.6360767],[120.2562939,22.6359597],[120.2562949,22.6359597],[120.2564109,22.6359337],[120.2565759,22.6359257],[120.2568979,22.6358547],[120.2570439,22.6357637],[120.2570829,22.6357007],[120.2571219,22.6356197],[120.2572109,22.6354127],[120.2572499,22.6353317],[120.2574369,22.6350977],[120.2574849,22.6350707],[120.2576709,22.6349357],[120.2578759,22.6348197],[120.2583439,22.6345507],[120.2584219,22.6344787],[120.2585009,22.6344167],[120.2585889,22.6343447],[120.2587259,22.6342287],[120.2588229,22.6341467],[120.2588619,22.6341107],[120.2590569,22.6339857],[120.2592245,22.633913],[120.259429,22.6341071],[120.2607189,22.6356717],[120.2608749,22.6356527],[120.2609899,22.6356147],[120.2610829,22.6355687],[120.2611319,22.6355197],[120.2611559,22.6354637],[120.2611799,22.6354097],[120.2612429,22.6353067],[120.2612659,22.6352577],[120.2613599,22.6350997],[120.2613919,22.6350547],[120.2615319,22.6348397],[120.2616009,22.6347387],[120.2617139,22.6346597],[120.2617709,22.6346547],[120.2619729,22.6346067],[120.2620349,22.6345847],[120.2621449,22.6345507],[120.2621999,22.6345527],[120.2622479,22.6345267],[120.2623489,22.6344347],[120.2624069,22.6343677],[120.2625299,22.6342507],[120.2625769,22.6341707],[120.2626349,22.6341207],[120.2627149,22.6340817],[120.2627559,22.6340117],[120.2627749,22.6339607],[120.2628179,22.6338517],[120.2627699,22.6336587],[120.2627709,22.6336347],[120.2627809,22.6336127],[120.2628399,22.6335577],[120.2629399,22.6335037],[120.2630199,22.6334377],[120.2630399,22.6334107],[120.2631219,22.6333327],[120.2632319,22.6330087],[120.2632979,22.6328707],[120.2632909,22.6327487],[120.2633019,22.6326037],[120.2633399,22.6324747],[120.2633489,22.6324187],[120.2633869,22.6323437],[120.2634309,22.6322177],[120.2635109,22.6320527],[120.2635409,22.6318637],[120.2635589,22.6318047],[120.2636719,22.6316727],[120.2637819,22.6315827],[120.2638089,22.6314767],[120.2638279,22.6314537],[120.2641489,22.6312407],[120.2641979,22.6312017],[120.2642339,22.6311117],[120.2643319,22.6309707],[120.2643839,22.6308617],[120.2644549,22.6307637],[120.2645099,22.6307077],[120.2645679,22.6306757],[120.2646269,22.6306117],[120.2646999,22.6304767],[120.2647679,22.6304137],[120.2648519,22.6303577],[120.2650009,22.6302217],[120.2650849,22.6298997],[120.2650429,22.6298157],[120.2650149,22.6297167],[120.2650019,22.6296227],[120.2650079,22.6295617],[120.2650289,22.6295207],[120.2650799,22.6294577],[120.2651849,22.6293917],[120.2652469,22.6293667],[120.2653779,22.6293687],[120.2658799,22.6294337],[120.2661829,22.6295507],[120.2666269,22.6297137],[120.2669119,22.6297797],[120.2670899,22.6297767],[120.2671829,22.6297397],[120.2673919,22.6297067],[120.2674859,22.6297107],[120.2676269,22.6296647],[120.2676639,22.6296337],[120.2677329,22.6296037],[120.2678529,22.6296017],[120.2680209,22.6296277],[120.2681639,22.6296057],[120.2684839,22.6294717],[120.2687899,22.6293767],[120.2689849,22.6294427],[120.2692639,22.6294497],[120.2695259,22.6293007],[120.2695449,22.6292117],[120.2696099,22.6290947],[120.2695819,22.6288787],[120.2696039,22.6286517],[120.2695789,22.6285287],[120.2697399,22.6282337],[120.2698903,22.6276955],[120.2706711,22.6272902],[120.2710369,22.6269479],[120.2710999,22.6266847],[120.2712289,22.6264017],[120.2714029,22.6262987],[120.2715569,22.6262067],[120.2732171,22.6262569],[120.2735648,22.6257193],[120.2736023,22.6255138],[120.2737613,22.6252976],[120.2739376,22.6253603],[120.2738398,22.6255335],[120.2739606,22.6255971],[120.2733444,22.6265034],[120.2738465,22.6267854],[120.2741185,22.6264054],[120.2745747,22.6256901],[120.2744808,22.6256425],[120.2745973,22.6254706],[120.274557,22.625447],[120.2750659,22.6251557],[120.2752269,22.6254707],[120.2753679,22.6254197],[120.2759629,22.6263017],[120.2764439,22.6266327],[120.2759849,22.6276427],[120.2761059,22.6276607],[120.2764449,22.6284397],[120.2772869,22.6283257],[120.2773489,22.6284257],[120.2774249,22.6285607],[120.2774719,22.6286697],[120.2774859,22.6287067],[120.2774939,22.6287447],[120.2774949,22.6287837],[120.2774889,22.6288227],[120.2774769,22.6288607],[120.2774589,22.6288957],[120.2773979,22.6290217],[120.2773799,22.6291657],[120.2773849,22.6291897],[120.2773929,22.6292117],[120.2774039,22.6292327],[120.2774189,22.6292517],[120.2774329,22.6292777],[120.2774419,22.6293037],[120.2774469,22.6293317],[120.2774459,22.6293607],[120.2774409,22.6293887],[120.2773569,22.6298547],[120.2773499,22.6298797],[120.2773379,22.6299047],[120.2773219,22.6299267],[120.2773019,22.6299467],[120.2772689,22.6299867],[120.2772419,22.6300317],[120.2772209,22.6300797],[120.2772079,22.6301297],[120.2772019,22.6301807],[120.2772099,22.6302367],[120.2772259,22.6302927],[120.2772489,22.6303457],[120.2772899,22.6304127],[120.2763749,22.6302547],[120.2759039,22.6304337],[120.2758999,22.6304517],[120.2758989,22.6304697],[120.2759009,22.6304887],[120.2759059,22.6305057],[120.2759149,22.6305227],[120.2759519,22.6305727],[120.2759929,22.6306197],[120.2760389,22.6306627],[120.2760879,22.6307017],[120.2761409,22.6307377],[120.2761959,22.6307687],[120.2763369,22.6312907],[120.2764639,22.6321227],[120.2763729,22.6322977],[120.2763169,22.6323907],[120.2762549,22.6324797],[120.2761859,22.6325657],[120.2761119,22.6326467],[120.2760309,22.6327227],[120.2759449,22.6327927],[120.2758549,22.6328587],[120.2757729,22.6329197],[120.2756959,22.6329847],[120.2756219,22.6330527],[120.2755519,22.6331247],[120.2754859,22.6332007],[120.2754249,22.6332797],[120.2753079,22.6335257],[120.2752839,22.6335657],[120.2752529,22.6336017],[120.2752179,22.6336337],[120.2751779,22.6336597],[120.2751339,22.6336807],[120.2750869,22.6336957],[120.2750379,22.6337037],[120.2745279,22.6337267],[120.2744619,22.6336677],[120.2741169,22.6336657],[120.2741189,22.6334217],[120.2736469,22.6329967],[120.2727759,22.6337237],[120.2727759,22.6337147],[120.2727749,22.6337057],[120.2727719,22.6336967],[120.2727679,22.6336887],[120.2727619,22.6336807],[120.2727549,22.6336737],[120.2727469,22.6336687],[120.2727379,22.6336647],[120.2727289,22.6336617],[120.2727189,22.6336607],[120.2727109,22.6336577],[120.2727039,22.6336547],[120.2726969,22.6336507],[120.2726909,22.6336457],[120.2726859,22.6336397],[120.2726819,22.6336327],[120.2726759,22.6336237],[120.2726679,22.6336147],[120.2726579,22.6336077],[120.2726479,22.6336017],[120.2726359,22.6335977],[120.2726239,22.6335957],[120.2726119,22.6335957],[120.2725999,22.6335977],[120.2725879,22.6336017],[120.2725779,22.6336077],[120.2725679,22.6336147],[120.2725539,22.6336227],[120.2725379,22.6336287],[120.2725209,22.6336317],[120.2725039,22.6336327],[120.2724629,22.6336447],[120.2724239,22.6336627],[120.2723889,22.6336857],[120.2723809,22.6336897],[120.2723719,22.6336927],[120.2723629,22.6336937],[120.2723539,22.6336947],[120.2723449,22.6336937],[120.2719259,22.6341487],[120.2719069,22.6341807],[120.2718939,22.6342147],[120.2718859,22.6342497],[120.2718839,22.6342767],[120.2718859,22.6343047],[120.2718919,22.6343307],[120.2719009,22.6343567],[120.2720579,22.6346957],[120.2726319,22.6355797],[120.2729599,22.6363477],[120.2727299,22.6372717],[120.2724989,22.6382017],[120.2734629,22.6383327],[120.2742819,22.6384437],[120.2751029,22.6385547],[120.2755989,22.6385097],[120.2781033,22.6379907],[120.2775031,22.6397191],[120.2772664,22.6404684],[120.2774799,22.6411893],[120.2761903,22.6424686],[120.274931,22.6438058],[120.2744292,22.6443386],[120.2734281,22.6444821],[120.2728111,22.6451126],[120.2728747,22.6455872],[120.2728007,22.6460126],[120.2725014,22.6460661],[120.2723192,22.6463019],[120.2719607,22.6475528],[120.2718052,22.6491082],[120.2718925,22.6502314],[120.2711919,22.6504802],[120.2706587,22.6505484],[120.2700926,22.6507304]]]]}},{"type":"Feature","id":"relation/7838324","properties":{"osm_id":"7838324","osm_type":"relation","name":"旗楠生態自然公園","feature_category":"green_area","green_type":"park","green_priority":"high","source_tags":{"leisure":"park","name":"旗楠生態自然公園","type":"multipolygon"}},"geometry":{"type":"MultiPolygon","coordinates":[[[[120.3323638,22.7453839],[120.332317,22.7449602],[120.332376,22.7449621],[120.332687,22.7443209],[120.3335391,22.7444747],[120.332998,22.7454776],[120.3328151,22.7454101],[120.3325915,22.7453839],[120.3323638,22.7453839]]],[[[120.3327172,22.7442551],[120.3332823,22.7431116],[120.3342139,22.7425258],[120.3342746,22.7431805],[120.3341999,22.7431913],[120.3335788,22.7444144],[120.3327172,22.7442551]]],[[[120.3348754,22.7427223],[120.3348835,22.7420024],[120.3354079,22.7416425],[120.3356315,22.741365],[120.3360137,22.7418037],[120.3348754,22.7427223]]],[[[120.3356966,22.7412863],[120.3366276,22.739944],[120.337335,22.7406976],[120.3360828,22.7417325],[120.3356966,22.7412863]]]]}},{"type":"Feature","id":"relation/7838325","properties":{"osm_id":"7838325","osm_type":"relation","name":null,"feature_category":"green_area","green_type":"park","green_priority":"high","source_tags":{"leisure":"park","type":"multipolygon"}},"geometry":{"type":"Polygon","coordinates":[[[120.2936692,22.7271017],[120.291959,22.7276059],[120.2919352,22.7273397],[120.2936652,22.7270552],[120.2936692,22.7271017]]]}},{"type":"Feature","id":"relation/13968033","properties":{"osm_id":"13968033","osm_type":"relation","name":"半屏山自然風景區","feature_category":"green_area","green_type":"forest_or_wood","green_priority":"medium","source_tags":{"name":"半屏山自然風景區","natural":"wood","type":"multipolygon"}},"geometry":{"type":"Polygon","coordinates":[[[120.3061907,22.6915946],[120.3065685,22.691912],[120.3066561,22.6919528],[120.3068235,22.6920316],[120.306936,22.6920316],[120.3070204,22.6919681],[120.3071869,22.6920099],[120.3073535,22.6920787],[120.3075463,22.6921872],[120.3077193,22.6922859],[120.3079722,22.6924569],[120.3083171,22.6927041],[120.3099497,22.6939368],[120.3103129,22.6942735],[120.3106995,22.6945979],[120.3110282,22.6948169],[120.3152137,22.6986731],[120.3188608,22.7029514],[120.3206435,22.7033828],[120.3210962,22.7050724],[120.320608,22.7054782],[120.3202245,22.7051441],[120.3196422,22.7055668],[120.3185882,22.7059738],[120.318079,22.7056533],[120.3178962,22.7053749],[120.3174211,22.7051629],[120.3168975,22.7055247],[120.3165606,22.7053817],[120.3163893,22.7054733],[120.316256,22.7055533],[120.315363,22.7051678],[120.3139106,22.7046046],[120.3134613,22.7046801],[120.3130643,22.7050005],[120.3121632,22.70439],[120.3119346,22.7044775],[120.3114434,22.704529],[120.3111641,22.7036595],[120.3104478,22.7031745],[120.3087953,22.7021252],[120.30727,22.7016386],[120.3070085,22.7013474],[120.3065427,22.7008452],[120.3065808,22.7000351],[120.306123,22.6993483],[120.3059328,22.6994363],[120.3043811,22.6958931],[120.3032037,22.6934183],[120.3029168,22.6934137],[120.3028279,22.6933832],[120.302908,22.6918375],[120.3029366,22.6891699],[120.3030849,22.6890939],[120.3033573,22.6890589],[120.3037337,22.6890289],[120.3039833,22.688942],[120.3041149,22.6889029],[120.3042542,22.68894],[120.3045679,22.6891034],[120.305478,22.6894018],[120.3060375,22.689815],[120.3073323,22.6906075],[120.3067996,22.6909808],[120.3061907,22.6915946]]]}},{"type":"Feature","id":"relation/16920086","properties":{"osm_id":"16920086","osm_type":"relation","name":"楠梓區七號公園","feature_category":"green_area","green_type":"park","green_priority":"high","source_tags":{"leisure":"park","name":"楠梓區七號公園","name:en":"No. 7 Park","name:zh":"楠梓區七號公園","type":"multipolygon"}},"geometry":{"type":"MultiPolygon","coordinates":[[[[120.2979004,22.7136217],[120.2970705,22.7147781],[120.2965506,22.7145764],[120.296825,22.7139408],[120.2971277,22.7134621],[120.2969434,22.7131829],[120.2973608,22.7125585],[120.2978947,22.7128135],[120.2982403,22.7125773],[120.2983026,22.7125722],[120.2987098,22.7130356],[120.2986842,22.7130887],[120.2979004,22.7136217]]],[[[120.2950225,22.7174161],[120.2954304,22.7169056],[120.2961564,22.7158889],[120.295626,22.7156918],[120.2957165,22.7155425],[120.2961765,22.7148571],[120.2967115,22.715065],[120.2964019,22.7161296],[120.2958288,22.7173562],[120.2955307,22.7177122],[120.2950225,22.7174161]]]]}},{"type":"Feature","id":"relation/17753787","properties":{"osm_id":"17753787","osm_type":"relation","name":null,"feature_category":"green_area","green_type":"forest_or_wood","green_priority":"medium","source_tags":{"natural":"wood","type":"multipolygon"}},"geometry":{"type":"MultiPolygon","coordinates":[[[[120.3295532,22.7568631],[120.3289822,22.7566483],[120.3283274,22.7581109],[120.3274316,22.757934],[120.3269702,22.7578302],[120.326938,22.7574443],[120.3269112,22.7569199],[120.3268468,22.7568012],[120.3266591,22.756821],[120.3265518,22.756633],[120.3262943,22.7564203],[120.3260475,22.7565193],[120.3262728,22.7571772],[120.3261763,22.7573206],[120.3261602,22.7575037],[120.3258383,22.7575531],[120.3259778,22.7585623],[120.3260851,22.7587107],[120.3265518,22.7587849],[120.3270882,22.7585128],[120.3270829,22.7586167],[120.326997,22.7587651],[120.326407,22.7589234],[120.3261656,22.7589382],[120.3250337,22.7584436],[120.325039,22.7580082],[120.324862,22.7563906],[120.3258812,22.7564055],[120.3265357,22.7555695],[120.3268039,22.7552875],[120.3271902,22.7549165],[120.3304571,22.7550154],[120.3312939,22.7550797],[120.3312296,22.7563906],[120.3311545,22.7562126],[120.330795,22.7563164],[120.3300869,22.7567072],[120.3299099,22.7566182],[120.3295532,22.7568631]]],[[[120.3320664,22.7578994],[120.3300682,22.7570807],[120.3301808,22.7569917],[120.330382,22.7570956],[120.3312269,22.7566504],[120.3317311,22.757244],[120.3323185,22.7572489],[120.3320664,22.7578994]]]]}},{"type":"Feature","id":"relation/19172588","properties":{"osm_id":"19172588","osm_type":"relation","name":"後勁公園","feature_category":"green_area","green_type":"park","green_priority":"high","source_tags":{"leisure":"park","name":"後勁公園","name:en":"Houjing Park","name:zh":"後勁公園","type":"multipolygon"}},"geometry":{"type":"Polygon","coordinates":[[[120.3174153,22.7248844],[120.317108,22.7251931],[120.3164151,22.7249417],[120.316038,22.7257509],[120.3150082,22.7245223],[120.3154258,22.7243312],[120.3158549,22.7241039],[120.3163482,22.7237991],[120.3166328,22.7236091],[120.3169573,22.7233295],[120.3170957,22.7234392],[120.3172055,22.7235163],[120.3173668,22.7236438],[120.3174765,22.7237636],[120.3175517,22.7238939],[120.3176504,22.7242192],[120.317742,22.7245564],[120.3174153,22.7248844]]]}},{"type":"Feature","id":"way/24204689","properties":{"osm_id":"24204689","osm_type":"way","name":"楠梓和平公園","feature_category":"green_area","green_type":"park","green_priority":"high","source_tags":{"leisure":"park","name":"楠梓和平公園","name:en":"Nanzi Heping Park","name:zh":"楠梓和平公園"}},"geometry":{"type":"Polygon","coordinates":[[[120.3128316,22.7222283],[120.3127278,22.7224691],[120.3120464,22.7222215],[120.3121588,22.72197],[120.3128316,22.7222283]]]}},{"type":"Feature","id":"way/24204691","properties":{"osm_id":"24204691","osm_type":"way","name":"楠梓和平公園","feature_category":"green_area","green_type":"park","green_priority":"high","source_tags":{"leisure":"park","name":"楠梓和平公園","name:en":"Nanzi Heping Park","name:zh":"楠梓和平公園"}},"geometry":{"type":"Polygon","coordinates":[[[120.3108265,22.7217724],[120.310391,22.7216151],[120.3104977,22.7213347],[120.3109531,22.7214945],[120.3108265,22.7217724]]]}},{"type":"Feature","id":"way/24204692","properties":{"osm_id":"24204692","osm_type":"way","name":"楠梓和平公園","feature_category":"green_area","green_type":"park","green_priority":"high","source_tags":{"leisure":"park","name":"楠梓和平公園","name:en":"Nanzi Heping Park","name:zh":"楠梓和平公園"}},"geometry":{"type":"Polygon","coordinates":[[[120.311919,22.7221836],[120.3109409,22.7218299],[120.3110497,22.7215378],[120.3120403,22.7218906],[120.311919,22.7221836]]]}},{"type":"Feature","id":"way/42680547","properties":{"osm_id":"42680547","osm_type":"way","name":null,"feature_category":"green_area","green_type":"park","green_priority":"high","source_tags":{"leisure":"park"}},"geometry":{"type":"Polygon","coordinates":[[[120.3219824,22.7242316],[120.3217408,22.7241818],[120.3217179,22.7240274],[120.3218896,22.7231972],[120.3219593,22.7230019],[120.3221557,22.7228496],[120.3223202,22.722831],[120.3225032,22.7228703],[120.3229588,22.7240921],[120.3226526,22.7243224],[120.322313,22.7244838],[120.3221291,22.7242858],[120.3219824,22.7242316]]]}},{"type":"Feature","id":"way/93228863","properties":{"osm_id":"93228863","osm_type":"way","name":"藍田公園","feature_category":"green_area","green_type":"park","green_priority":"high","source_tags":{"leisure":"park","name":"藍田公園","name:en":"Lantian Park","name:zh":"藍田公園"}},"geometry":{"type":"Polygon","coordinates":[[[120.2849519,22.7298729],[120.2849091,22.7293435],[120.2849026,22.7290931],[120.2849667,22.7284929],[120.2850185,22.7284406],[120.2871383,22.7282178],[120.2872147,22.7293704],[120.2863397,22.729591],[120.285716,22.7297115],[120.2849519,22.7298729]]]}},{"type":"Feature","id":"way/105823219","properties":{"osm_id":"105823219","osm_type":"way","name":null,"feature_category":"green_area","green_type":"garden","green_priority":"high","source_tags":{"leisure":"garden"}},"geometry":{"type":"Polygon","coordinates":[[[120.304348,22.7191264],[120.3045631,22.718578],[120.3051673,22.7187797],[120.3049521,22.7193281],[120.304348,22.7191264]]]}},{"type":"Feature","id":"way/105823233","properties":{"osm_id":"105823233","osm_type":"way","name":null,"feature_category":"green_area","green_type":"grass_or_meadow","green_priority":"medium","source_tags":{"landuse":"grass"}},"geometry":{"type":"Polygon","coordinates":[[[120.3055525,22.7188236],[120.3055379,22.718816],[120.3055257,22.718803],[120.3055198,22.7187877],[120.3055163,22.7187698],[120.3055221,22.7187519],[120.3055289,22.718736],[120.3055426,22.7187266],[120.3055534,22.7187197],[120.3055665,22.7187171],[120.3055808,22.7187139],[120.3055951,22.7187161],[120.3057252,22.7187582],[120.3056795,22.7188677],[120.3055525,22.7188236]]]}},{"type":"Feature","id":"way/105823237","properties":{"osm_id":"105823237","osm_type":"way","name":"恩智浦公園","feature_category":"green_area","green_type":"park","green_priority":"high","source_tags":{"leisure":"park","name":"恩智浦公園"}},"geometry":{"type":"Polygon","coordinates":[[[120.3003731,22.7185814],[120.3006821,22.7178681],[120.3018738,22.7183117],[120.3017737,22.7185392],[120.3015561,22.7190337],[120.3003731,22.7185814]]]}},{"type":"Feature","id":"way/105823238","properties":{"osm_id":"105823238","osm_type":"way","name":null,"feature_category":"green_area","green_type":"grass_or_meadow","green_priority":"medium","source_tags":{"landuse":"grass"}},"geometry":{"type":"Polygon","coordinates":[[[120.3082382,22.7213886],[120.308378,22.7210307],[120.3086518,22.7211176],[120.3084978,22.7214781],[120.3082382,22.7213886]]]}},{"type":"Feature","id":"way/105823251","properties":{"osm_id":"105823251","osm_type":"way","name":null,"feature_category":"green_area","green_type":"grass_or_meadow","green_priority":"medium","source_tags":{"landuse":"grass"}},"geometry":{"type":"Polygon","coordinates":[[[120.3058005,22.7189056],[120.3058439,22.7188129],[120.3059814,22.7188634],[120.3059914,22.718871],[120.3059987,22.7188783],[120.3060039,22.7188851],[120.3060065,22.718894],[120.3060094,22.7189063],[120.3060076,22.7189207],[120.3060031,22.7189323],[120.3059969,22.7189412],[120.3059869,22.7189488],[120.3059786,22.7189544],[120.3059656,22.7189583],[120.3059506,22.7189597],[120.3059363,22.7189579],[120.3058005,22.7189056]]]}},{"type":"Feature","id":"way/105823277","properties":{"osm_id":"105823277","osm_type":"way","name":"恩智浦公園","feature_category":"green_area","green_type":"park","green_priority":"high","source_tags":{"leisure":"park","name":"恩智浦公園"}},"geometry":{"type":"Polygon","coordinates":[[[120.3015561,22.7190337],[120.3017737,22.7185392],[120.3029684,22.7189877],[120.3027504,22.7194906],[120.3015561,22.7190337]]]}},{"type":"Feature","id":"way/122981754","properties":{"osm_id":"122981754","osm_type":"way","name":null,"feature_category":"green_area","green_type":"park","green_priority":"high","source_tags":{"leisure":"park"}},"geometry":{"type":"Polygon","coordinates":[[[120.29344,22.7113473],[120.2932024,22.7109933],[120.2934473,22.7108078],[120.2937471,22.7111383],[120.29344,22.7113473]]]}},{"type":"Feature","id":"way/125934988","properties":{"osm_id":"125934988","osm_type":"way","name":"援中港濕地","feature_category":"green_area","green_type":"natural_green","green_priority":"medium","source_tags":{"access":"no","leisure":"nature_reserve","name":"援中港濕地","natural":"wetland"}},"geometry":{"type":"Polygon","coordinates":[[[120.2657622,22.7255045],[120.2709275,22.7297364],[120.2706985,22.7300567],[120.2704838,22.73041],[120.2703342,22.7307089],[120.2702161,22.7309861],[120.2701293,22.7312053],[120.269844,22.7314558],[120.2696788,22.7315741],[120.2694591,22.7316812],[120.2692916,22.7316497],[120.2669806,22.7296279],[120.2658582,22.7291285],[120.2638985,22.7273662],[120.2657622,22.7255045]]]}},{"type":"Feature","id":"way/125935095","properties":{"osm_id":"125935095","osm_type":"way","name":"援中港濕地公園","feature_category":"green_area","green_type":"natural_green","green_priority":"medium","source_tags":{"access":"yes","leisure":"nature_reserve","name":"援中港濕地公園","natural":"wetland","note":"Access Tu-Fr by appointment only","opening_hours":"Sa-Su 09:00-17:00","wikidata":"Q97623293","wikipedia":"zh:援中港濕地公園"}},"geometry":{"type":"Polygon","coordinates":[[[120.2592157,22.7210154],[120.2590305,22.7211032],[120.2588655,22.720975],[120.2585966,22.7206112],[120.2581162,22.7199606],[120.256645,22.7183401],[120.2565455,22.7181724],[120.2565498,22.7180287],[120.2566017,22.7178092],[120.2596377,22.7203377],[120.2601947,22.7207736],[120.2611071,22.7214876],[120.261433,22.7217427],[120.262749,22.7227725],[120.262725,22.7227894],[120.261289,22.7238039],[120.2603207,22.722755],[120.2598305,22.7220858],[120.2595065,22.7216566],[120.259476,22.7214957],[120.2595065,22.7212964],[120.2594705,22.7211585],[120.2593264,22.7210435],[120.2592157,22.7210154]]]}},{"type":"Feature","id":"way/126080773","properties":{"osm_id":"126080773","osm_type":"way","name":null,"feature_category":"green_area","green_type":"park","green_priority":"high","source_tags":{"leisure":"park"}},"geometry":{"type":"Polygon","coordinates":[[[120.2891674,22.7104655],[120.2895618,22.7102279],[120.289755,22.7104877],[120.2893324,22.7108256],[120.2892197,22.7107068],[120.2891674,22.7104655]]]}},{"type":"Feature","id":"way/126080809","properties":{"osm_id":"126080809","osm_type":"way","name":null,"feature_category":"green_area","green_type":"park","green_priority":"high","source_tags":{"leisure":"park"}},"geometry":{"type":"Polygon","coordinates":[[[120.2837713,22.7175254],[120.2832123,22.7171888],[120.2826814,22.7168691],[120.2829248,22.7165403],[120.2831501,22.7162362],[120.2836601,22.7164849],[120.2843077,22.7169707],[120.2840332,22.7172546],[120.2837713,22.7175254]]]}},{"type":"Feature","id":"way/126247819","properties":{"osm_id":"126247819","osm_type":"way","name":"楠梓區碉堡公園","feature_category":"green_area","green_type":"park","green_priority":"high","source_tags":{"leisure":"park","name":"楠梓區碉堡公園","name:en":"Nanzih Bunker Park","name:zh":"楠梓區碉堡公園"}},"geometry":{"type":"Polygon","coordinates":[[[120.294932,22.7153276],[120.2949442,22.7153026],[120.2951797,22.7148205],[120.2953331,22.7145064],[120.2960543,22.7147493],[120.2960216,22.7148526],[120.2955312,22.7155239],[120.2954383,22.7154935],[120.294932,22.7153276]]]}},{"type":"Feature","id":"way/126247852","properties":{"osm_id":"126247852","osm_type":"way","name":"右昌森林公園","feature_category":"green_area","green_type":"park","green_priority":"high","source_tags":{"leisure":"park","name":"右昌森林公園","name:en":"Youchang Forest Park","name:zh":"右昌森林公園","wikidata":"Q21714359"}},"geometry":{"type":"Polygon","coordinates":[[[120.2940848,22.7217819],[120.2938836,22.7217576],[120.2933722,22.7211471],[120.2930116,22.7209723],[120.2925004,22.7209113],[120.292029,22.7206566],[120.291829,22.7206305],[120.2915264,22.7206745],[120.2920537,22.7202256],[120.2928395,22.7196919],[120.2928625,22.719638],[120.2928589,22.7195646],[120.2927028,22.7191842],[120.2926621,22.7188142],[120.2927451,22.7184864],[120.2933323,22.7184318],[120.2933795,22.718309],[120.2943668,22.7182516],[120.2949161,22.7174196],[120.2954953,22.7177664],[120.2949812,22.7184292],[120.2946541,22.7191201],[120.2946419,22.7192272],[120.2946909,22.719456],[120.2947886,22.7200676],[120.2945991,22.7201888],[120.2944096,22.7207274],[120.2948314,22.7216805],[120.2945288,22.7219258],[120.2940848,22.7217819]]]}},{"type":"Feature","id":"way/127071956","properties":{"osm_id":"127071956","osm_type":"way","name":"右昌公園","feature_category":"green_area","green_type":"park","green_priority":"high","source_tags":{"leisure":"park","name":"右昌公園","name:en":"Youchang Park","name:zh":"右昌公園"}},"geometry":{"type":"Polygon","coordinates":[[[120.2913814,22.7236996],[120.2913218,22.7232337],[120.2914692,22.7231585],[120.2915828,22.7230944],[120.2918896,22.7229212],[120.2921626,22.7229357],[120.2924606,22.7229154],[120.2930567,22.7225971],[120.2934207,22.7223968],[120.2939665,22.7220965],[120.2942081,22.7221833],[120.2939866,22.7223097],[120.2934802,22.7225817],[120.2931872,22.7227391],[120.2929805,22.7228502],[120.2927393,22.7229797],[120.2927147,22.7229936],[120.2923672,22.7231797],[120.2921067,22.7233196],[120.291865,22.7234495],[120.2916377,22.7235716],[120.2913814,22.7236996]]]}},{"type":"Feature","id":"way/127071957","properties":{"osm_id":"127071957","osm_type":"way","name":"右昌公園","feature_category":"green_area","green_type":"park","green_priority":"high","source_tags":{"leisure":"park","name":"右昌公園","name:en":"Youchang Park","name:zh":"右昌公園"}},"geometry":{"type":"Polygon","coordinates":[[[120.2915941,22.7239312],[120.2914636,22.7240182],[120.2914303,22.7240172],[120.2913974,22.7240163],[120.2913813,22.7238497],[120.291821,22.7236163],[120.293351,22.7228033],[120.2943609,22.7222347],[120.2945115,22.7223273],[120.2938831,22.7226848],[120.2927366,22.7232885],[120.292074,22.7236682],[120.2918813,22.7237738],[120.2915941,22.7239312]]]}},{"type":"Feature","id":"way/182835768","properties":{"osm_id":"182835768","osm_type":"way","name":"台糖高雄花卉農園中心","feature_category":"green_area","green_type":"garden","green_priority":"high","source_tags":{"leisure":"garden","name":"台糖高雄花卉農園中心"}},"geometry":{"type":"Polygon","coordinates":[[[120.3203007,22.7440177],[120.3201437,22.743658],[120.3231284,22.7396969],[120.3243717,22.7408214],[120.324528,22.7407137],[120.3250488,22.7411954],[120.3255865,22.7416928],[120.3231238,22.7442081],[120.3230656,22.7441499],[120.3224409,22.7447415],[120.3215825,22.7445346],[120.3211519,22.7444309],[120.3207573,22.7443358],[120.3205533,22.7439416],[120.3203007,22.7440177]]]}},{"type":"Feature","id":"way/197024755","properties":{"osm_id":"197024755","osm_type":"way","name":null,"feature_category":"green_area","green_type":"garden","green_priority":"high","source_tags":{"leisure":"garden"}},"geometry":{"type":"Polygon","coordinates":[[[120.2845452,22.734573],[120.2845004,22.7345786],[120.2844555,22.7345746],[120.2843831,22.7345448],[120.2843331,22.734496],[120.2843069,22.7344376],[120.2843055,22.734368],[120.2843158,22.7343344],[120.2843363,22.7342986],[120.2843854,22.7342528],[120.2844365,22.7342293],[120.284524,22.7342223],[120.2846004,22.7342482],[120.2846525,22.7342928],[120.2846867,22.7343631],[120.2846907,22.7344044],[120.2846836,22.7344479],[120.2846537,22.7345049],[120.2846128,22.734543],[120.2845814,22.7345607],[120.2845452,22.734573]]]}},{"type":"Feature","id":"way/197024758","properties":{"osm_id":"197024758","osm_type":"way","name":null,"feature_category":"green_area","green_type":"forest_or_wood","green_priority":"medium","source_tags":{"natural":"wood"}},"geometry":{"type":"Polygon","coordinates":[[[120.2792387,22.7344641],[120.2791735,22.7342494],[120.2793411,22.7341292],[120.2797206,22.734194],[120.2798205,22.7342537],[120.2798205,22.734434],[120.2796296,22.7345456],[120.2792387,22.7344641]]]}},{"type":"Feature","id":"way/197024765","properties":{"osm_id":"197024765","osm_type":"way","name":"歐式廣場","feature_category":"green_area","green_type":"grass_or_meadow","green_priority":"medium","source_tags":{"landuse":"grass","name":"歐式廣場"}},"geometry":{"type":"Polygon","coordinates":[[[120.2864447,22.7347161],[120.2864607,22.7343263],[120.2890965,22.7344784],[120.2890779,22.7348549],[120.2864447,22.7347161]]]}},{"type":"Feature","id":"way/197024768","properties":{"osm_id":"197024768","osm_type":"way","name":null,"feature_category":"green_area","green_type":"grass_or_meadow","green_priority":"medium","source_tags":{"landuse":"grass"}},"geometry":{"type":"Polygon","coordinates":[[[120.2861012,22.7341599],[120.2861399,22.7334319],[120.2862352,22.7333632],[120.2893092,22.733506],[120.2894045,22.7335802],[120.2893479,22.7343439],[120.2861012,22.7341599]]]}},{"type":"Feature","id":"way/197024789","properties":{"osm_id":"197024789","osm_type":"way","name":null,"feature_category":"green_area","green_type":"grass_or_meadow","green_priority":"medium","source_tags":{"landuse":"grass"}},"geometry":{"type":"Polygon","coordinates":[[[120.289414,22.7364326],[120.2894307,22.7363733],[120.2894879,22.7363007],[120.2895689,22.7348348],[120.2896374,22.7348103],[120.2896833,22.7347579],[120.2896876,22.7346199],[120.2896652,22.734543],[120.2895975,22.7344964],[120.2896476,22.7334832],[120.2898906,22.7332942],[120.2903243,22.7333623],[120.2902719,22.7334392],[120.2902028,22.7339052],[120.2902052,22.7345227],[120.2902433,22.7346063],[120.2902568,22.7347671],[120.2902075,22.7348656],[120.2901957,22.7350697],[120.2901817,22.7356233],[120.2901539,22.7360634],[120.2901361,22.7363337],[120.289943,22.7363359],[120.289414,22.7364326]]]}},{"type":"Feature","id":"way/197993473","properties":{"osm_id":"197993473","osm_type":"way","name":"高雄都會公園","feature_category":"green_area","green_type":"park","green_priority":"high","source_tags":{"leisure":"park","name":"高雄都會公園","name:en":"Kaohsiung Metropolitan Park","name:zh":"高雄都會公園","wikidata":"Q15906211","wikipedia":"zh:高雄都會公園"}},"geometry":{"type":"Polygon","coordinates":[[[120.3043796,22.7296986],[120.3048147,22.7296476],[120.3054959,22.7298683],[120.3062784,22.7301316],[120.3074107,22.7303099],[120.3094912,22.7303948],[120.3115441,22.7305221],[120.3121252,22.7303843],[120.3122361,22.7303996],[120.3126485,22.7304565],[120.3131604,22.7304841],[120.313568,22.7305061],[120.3141256,22.7302896],[120.3144214,22.7300335],[120.3180585,22.7323062],[120.3180302,22.7334866],[120.3185329,22.7338896],[120.3184992,22.7348903],[120.3188221,22.7356429],[120.3179181,22.7362384],[120.3166149,22.7370776],[120.3159633,22.7372779],[120.3153939,22.7372346],[120.3150534,22.7371696],[120.3143666,22.7369747],[120.3134039,22.7367203],[120.312379,22.7365318],[120.3121804,22.7364953],[120.3106078,22.7364066],[120.3097236,22.7363594],[120.3082815,22.736114],[120.3056316,22.7356632],[120.303354,22.7357436],[120.3032372,22.7356661],[120.3032512,22.7355067],[120.3035051,22.7333156],[120.3035373,22.7325727],[120.3035373,22.7322118],[120.3034314,22.7316005],[120.3033394,22.7311123],[120.3035787,22.7310911],[120.3035755,22.7310268],[120.3035649,22.7304967],[120.3033256,22.7304203],[120.3033394,22.7300679],[120.3038963,22.7299575],[120.3043796,22.7296986]]]}},{"type":"Feature","id":"way/197993479","properties":{"osm_id":"197993479","osm_type":"way","name":"三欉榕公園","feature_category":"green_area","green_type":"park","green_priority":"high","source_tags":{"leisure":"park","name":"三欉榕公園"}},"geometry":{"type":"Polygon","coordinates":[[[120.2874463,22.726996],[120.2875752,22.7262269],[120.287644,22.7261773],[120.2884821,22.7262229],[120.2885444,22.7262864],[120.2885423,22.7270218],[120.2884907,22.7270733],[120.2876655,22.7271011],[120.2874463,22.726996]]]}},{"type":"Feature","id":"way/217152877","properties":{"osm_id":"217152877","osm_type":"way","name":null,"feature_category":"green_area","green_type":"park","green_priority":"high","source_tags":{"landuse":"village_green"}},"geometry":{"type":"Polygon","coordinates":[[[120.3287941,22.7321374],[120.3288908,22.7318421],[120.3289187,22.7316677],[120.3289917,22.7315131],[120.3294086,22.7317708],[120.329617,22.731959],[120.3295354,22.7322622],[120.3288908,22.7321493],[120.3287941,22.7321374]]]}},{"type":"Feature","id":"way/229954574","properties":{"osm_id":"229954574","osm_type":"way","name":null,"feature_category":"green_area","green_type":"park","green_priority":"high","source_tags":{"leisure":"park"}},"geometry":{"type":"Polygon","coordinates":[[[120.2875545,22.7213813],[120.2878545,22.7208278],[120.2888314,22.7212642],[120.288843,22.7213032],[120.2888199,22.72136],[120.2886084,22.7218035],[120.2875545,22.7213813]]]}},{"type":"Feature","id":"way/230290168","properties":{"osm_id":"230290168","osm_type":"way","name":"清福公園","feature_category":"green_area","green_type":"park","green_priority":"high","source_tags":{"leisure":"park","name":"清福公園","name:en":"Cingfu Park","name:zh":"清福公園"}},"geometry":{"type":"Polygon","coordinates":[[[120.3296958,22.7417761],[120.329488,22.7413001],[120.329447,22.7412328],[120.3294268,22.7411563],[120.3294791,22.741078],[120.3295613,22.7409391],[120.3297128,22.7406268],[120.3302333,22.7409053],[120.3304808,22.7413188],[120.3296958,22.7417761]]]}},{"type":"Feature","id":"way/230290169","properties":{"osm_id":"230290169","osm_type":"way","name":"清泰公園","feature_category":"green_area","green_type":"park","green_priority":"high","source_tags":{"leisure":"park","name":"清泰公園","name:en":"Cingtai Park","name:zh":"清泰公園"}},"geometry":{"type":"Polygon","coordinates":[[[120.3264043,22.7382115],[120.3261176,22.7379594],[120.3259396,22.7377771],[120.3259001,22.7376786],[120.3258762,22.7376253],[120.3258793,22.7375911],[120.3258886,22.7375233],[120.3259408,22.7374313],[120.326242,22.7370409],[120.3263809,22.736862],[120.326511,22.7366923],[120.3265996,22.7366307],[120.3267618,22.7366457],[120.3270482,22.736668],[120.3273063,22.7366633],[120.3273551,22.736661],[120.3274147,22.7366722],[120.3274625,22.7367111],[120.3274524,22.7368381],[120.3274216,22.7369517],[120.3273908,22.7370865],[120.327337,22.7372212],[120.3272754,22.7373348],[120.3272079,22.7374642],[120.3270754,22.7376256],[120.3266286,22.7380849],[120.3264914,22.7381992],[120.3264512,22.7382146],[120.3264043,22.7382115]]]}},{"type":"Feature","id":"way/230335063","properties":{"osm_id":"230335063","osm_type":"way","name":"立民公園","feature_category":"green_area","green_type":"park","green_priority":"high","source_tags":{"leisure":"park","name":"立民公園"}},"geometry":{"type":"Polygon","coordinates":[[[120.3362981,22.7431889],[120.3358994,22.7427256],[120.336455,22.7422812],[120.3369112,22.7427545],[120.3362981,22.7431889]]]}},{"type":"Feature","id":"way/231290743","properties":{"osm_id":"231290743","osm_type":"way","name":null,"feature_category":"green_area","green_type":"park","green_priority":"high","source_tags":{"leisure":"park"}},"geometry":{"type":"Polygon","coordinates":[[[120.3042949,22.7267855],[120.3042949,22.7263625],[120.3045867,22.7263827],[120.3045878,22.7267669],[120.3042949,22.7267855]]]}},{"type":"Feature","id":"way/231792901","properties":{"osm_id":"231792901","osm_type":"way","name":null,"feature_category":"green_area","green_type":"park","green_priority":"high","source_tags":{"leisure":"park"}},"geometry":{"type":"Polygon","coordinates":[[[120.2948028,22.714363],[120.2946955,22.7146797],[120.294835,22.7148678],[120.2944273,22.7150954],[120.2943146,22.7149519],[120.2940679,22.7146748],[120.2942664,22.7141799],[120.2948028,22.714363]]]}},{"type":"Feature","id":"way/231991912","properties":{"osm_id":"231991912","osm_type":"way","name":null,"feature_category":"green_area","green_type":"grass_or_meadow","green_priority":"medium","source_tags":{"barrier":"fence","landuse":"grass"}},"geometry":{"type":"Polygon","coordinates":[[[120.3349104,22.7310463],[120.3355132,22.7311514],[120.3358715,22.7312138],[120.3360056,22.7312373],[120.3362124,22.7312734],[120.3362151,22.7319942],[120.3362125,22.7326159],[120.334826,22.7326492],[120.3347669,22.7310881],[120.334803,22.7310463],[120.3348487,22.7310355],[120.3349104,22.7310463]]]}},{"type":"Feature","id":"way/268219229","properties":{"osm_id":"268219229","osm_type":"way","name":null,"feature_category":"green_area","green_type":"agricultural","green_priority":"low","source_tags":{"landuse":"farmland"}},"geometry":{"type":"Polygon","coordinates":[[[120.3260121,22.7018812],[120.3261924,22.7015818],[120.326434,22.7014254],[120.3263727,22.7013456],[120.3264577,22.7012651],[120.3274221,22.7011593],[120.3276312,22.7025332],[120.3277322,22.7030655],[120.3280459,22.7044062],[120.3281938,22.7049517],[120.3277935,22.705647],[120.3277863,22.7057402],[120.3274293,22.7059764],[120.3272995,22.7059597],[120.3271588,22.7059298],[120.3271047,22.705973],[120.326351,22.7056304],[120.3261491,22.7058766],[120.3261058,22.7060096],[120.3256623,22.7058366],[120.3249627,22.7054807],[120.3248617,22.7053643],[120.326773,22.7047821],[120.3253702,22.7040502],[120.3250528,22.7044328],[120.3248112,22.7043895],[120.3252367,22.7036843],[120.3254243,22.7037907],[120.3257236,22.7034015],[120.3259039,22.7035778],[120.3260301,22.7036477],[120.3263258,22.703142],[120.3262645,22.7030954],[120.326708,22.7024101],[120.3263042,22.7022272],[120.3260121,22.7018812]]]}},{"type":"Feature","id":"way/286066498","properties":{"osm_id":"286066498","osm_type":"way","name":null,"feature_category":"green_area","green_type":"agricultural","green_priority":"low","source_tags":{"landuse":"farmland"}},"geometry":{"type":"Polygon","coordinates":[[[120.3363557,22.7335791],[120.3364213,22.7335236],[120.3391544,22.7325783],[120.3392337,22.7326337],[120.3394387,22.7327447],[120.3395699,22.7328505],[120.339466,22.7330421],[120.3391681,22.7333169],[120.3385559,22.7336144],[120.3383154,22.7337227],[120.3383126,22.7338009],[120.3384192,22.734053],[120.3384684,22.7342521],[120.338288,22.7346454],[120.3366481,22.7351117],[120.3365798,22.7351016],[120.3364349,22.7346101],[120.3363557,22.7335791]]]}},{"type":"Feature","id":"way/286066515","properties":{"osm_id":"286066515","osm_type":"way","name":"清豐公園","feature_category":"green_area","green_type":"park","green_priority":"high","source_tags":{"addr:city":"高雄市","addr:country":"TW","addr:district":"楠梓區","addr:full":"811高雄市楠梓區常德路221巷18號","addr:housenumber":"18","addr:postcode":"811","addr:street":"常德路221巷","leisure":"park","name":"清豐公園","name:en":"Qingfeng Park","name:zh":"清豐公園"}},"geometry":{"type":"Polygon","coordinates":[[[120.3366499,22.7352361],[120.338134,22.734795],[120.3382242,22.7348101],[120.3384785,22.7354532],[120.3368519,22.7358439],[120.3366499,22.7352361]]]}},{"type":"Feature","id":"way/287982370","properties":{"osm_id":"287982370","osm_type":"way","name":"親子大草原","feature_category":"green_area","green_type":"grass_or_meadow","green_priority":"medium","source_tags":{"name":"親子大草原","natural":"grassland"}},"geometry":{"type":"Polygon","coordinates":[[[120.3133172,22.7336898],[120.3133011,22.7335414],[120.3132636,22.7334672],[120.3133172,22.7334672],[120.3134084,22.733482],[120.3135372,22.7334227],[120.313623,22.7333732],[120.313741,22.7333386],[120.3138054,22.7333435],[120.3138805,22.7333682],[120.3139878,22.7334227],[120.314079,22.733482],[120.314138,22.7334969],[120.3142024,22.7334474],[120.3142936,22.7333237],[120.314315,22.7331951],[120.314315,22.7330862],[120.3143043,22.7329576],[120.3144867,22.7328438],[120.3145511,22.73273],[120.3147334,22.7327151],[120.3148139,22.7326904],[120.3149534,22.7327102],[120.3149748,22.732819],[120.3151143,22.7329131],[120.3151465,22.7329823],[120.3152484,22.733017],[120.315345,22.7330318],[120.3154362,22.7329873],[120.3154737,22.7329972],[120.3155542,22.7330961],[120.315742,22.7332297],[120.3159297,22.7333484],[120.3159807,22.733388],[120.3160048,22.7334474],[120.3160155,22.7336305],[120.3160048,22.7337096],[120.3159565,22.7337789],[120.3159619,22.7339372],[120.3159565,22.7342588],[120.3159029,22.7345458],[120.3157956,22.7347338],[120.3154898,22.7348377],[120.3151251,22.7348822],[120.315007,22.7348278],[120.3148032,22.7345705],[120.3147013,22.7344122],[120.3145672,22.7343627],[120.3145242,22.7342935],[120.3145672,22.7341747],[120.3146154,22.7340609],[120.3145403,22.7339818],[120.3140629,22.7337294],[120.3139502,22.733675],[120.3138912,22.7337096],[120.3137464,22.7338531],[120.3136928,22.7338482],[120.3134674,22.7337047],[120.3133172,22.7336898]]]}},{"type":"Feature","id":"way/287982396","properties":{"osm_id":"287982396","osm_type":"way","name":"蛇形花園","feature_category":"green_area","green_type":"garden","green_priority":"high","source_tags":{"leisure":"garden","name":"蛇形花園"}},"geometry":{"type":"Polygon","coordinates":[[[120.3126009,22.7332054],[120.3125944,22.7332404],[120.312576,22.7332715],[120.3125475,22.7332956],[120.312512,22.7333098],[120.3124734,22.7333125],[120.312436,22.7333035],[120.3124038,22.7332837],[120.3123805,22.7332555],[120.3123683,22.7332219],[120.3123687,22.7331864],[120.3123814,22.733153],[120.3124053,22.7331252],[120.3124376,22.733106],[120.3124749,22.7330975],[120.3125132,22.7331006],[120.3125483,22.733115],[120.3125765,22.7331392],[120.3125947,22.7331704],[120.3126009,22.7332054]]]}},{"type":"Feature","id":"way/287982397","properties":{"osm_id":"287982397","osm_type":"way","name":"兒童遊戲場","feature_category":"green_area","green_type":"garden","green_priority":"high","source_tags":{"leisure":"playground","name":"兒童遊戲場"}},"geometry":{"type":"Polygon","coordinates":[[[120.3157872,22.7353879],[120.3158159,22.7352206],[120.3161664,22.7352716],[120.3161378,22.735439],[120.3157872,22.7353879]]]}},{"type":"Feature","id":"way/288402318","properties":{"osm_id":"288402318","osm_type":"way","name":null,"feature_category":"green_area","green_type":"garden","green_priority":"high","source_tags":{"leisure":"playground"}},"geometry":{"type":"Polygon","coordinates":[[[120.2950065,22.7179336],[120.2950036,22.7179495],[120.2949953,22.7179636],[120.2949823,22.7179747],[120.2949661,22.7179812],[120.2949486,22.7179824],[120.2949315,22.7179783],[120.2949168,22.7179693],[120.2949061,22.7179564],[120.2949006,22.7179411],[120.2949008,22.7179249],[120.2949067,22.7179097],[120.2949175,22.7178971],[120.2949322,22.7178884],[120.2949492,22.7178845],[120.2949666,22.7178859],[120.2949826,22.7178925],[120.2949954,22.7179035],[120.2950037,22.7179177],[120.2950065,22.7179336]]]}},{"type":"Feature","id":"way/374547485","properties":{"osm_id":"374547485","osm_type":"way","name":null,"feature_category":"green_area","green_type":"garden","green_priority":"high","source_tags":{"leisure":"playground"}},"geometry":{"type":"Polygon","coordinates":[[[120.2980376,22.7202789],[120.2980926,22.7202047],[120.2981436,22.7202393],[120.2981677,22.7202134],[120.2981892,22.720227],[120.2981127,22.7203235],[120.2980376,22.7202789]]]}},{"type":"Feature","id":"way/398121465","properties":{"osm_id":"398121465","osm_type":"way","name":"都會公園兒童遊戲區","feature_category":"green_area","green_type":"garden","green_priority":"high","source_tags":{"leisure":"playground","name":"都會公園兒童遊戲區","playground":"yes"}},"geometry":{"type":"Polygon","coordinates":[[[120.3123391,22.7356249],[120.3123141,22.7356274],[120.312291,22.7356117],[120.3122669,22.7356175],[120.3122553,22.7356019],[120.3122562,22.7355854],[120.3122455,22.7355608],[120.3122438,22.735537],[120.3122651,22.7354827],[120.3123088,22.7354515],[120.3123525,22.7354474],[120.3123845,22.7354301],[120.3123979,22.7354055],[120.3123979,22.7353718],[120.3123747,22.7353348],[120.3124282,22.7353011],[120.3124504,22.7353111],[120.3124594,22.7353151],[120.3124772,22.735311],[120.3124914,22.7353545],[120.3125021,22.7353866],[120.3124897,22.7354047],[120.3124781,22.7353619],[120.3124576,22.7353808],[120.3124496,22.7354088],[120.3124522,22.7354507],[120.3124897,22.7354573],[120.3124781,22.7355148],[120.3124398,22.7355049],[120.3124291,22.7355518],[120.312397,22.7355854],[120.3123658,22.7356011],[120.3123391,22.7356249]]]}},{"type":"Feature","id":"way/425897484","properties":{"osm_id":"425897484","osm_type":"way","name":null,"feature_category":"green_area","green_type":"park","green_priority":"high","source_tags":{"leisure":"park"}},"geometry":{"type":"Polygon","coordinates":[[[120.3079133,22.7170146],[120.3080393,22.7167128],[120.3090183,22.7170765],[120.3090291,22.7171086],[120.308911,22.7173783],[120.3088788,22.7173832],[120.3079133,22.7170146]]]}},{"type":"Feature","id":"way/462837709","properties":{"osm_id":"462837709","osm_type":"way","name":null,"feature_category":"green_area","green_type":"park","green_priority":"high","source_tags":{"leisure":"park"}},"geometry":{"type":"Polygon","coordinates":[[[120.276756,22.7212333],[120.2772281,22.7212308],[120.2775929,22.7212778],[120.2780006,22.7213817],[120.2781561,22.7214362],[120.2780703,22.7217331],[120.2779791,22.7217281],[120.2779416,22.7217924],[120.2773622,22.7216811],[120.2768633,22.7215549],[120.276756,22.7212333]]]}},{"type":"Feature","id":"way/462837719","properties":{"osm_id":"462837719","osm_type":"way","name":null,"feature_category":"green_area","green_type":"grass_or_meadow","green_priority":"medium","source_tags":{"landuse":"grass"}},"geometry":{"type":"Polygon","coordinates":[[[120.2839696,22.7248212],[120.2846315,22.7229338],[120.2847994,22.7228473],[120.285786,22.7232264],[120.2858508,22.7233392],[120.2852657,22.7252877],[120.2851149,22.7253347],[120.2840187,22.7249499],[120.2839696,22.7248212]]]}},{"type":"Feature","id":"way/463191747","properties":{"osm_id":"463191747","osm_type":"way","name":null,"feature_category":"green_area","green_type":"grass_or_meadow","green_priority":"medium","source_tags":{"landuse":"grass"}},"geometry":{"type":"Polygon","coordinates":[[[120.2926695,22.7146904],[120.2928371,22.7142327],[120.2928841,22.7141919],[120.2929364,22.7141733],[120.292994,22.7141659],[120.293045,22.7141783],[120.293096,22.7142092],[120.2931201,22.7142451],[120.2931456,22.7142847],[120.2931456,22.7143181],[120.2929793,22.7147708],[120.2929471,22.7148117],[120.2929042,22.7148277],[120.2928492,22.7148364],[120.2928023,22.7148352],[120.2927473,22.7148154],[120.2927151,22.7147795],[120.2926883,22.7147449],[120.2926695,22.7146904]]]}},{"type":"Feature","id":"way/463191752","properties":{"osm_id":"463191752","osm_type":"way","name":null,"feature_category":"green_area","green_type":"grass_or_meadow","green_priority":"medium","source_tags":{"landuse":"grass"}},"geometry":{"type":"Polygon","coordinates":[[[120.3158778,22.7231475],[120.3160549,22.7227826],[120.3160991,22.7227467],[120.3161501,22.722727],[120.3161957,22.7227183],[120.316256,22.7227171],[120.3162949,22.7227257],[120.3163378,22.722748],[120.3163633,22.7227814],[120.3163781,22.7228222],[120.3163861,22.7228568],[120.3163794,22.7229249],[120.3162238,22.7232688],[120.3161742,22.7233071],[120.3161085,22.7233319],[120.3160495,22.7233368],[120.3159784,22.7233244],[120.3159368,22.7232935],[120.315902,22.7232576],[120.3158778,22.7232131],[120.3158778,22.7231475]]]}},{"type":"Feature","id":"way/525647237","properties":{"osm_id":"525647237","osm_type":"way","name":"宏昌休閒公園","feature_category":"green_area","green_type":"park","green_priority":"high","source_tags":{"leisure":"park","name":"宏昌休閒公園"}},"geometry":{"type":"Polygon","coordinates":[[[120.294582,22.7159604],[120.294726,22.7156493],[120.2950603,22.7157573],[120.2952611,22.7156928],[120.2953596,22.7157235],[120.2951835,22.7162153],[120.294582,22.7159604]]]}},{"type":"Feature","id":"way/525647240","properties":{"osm_id":"525647240","osm_type":"way","name":"宏昌兒童遊樂場","feature_category":"green_area","green_type":"park","green_priority":"high","source_tags":{"leisure":"park","name":"宏昌兒童遊樂場"}},"geometry":{"type":"Polygon","coordinates":[[[120.2941638,22.7157912],[120.2943447,22.7153987],[120.2947042,22.7155589],[120.2945061,22.7159469],[120.2941638,22.7157912]]]}},{"type":"Feature","id":"way/527026241","properties":{"osm_id":"527026241","osm_type":"way","name":null,"feature_category":"green_area","green_type":"park","green_priority":"high","source_tags":{"leisure":"park"}},"geometry":{"type":"Polygon","coordinates":[[[120.2962965,22.7186483],[120.2964473,22.718298],[120.2967448,22.718407],[120.296594,22.7187573],[120.2962965,22.7186483]]]}},{"type":"Feature","id":"way/529670424","properties":{"osm_id":"529670424","osm_type":"way","name":null,"feature_category":"green_area","green_type":"garden","green_priority":"high","source_tags":{"leisure":"playground"}},"geometry":{"type":"Polygon","coordinates":[[[120.2943627,22.7156897],[120.2944064,22.7156021],[120.2945114,22.7156467],[120.2944678,22.7157343],[120.2943627,22.7156897]]]}},{"type":"Feature","id":"way/529670431","properties":{"osm_id":"529670431","osm_type":"way","name":null,"feature_category":"green_area","green_type":"garden","green_priority":"high","source_tags":{"leisure":"playground"}},"geometry":{"type":"Polygon","coordinates":[[[120.2965626,22.7184816],[120.2965924,22.7184125],[120.2966652,22.7184393],[120.2966353,22.7185084],[120.2965626,22.7184816]]]}},{"type":"Feature","id":"way/530494509","properties":{"osm_id":"530494509","osm_type":"way","name":null,"feature_category":"green_area","green_type":"garden","green_priority":"high","source_tags":{"leisure":"playground"}},"geometry":{"type":"Polygon","coordinates":[[[120.2983514,22.7204362],[120.2983831,22.7203748],[120.2985287,22.7204388],[120.298497,22.7205001],[120.2983514,22.7204362]]]}},{"type":"Feature","id":"way/530988372","properties":{"osm_id":"530988372","osm_type":"way","name":null,"feature_category":"green_area","green_type":"park","green_priority":"high","source_tags":{"leisure":"park"}},"geometry":{"type":"Polygon","coordinates":[[[120.2900985,22.7150219],[120.2904732,22.7147647],[120.2907116,22.7149866],[120.2906541,22.7151987],[120.2903667,22.7151987],[120.2901219,22.7152478],[120.2900985,22.7150219]]]}},{"type":"Feature","id":"way/537955344","properties":{"osm_id":"537955344","osm_type":"way","name":null,"feature_category":"green_area","green_type":"park","green_priority":"high","source_tags":{"leisure":"park"}},"geometry":{"type":"Polygon","coordinates":[[[120.2909814,22.7213623],[120.2909332,22.7209982],[120.2910648,22.7210101],[120.2909814,22.7213623]]]}},{"type":"Feature","id":"way/538467038","properties":{"osm_id":"538467038","osm_type":"way","name":null,"feature_category":"green_area","green_type":"garden","green_priority":"high","source_tags":{"leisure":"playground"}},"geometry":{"type":"Polygon","coordinates":[[[120.2946846,22.7158694],[120.294735,22.7157371],[120.2948178,22.715764],[120.2947674,22.7158963],[120.2946846,22.7158694]]]}},{"type":"Feature","id":"way/539823345","properties":{"osm_id":"539823345","osm_type":"way","name":null,"feature_category":"green_area","green_type":"garden","green_priority":"high","source_tags":{"leisure":"playground"}},"geometry":{"type":"Polygon","coordinates":[[[120.2932937,22.7170434],[120.2933108,22.7170098],[120.2932503,22.7169836],[120.2932712,22.7169425],[120.2934065,22.7170011],[120.2933685,22.7170758],[120.2932937,22.7170434]]]}},{"type":"Feature","id":"way/540411247","properties":{"osm_id":"540411247","osm_type":"way","name":null,"feature_category":"green_area","green_type":"park","green_priority":"high","source_tags":{"leisure":"park"}},"geometry":{"type":"Polygon","coordinates":[[[120.3011045,22.7046524],[120.3009722,22.7045363],[120.3008915,22.7043934],[120.3009141,22.7042803],[120.3010916,22.7041047],[120.3012013,22.7040511],[120.3019628,22.7040868],[120.3019854,22.7043607],[120.3019628,22.7046822],[120.3011045,22.7046524]]]}},{"type":"Feature","id":"way/540411248","properties":{"osm_id":"540411248","osm_type":"way","name":null,"feature_category":"green_area","green_type":"grass_or_meadow","green_priority":"medium","source_tags":{"landuse":"grass"}},"geometry":{"type":"Polygon","coordinates":[[[120.3007504,22.7045794],[120.3008579,22.7044665],[120.3008746,22.7046153],[120.3007504,22.7045794]]]}},{"type":"Feature","id":"way/540411249","properties":{"osm_id":"540411249","osm_type":"way","name":null,"feature_category":"green_area","green_type":"grass_or_meadow","green_priority":"medium","source_tags":{"landuse":"grass"}},"geometry":{"type":"Polygon","coordinates":[[[120.3009228,22.7041161],[120.3008672,22.704046],[120.3009932,22.7040477],[120.3009228,22.7041161]]]}},{"type":"Feature","id":"way/541564009","properties":{"osm_id":"541564009","osm_type":"way","name":null,"feature_category":"green_area","green_type":"grass_or_meadow","green_priority":"medium","source_tags":{"landuse":"grass"}},"geometry":{"type":"Polygon","coordinates":[[[120.3021253,22.7076045],[120.3022087,22.7042294],[120.3022592,22.7042365],[120.3021719,22.7076063],[120.3021253,22.7076045]]]}},{"type":"Feature","id":"way/541564025","properties":{"osm_id":"541564025","osm_type":"way","name":null,"feature_category":"green_area","green_type":"grass_or_meadow","green_priority":"medium","source_tags":{"landuse":"grass"}},"geometry":{"type":"Polygon","coordinates":[[[120.3022081,22.7039969],[120.3022333,22.7028456],[120.302276,22.702842],[120.3022644,22.7039987],[120.3022081,22.7039969]]]}},{"type":"Feature","id":"way/541691946","properties":{"osm_id":"541691946","osm_type":"way","name":null,"feature_category":"green_area","green_type":"garden","green_priority":"high","source_tags":{"leisure":"playground"}},"geometry":{"type":"Polygon","coordinates":[[[120.292081,22.7145852],[120.2921384,22.7144231],[120.2922871,22.7144605],[120.2922263,22.7146288],[120.292081,22.7145852]]]}},{"type":"Feature","id":"way/541691947","properties":{"osm_id":"541691947","osm_type":"way","name":null,"feature_category":"green_area","green_type":"garden","green_priority":"high","source_tags":{"leisure":"playground"}},"geometry":{"type":"Polygon","coordinates":[[[120.2926352,22.7142797],[120.2927028,22.7140677],[120.2927738,22.7140864],[120.2926994,22.7142984],[120.2926352,22.7142797]]]}},{"type":"Feature","id":"way/541691948","properties":{"osm_id":"541691948","osm_type":"way","name":null,"feature_category":"green_area","green_type":"garden","green_priority":"high","source_tags":{"leisure":"playground"}},"geometry":{"type":"Polygon","coordinates":[[[120.2929968,22.7149156],[120.2932165,22.7143732],[120.2933043,22.7143919],[120.293088,22.7149468],[120.2929968,22.7149156]]]}},{"type":"Feature","id":"way/541691957","properties":{"osm_id":"541691957","osm_type":"way","name":null,"feature_category":"green_area","green_type":"grass_or_meadow","green_priority":"medium","source_tags":{"landuse":"grass"}},"geometry":{"type":"Polygon","coordinates":[[[120.2924125,22.7287148],[120.292385,22.7287178],[120.2923579,22.7287123],[120.2923343,22.728699],[120.2923168,22.7286796],[120.292307,22.728656],[120.292306,22.7286308],[120.2923139,22.7286066],[120.2923299,22.7285861],[120.2923521,22.7285714],[120.2923783,22.7285641],[120.2924057,22.728565],[120.2924313,22.728574],[120.2924525,22.7285904],[120.2924669,22.7286123],[120.2924727,22.7286373],[120.2924693,22.7286626],[120.2924571,22.7286856],[120.2924375,22.7287036],[120.2924125,22.7287148]]]}},{"type":"Feature","id":"way/548937037","properties":{"osm_id":"548937037","osm_type":"way","name":null,"feature_category":"green_area","green_type":"park","green_priority":"high","source_tags":{"leisure":"park"}},"geometry":{"type":"Polygon","coordinates":[[[120.3367512,22.7424361],[120.3370184,22.7422299],[120.33722,22.7424522],[120.3369528,22.7426584],[120.3367512,22.7424361]]]}},{"type":"Feature","id":"way/548937038","properties":{"osm_id":"548937038","osm_type":"way","name":"芎蕉公園","feature_category":"green_area","green_type":"park","green_priority":"high","source_tags":{"leisure":"park","name":"芎蕉公園","name:en":"Cyongjiao Park","name:zh":"芎蕉公園"}},"geometry":{"type":"Polygon","coordinates":[[[120.3288631,22.7494387],[120.3289235,22.7494067],[120.3293037,22.749507],[120.3293762,22.7495618],[120.3293775,22.7498903],[120.3293321,22.749918],[120.3288978,22.7499044],[120.3288447,22.7498734],[120.3288631,22.7494387]]]}},{"type":"Feature","id":"way/548937039","properties":{"osm_id":"548937039","osm_type":"way","name":"創新公園","feature_category":"green_area","green_type":"park","green_priority":"high","source_tags":{"leisure":"park","name":"創新公園","name:en":"Chuangxin Park","name:zh":"創新公園"}},"geometry":{"type":"Polygon","coordinates":[[[120.3255692,22.742786],[120.3261687,22.7422521],[120.3267177,22.7427764],[120.3261181,22.7433103],[120.3255692,22.742786]]]}},{"type":"Feature","id":"way/548937044","properties":{"osm_id":"548937044","osm_type":"way","name":"大學三十二街公園","feature_category":"green_area","green_type":"park","green_priority":"high","source_tags":{"leisure":"park","name":"大學三十二街公園"}},"geometry":{"type":"Polygon","coordinates":[[[120.2924609,22.7310432],[120.2930564,22.7309788],[120.2931261,22.7314192],[120.2930859,22.7314761],[120.2925334,22.7315404],[120.2924878,22.7315132],[120.2924271,22.7310831],[120.2924609,22.7310432]]]}},{"type":"Feature","id":"way/558446564","properties":{"osm_id":"558446564","osm_type":"way","name":"東寧公園","feature_category":"green_area","green_type":"park","green_priority":"high","source_tags":{"leisure":"park","name":"東寧公園","name:en":"Dongning Park","name:zh":"東寧公園"}},"geometry":{"type":"Polygon","coordinates":[[[120.3312642,22.7314104],[120.3314562,22.7310587],[120.332359,22.7318373],[120.3321524,22.7320303],[120.3312642,22.7314104]]]}},{"type":"Feature","id":"way/561911011","properties":{"osm_id":"561911011","osm_type":"way","name":"盛泰公園","feature_category":"green_area","green_type":"park","green_priority":"high","source_tags":{"leisure":"park","name":"盛泰公園","name:en":"Shengtai Park","name:zh":"盛泰公園"}},"geometry":{"type":"Polygon","coordinates":[[[120.3314831,22.7310411],[120.3316536,22.7307201],[120.3321686,22.7310417],[120.3319236,22.731402],[120.3314831,22.7310411]]]}},{"type":"Feature","id":"way/561941135","properties":{"osm_id":"561941135","osm_type":"way","name":"楠梓土庫公園","feature_category":"green_area","green_type":"grass_or_meadow","green_priority":"medium","source_tags":{"landuse":"grass","name":"楠梓土庫公園"}},"geometry":{"type":"Polygon","coordinates":[[[120.3277679,22.7350251],[120.3279452,22.7345774],[120.3279862,22.7345473],[120.3280352,22.7345247],[120.3280894,22.734515],[120.3281524,22.7345279],[120.3281979,22.7345569],[120.3282347,22.7345957],[120.3282522,22.7346409],[120.3282559,22.7347037],[120.3280757,22.7351214],[120.3280334,22.7351565],[120.3279984,22.7351799],[120.3279529,22.7351904],[120.3279153,22.735188],[120.3278762,22.7351777],[120.3278235,22.7351509],[120.3277902,22.7351186],[120.3277736,22.7350645],[120.3277679,22.7350251]]]}},{"type":"Feature","id":"way/562466080","properties":{"osm_id":"562466080","osm_type":"way","name":"楠梓土庫公園","feature_category":"green_area","green_type":"park","green_priority":"high","source_tags":{"leisure":"park","name":"楠梓土庫公園","name:en":"Nanzi Tuku Park","name:zh":"楠梓土庫公園"}},"geometry":{"type":"Polygon","coordinates":[[[120.3330537,22.7372344],[120.333833,22.737227],[120.3338785,22.737645],[120.333355,22.7377215],[120.3329061,22.7375815],[120.3330537,22.7372344]]]}},{"type":"Feature","id":"way/584110948","properties":{"osm_id":"584110948","osm_type":"way","name":"大昌無煙社區公園","feature_category":"green_area","green_type":"park","green_priority":"high","source_tags":{"leisure":"park","name":"大昌無煙社區公園"}},"geometry":{"type":"Polygon","coordinates":[[[120.2890407,22.7082663],[120.2892273,22.7081502],[120.2895198,22.7084694],[120.2895665,22.7085341],[120.2893148,22.7086927],[120.2890407,22.7082663]]]}},{"type":"Feature","id":"way/584111113","properties":{"osm_id":"584111113","osm_type":"way","name":"大昌廣昌鄰里公園","feature_category":"green_area","green_type":"park","green_priority":"high","source_tags":{"leisure":"park","name":"大昌廣昌鄰里公園"}},"geometry":{"type":"Polygon","coordinates":[[[120.2870715,22.7059598],[120.2868148,22.7057102],[120.2864702,22.705216],[120.2863551,22.7052087],[120.2863548,22.7051452],[120.2864783,22.7050596],[120.2868953,22.7050828],[120.2868993,22.7053986],[120.2869834,22.7056718],[120.2870715,22.7059598]]]}},{"type":"Feature","id":"way/598097602","properties":{"osm_id":"598097602","osm_type":"way","name":null,"feature_category":"green_area","green_type":"garden","green_priority":"high","source_tags":{"leisure":"garden"}},"geometry":{"type":"Polygon","coordinates":[[[120.3052592,22.709747],[120.3052489,22.7097334],[120.3052531,22.7096053],[120.3052666,22.7096057],[120.3053102,22.7096295],[120.3053611,22.7096394],[120.3054134,22.709627],[120.3054483,22.7095973],[120.305464,22.7095977],[120.3054604,22.709721],[120.3054496,22.7097371],[120.3054255,22.7097458],[120.3052592,22.709747]]]}},{"type":"Feature","id":"way/598097603","properties":{"osm_id":"598097603","osm_type":"way","name":null,"feature_category":"green_area","green_type":"garden","green_priority":"high","source_tags":{"leisure":"garden"}},"geometry":{"type":"Polygon","coordinates":[[[120.3054552,22.709317],[120.3054656,22.7093306],[120.3054625,22.7094624],[120.305447,22.7094621],[120.3054047,22.7094347],[120.3053537,22.709425],[120.3053014,22.7094375],[120.3052667,22.7094673],[120.3052509,22.709467],[120.3052542,22.7093437],[120.3052648,22.7093275],[120.3052889,22.7093188],[120.3054552,22.709317]]]}},{"type":"Feature","id":"way/598097612","properties":{"osm_id":"598097612","osm_type":"way","name":null,"feature_category":"green_area","green_type":"forest_or_wood","green_priority":"medium","source_tags":{"natural":"wood"}},"geometry":{"type":"Polygon","coordinates":[[[120.3051802,22.7101003],[120.3052143,22.70982],[120.305461,22.70982],[120.3054439,22.7101996],[120.3051802,22.7101003]]]}},{"type":"Feature","id":"way/600515297","properties":{"osm_id":"600515297","osm_type":"way","name":null,"feature_category":"green_area","green_type":"grass_or_meadow","green_priority":"medium","source_tags":{"landuse":"grass"}},"geometry":{"type":"Polygon","coordinates":[[[120.3349684,22.7355213],[120.3349162,22.7333574],[120.3361836,22.7333406],[120.3362711,22.734628],[120.3364277,22.7350979],[120.3349684,22.7355213]]]}},{"type":"Feature","id":"way/662568586","properties":{"osm_id":"662568586","osm_type":"way","name":null,"feature_category":"green_area","green_type":"grass_or_meadow","green_priority":"medium","source_tags":{"landuse":"grass"}},"geometry":{"type":"Polygon","coordinates":[[[120.2897558,22.7060829],[120.2897638,22.7057068],[120.2894929,22.7057117],[120.2895171,22.70564],[120.28956,22.7055658],[120.2896244,22.7055039],[120.2897102,22.7054544],[120.2898121,22.7054222],[120.2907294,22.7054445],[120.2907214,22.7058429],[120.2909574,22.7058404],[120.2909494,22.705932],[120.2909306,22.705974],[120.2908931,22.7060111],[120.2908662,22.7060433],[120.2908099,22.7060705],[120.2907482,22.7061002],[120.2906704,22.7061052],[120.2897558,22.7060829]]]}},{"type":"Feature","id":"way/683072930","properties":{"osm_id":"683072930","osm_type":"way","name":"西南公園","feature_category":"green_area","green_type":"park","green_priority":"high","source_tags":{"leisure":"park","name":"西南公園"}},"geometry":{"type":"Polygon","coordinates":[[[120.3038032,22.7122999],[120.3039521,22.711964],[120.3051145,22.7124024],[120.3049657,22.7127383],[120.3038032,22.7122999]]]}},{"type":"Feature","id":"way/712542039","properties":{"osm_id":"712542039","osm_type":"way","name":null,"feature_category":"green_area","green_type":"park","green_priority":"high","source_tags":{"landuse":"village_green"}},"geometry":{"type":"Polygon","coordinates":[[[120.327233,22.7230581],[120.3273027,22.7229558],[120.3273296,22.7228816],[120.3273259,22.7227629],[120.3275388,22.7227876],[120.3276693,22.7228305],[120.327689,22.7228503],[120.3276852,22.7228784],[120.327662,22.7228899],[120.327233,22.7230581]]]}},{"type":"Feature","id":"way/747187654","properties":{"osm_id":"747187654","osm_type":"way","name":"沙坑","feature_category":"green_area","green_type":"natural_green","green_priority":"medium","source_tags":{"name":"沙坑","natural":"scrub"}},"geometry":{"type":"Polygon","coordinates":[[[120.2793792,22.7360291],[120.279213,22.7354262],[120.2792903,22.7354081],[120.2793335,22.7355651],[120.2794563,22.7360111],[120.2793792,22.7360291]]]}},{"type":"Feature","id":"way/776253963","properties":{"osm_id":"776253963","osm_type":"way","name":null,"feature_category":"green_area","green_type":"grass_or_meadow","green_priority":"medium","source_tags":{"natural":"grassland"}},"geometry":{"type":"Polygon","coordinates":[[[120.2845091,22.7330055],[120.2845124,22.7327345],[120.2846306,22.7327369],[120.2846219,22.7330468],[120.2846173,22.7330751],[120.2846099,22.7330825],[120.2845919,22.733093],[120.2845665,22.7331004],[120.2845398,22.7330973],[120.2845211,22.7330905],[120.2845057,22.7330714],[120.2845057,22.7330468],[120.2845091,22.7330055]]]}},{"type":"Feature","id":"way/776270418","properties":{"osm_id":"776270418","osm_type":"way","name":null,"feature_category":"green_area","green_type":"park","green_priority":"high","source_tags":{"leisure":"park"}},"geometry":{"type":"Polygon","coordinates":[[[120.2748871,22.7265497],[120.274894,22.7265175],[120.2748987,22.7264939],[120.2753336,22.7259147],[120.2753778,22.7258718],[120.2753987,22.7258589],[120.2754197,22.7258546],[120.2758127,22.726097],[120.2758453,22.7261292],[120.2758383,22.7261635],[120.2753778,22.7267835],[120.2753476,22.7268178],[120.2753127,22.7268135],[120.2748871,22.7265497]]]}},{"type":"Feature","id":"way/776270419","properties":{"osm_id":"776270419","osm_type":"way","name":null,"feature_category":"green_area","green_type":"park","green_priority":"high","source_tags":{"leisure":"park"}},"geometry":{"type":"Polygon","coordinates":[[[120.2776657,22.7263942],[120.2777662,22.7261958],[120.2778014,22.7261747],[120.2778402,22.7261812],[120.278154,22.7263048],[120.2781701,22.7263198],[120.2781756,22.7263349],[120.2781813,22.7263618],[120.2780818,22.7265717],[120.278052,22.7265785],[120.2780204,22.7265759],[120.2776754,22.726421],[120.2776657,22.7263942]]]}},{"type":"Feature","id":"way/776270428","properties":{"osm_id":"776270428","osm_type":"way","name":"中和兒童公園","feature_category":"green_area","green_type":"park","green_priority":"high","source_tags":{"leisure":"park","name":"中和兒童公園"}},"geometry":{"type":"Polygon","coordinates":[[[120.2805457,22.7232354],[120.2805195,22.7232039],[120.2805416,22.7228334],[120.2805637,22.7227741],[120.2805918,22.7227426],[120.280622,22.7227333],[120.2808771,22.7227537],[120.2808951,22.7227778],[120.2809052,22.7228204],[120.2808329,22.7231835],[120.2808007,22.7232113],[120.2805457,22.7232354]]]}},{"type":"Feature","id":"way/776270429","properties":{"osm_id":"776270429","osm_type":"way","name":null,"feature_category":"green_area","green_type":"park","green_priority":"high","source_tags":{"leisure":"park"}},"geometry":{"type":"Polygon","coordinates":[[[120.2812815,22.7245863],[120.2811569,22.7243516],[120.2810907,22.7242343],[120.2810748,22.724178],[120.2811039,22.724156],[120.2811331,22.7241512],[120.2814405,22.7241732],[120.2814935,22.7241903],[120.2815094,22.7242172],[120.2815094,22.7242538],[120.2813557,22.7245643],[120.2813318,22.724596],[120.2813027,22.7245985],[120.2812815,22.7245863]]]}},{"type":"Feature","id":"way/776284042","properties":{"osm_id":"776284042","osm_type":"way","name":null,"feature_category":"green_area","green_type":"park","green_priority":"high","source_tags":{"leisure":"park"}},"geometry":{"type":"Polygon","coordinates":[[[120.2946048,22.7280935],[120.294569,22.7278283],[120.2945836,22.7278026],[120.2945982,22.7277953],[120.2948937,22.7277574],[120.2949162,22.7277684],[120.2949308,22.7277892],[120.2949573,22.7280373],[120.2949493,22.7280569],[120.2949202,22.7280727],[120.2948923,22.7280813],[120.2946604,22.7281057],[120.2946339,22.7281021],[120.294622,22.7280996],[120.2946048,22.7280935]]]}},{"type":"Feature","id":"way/778454819","properties":{"osm_id":"778454819","osm_type":"way","name":"常順公園","feature_category":"green_area","green_type":"park","green_priority":"high","source_tags":{"leisure":"park","name":"常順公園"}},"geometry":{"type":"Polygon","coordinates":[[[120.3362512,22.7326703],[120.3362513,22.7323135],[120.3367535,22.7323183],[120.3367437,22.7326604],[120.3362512,22.7326703]]]}},{"type":"Feature","id":"way/822119941","properties":{"osm_id":"822119941","osm_type":"way","name":null,"feature_category":"green_area","green_type":"park","green_priority":"high","source_tags":{"landuse":"village_green"}},"geometry":{"type":"Polygon","coordinates":[[[120.3279401,22.7230077],[120.3279253,22.7230213],[120.3275713,22.7230584],[120.3275673,22.7230497],[120.3277872,22.7229582],[120.3278127,22.7229508],[120.3279401,22.7230077]]]}},{"type":"Feature","id":"way/822119942","properties":{"osm_id":"822119942","osm_type":"way","name":null,"feature_category":"green_area","green_type":"park","green_priority":"high","source_tags":{"landuse":"village_green"}},"geometry":{"type":"Polygon","coordinates":[[[120.3298438,22.7197988],[120.3300898,22.7195705],[120.3304032,22.7192903],[120.3307852,22.7189651],[120.3308684,22.7189329],[120.3309489,22.7189329],[120.3310132,22.7189675],[120.3310508,22.7190269],[120.3310642,22.7191036],[120.3310374,22.7191828],[120.3309837,22.7192446],[120.3305814,22.7195712],[120.3302515,22.7198557],[120.3299752,22.7201155],[120.3298438,22.7197988]]]}},{"type":"Feature","id":"way/822119943","properties":{"osm_id":"822119943","osm_type":"way","name":null,"feature_category":"green_area","green_type":"park","green_priority":"high","source_tags":{"landuse":"village_green"}},"geometry":{"type":"Polygon","coordinates":[[[120.3299135,22.7201798],[120.3296936,22.7204173],[120.3294913,22.7206448],[120.3292886,22.7208825],[120.3291069,22.7211199],[120.328956,22.7213525],[120.3288111,22.7216049],[120.3286851,22.7218523],[120.3285697,22.7221195],[120.3282666,22.7220205],[120.3284276,22.7216445],[120.3285295,22.7214243],[120.3286663,22.7211917],[120.3288594,22.7208973],[120.3290525,22.7206499],[120.3292617,22.7204],[120.3295005,22.7201304],[120.3297848,22.7198557],[120.3299135,22.7201798]]]}},{"type":"Feature","id":"way/822119944","properties":{"osm_id":"822119944","osm_type":"way","name":null,"feature_category":"green_area","green_type":"park","green_priority":"high","source_tags":{"landuse":"village_green"}},"geometry":{"type":"Polygon","coordinates":[[[120.3285349,22.7222135],[120.328441,22.7224659],[120.3283873,22.7225327],[120.3282291,22.7226366],[120.3281755,22.722639],[120.3280896,22.7225896],[120.3280735,22.7225203],[120.3280923,22.7224461],[120.3282291,22.7221121],[120.3285349,22.7222135]]]}},{"type":"Feature","id":"way/822119945","properties":{"osm_id":"822119945","osm_type":"way","name":"經濟部傳統產業創新加值中心","feature_category":"green_area","green_type":"park","green_priority":"high","source_tags":{"landuse":"village_green","name":"經濟部傳統產業創新加值中心"}},"geometry":{"type":"Polygon","coordinates":[[[120.3289741,22.7230757],[120.3289204,22.7230262],[120.3288078,22.7230114],[120.3285664,22.7228481],[120.3285235,22.7226155],[120.3285825,22.7223632],[120.3287702,22.7218882],[120.3289902,22.7214725],[120.329253,22.7210915],[120.329414,22.7212598],[120.3295373,22.7215072],[120.3296768,22.7218981],[120.3296822,22.7222098],[120.3295642,22.7225562],[120.3293818,22.7228184],[120.3289741,22.7230757]]]}},{"type":"Feature","id":"way/823165857","properties":{"osm_id":"823165857","osm_type":"way","name":null,"feature_category":"green_area","green_type":"grass_or_meadow","green_priority":"medium","source_tags":{"landuse":"grass"}},"geometry":{"type":"Polygon","coordinates":[[[120.3144917,22.7262177],[120.3144928,22.7259921],[120.3144964,22.7252208],[120.3147878,22.7252236],[120.314899,22.7252224],[120.3148944,22.7262193],[120.3144917,22.7262177]]]}},{"type":"Feature","id":"way/823165861","properties":{"osm_id":"823165861","osm_type":"way","name":null,"feature_category":"green_area","green_type":"grass_or_meadow","green_priority":"medium","source_tags":{"landuse":"grass"}},"geometry":{"type":"Polygon","coordinates":[[[120.3179709,22.7268095],[120.3176748,22.7264991],[120.317674,22.7258365],[120.3175026,22.7258367],[120.3175036,22.7257806],[120.3175047,22.7257079],[120.3175877,22.7257001],[120.3176622,22.7255017],[120.3180305,22.7256078],[120.3184286,22.725971],[120.318435,22.7266308],[120.3181519,22.7268075],[120.3179709,22.7268095]]]}},{"type":"Feature","id":"way/823165863","properties":{"osm_id":"823165863","osm_type":"way","name":null,"feature_category":"green_area","green_type":"garden","green_priority":"high","source_tags":{"leisure":"garden"}},"geometry":{"type":"Polygon","coordinates":[[[120.3145796,22.7252208],[120.3145829,22.7250106],[120.3147911,22.7250133],[120.3147878,22.7252236],[120.3145796,22.7252208]]]}},{"type":"Feature","id":"way/885734077","properties":{"osm_id":"885734077","osm_type":"way","name":"百年芒果樹","feature_category":"green_area","green_type":"park","green_priority":"high","source_tags":{"leisure":"park","name":"百年芒果樹"}},"geometry":{"type":"Polygon","coordinates":[[[120.2975334,22.7266284],[120.2979988,22.7266655],[120.2979599,22.7270848],[120.2975764,22.7270527],[120.2975334,22.7266284]]]}},{"type":"Feature","id":"way/885734164","properties":{"osm_id":"885734164","osm_type":"way","name":null,"feature_category":"green_area","green_type":"park","green_priority":"high","source_tags":{"leisure":"park"}},"geometry":{"type":"Polygon","coordinates":[[[120.2975656,22.7272555],[120.2975764,22.7270527],[120.2979599,22.7270848],[120.2979371,22.7274188],[120.2975656,22.7272555]]]}},{"type":"Feature","id":"way/885734324","properties":{"osm_id":"885734324","osm_type":"way","name":null,"feature_category":"green_area","green_type":"park","green_priority":"high","source_tags":{"leisure":"park"}},"geometry":{"type":"Polygon","coordinates":[[[120.2975157,22.7276246],[120.2975788,22.7273312],[120.298436,22.7277411],[120.2984335,22.7279807],[120.2984141,22.7280031],[120.2983825,22.7280166],[120.298351,22.7280121],[120.2983267,22.7280121],[120.2975157,22.7276246]]]}},{"type":"Feature","id":"way/916801661","properties":{"osm_id":"916801661","osm_type":"way","name":null,"feature_category":"green_area","green_type":"forest_or_wood","green_priority":"medium","source_tags":{"natural":"wood"}},"geometry":{"type":"Polygon","coordinates":[[[120.2722254,22.7285379],[120.2721476,22.728857],[120.2720591,22.7290908],[120.2719196,22.7293271],[120.2715495,22.7298243],[120.2715221,22.7298314],[120.2714851,22.7298342],[120.2713939,22.7297798],[120.2717004,22.729334],[120.2719035,22.7290524],[120.2720859,22.7287383],[120.2722254,22.7285379]]]}},{"type":"Feature","id":"way/916801663","properties":{"osm_id":"916801663","osm_type":"way","name":null,"feature_category":"green_area","green_type":"forest_or_wood","green_priority":"medium","source_tags":{"natural":"wood"}},"geometry":{"type":"Polygon","coordinates":[[[120.2713295,22.7298435],[120.2714556,22.7299381],[120.2712947,22.7301533],[120.2712249,22.7302325],[120.2708373,22.7305634],[120.270832,22.7305461],[120.2713295,22.7298435]]]}},{"type":"Feature","id":"way/921651676","properties":{"osm_id":"921651676","osm_type":"way","name":null,"feature_category":"green_area","green_type":"grass_or_meadow","green_priority":"medium","source_tags":{"natural":"grassland"}},"geometry":{"type":"Polygon","coordinates":[[[120.283502,22.7340287],[120.2835347,22.733318],[120.2836351,22.7332168],[120.2843403,22.7332426],[120.2843146,22.7339167],[120.2842305,22.733921],[120.2842212,22.7340502],[120.283502,22.7340287]]]}},{"type":"Feature","id":"way/921651677","properties":{"osm_id":"921651677","osm_type":"way","name":null,"feature_category":"green_area","green_type":"grass_or_meadow","green_priority":"medium","source_tags":{"natural":"grassland"}},"geometry":{"type":"Polygon","coordinates":[[[120.2847629,22.7339841],[120.2847921,22.7332609],[120.2857719,22.7333177],[120.2858582,22.7334186],[120.2858443,22.7342924],[120.2857796,22.7343464],[120.2855239,22.7343336],[120.2855393,22.7337326],[120.2849801,22.7336985],[120.2849631,22.7339415],[120.2849323,22.7339443],[120.2849323,22.7339912],[120.2847629,22.7339841]]]}},{"type":"Feature","id":"way/921651678","properties":{"osm_id":"921651678","osm_type":"way","name":null,"feature_category":"green_area","green_type":"grass_or_meadow","green_priority":"medium","source_tags":{"natural":"grassland"}},"geometry":{"type":"Polygon","coordinates":[[[120.2891354,22.7332673],[120.2891401,22.7330897],[120.2892124,22.7330918],[120.2892311,22.73273],[120.2886812,22.7327031],[120.2886579,22.7330606],[120.2885797,22.7330606],[120.2886194,22.73259],[120.2903122,22.7326665],[120.2903694,22.7327375],[120.2903531,22.7331295],[120.2899328,22.7330617],[120.2898464,22.733052],[120.2897693,22.7330789],[120.2895172,22.7332781],[120.2894926,22.7332878],[120.28946,22.7332899],[120.2891354,22.7332673]]]}},{"type":"Feature","id":"way/921651679","properties":{"osm_id":"921651679","osm_type":"way","name":null,"feature_category":"green_area","green_type":"grass_or_meadow","green_priority":"medium","source_tags":{"natural":"grassland"}},"geometry":{"type":"Polygon","coordinates":[[[120.2836294,22.7355589],[120.2834566,22.7350508],[120.2834444,22.7349515],[120.2834363,22.7348015],[120.2842209,22.7348334],[120.284227,22.7346665],[120.2844567,22.7346721],[120.2844486,22.7350002],[120.2844079,22.7351052],[120.2843042,22.7352102],[120.2842311,22.7353021],[120.2841985,22.7353883],[120.2841985,22.7354464],[120.2841762,22.7354727],[120.2841355,22.7355008],[120.2837208,22.7356058],[120.2836294,22.7355589]]]}},{"type":"Feature","id":"way/921651680","properties":{"osm_id":"921651680","osm_type":"way","name":null,"feature_category":"green_area","green_type":"grass_or_meadow","green_priority":"medium","source_tags":{"natural":"grassland"}},"geometry":{"type":"Polygon","coordinates":[[[120.2843855,22.735437],[120.2843408,22.7354445],[120.2843185,22.7354352],[120.2843042,22.7354108],[120.2843185,22.7353564],[120.2843855,22.7352777],[120.2844994,22.7351764],[120.2845339,22.7350433],[120.2845705,22.7346796],[120.2848795,22.7346815],[120.2848795,22.7347227],[120.2852982,22.7347434],[120.285286,22.7349721],[120.285656,22.7349721],[120.2856824,22.734569],[120.285841,22.7345728],[120.2858247,22.7347602],[120.2858085,22.7348784],[120.2857272,22.7350208],[120.2856275,22.7350902],[120.2843855,22.735437]]]}},{"type":"Feature","id":"way/921651681","properties":{"osm_id":"921651681","osm_type":"way","name":null,"feature_category":"green_area","green_type":"agricultural","green_priority":"low","source_tags":{"landuse":"farmland"}},"geometry":{"type":"Polygon","coordinates":[[[120.2827476,22.7336781],[120.2827306,22.7339779],[120.2821714,22.7339595],[120.2821745,22.7336554],[120.2827476,22.7336781]]]}},{"type":"Feature","id":"way/921651682","properties":{"osm_id":"921651682","osm_type":"way","name":null,"feature_category":"green_area","green_type":"grass_or_meadow","green_priority":"medium","source_tags":{"natural":"grassland"}},"geometry":{"type":"Polygon","coordinates":[[[120.282465,22.7359732],[120.2794085,22.736854],[120.2786076,22.7344183],[120.2787243,22.7343989],[120.2786193,22.7340565],[120.2784068,22.734106],[120.2783648,22.7339988],[120.2779398,22.7340759],[120.2779281,22.7340048],[120.2774868,22.7339897],[120.2772813,22.7333631],[120.2772696,22.733292],[120.2786053,22.7314851],[120.2786356,22.7314463],[120.2787033,22.7314377],[120.2788014,22.7314808],[120.2807978,22.7327622],[120.281043,22.7328828],[120.2816688,22.7330486],[120.2821615,22.7331455],[120.2831632,22.7331886],[120.2832776,22.7332941],[120.2831702,22.7348943],[120.2831632,22.7350622],[120.283343,22.7356329],[120.2832589,22.7357471],[120.282465,22.7359732]]]}},{"type":"Feature","id":"way/922803640","properties":{"osm_id":"922803640","osm_type":"way","name":null,"feature_category":"green_area","green_type":"agricultural","green_priority":"low","source_tags":{"landuse":"farmland"}},"geometry":{"type":"Polygon","coordinates":[[[120.3106032,22.7162238],[120.3105847,22.7161272],[120.3104676,22.7161272],[120.3099592,22.7161044],[120.3106371,22.7146635],[120.3117339,22.7143196],[120.3118356,22.7146351],[120.312384,22.7144731],[120.3124487,22.7146919],[120.3124271,22.714763],[120.3121375,22.7160789],[120.3121098,22.7161101],[120.3120697,22.71613],[120.3108496,22.7162636],[120.3106032,22.7162238]]]}},{"type":"Feature","id":"way/922803641","properties":{"osm_id":"922803641","osm_type":"way","name":null,"feature_category":"green_area","green_type":"agricultural","green_priority":"low","source_tags":{"landuse":"farmland"}},"geometry":{"type":"Polygon","coordinates":[[[120.3129232,22.7159993],[120.3128724,22.7160434],[120.3126746,22.7156818],[120.3124708,22.7157226],[120.3123823,22.7154724],[120.3124364,22.7152461],[120.3124641,22.7151325],[120.3125689,22.7151069],[120.3127753,22.7155986],[120.3129787,22.7154934],[120.3132066,22.7157378],[120.3131974,22.7157776],[120.3129232,22.7159993]]]}},{"type":"Feature","id":"way/922803663","properties":{"osm_id":"922803663","osm_type":"way","name":null,"feature_category":"green_area","green_type":"park","green_priority":"high","source_tags":{"leisure":"park"}},"geometry":{"type":"Polygon","coordinates":[[[120.3032834,22.7119012],[120.3030708,22.7124071],[120.30304,22.7124071],[120.3028751,22.7118799],[120.3029167,22.7118287],[120.3029475,22.711779],[120.3032834,22.7119012]]]}},{"type":"Feature","id":"way/922803665","properties":{"osm_id":"922803665","osm_type":"way","name":null,"feature_category":"green_area","green_type":"natural_green","green_priority":"medium","source_tags":{"natural":"scrub"}},"geometry":{"type":"Polygon","coordinates":[[[120.2998229,22.711436],[120.2998533,22.7101178],[120.3008456,22.7101286],[120.300813,22.7108846],[120.3009134,22.7108695],[120.300883,22.7113779],[120.3001451,22.7115545],[120.299984,22.7115308],[120.2998229,22.711436]]]}},{"type":"Feature","id":"way/922803666","properties":{"osm_id":"922803666","osm_type":"way","name":"楠梓區七號公園","feature_category":"green_area","green_type":"park","green_priority":"high","source_tags":{"leisure":"park","name":"楠梓區七號公園"}},"geometry":{"type":"Polygon","coordinates":[[[120.2996968,22.71208],[120.2994143,22.7118539],[120.2995661,22.7117763],[120.299531,22.7117053],[120.2997482,22.7114705],[120.2998159,22.7114511],[120.2999864,22.7115588],[120.3001522,22.7115739],[120.3009064,22.7113822],[120.3011142,22.7113563],[120.3015041,22.7111625],[120.3018847,22.7108997],[120.3021486,22.7107511],[120.3021626,22.7108566],[120.3021836,22.7109428],[120.3016185,22.7112766],[120.3010628,22.7115976],[120.3008083,22.711688],[120.2996968,22.71208]]]}},{"type":"Feature","id":"way/922803672","properties":{"osm_id":"922803672","osm_type":"way","name":null,"feature_category":"green_area","green_type":"natural_green","green_priority":"medium","source_tags":{"natural":"scrub"}},"geometry":{"type":"Polygon","coordinates":[[[120.302326,22.7115153],[120.3006554,22.7124637],[120.3004945,22.7124094],[120.3005123,22.712329],[120.3002876,22.7120818],[120.3002479,22.7119698],[120.3009157,22.7117307],[120.3010465,22.7118707],[120.3011772,22.7117737],[120.3011048,22.7116596],[120.3020552,22.7111017],[120.3020855,22.7111362],[120.3021953,22.7111233],[120.302326,22.7115153]]]}},{"type":"Feature","id":"way/922803675","properties":{"osm_id":"922803675","osm_type":"way","name":"榮新公園","feature_category":"green_area","green_type":"park","green_priority":"high","source_tags":{"leisure":"park","name":"榮新公園","name:en":"Rongsin Park","name:zh":"榮新公園"}},"geometry":{"type":"Polygon","coordinates":[[[120.2987433,22.712982],[120.2983604,22.7125641],[120.2983721,22.712506],[120.299187,22.7119696],[120.2992967,22.7118986],[120.2993528,22.7119072],[120.2997777,22.712254],[120.2997731,22.7123207],[120.2988038,22.7129838],[120.2987433,22.712982]]]}},{"type":"Feature","id":"way/932904716","properties":{"osm_id":"932904716","osm_type":"way","name":null,"feature_category":"green_area","green_type":"park","green_priority":"high","source_tags":{"leisure":"park"}},"geometry":{"type":"Polygon","coordinates":[[[120.2939815,22.7118229],[120.293306,22.7122166],[120.293098,22.7118951],[120.293198,22.7116883],[120.293306,22.711778],[120.2936086,22.7114789],[120.2939815,22.7118229]]]}},{"type":"Feature","id":"way/933391442","properties":{"osm_id":"933391442","osm_type":"way","name":null,"feature_category":"green_area","green_type":"grass_or_meadow","green_priority":"medium","source_tags":{"landuse":"grass"}},"geometry":{"type":"Polygon","coordinates":[[[120.3108251,22.7296582],[120.3125846,22.728493],[120.313429,22.7292134],[120.3138147,22.7295855],[120.3136519,22.7297945],[120.3133582,22.7298761],[120.3125017,22.7297716],[120.3108251,22.7296582]]]}},{"type":"Feature","id":"way/933391445","properties":{"osm_id":"933391445","osm_type":"way","name":null,"feature_category":"green_area","green_type":"grass_or_meadow","green_priority":"medium","source_tags":{"landuse":"grass"}},"geometry":{"type":"Polygon","coordinates":[[[120.3159961,22.7304542],[120.3159237,22.730493],[120.3146394,22.7296918],[120.3146091,22.7296488],[120.3147492,22.7294054],[120.3149477,22.729218],[120.3151928,22.7290888],[120.3153306,22.7290587],[120.3155618,22.729007],[120.3156388,22.729022],[120.3165004,22.7299115],[120.3164911,22.7299783],[120.3161058,22.7302475],[120.3159961,22.7304542]]]}},{"type":"Feature","id":"way/933391446","properties":{"osm_id":"933391446","osm_type":"way","name":null,"feature_category":"green_area","green_type":"grass_or_meadow","green_priority":"medium","source_tags":{"landuse":"grass"}},"geometry":{"type":"Polygon","coordinates":[[[120.3166149,22.7298383],[120.3158093,22.7290091],[120.3158069,22.7289682],[120.316316,22.7288562],[120.3166872,22.7287184],[120.3171426,22.7284836],[120.3172056,22.7284685],[120.3177193,22.7289897],[120.31771,22.729035],[120.3166732,22.7298447],[120.3166149,22.7298383]]]}},{"type":"Feature","id":"way/933391447","properties":{"osm_id":"933391447","osm_type":"way","name":null,"feature_category":"green_area","green_type":"grass_or_meadow","green_priority":"medium","source_tags":{"landuse":"grass"}},"geometry":{"type":"Polygon","coordinates":[[[120.3178104,22.7289553],[120.317766,22.728951],[120.3172079,22.7283587],[120.3174531,22.7282101],[120.3179271,22.7288842],[120.3178104,22.7289553]]]}},{"type":"Feature","id":"way/933391452","properties":{"osm_id":"933391452","osm_type":"way","name":null,"feature_category":"green_area","green_type":"grass_or_meadow","green_priority":"medium","source_tags":{"landuse":"grass"}},"geometry":{"type":"Polygon","coordinates":[[[120.3209836,22.7335813],[120.320129,22.7331635],[120.3200915,22.7330695],[120.3206816,22.7310508],[120.3207272,22.7309964],[120.320805,22.7310088],[120.3209678,22.7311572],[120.3209836,22.7335813]]]}},{"type":"Feature","id":"way/933391457","properties":{"osm_id":"933391457","osm_type":"way","name":null,"feature_category":"green_area","green_type":"grass_or_meadow","green_priority":"medium","source_tags":{"landuse":"grass"}},"geometry":{"type":"Polygon","coordinates":[[[120.3209707,22.7339616],[120.3205898,22.7344489],[120.3205657,22.7345825],[120.3204879,22.7345825],[120.3204638,22.7347458],[120.3196967,22.7346963],[120.3196725,22.7346542],[120.3199407,22.7335633],[120.319989,22.7335237],[120.3200775,22.7335138],[120.3201553,22.733541],[120.3209707,22.7339616]]]}},{"type":"Feature","id":"way/933860130","properties":{"osm_id":"933860130","osm_type":"way","name":null,"feature_category":"green_area","green_type":"grass_or_meadow","green_priority":"medium","source_tags":{"landuse":"grass"}},"geometry":{"type":"Polygon","coordinates":[[[120.3339135,22.7363228],[120.3334988,22.7359047],[120.3335435,22.7358672],[120.3336614,22.7358541],[120.333761,22.7358166],[120.3338322,22.7357641],[120.3339135,22.7356666],[120.333946,22.7356141],[120.3339684,22.7362553],[120.3339135,22.7363228]]]}},{"type":"Feature","id":"way/933860140","properties":{"osm_id":"933860140","osm_type":"way","name":null,"feature_category":"green_area","green_type":"agricultural","green_priority":"low","source_tags":{"landuse":"farmland"}},"geometry":{"type":"Polygon","coordinates":[[[120.3300241,22.7463048],[120.3293163,22.7466149],[120.328573,22.7470522],[120.326715,22.7477311],[120.3265274,22.7477311],[120.3249985,22.7463766],[120.3249914,22.7462069],[120.3251471,22.7459686],[120.3275042,22.743798],[120.3276387,22.7437752],[120.3295428,22.7455475],[120.3299427,22.7461775],[120.3300241,22.7463048]]]}},{"type":"Feature","id":"way/933860141","properties":{"osm_id":"933860141","osm_type":"way","name":null,"feature_category":"green_area","green_type":"agricultural","green_priority":"low","source_tags":{"landuse":"farmland"}},"geometry":{"type":"Polygon","coordinates":[[[120.3289588,22.7444019],[120.3288668,22.7443888],[120.3277838,22.7434292],[120.3277732,22.7433444],[120.3291145,22.741634],[120.3291853,22.7416405],[120.330148,22.7434423],[120.3289588,22.7444019]]]}},{"type":"Feature","id":"way/933860142","properties":{"osm_id":"933860142","osm_type":"way","name":null,"feature_category":"green_area","green_type":"agricultural","green_priority":"low","source_tags":{"landuse":"farmland"}},"geometry":{"type":"Polygon","coordinates":[[[120.3276316,22.7431387],[120.3274405,22.7430506],[120.326085,22.7417613],[120.3260284,22.741572],[120.3276281,22.7400379],[120.3277661,22.740077],[120.3289553,22.7411738],[120.3290154,22.7413207],[120.3282157,22.7423713],[120.327995,22.7422404],[120.3278742,22.74241],[120.3280771,22.7425525],[120.3276316,22.7431387]]]}},{"type":"Feature","id":"way/933860145","properties":{"osm_id":"933860145","osm_type":"way","name":null,"feature_category":"green_area","green_type":"agricultural","green_priority":"low","source_tags":{"landuse":"farmland"}},"geometry":{"type":"Polygon","coordinates":[[[120.3265688,22.7441668],[120.3245947,22.74597],[120.3232214,22.7442385],[120.3240207,22.7434395],[120.3240985,22.7435014],[120.3242407,22.7433505],[120.3241575,22.7432862],[120.3249863,22.7424847],[120.3266039,22.7440659],[120.3265688,22.7441668]]]}},{"type":"Feature","id":"way/933860182","properties":{"osm_id":"933860182","osm_type":"way","name":null,"feature_category":"green_area","green_type":"forest_or_wood","green_priority":"medium","source_tags":{"natural":"wood"}},"geometry":{"type":"Polygon","coordinates":[[[120.3384273,22.7327065],[120.3384343,22.7323311],[120.3389546,22.7324029],[120.3389051,22.732553],[120.3384273,22.7327065]]]}},{"type":"Feature","id":"way/950143925","properties":{"osm_id":"950143925","osm_type":"way","name":null,"feature_category":"green_area","green_type":"grass_or_meadow","green_priority":"medium","source_tags":{"landuse":"grass"}},"geometry":{"type":"Polygon","coordinates":[[[120.2841368,22.7282486],[120.2840993,22.7281917],[120.2840805,22.7272739],[120.2841181,22.7272393],[120.2846545,22.7272615],[120.2846947,22.727306],[120.2844587,22.7281695],[120.2843755,22.7282362],[120.2841368,22.7282486]]]}},{"type":"Feature","id":"way/950143979","properties":{"osm_id":"950143979","osm_type":"way","name":null,"feature_category":"green_area","green_type":"grass_or_meadow","green_priority":"medium","source_tags":{"landuse":"grass"}},"geometry":{"type":"Polygon","coordinates":[[[120.2905374,22.7362067],[120.2911284,22.7362263],[120.2911426,22.7360305],[120.2917031,22.7360475],[120.2916688,22.736391],[120.2917107,22.7365627],[120.2910684,22.7370148],[120.2909582,22.7369377],[120.2908822,22.7370078],[120.2907378,22.7369447],[120.2905706,22.7369132],[120.2903844,22.7370043],[120.2904452,22.7360019],[120.2905515,22.7360109],[120.2905374,22.7362067]]]}},{"type":"Feature","id":"way/950143980","properties":{"osm_id":"950143980","osm_type":"way","name":null,"feature_category":"green_area","green_type":"grass_or_meadow","green_priority":"medium","source_tags":{"landuse":"grass"}},"geometry":{"type":"Polygon","coordinates":[[[120.2919235,22.7366048],[120.2918209,22.7364856],[120.2917981,22.736398],[120.2917981,22.7360966],[120.2918209,22.736051],[120.2926759,22.736058],[120.2927367,22.7361597],[120.2919235,22.7366048]]]}},{"type":"Feature","id":"way/950143992","properties":{"osm_id":"950143992","osm_type":"way","name":null,"feature_category":"green_area","green_type":"grass_or_meadow","green_priority":"medium","source_tags":{"landuse":"grass"}},"geometry":{"type":"Polygon","coordinates":[[[120.2860714,22.7311507],[120.2862585,22.731059],[120.286124,22.7307293],[120.2861877,22.7304029],[120.28652,22.730246],[120.2864682,22.7301424],[120.2868599,22.7299884],[120.2868167,22.7299167],[120.2870413,22.7298449],[120.2869492,22.7295501],[120.2872047,22.7294827],[120.2872473,22.7295174],[120.2874028,22.7320795],[120.2873626,22.7321397],[120.2864375,22.7321304],[120.2863748,22.7320888],[120.2863548,22.7318691],[120.2862821,22.7316263],[120.2860714,22.7311507]]]}},{"type":"Feature","id":"way/950143993","properties":{"osm_id":"950143993","osm_type":"way","name":null,"feature_category":"green_area","green_type":"grass_or_meadow","green_priority":"medium","source_tags":{"landuse":"grass"}},"geometry":{"type":"Polygon","coordinates":[[[120.2887883,22.7303898],[120.2888776,22.7321595],[120.2888115,22.7322571],[120.2876867,22.7322022],[120.2875908,22.7321351],[120.2874783,22.7305393],[120.287508,22.730466],[120.2875974,22.7304172],[120.2887155,22.7303226],[120.2887883,22.7303898]]]}},{"type":"Feature","id":"way/950143997","properties":{"osm_id":"950143997","osm_type":"way","name":null,"feature_category":"green_area","green_type":"grass_or_meadow","green_priority":"medium","source_tags":{"landuse":"grass"}},"geometry":{"type":"Polygon","coordinates":[[[120.2820853,22.7289217],[120.2820677,22.7288801],[120.2824037,22.7282118],[120.2824588,22.7281724],[120.2827321,22.7282696],[120.2827447,22.7283297],[120.2823861,22.7289009],[120.282326,22.7289333],[120.2820853,22.7289217]]]}},{"type":"Feature","id":"way/950144000","properties":{"osm_id":"950144000","osm_type":"way","name":null,"feature_category":"green_area","green_type":"park","green_priority":"high","source_tags":{"leisure":"park"}},"geometry":{"type":"Polygon","coordinates":[[[120.3277059,22.7517497],[120.3276793,22.7529377],[120.3263378,22.7529061],[120.3263606,22.7517146],[120.3277059,22.7517497]]]}},{"type":"Feature","id":"way/951446667","properties":{"osm_id":"951446667","osm_type":"way","name":null,"feature_category":"green_area","green_type":"grass_or_meadow","green_priority":"medium","source_tags":{"landuse":"grass"}},"geometry":{"type":"Polygon","coordinates":[[[120.3279399,22.7192172],[120.3287392,22.719529],[120.3288197,22.7195092],[120.3288948,22.7194053],[120.3292649,22.7194399],[120.329619,22.7196378],[120.329737,22.7197516],[120.3289055,22.7206077],[120.3284495,22.7213103],[120.3281545,22.7218991],[120.3279667,22.7224385],[120.3279185,22.7225226],[120.3278541,22.7225572],[120.3277629,22.7225572],[120.3276073,22.7224137],[120.3267919,22.7220822],[120.3251826,22.7216022],[120.3250539,22.7215033],[120.3250056,22.7213251],[120.3250217,22.7210926],[120.3251612,22.7197516],[120.3254508,22.7198803],[120.325601,22.7192519],[120.3252792,22.7191974],[120.3253382,22.718757],[120.3276824,22.7199248],[120.3279399,22.7192172]]]}},{"type":"Feature","id":"way/951446668","properties":{"osm_id":"951446668","osm_type":"way","name":null,"feature_category":"green_area","green_type":"grass_or_meadow","green_priority":"medium","source_tags":{"landuse":"grass"}},"geometry":{"type":"Polygon","coordinates":[[[120.3268032,22.7225469],[120.3253294,22.7229912],[120.3252379,22.7230081],[120.3250875,22.7230062],[120.3249168,22.7229444],[120.3247907,22.7228562],[120.324746,22.7227869],[120.324683,22.7225938],[120.3246769,22.7224606],[120.3247176,22.7221363],[120.324742,22.7220406],[120.3247785,22.7220181],[120.3252379,22.722065],[120.3256465,22.7221344],[120.3260531,22.7222188],[120.3264434,22.7223181],[120.3269434,22.722485],[120.3270308,22.72253],[120.3269312,22.72253],[120.3268032,22.7225469]]]}},{"type":"Feature","id":"way/951446669","properties":{"osm_id":"951446669","osm_type":"way","name":null,"feature_category":"green_area","green_type":"grass_or_meadow","green_priority":"medium","source_tags":{"landuse":"grass"}},"geometry":{"type":"Polygon","coordinates":[[[120.3239756,22.7229181],[120.3238272,22.7231712],[120.3235792,22.7235162],[120.3234085,22.7237037],[120.3233577,22.723655],[120.3232459,22.7234544],[120.3230792,22.7230606],[120.3230426,22.7229444],[120.323065,22.722815],[120.3229836,22.7227869],[120.3230792,22.722485],[120.3232418,22.7222113],[120.3233597,22.7220725],[120.3235284,22.7219881],[120.3237683,22.7219638],[120.3239797,22.7219844],[120.3241016,22.7220556],[120.3242094,22.7222056],[120.3242338,22.7223219],[120.3241972,22.7224475],[120.3239756,22.7229181]]]}},{"type":"Feature","id":"way/951446670","properties":{"osm_id":"951446670","osm_type":"way","name":null,"feature_category":"green_area","green_type":"agricultural","green_priority":"low","source_tags":{"landuse":"farmland"}},"geometry":{"type":"Polygon","coordinates":[[[120.3238821,22.7204957],[120.3234349,22.7206588],[120.3232276,22.7207563],[120.323065,22.7208819],[120.3229653,22.7210319],[120.322634,22.7200044],[120.322756,22.7199632],[120.3236055,22.7203649],[120.3238821,22.7204957]]]}},{"type":"Feature","id":"way/951446671","properties":{"osm_id":"951446671","osm_type":"way","name":null,"feature_category":"green_area","green_type":"grass_or_meadow","green_priority":"medium","source_tags":{"landuse":"grass"}},"geometry":{"type":"Polygon","coordinates":[[[120.3236055,22.7203649],[120.3241687,22.7197869],[120.3244005,22.71944],[120.3248375,22.7188513],[120.3248944,22.7186919],[120.3249269,22.7184706],[120.3249859,22.7184744],[120.3247237,22.7197888],[120.324683,22.7199482],[120.3245997,22.7201244],[120.3244614,22.720265],[120.3242846,22.7203569],[120.3238821,22.7204957],[120.3236055,22.7203649]]]}},{"type":"Feature","id":"way/951446672","properties":{"osm_id":"951446672","osm_type":"way","name":null,"feature_category":"green_area","green_type":"grass_or_meadow","green_priority":"medium","source_tags":{"landuse":"grass"}},"geometry":{"type":"Polygon","coordinates":[[[120.3247135,22.7202707],[120.3245875,22.7208688],[120.3245732,22.7208969],[120.3245549,22.7208969],[120.3244472,22.7207807],[120.3243293,22.7207225],[120.3241199,22.7206794],[120.3239716,22.7206888],[120.3238821,22.7207094],[120.3242216,22.72058],[120.3244147,22.7204957],[120.3245651,22.7203625],[120.3246241,22.7203007],[120.3246545,22.7202632],[120.3247135,22.7202707]]]}},{"type":"Feature","id":"way/951446673","properties":{"osm_id":"951446673","osm_type":"way","name":null,"feature_category":"green_area","green_type":"grass_or_meadow","green_priority":"medium","source_tags":{"landuse":"grass"}},"geometry":{"type":"Polygon","coordinates":[[[120.3237419,22.7206719],[120.3235975,22.7208238],[120.3234837,22.7209569],[120.3234512,22.7211088],[120.3233922,22.7213544],[120.3232804,22.7215119],[120.3231768,22.7216169],[120.3231219,22.7215006],[120.3230812,22.7213056],[120.3230812,22.7211256],[120.3231239,22.72103],[120.3232804,22.7208913],[120.3234044,22.7208088],[120.3237419,22.7206719]]]}},{"type":"Feature","id":"way/951446674","properties":{"osm_id":"951446674","osm_type":"way","name":null,"feature_category":"green_area","green_type":"grass_or_meadow","green_priority":"medium","source_tags":{"landuse":"grass"}},"geometry":{"type":"Polygon","coordinates":[[[120.323502,22.7212906],[120.3235426,22.7213919],[120.3236097,22.7215288],[120.3237236,22.7216338],[120.3238719,22.7217088],[120.323628,22.7217256],[120.3232845,22.7217631],[120.3232154,22.7216881],[120.3233658,22.7215494],[120.3234552,22.7214125],[120.3234878,22.7213619],[120.323502,22.7212906]]]}},{"type":"Feature","id":"way/951446675","properties":{"osm_id":"951446675","osm_type":"way","name":null,"feature_category":"green_area","green_type":"grass_or_meadow","green_priority":"medium","source_tags":{"landuse":"grass"}},"geometry":{"type":"Polygon","coordinates":[[[120.3245529,22.722602],[120.3246112,22.7228841],[120.3245996,22.7230327],[120.3245435,22.7231534],[120.3244198,22.7232675],[120.3242166,22.7233795],[120.3239965,22.7234668],[120.3238995,22.7235521],[120.3241706,22.7231514],[120.3243632,22.7228104],[120.3244633,22.72261],[120.3245003,22.7225859],[120.3245218,22.7225844],[120.3245529,22.722602]]]}},{"type":"Feature","id":"way/951446676","properties":{"osm_id":"951446676","osm_type":"way","name":null,"feature_category":"green_area","green_type":"grass_or_meadow","green_priority":"medium","source_tags":{"landuse":"grass"}},"geometry":{"type":"Polygon","coordinates":[[[120.325118,22.7230946],[120.3251997,22.7230946],[120.3250071,22.7231557],[120.3245989,22.7232906],[120.3243185,22.7233986],[120.3239888,22.7235692],[120.3240581,22.7235038],[120.3241537,22.7234555],[120.3242507,22.7234143],[120.3244402,22.7233248],[120.3246004,22.7231983],[120.324679,22.7230974],[120.3247314,22.7229709],[120.3248207,22.7230306],[120.3249578,22.7230818],[120.325118,22.7230946]]]}},{"type":"Feature","id":"way/951446677","properties":{"osm_id":"951446677","osm_type":"way","name":null,"feature_category":"green_area","green_type":"grass_or_meadow","green_priority":"medium","source_tags":{"landuse":"grass"}},"geometry":{"type":"Polygon","coordinates":[[[120.3222263,22.7245039],[120.3222586,22.7246005],[120.3222478,22.7246417],[120.3220876,22.7247852],[120.3219983,22.7248392],[120.3218473,22.7248733],[120.3216039,22.7248676],[120.3213929,22.7247653],[120.3213867,22.7247269],[120.3214991,22.7245877],[120.321533,22.7244556],[120.3215947,22.7242254],[120.3216809,22.7242254],[120.3219105,22.7242694],[120.3220445,22.7243135],[120.3221431,22.7243959],[120.3222263,22.7245039]]]}},{"type":"Feature","id":"way/951446678","properties":{"osm_id":"951446678","osm_type":"way","name":null,"feature_category":"green_area","green_type":"grass_or_meadow","green_priority":"medium","source_tags":{"landuse":"grass"}},"geometry":{"type":"Polygon","coordinates":[[[120.3218843,22.7253607],[120.3218227,22.7253408],[120.3217995,22.7253024],[120.3217302,22.7252214],[120.3215454,22.7250793],[120.321265,22.7249174],[120.3213158,22.7248349],[120.3215146,22.7249301],[120.3216886,22.7249742],[120.3218673,22.7249529],[120.3220106,22.7248889],[120.3222787,22.7247113],[120.3223064,22.7246957],[120.3223403,22.7247113],[120.3223572,22.7247369],[120.3223202,22.7248506],[120.3220121,22.7252683],[120.3218843,22.7253607]]]}},{"type":"Feature","id":"way/951446679","properties":{"osm_id":"951446679","osm_type":"way","name":null,"feature_category":"green_area","green_type":"grass_or_meadow","green_priority":"medium","source_tags":{"landuse":"grass"}},"geometry":{"type":"Polygon","coordinates":[[[120.3214021,22.7268583],[120.3213174,22.7263525],[120.3212049,22.7259745],[120.3211263,22.7257656],[120.3213528,22.7255383],[120.3209415,22.7253237],[120.321057,22.7251475],[120.3211633,22.7250836],[120.3212249,22.7250609],[120.3216101,22.7252797],[120.3217117,22.7254246],[120.3217441,22.7255596],[120.3217364,22.7257273],[120.3215916,22.7261294],[120.3214837,22.7265429],[120.3214021,22.7268583]]]}},{"type":"Feature","id":"way/951446686","properties":{"osm_id":"951446686","osm_type":"way","name":null,"feature_category":"green_area","green_type":"grass_or_meadow","green_priority":"medium","source_tags":{"landuse":"grass"}},"geometry":{"type":"Polygon","coordinates":[[[120.3259191,22.7155333],[120.3260423,22.7149137],[120.3260824,22.7143538],[120.3260331,22.7136262],[120.3259807,22.713271],[120.3276352,22.7132567],[120.326905,22.7141321],[120.3269204,22.7142174],[120.3271115,22.7143765],[120.3270868,22.7144447],[120.3263504,22.7151723],[120.326181,22.7153315],[120.3259191,22.7155333]]]}},{"type":"Feature","id":"way/1212763528","properties":{"osm_id":"1212763528","osm_type":"way","name":null,"feature_category":"green_area","green_type":"grass_or_meadow","green_priority":"medium","source_tags":{"landuse":"grass"}},"geometry":{"type":"Polygon","coordinates":[[[120.2872089,22.7250593],[120.2875334,22.7239831],[120.2877104,22.7240326],[120.2874422,22.7251137],[120.2872089,22.7250593]]]}},{"type":"Feature","id":"way/1428804013","properties":{"osm_id":"1428804013","osm_type":"way","name":null,"feature_category":"green_area","green_type":"grass_or_meadow","green_priority":"medium","source_tags":{"landuse":"grass"}},"geometry":{"type":"Polygon","coordinates":[[[120.3057992,22.7045628],[120.3058567,22.7045515],[120.3080893,22.7058722],[120.3080928,22.7059075],[120.3071158,22.7073342],[120.3070705,22.7073727],[120.3068319,22.707551],[120.3057992,22.7045628]]]}},{"type":"Feature","id":"way/1444538945","properties":{"osm_id":"1444538945","osm_type":"way","name":"前棟中庭","feature_category":"green_area","green_type":"garden","green_priority":"high","source_tags":{"leisure":"garden","name":"前棟中庭"}},"geometry":{"type":"Polygon","coordinates":[[[120.2988635,22.7251002],[120.298898,22.725117],[120.2988605,22.7251825],[120.2987316,22.7251198],[120.2987237,22.7250332],[120.2988343,22.7250245],[120.2988855,22.7249375],[120.2989421,22.7249628],[120.2988635,22.7251002]]]}},{"type":"Feature","id":"way/1444538946","properties":{"osm_id":"1444538946","osm_type":"way","name":"後棟中庭","feature_category":"green_area","green_type":"garden","green_priority":"high","source_tags":{"leisure":"garden","name":"後棟中庭"}},"geometry":{"type":"Polygon","coordinates":[[[120.2988736,22.7255799],[120.2991201,22.7252486],[120.2991899,22.7252928],[120.2989435,22.7256242],[120.2989107,22.7256034],[120.2988736,22.7255799]]]}}]}